"workerid","proliferate.condition","block_id","condition","item_id","original_choice","response","rt","trial_num","verb","error","response_corr","response_num","discourse_type"
354,"condition1","0","yiwei_contrastive",6,"觉得","juede",10162,1,"yiwei",NA,"incorrect",0,"constrained"
354,"condition1","0","juede_unclear",120,"觉得","juede",9461,2,"juede",NA,"correct",1,"unconstrained"
354,"condition1","0","yiwei_contrastive",7,"觉得","juede",3529,3,"yiwei",NA,"incorrect",0,"constrained"
354,"condition1","0","yiwei_unclear",108,"觉得","juede",3630,4,"yiwei",NA,"incorrect",0,"unconstrained"
354,"condition1","0","juede_contrastive",13,"以为","yiwei",4457,5,"juede",NA,"incorrect",0,"constrained"
354,"condition1","0","juede_unclear",118,"觉得","juede",3076,6,"juede",NA,"correct",1,"unconstrained"
354,"condition1","0","yiwei_unclear",103,"以为","yiwei",5954,7,"yiwei",NA,"correct",1,"unconstrained"
354,"condition1","0","juede_contrastive",17,"以为","yiwei",3898,9,"juede",NA,"incorrect",0,"constrained"
354,"condition1","1","yiwei_unclear",105,"以为","yiwei",3361,11,"yiwei",NA,"correct",1,"unconstrained"
354,"condition1","1","yiwei_unclear",104,"以为","yiwei",5854,12,"yiwei",NA,"correct",1,"unconstrained"
354,"condition1","1","juede_unclear",117,"以为","yiwei",3789,13,"juede",NA,"incorrect",0,"unconstrained"
354,"condition1","1","juede_contrastive",12,"觉得","juede",2682,14,"juede",NA,"correct",1,"constrained"
354,"condition1","1","yiwei_contrastive",8,"以为","yiwei",2840,15,"yiwei",NA,"correct",1,"constrained"
354,"condition1","1","yiwei_contrastive",4,"以为","yiwei",2283,16,"yiwei",NA,"correct",1,"constrained"
354,"condition1","1","juede_contrastive",20,"觉得","juede",8310,17,"juede",NA,"correct",1,"constrained"
354,"condition1","1","juede_unclear",119,"以为","yiwei",7773,18,"juede",NA,"incorrect",0,"unconstrained"
354,"condition1","2","yiwei_contrastive",1,"以为","yiwei",3604,21,"yiwei",NA,"correct",1,"constrained"
354,"condition1","2","yiwei_unclear",110,"以为","yiwei",10661,22,"yiwei",NA,"correct",1,"unconstrained"
354,"condition1","2","juede_contrastive",14,"以为","yiwei",2138,23,"juede",NA,"incorrect",0,"constrained"
354,"condition1","2","yiwei_unclear",106,"以为","yiwei",6899,25,"yiwei",NA,"correct",1,"unconstrained"
354,"condition1","2","juede_unclear",113,"觉得","juede",2236,26,"juede",NA,"correct",1,"unconstrained"
354,"condition1","2","yiwei_contrastive",5,"以为","yiwei",3643,27,"yiwei",NA,"correct",1,"constrained"
354,"condition1","2","juede_contrastive",18,"觉得","juede",10494,28,"juede",NA,"correct",1,"constrained"
354,"condition1","2","juede_unclear",111,"觉得","juede",4221,29,"juede",NA,"correct",1,"unconstrained"
354,"condition1","3","yiwei_contrastive",3,"以为","yiwei",10988,32,"yiwei",NA,"correct",1,"constrained"
354,"condition1","3","yiwei_unclear",102,"觉得","juede",3524,34,"yiwei",NA,"incorrect",0,"unconstrained"
354,"condition1","3","juede_unclear",115,"觉得","juede",5069,35,"juede",NA,"correct",1,"unconstrained"
354,"condition1","3","juede_contrastive",19,"觉得","juede",8391,36,"juede",NA,"correct",1,"constrained"
354,"condition1","3","yiwei_unclear",101,"以为","yiwei",3189,37,"yiwei",NA,"correct",1,"unconstrained"
354,"condition1","3","yiwei_contrastive",10,"以为","yiwei",3085,38,"yiwei",NA,"correct",1,"constrained"
354,"condition1","3","juede_contrastive",16,"觉得","juede",5182,39,"juede",NA,"correct",1,"constrained"
354,"condition1","3","juede_unclear",112,"觉得","juede",3369,40,"juede",NA,"correct",1,"unconstrained"
354,"condition1","4","juede_contrastive",15,"觉得","juede",8445,41,"juede",NA,"correct",1,"constrained"
354,"condition1","4","yiwei_contrastive",9,"觉得","juede",2354,42,"yiwei",NA,"incorrect",0,"constrained"
354,"condition1","4","yiwei_unclear",109,"以为","yiwei",2356,43,"yiwei",NA,"correct",1,"unconstrained"
354,"condition1","4","juede_unclear",116,"觉得","juede",2428,45,"juede",NA,"correct",1,"unconstrained"
354,"condition1","4","yiwei_contrastive",2,"以为","yiwei",3652,46,"yiwei",NA,"correct",1,"constrained"
354,"condition1","4","yiwei_unclear",107,"以为","yiwei",4733,48,"yiwei",NA,"correct",1,"unconstrained"
354,"condition1","4","juede_contrastive",11,"觉得","juede",2684,49,"juede",NA,"correct",1,"constrained"
354,"condition1","4","juede_unclear",114,"觉得","juede",8707,50,"juede",NA,"correct",1,"unconstrained"
324,"condition1","0","yiwei_contrastive",7,"觉得","juede",3728,1,"yiwei",NA,"incorrect",0,"constrained"
324,"condition1","0","juede_unclear",119,"觉得","juede",4810,2,"juede",NA,"correct",1,"unconstrained"
324,"condition1","0","juede_contrastive",19,"觉得","juede",4058,4,"juede",NA,"correct",1,"constrained"
324,"condition1","0","yiwei_unclear",106,"觉得","juede",5235,5,"yiwei",NA,"incorrect",0,"unconstrained"
324,"condition1","0","yiwei_contrastive",2,"以为","yiwei",3327,7,"yiwei",NA,"correct",1,"constrained"
324,"condition1","0","juede_contrastive",18,"觉得","juede",3069,8,"juede",NA,"correct",1,"constrained"
324,"condition1","0","juede_unclear",120,"以为","yiwei",3699,9,"juede",NA,"incorrect",0,"unconstrained"
324,"condition1","0","yiwei_unclear",102,"觉得","juede",3327,10,"yiwei",NA,"incorrect",0,"unconstrained"
324,"condition1","1","yiwei_contrastive",9,"以为","yiwei",2907,11,"yiwei",NA,"correct",1,"constrained"
324,"condition1","1","yiwei_contrastive",4,"以为","yiwei",3635,12,"yiwei",NA,"correct",1,"constrained"
324,"condition1","1","yiwei_unclear",110,"以为","yiwei",4480,13,"yiwei",NA,"correct",1,"unconstrained"
324,"condition1","1","juede_unclear",118,"觉得","juede",3933,14,"juede",NA,"correct",1,"unconstrained"
324,"condition1","1","juede_contrastive",13,"以为","yiwei",4281,16,"juede",NA,"incorrect",0,"constrained"
324,"condition1","1","juede_contrastive",12,"觉得","juede",2913,17,"juede",NA,"correct",1,"constrained"
324,"condition1","1","yiwei_unclear",104,"以为","yiwei",5161,19,"yiwei",NA,"correct",1,"unconstrained"
324,"condition1","1","juede_unclear",113,"觉得","juede",2937,20,"juede",NA,"correct",1,"unconstrained"
324,"condition1","2","juede_unclear",114,"觉得","juede",4244,21,"juede",NA,"correct",1,"unconstrained"
324,"condition1","2","juede_contrastive",15,"以为","yiwei",6360,22,"juede",NA,"incorrect",0,"constrained"
324,"condition1","2","yiwei_unclear",107,"以为","yiwei",3258,23,"yiwei",NA,"correct",1,"unconstrained"
324,"condition1","2","yiwei_contrastive",5,"以为","yiwei",3230,24,"yiwei",NA,"correct",1,"constrained"
324,"condition1","2","juede_unclear",115,"以为","yiwei",2452,25,"juede",NA,"incorrect",0,"unconstrained"
324,"condition1","2","yiwei_contrastive",1,"觉得","juede",2682,26,"yiwei",NA,"incorrect",0,"constrained"
324,"condition1","2","juede_contrastive",20,"以为","yiwei",4463,28,"juede",NA,"incorrect",0,"constrained"
324,"condition1","2","yiwei_unclear",108,"以为","yiwei",3622,29,"yiwei",NA,"correct",1,"unconstrained"
324,"condition1","3","yiwei_contrastive",8,"以为","yiwei",3349,31,"yiwei",NA,"correct",1,"constrained"
324,"condition1","3","juede_unclear",117,"以为","yiwei",3074,32,"juede",NA,"incorrect",0,"unconstrained"
324,"condition1","3","yiwei_unclear",101,"觉得","juede",6718,33,"yiwei",NA,"incorrect",0,"unconstrained"
324,"condition1","3","yiwei_unclear",109,"以为","yiwei",4230,35,"yiwei",NA,"correct",1,"unconstrained"
324,"condition1","3","juede_contrastive",14,"以为","yiwei",3134,36,"juede",NA,"incorrect",0,"constrained"
324,"condition1","3","juede_unclear",111,"觉得","juede",3694,37,"juede",NA,"correct",1,"unconstrained"
324,"condition1","3","juede_contrastive",17,"以为","yiwei",4851,38,"juede",NA,"incorrect",0,"constrained"
324,"condition1","3","yiwei_contrastive",6,"觉得","juede",3377,40,"yiwei",NA,"incorrect",0,"constrained"
324,"condition1","4","yiwei_contrastive",3,"以为","yiwei",3553,41,"yiwei",NA,"correct",1,"constrained"
324,"condition1","4","juede_unclear",112,"觉得","juede",4473,43,"juede",NA,"correct",1,"unconstrained"
324,"condition1","4","yiwei_unclear",105,"以为","yiwei",7037,45,"yiwei",NA,"correct",1,"unconstrained"
324,"condition1","4","juede_contrastive",16,"觉得","juede",4736,46,"juede",NA,"correct",1,"constrained"
324,"condition1","4","yiwei_contrastive",10,"以为","yiwei",3324,47,"yiwei",NA,"correct",1,"constrained"
324,"condition1","4","juede_unclear",116,"觉得","juede",4648,48,"juede",NA,"correct",1,"unconstrained"
324,"condition1","4","juede_contrastive",11,"觉得","juede",4656,49,"juede",NA,"correct",1,"constrained"
324,"condition1","4","yiwei_unclear",103,"以为","yiwei",9254,50,"yiwei",NA,"correct",1,"unconstrained"
377,"condition1","0","yiwei_unclear",103,"以为","yiwei",7567,1,"yiwei",NA,"correct",1,"unconstrained"
377,"condition1","0","juede_contrastive",11,"觉得","juede",5047,2,"juede",NA,"correct",1,"constrained"
377,"condition1","0","yiwei_unclear",105,"以为","yiwei",9766,3,"yiwei",NA,"correct",1,"unconstrained"
377,"condition1","0","juede_unclear",118,"觉得","juede",8234,4,"juede",NA,"correct",1,"unconstrained"
377,"condition1","0","yiwei_contrastive",6,"觉得","juede",5916,5,"yiwei",NA,"incorrect",0,"constrained"
377,"condition1","0","juede_unclear",120,"觉得","juede",8685,6,"juede",NA,"correct",1,"unconstrained"
377,"condition1","0","yiwei_contrastive",7,"觉得","juede",10115,9,"yiwei",NA,"incorrect",0,"constrained"
377,"condition1","0","juede_contrastive",20,"觉得","juede",10900,10,"juede",NA,"correct",1,"constrained"
377,"condition1","1","juede_unclear",116,"觉得","juede",18049,11,"juede",NA,"correct",1,"unconstrained"
377,"condition1","1","yiwei_contrastive",8,"以为","yiwei",10567,12,"yiwei",NA,"correct",1,"constrained"
377,"condition1","1","juede_contrastive",13,"觉得","juede",8301,13,"juede",NA,"correct",1,"constrained"
377,"condition1","1","yiwei_contrastive",9,"以为","yiwei",3717,15,"yiwei",NA,"correct",1,"constrained"
377,"condition1","1","yiwei_unclear",107,"觉得","juede",6468,16,"yiwei",NA,"incorrect",0,"unconstrained"
377,"condition1","1","yiwei_unclear",109,"以为","yiwei",5399,17,"yiwei",NA,"correct",1,"unconstrained"
377,"condition1","1","juede_unclear",117,"以为","yiwei",14750,18,"juede",NA,"incorrect",0,"unconstrained"
377,"condition1","1","juede_contrastive",15,"觉得","juede",46032,19,"juede",NA,"correct",1,"constrained"
377,"condition1","2","yiwei_unclear",104,"以为","yiwei",7284,21,"yiwei",NA,"correct",1,"unconstrained"
377,"condition1","2","yiwei_unclear",101,"以为","yiwei",4550,23,"yiwei",NA,"correct",1,"unconstrained"
377,"condition1","2","yiwei_contrastive",3,"觉得","juede",7515,24,"yiwei",NA,"incorrect",0,"constrained"
377,"condition1","2","juede_contrastive",16,"觉得","juede",5567,25,"juede",NA,"correct",1,"constrained"
377,"condition1","2","juede_unclear",114,"觉得","juede",15635,27,"juede",NA,"correct",1,"unconstrained"
377,"condition1","2","yiwei_contrastive",5,"以为","yiwei",21398,28,"yiwei",NA,"correct",1,"constrained"
377,"condition1","2","juede_unclear",115,"觉得","juede",7783,29,"juede",NA,"correct",1,"unconstrained"
377,"condition1","2","juede_contrastive",18,"觉得","juede",9217,30,"juede",NA,"correct",1,"constrained"
377,"condition1","3","yiwei_unclear",110,"以为","yiwei",9266,32,"yiwei",NA,"correct",1,"unconstrained"
377,"condition1","3","yiwei_contrastive",2,"以为","yiwei",6999,33,"yiwei",NA,"correct",1,"constrained"
377,"condition1","3","juede_contrastive",19,"觉得","juede",4767,34,"juede",NA,"correct",1,"constrained"
377,"condition1","3","yiwei_unclear",108,"觉得","juede",23449,35,"yiwei",NA,"incorrect",0,"unconstrained"
377,"condition1","3","juede_unclear",113,"觉得","juede",6917,36,"juede",NA,"correct",1,"unconstrained"
377,"condition1","3","juede_contrastive",17,"觉得","juede",29816,37,"juede",NA,"correct",1,"constrained"
377,"condition1","3","yiwei_contrastive",1,"觉得","juede",5550,39,"yiwei",NA,"incorrect",0,"constrained"
377,"condition1","3","juede_unclear",111,"觉得","juede",9433,40,"juede",NA,"correct",1,"unconstrained"
377,"condition1","4","yiwei_unclear",102,"觉得","juede",11062,42,"yiwei",NA,"incorrect",0,"unconstrained"
377,"condition1","4","juede_unclear",112,"觉得","juede",6734,43,"juede",NA,"correct",1,"unconstrained"
377,"condition1","4","juede_contrastive",12,"觉得","juede",6898,45,"juede",NA,"correct",1,"constrained"
377,"condition1","4","yiwei_contrastive",10,"以为","yiwei",22700,46,"yiwei",NA,"correct",1,"constrained"
377,"condition1","4","yiwei_unclear",106,"以为","yiwei",24217,47,"yiwei",NA,"correct",1,"unconstrained"
377,"condition1","4","juede_unclear",119,"觉得","juede",7283,48,"juede",NA,"correct",1,"unconstrained"
377,"condition1","4","yiwei_contrastive",4,"以为","yiwei",6667,49,"yiwei",NA,"correct",1,"constrained"
377,"condition1","4","juede_contrastive",14,"觉得","juede",6916,50,"juede",NA,"correct",1,"constrained"
288,"condition1","0","yiwei_contrastive",10,"以为","yiwei",3498,1,"yiwei",NA,"correct",1,"constrained"
288,"condition1","0","yiwei_unclear",107,"以为","yiwei",5268,2,"yiwei",NA,"correct",1,"unconstrained"
288,"condition1","0","juede_contrastive",20,"以为","yiwei",3633,4,"juede",NA,"incorrect",0,"constrained"
288,"condition1","0","juede_contrastive",13,"觉得","juede",3550,5,"juede",NA,"correct",1,"constrained"
288,"condition1","0","juede_unclear",111,"觉得","juede",3768,6,"juede",NA,"correct",1,"unconstrained"
288,"condition1","0","yiwei_contrastive",7,"觉得","juede",4951,7,"yiwei",NA,"incorrect",0,"constrained"
288,"condition1","0","juede_unclear",120,"觉得","juede",5266,9,"juede",NA,"correct",1,"unconstrained"
288,"condition1","0","yiwei_unclear",101,"以为","yiwei",4402,10,"yiwei",NA,"correct",1,"unconstrained"
288,"condition1","1","juede_unclear",117,"觉得","juede",3997,11,"juede",NA,"correct",1,"unconstrained"
288,"condition1","1","yiwei_unclear",109,"觉得","juede",3400,12,"yiwei",NA,"incorrect",0,"unconstrained"
288,"condition1","1","juede_contrastive",16,"觉得","juede",2183,13,"juede",NA,"correct",1,"constrained"
288,"condition1","1","juede_contrastive",11,"觉得","juede",3217,14,"juede",NA,"correct",1,"constrained"
288,"condition1","1","yiwei_unclear",103,"以为","yiwei",2666,15,"yiwei",NA,"correct",1,"unconstrained"
288,"condition1","1","juede_unclear",114,"觉得","juede",3416,18,"juede",NA,"correct",1,"unconstrained"
288,"condition1","1","yiwei_contrastive",2,"以为","yiwei",2985,19,"yiwei",NA,"correct",1,"constrained"
288,"condition1","1","yiwei_contrastive",1,"觉得","juede",4050,20,"yiwei",NA,"incorrect",0,"constrained"
288,"condition1","2","juede_contrastive",14,"以为","yiwei",4498,21,"juede",NA,"incorrect",0,"constrained"
288,"condition1","2","juede_contrastive",18,"觉得","juede",3535,22,"juede",NA,"correct",1,"constrained"
288,"condition1","2","yiwei_unclear",108,"以为","yiwei",3750,24,"yiwei",NA,"correct",1,"unconstrained"
288,"condition1","2","yiwei_contrastive",3,"觉得","juede",3265,25,"yiwei",NA,"incorrect",0,"constrained"
288,"condition1","2","juede_unclear",116,"觉得","juede",4433,26,"juede",NA,"correct",1,"unconstrained"
288,"condition1","2","juede_unclear",115,"以为","yiwei",4617,27,"juede",NA,"incorrect",0,"unconstrained"
288,"condition1","2","yiwei_contrastive",8,"以为","yiwei",3400,28,"yiwei",NA,"correct",1,"constrained"
288,"condition1","2","yiwei_unclear",106,"觉得","juede",5135,29,"yiwei",NA,"incorrect",0,"unconstrained"
288,"condition1","3","juede_unclear",119,"觉得","juede",2516,31,"juede",NA,"correct",1,"unconstrained"
288,"condition1","3","juede_contrastive",17,"以为","yiwei",2634,32,"juede",NA,"incorrect",0,"constrained"
288,"condition1","3","yiwei_contrastive",6,"觉得","juede",3015,34,"yiwei",NA,"incorrect",0,"constrained"
288,"condition1","3","juede_contrastive",15,"觉得","juede",7401,35,"juede",NA,"correct",1,"constrained"
288,"condition1","3","juede_unclear",112,"觉得","juede",1933,36,"juede",NA,"correct",1,"unconstrained"
288,"condition1","3","yiwei_unclear",105,"以为","yiwei",3500,37,"yiwei",NA,"correct",1,"unconstrained"
288,"condition1","3","yiwei_contrastive",5,"以为","yiwei",3417,38,"yiwei",NA,"correct",1,"constrained"
288,"condition1","3","yiwei_unclear",104,"以为","yiwei",3651,39,"yiwei",NA,"correct",1,"unconstrained"
288,"condition1","4","juede_unclear",118,"觉得","juede",2732,41,"juede",NA,"correct",1,"unconstrained"
288,"condition1","4","juede_unclear",113,"觉得","juede",1751,43,"juede",NA,"correct",1,"unconstrained"
288,"condition1","4","yiwei_unclear",102,"以为","yiwei",2750,44,"yiwei",NA,"correct",1,"unconstrained"
288,"condition1","4","yiwei_unclear",110,"以为","yiwei",3964,45,"yiwei",NA,"correct",1,"unconstrained"
288,"condition1","4","juede_contrastive",12,"觉得","juede",2336,46,"juede",NA,"correct",1,"constrained"
288,"condition1","4","yiwei_contrastive",4,"以为","yiwei",2149,47,"yiwei",NA,"correct",1,"constrained"
288,"condition1","4","yiwei_contrastive",9,"以为","yiwei",4917,49,"yiwei",NA,"correct",1,"constrained"
288,"condition1","4","juede_contrastive",19,"觉得","juede",3916,50,"juede",NA,"correct",1,"constrained"
373,"condition1","0","juede_contrastive",16,"觉得","juede",3864,1,"juede",NA,"correct",1,"constrained"
373,"condition1","0","yiwei_unclear",101,"以为","yiwei",8891,2,"yiwei",NA,"correct",1,"unconstrained"
373,"condition1","0","yiwei_contrastive",1,"觉得","juede",3215,3,"yiwei",NA,"incorrect",0,"constrained"
373,"condition1","0","juede_contrastive",17,"以为","yiwei",4388,4,"juede",NA,"incorrect",0,"constrained"
373,"condition1","0","juede_unclear",114,"以为","yiwei",14722,6,"juede",NA,"incorrect",0,"unconstrained"
373,"condition1","0","yiwei_contrastive",5,"以为","yiwei",2962,7,"yiwei",NA,"correct",1,"constrained"
373,"condition1","0","juede_unclear",120,"觉得","juede",3833,8,"juede",NA,"correct",1,"unconstrained"
373,"condition1","0","yiwei_unclear",102,"以为","yiwei",10867,10,"yiwei",NA,"correct",1,"unconstrained"
373,"condition1","1","yiwei_unclear",108,"以为","yiwei",6992,11,"yiwei",NA,"correct",1,"unconstrained"
373,"condition1","1","yiwei_contrastive",2,"以为","yiwei",7010,12,"yiwei",NA,"correct",1,"constrained"
373,"condition1","1","juede_unclear",119,"觉得","juede",5030,13,"juede",NA,"correct",1,"unconstrained"
373,"condition1","1","yiwei_contrastive",3,"以为","yiwei",5965,14,"yiwei",NA,"correct",1,"constrained"
373,"condition1","1","juede_contrastive",13,"以为","yiwei",7184,15,"juede",NA,"incorrect",0,"constrained"
373,"condition1","1","juede_contrastive",15,"以为","yiwei",9304,16,"juede",NA,"incorrect",0,"constrained"
373,"condition1","1","juede_unclear",115,"觉得","juede",6418,18,"juede",NA,"correct",1,"unconstrained"
373,"condition1","1","yiwei_unclear",105,"以为","yiwei",6900,20,"yiwei",NA,"correct",1,"unconstrained"
373,"condition1","2","juede_contrastive",19,"觉得","juede",2778,21,"juede",NA,"correct",1,"constrained"
373,"condition1","2","yiwei_contrastive",10,"以为","yiwei",4067,22,"yiwei",NA,"correct",1,"constrained"
373,"condition1","2","juede_contrastive",18,"以为","yiwei",3502,24,"juede",NA,"incorrect",0,"constrained"
373,"condition1","2","yiwei_unclear",110,"以为","yiwei",10206,25,"yiwei",NA,"correct",1,"unconstrained"
373,"condition1","2","juede_unclear",116,"觉得","juede",6175,26,"juede",NA,"correct",1,"unconstrained"
373,"condition1","2","juede_unclear",112,"觉得","juede",4058,27,"juede",NA,"correct",1,"unconstrained"
373,"condition1","2","yiwei_contrastive",7,"觉得","juede",4262,29,"yiwei",NA,"incorrect",0,"constrained"
373,"condition1","2","yiwei_unclear",104,"以为","yiwei",6834,30,"yiwei",NA,"correct",1,"unconstrained"
373,"condition1","3","yiwei_contrastive",6,"觉得","juede",7975,31,"yiwei",NA,"incorrect",0,"constrained"
373,"condition1","3","juede_unclear",111,"觉得","juede",2693,32,"juede",NA,"correct",1,"unconstrained"
373,"condition1","3","yiwei_unclear",109,"以为","yiwei",2209,34,"yiwei",NA,"correct",1,"unconstrained"
373,"condition1","3","juede_contrastive",11,"觉得","juede",3621,35,"juede",NA,"correct",1,"constrained"
373,"condition1","3","juede_unclear",117,"以为","yiwei",2859,36,"juede",NA,"incorrect",0,"unconstrained"
373,"condition1","3","yiwei_contrastive",8,"以为","yiwei",3806,37,"yiwei",NA,"correct",1,"constrained"
373,"condition1","3","yiwei_unclear",106,"觉得","juede",5466,39,"yiwei",NA,"incorrect",0,"unconstrained"
373,"condition1","3","juede_contrastive",20,"觉得","juede",7888,40,"juede",NA,"correct",1,"constrained"
373,"condition1","4","juede_unclear",118,"觉得","juede",4229,42,"juede",NA,"correct",1,"unconstrained"
373,"condition1","4","juede_contrastive",14,"觉得","juede",5325,43,"juede",NA,"correct",1,"constrained"
373,"condition1","4","juede_contrastive",12,"觉得","juede",2250,44,"juede",NA,"correct",1,"constrained"
373,"condition1","4","yiwei_unclear",103,"以为","yiwei",5146,46,"yiwei",NA,"correct",1,"unconstrained"
373,"condition1","4","yiwei_contrastive",4,"觉得","juede",5758,47,"yiwei",NA,"incorrect",0,"constrained"
373,"condition1","4","juede_unclear",113,"觉得","juede",2533,48,"juede",NA,"correct",1,"unconstrained"
373,"condition1","4","yiwei_contrastive",9,"以为","yiwei",3733,49,"yiwei",NA,"correct",1,"constrained"
373,"condition1","4","yiwei_unclear",107,"以为","yiwei",3029,50,"yiwei",NA,"correct",1,"unconstrained"
293,"condition1","0","yiwei_contrastive",6,"以为","yiwei",8679,1,"yiwei",NA,"correct",1,"constrained"
293,"condition1","0","juede_unclear",115,"觉得","juede",9945,3,"juede",NA,"correct",1,"unconstrained"
293,"condition1","0","yiwei_unclear",108,"觉得","juede",11154,4,"yiwei",NA,"incorrect",0,"unconstrained"
293,"condition1","0","juede_contrastive",15,"以为","yiwei",13233,6,"juede",NA,"incorrect",0,"constrained"
293,"condition1","0","juede_unclear",117,"以为","yiwei",5304,7,"juede",NA,"incorrect",0,"unconstrained"
293,"condition1","0","juede_contrastive",18,"觉得","juede",12995,8,"juede",NA,"correct",1,"constrained"
293,"condition1","0","yiwei_unclear",104,"以为","yiwei",6758,9,"yiwei",NA,"correct",1,"unconstrained"
293,"condition1","0","yiwei_contrastive",2,"以为","yiwei",4837,10,"yiwei",NA,"correct",1,"constrained"
293,"condition1","1","yiwei_unclear",107,"以为","yiwei",9168,11,"yiwei",NA,"correct",1,"unconstrained"
293,"condition1","1","yiwei_contrastive",9,"觉得","juede",5470,13,"yiwei",NA,"incorrect",0,"constrained"
293,"condition1","1","juede_unclear",116,"觉得","juede",6979,14,"juede",NA,"correct",1,"unconstrained"
293,"condition1","1","juede_unclear",120,"觉得","juede",11554,15,"juede",NA,"correct",1,"unconstrained"
293,"condition1","1","yiwei_unclear",110,"以为","yiwei",8181,16,"yiwei",NA,"correct",1,"unconstrained"
293,"condition1","1","juede_contrastive",13,"以为","yiwei",12106,17,"juede",NA,"incorrect",0,"constrained"
293,"condition1","1","yiwei_contrastive",5,"以为","yiwei",5341,19,"yiwei",NA,"correct",1,"constrained"
293,"condition1","1","juede_contrastive",17,"觉得","juede",6208,20,"juede",NA,"correct",1,"constrained"
293,"condition1","2","yiwei_unclear",106,"觉得","juede",12583,21,"yiwei",NA,"incorrect",0,"unconstrained"
293,"condition1","2","yiwei_unclear",101,"以为","yiwei",4837,22,"yiwei",NA,"correct",1,"unconstrained"
293,"condition1","2","yiwei_contrastive",10,"以为","yiwei",5924,23,"yiwei",NA,"correct",1,"constrained"
293,"condition1","2","juede_unclear",114,"觉得","juede",14693,24,"juede",NA,"correct",1,"unconstrained"
293,"condition1","2","yiwei_contrastive",8,"以为","yiwei",5890,25,"yiwei",NA,"correct",1,"constrained"
293,"condition1","2","juede_contrastive",11,"觉得","juede",5973,26,"juede",NA,"correct",1,"constrained"
293,"condition1","2","juede_unclear",119,"觉得","juede",16022,27,"juede",NA,"correct",1,"unconstrained"
293,"condition1","2","juede_contrastive",19,"觉得","juede",5974,30,"juede",NA,"correct",1,"constrained"
293,"condition1","3","juede_unclear",118,"觉得","juede",5225,31,"juede",NA,"correct",1,"unconstrained"
293,"condition1","3","yiwei_unclear",109,"以为","yiwei",4436,32,"yiwei",NA,"correct",1,"unconstrained"
293,"condition1","3","juede_contrastive",16,"觉得","juede",4475,33,"juede",NA,"correct",1,"constrained"
293,"condition1","3","juede_contrastive",14,"觉得","juede",5753,34,"juede",NA,"correct",1,"constrained"
293,"condition1","3","yiwei_contrastive",1,"以为","yiwei",5008,37,"yiwei",NA,"correct",1,"constrained"
293,"condition1","3","juede_unclear",111,"觉得","juede",4811,38,"juede",NA,"correct",1,"unconstrained"
293,"condition1","3","yiwei_unclear",105,"以为","yiwei",7207,39,"yiwei",NA,"correct",1,"unconstrained"
293,"condition1","3","yiwei_contrastive",4,"以为","yiwei",4191,40,"yiwei",NA,"correct",1,"constrained"
293,"condition1","4","yiwei_unclear",103,"以为","yiwei",6715,41,"yiwei",NA,"correct",1,"unconstrained"
293,"condition1","4","yiwei_contrastive",7,"觉得","juede",4872,42,"yiwei",NA,"incorrect",0,"constrained"
293,"condition1","4","juede_contrastive",12,"觉得","juede",3974,43,"juede",NA,"correct",1,"constrained"
293,"condition1","4","yiwei_unclear",102,"觉得","juede",5627,45,"yiwei",NA,"incorrect",0,"unconstrained"
293,"condition1","4","juede_unclear",112,"觉得","juede",4978,46,"juede",NA,"correct",1,"unconstrained"
293,"condition1","4","juede_unclear",113,"觉得","juede",3052,48,"juede",NA,"correct",1,"unconstrained"
293,"condition1","4","yiwei_contrastive",3,"以为","yiwei",4474,49,"yiwei",NA,"correct",1,"constrained"
293,"condition1","4","juede_contrastive",20,"以为","yiwei",11639,50,"juede",NA,"incorrect",0,"constrained"
368,"condition1","0","yiwei_unclear",109,"以为","yiwei",4046,1,"yiwei",NA,"correct",1,"unconstrained"
368,"condition1","0","yiwei_contrastive",7,"觉得","juede",3500,2,"yiwei",NA,"incorrect",0,"constrained"
368,"condition1","0","juede_unclear",115,"觉得","juede",3533,3,"juede",NA,"correct",1,"unconstrained"
368,"condition1","0","juede_contrastive",16,"觉得","juede",4003,5,"juede",NA,"correct",1,"constrained"
368,"condition1","0","juede_contrastive",13,"以为","yiwei",3631,6,"juede",NA,"incorrect",0,"constrained"
368,"condition1","0","yiwei_unclear",107,"觉得","juede",5650,8,"yiwei",NA,"incorrect",0,"unconstrained"
368,"condition1","0","yiwei_contrastive",10,"以为","yiwei",3915,9,"yiwei",NA,"correct",1,"constrained"
368,"condition1","0","juede_unclear",111,"觉得","juede",3853,10,"juede",NA,"correct",1,"unconstrained"
368,"condition1","1","yiwei_unclear",103,"以为","yiwei",2847,11,"yiwei",NA,"correct",1,"unconstrained"
368,"condition1","1","juede_unclear",113,"觉得","juede",2900,12,"juede",NA,"correct",1,"unconstrained"
368,"condition1","1","yiwei_contrastive",4,"以为","yiwei",4465,14,"yiwei",NA,"correct",1,"constrained"
368,"condition1","1","juede_contrastive",11,"觉得","juede",4700,15,"juede",NA,"correct",1,"constrained"
368,"condition1","1","juede_unclear",114,"觉得","juede",7117,16,"juede",NA,"correct",1,"unconstrained"
368,"condition1","1","yiwei_contrastive",8,"以为","yiwei",3216,17,"yiwei",NA,"correct",1,"constrained"
368,"condition1","1","yiwei_unclear",108,"以为","yiwei",6250,19,"yiwei",NA,"correct",1,"unconstrained"
368,"condition1","1","juede_contrastive",15,"以为","yiwei",5200,20,"juede",NA,"incorrect",0,"constrained"
368,"condition1","2","juede_unclear",120,"觉得","juede",4234,22,"juede",NA,"correct",1,"unconstrained"
368,"condition1","2","yiwei_contrastive",5,"以为","yiwei",2500,23,"yiwei",NA,"correct",1,"constrained"
368,"condition1","2","yiwei_unclear",106,"以为","yiwei",7250,24,"yiwei",NA,"correct",1,"unconstrained"
368,"condition1","2","juede_contrastive",20,"觉得","juede",6717,25,"juede",NA,"correct",1,"constrained"
368,"condition1","2","juede_unclear",119,"觉得","juede",4401,26,"juede",NA,"correct",1,"unconstrained"
368,"condition1","2","yiwei_contrastive",6,"觉得","juede",5800,28,"yiwei",NA,"incorrect",0,"constrained"
368,"condition1","2","juede_contrastive",12,"觉得","juede",2668,29,"juede",NA,"correct",1,"constrained"
368,"condition1","2","yiwei_unclear",110,"以为","yiwei",7854,30,"yiwei",NA,"correct",1,"unconstrained"
368,"condition1","3","juede_contrastive",18,"觉得","juede",6196,32,"juede",NA,"correct",1,"constrained"
368,"condition1","3","yiwei_contrastive",1,"以为","yiwei",3717,33,"yiwei",NA,"correct",1,"constrained"
368,"condition1","3","yiwei_unclear",104,"以为","yiwei",6517,34,"yiwei",NA,"correct",1,"unconstrained"
368,"condition1","3","yiwei_unclear",101,"以为","yiwei",5019,35,"yiwei",NA,"correct",1,"unconstrained"
368,"condition1","3","yiwei_contrastive",9,"觉得","juede",2898,36,"yiwei",NA,"incorrect",0,"constrained"
368,"condition1","3","juede_unclear",117,"以为","yiwei",4151,38,"juede",NA,"incorrect",0,"unconstrained"
368,"condition1","3","juede_unclear",116,"觉得","juede",6432,39,"juede",NA,"correct",1,"unconstrained"
368,"condition1","3","juede_contrastive",14,"觉得","juede",8762,40,"juede",NA,"correct",1,"constrained"
368,"condition1","4","yiwei_unclear",105,"以为","yiwei",4255,41,"yiwei",NA,"correct",1,"unconstrained"
368,"condition1","4","yiwei_contrastive",2,"以为","yiwei",3684,42,"yiwei",NA,"correct",1,"constrained"
368,"condition1","4","yiwei_unclear",102,"觉得","juede",2700,43,"yiwei",NA,"incorrect",0,"unconstrained"
368,"condition1","4","juede_contrastive",19,"觉得","juede",6883,44,"juede",NA,"correct",1,"constrained"
368,"condition1","4","yiwei_contrastive",3,"以为","yiwei",5750,45,"yiwei",NA,"correct",1,"constrained"
368,"condition1","4","juede_unclear",112,"觉得","juede",3488,46,"juede",NA,"correct",1,"unconstrained"
368,"condition1","4","juede_contrastive",17,"以为","yiwei",4016,48,"juede",NA,"incorrect",0,"constrained"
368,"condition1","4","juede_unclear",118,"觉得","juede",4066,50,"juede",NA,"correct",1,"unconstrained"
338,"condition1","0","juede_contrastive",11,"觉得","juede",3919,2,"juede",NA,"correct",1,"constrained"
338,"condition1","0","yiwei_unclear",106,"以为","yiwei",3826,3,"yiwei",NA,"correct",1,"unconstrained"
338,"condition1","0","yiwei_contrastive",1,"以为","yiwei",3348,4,"yiwei",NA,"correct",1,"constrained"
338,"condition1","0","juede_contrastive",17,"觉得","juede",4849,5,"juede",NA,"correct",1,"constrained"
338,"condition1","0","juede_unclear",119,"觉得","juede",2880,6,"juede",NA,"correct",1,"unconstrained"
338,"condition1","0","juede_unclear",120,"觉得","juede",4012,8,"juede",NA,"correct",1,"unconstrained"
338,"condition1","0","yiwei_unclear",102,"觉得","juede",3048,9,"yiwei",NA,"incorrect",0,"unconstrained"
338,"condition1","0","yiwei_contrastive",4,"觉得","juede",3287,10,"yiwei",NA,"incorrect",0,"constrained"
338,"condition1","1","juede_contrastive",13,"以为","yiwei",3301,13,"juede",NA,"incorrect",0,"constrained"
338,"condition1","1","yiwei_unclear",108,"以为","yiwei",2997,14,"yiwei",NA,"correct",1,"unconstrained"
338,"condition1","1","juede_contrastive",19,"觉得","juede",3263,15,"juede",NA,"correct",1,"constrained"
338,"condition1","1","juede_unclear",115,"觉得","juede",2434,16,"juede",NA,"correct",1,"unconstrained"
338,"condition1","1","yiwei_contrastive",8,"觉得","juede",2785,17,"yiwei",NA,"incorrect",0,"constrained"
338,"condition1","1","yiwei_unclear",107,"觉得","juede",2475,18,"yiwei",NA,"incorrect",0,"unconstrained"
338,"condition1","1","juede_unclear",117,"以为","yiwei",2242,19,"juede",NA,"incorrect",0,"unconstrained"
338,"condition1","1","yiwei_contrastive",5,"以为","yiwei",2096,20,"yiwei",NA,"correct",1,"constrained"
338,"condition1","2","juede_contrastive",12,"觉得","juede",2448,21,"juede",NA,"correct",1,"constrained"
338,"condition1","2","juede_contrastive",20,"以为","yiwei",4294,22,"juede",NA,"incorrect",0,"constrained"
338,"condition1","2","yiwei_unclear",103,"以为","yiwei",2786,24,"yiwei",NA,"correct",1,"unconstrained"
338,"condition1","2","yiwei_contrastive",10,"以为","yiwei",2835,25,"yiwei",NA,"correct",1,"constrained"
338,"condition1","2","yiwei_contrastive",3,"以为","yiwei",2624,27,"yiwei",NA,"correct",1,"constrained"
338,"condition1","2","juede_unclear",111,"觉得","juede",3644,28,"juede",NA,"correct",1,"unconstrained"
338,"condition1","2","juede_unclear",112,"觉得","juede",3116,29,"juede",NA,"correct",1,"unconstrained"
338,"condition1","2","yiwei_unclear",110,"以为","yiwei",3558,30,"yiwei",NA,"correct",1,"unconstrained"
338,"condition1","3","juede_contrastive",18,"觉得","juede",4453,32,"juede",NA,"correct",1,"constrained"
338,"condition1","3","juede_unclear",116,"觉得","juede",2904,33,"juede",NA,"correct",1,"unconstrained"
338,"condition1","3","yiwei_unclear",101,"以为","yiwei",3110,34,"yiwei",NA,"correct",1,"unconstrained"
338,"condition1","3","juede_contrastive",15,"觉得","juede",4027,35,"juede",NA,"correct",1,"constrained"
338,"condition1","3","yiwei_contrastive",9,"以为","yiwei",2044,36,"yiwei",NA,"correct",1,"constrained"
338,"condition1","3","yiwei_contrastive",7,"以为","yiwei",2023,37,"yiwei",NA,"correct",1,"constrained"
338,"condition1","3","yiwei_unclear",105,"以为","yiwei",3032,38,"yiwei",NA,"correct",1,"unconstrained"
338,"condition1","3","juede_unclear",113,"觉得","juede",2509,39,"juede",NA,"correct",1,"unconstrained"
338,"condition1","4","yiwei_unclear",109,"以为","yiwei",2197,41,"yiwei",NA,"correct",1,"unconstrained"
338,"condition1","4","juede_contrastive",14,"以为","yiwei",2229,42,"juede",NA,"incorrect",0,"constrained"
338,"condition1","4","yiwei_contrastive",2,"以为","yiwei",2625,43,"yiwei",NA,"correct",1,"constrained"
338,"condition1","4","juede_unclear",118,"觉得","juede",2948,45,"juede",NA,"correct",1,"unconstrained"
338,"condition1","4","juede_contrastive",16,"觉得","juede",2217,46,"juede",NA,"correct",1,"constrained"
338,"condition1","4","juede_unclear",114,"觉得","juede",5404,48,"juede",NA,"correct",1,"unconstrained"
338,"condition1","4","yiwei_unclear",104,"以为","yiwei",3607,49,"yiwei",NA,"correct",1,"unconstrained"
338,"condition1","4","yiwei_contrastive",6,"以为","yiwei",2176,50,"yiwei",NA,"correct",1,"constrained"
306,"condition1","0","yiwei_unclear",101,"以为","yiwei",4514,1,"yiwei",NA,"correct",1,"unconstrained"
306,"condition1","0","juede_contrastive",17,"以为","yiwei",5247,2,"juede",NA,"incorrect",0,"constrained"
306,"condition1","0","yiwei_unclear",105,"以为","yiwei",5782,3,"yiwei",NA,"correct",1,"unconstrained"
306,"condition1","0","yiwei_contrastive",9,"觉得","juede",4134,4,"yiwei",NA,"incorrect",0,"constrained"
306,"condition1","0","juede_unclear",118,"觉得","juede",4367,5,"juede",NA,"correct",1,"unconstrained"
306,"condition1","0","juede_contrastive",12,"觉得","juede",2997,7,"juede",NA,"correct",1,"constrained"
306,"condition1","0","yiwei_contrastive",5,"以为","yiwei",3600,8,"yiwei",NA,"correct",1,"constrained"
306,"condition1","0","juede_unclear",120,"以为","yiwei",5848,10,"juede",NA,"incorrect",0,"unconstrained"
306,"condition1","1","juede_contrastive",19,"觉得","juede",4534,11,"juede",NA,"correct",1,"constrained"
306,"condition1","1","juede_contrastive",18,"觉得","juede",4433,13,"juede",NA,"correct",1,"constrained"
306,"condition1","1","yiwei_contrastive",3,"以为","yiwei",4467,14,"yiwei",NA,"correct",1,"constrained"
306,"condition1","1","yiwei_contrastive",4,"以为","yiwei",4586,16,"yiwei",NA,"correct",1,"constrained"
306,"condition1","1","yiwei_unclear",104,"以为","yiwei",4036,17,"yiwei",NA,"correct",1,"unconstrained"
306,"condition1","1","juede_unclear",111,"觉得","juede",3400,18,"juede",NA,"correct",1,"unconstrained"
306,"condition1","1","juede_unclear",113,"觉得","juede",3116,19,"juede",NA,"correct",1,"unconstrained"
306,"condition1","1","yiwei_unclear",106,"觉得","juede",5050,20,"yiwei",NA,"incorrect",0,"unconstrained"
306,"condition1","2","juede_unclear",112,"觉得","juede",3801,22,"juede",NA,"correct",1,"unconstrained"
306,"condition1","2","yiwei_unclear",107,"以为","yiwei",3901,24,"yiwei",NA,"correct",1,"unconstrained"
306,"condition1","2","juede_unclear",115,"觉得","juede",2917,25,"juede",NA,"correct",1,"unconstrained"
306,"condition1","2","juede_contrastive",15,"以为","yiwei",9247,26,"juede",NA,"incorrect",0,"constrained"
306,"condition1","2","yiwei_unclear",102,"觉得","juede",4354,27,"yiwei",NA,"incorrect",0,"unconstrained"
306,"condition1","2","yiwei_contrastive",7,"以为","yiwei",2703,28,"yiwei",NA,"correct",1,"constrained"
306,"condition1","2","yiwei_contrastive",1,"觉得","juede",3386,29,"yiwei",NA,"incorrect",0,"constrained"
306,"condition1","2","juede_contrastive",11,"觉得","juede",2871,30,"juede",NA,"correct",1,"constrained"
306,"condition1","3","yiwei_contrastive",6,"以为","yiwei",2421,31,"yiwei",NA,"correct",1,"constrained"
306,"condition1","3","yiwei_unclear",108,"以为","yiwei",4871,32,"yiwei",NA,"correct",1,"unconstrained"
306,"condition1","3","juede_contrastive",14,"觉得","juede",2704,33,"juede",NA,"correct",1,"constrained"
306,"condition1","3","yiwei_unclear",109,"以为","yiwei",4660,34,"yiwei",NA,"correct",1,"unconstrained"
306,"condition1","3","yiwei_contrastive",10,"以为","yiwei",3482,35,"yiwei",NA,"correct",1,"constrained"
306,"condition1","3","juede_unclear",117,"以为","yiwei",3421,38,"juede",NA,"incorrect",0,"unconstrained"
306,"condition1","3","juede_unclear",114,"以为","yiwei",8157,39,"juede",NA,"incorrect",0,"unconstrained"
306,"condition1","3","juede_contrastive",13,"觉得","juede",5275,40,"juede",NA,"correct",1,"constrained"
306,"condition1","4","juede_contrastive",20,"觉得","juede",4924,41,"juede",NA,"correct",1,"constrained"
306,"condition1","4","juede_contrastive",16,"觉得","juede",3020,42,"juede",NA,"correct",1,"constrained"
306,"condition1","4","yiwei_contrastive",8,"以为","yiwei",5993,43,"yiwei",NA,"correct",1,"constrained"
306,"condition1","4","juede_unclear",116,"觉得","juede",3289,44,"juede",NA,"correct",1,"unconstrained"
306,"condition1","4","yiwei_unclear",103,"以为","yiwei",4608,46,"yiwei",NA,"correct",1,"unconstrained"
306,"condition1","4","yiwei_unclear",110,"觉得","juede",8893,47,"yiwei",NA,"incorrect",0,"unconstrained"
306,"condition1","4","yiwei_contrastive",2,"以为","yiwei",4419,49,"yiwei",NA,"correct",1,"constrained"
306,"condition1","4","juede_unclear",119,"觉得","juede",3452,50,"juede",NA,"correct",1,"unconstrained"
364,"condition1","0","yiwei_unclear",103,"以为","yiwei",3620,1,"yiwei",NA,"correct",1,"unconstrained"
364,"condition1","0","yiwei_contrastive",10,"觉得","juede",5271,3,"yiwei",NA,"incorrect",0,"constrained"
364,"condition1","0","yiwei_contrastive",9,"以为","yiwei",2623,4,"yiwei",NA,"correct",1,"constrained"
364,"condition1","0","juede_unclear",113,"觉得","juede",3196,5,"juede",NA,"correct",1,"unconstrained"
364,"condition1","0","juede_contrastive",11,"觉得","juede",4634,6,"juede",NA,"correct",1,"constrained"
364,"condition1","0","juede_contrastive",12,"觉得","juede",2895,7,"juede",NA,"correct",1,"constrained"
364,"condition1","0","juede_unclear",114,"觉得","juede",3741,8,"juede",NA,"correct",1,"unconstrained"
364,"condition1","0","yiwei_unclear",108,"觉得","juede",4567,10,"yiwei",NA,"incorrect",0,"unconstrained"
364,"condition1","1","yiwei_unclear",102,"以为","yiwei",4977,11,"yiwei",NA,"correct",1,"unconstrained"
364,"condition1","1","juede_unclear",119,"觉得","juede",2585,12,"juede",NA,"correct",1,"unconstrained"
364,"condition1","1","yiwei_contrastive",4,"以为","yiwei",3650,13,"yiwei",NA,"correct",1,"constrained"
364,"condition1","1","juede_contrastive",18,"觉得","juede",5587,14,"juede",NA,"correct",1,"constrained"
364,"condition1","1","yiwei_unclear",107,"以为","yiwei",2711,16,"yiwei",NA,"correct",1,"unconstrained"
364,"condition1","1","juede_unclear",120,"觉得","juede",3225,17,"juede",NA,"correct",1,"unconstrained"
364,"condition1","1","juede_contrastive",15,"以为","yiwei",10636,18,"juede",NA,"incorrect",0,"constrained"
364,"condition1","1","yiwei_contrastive",1,"觉得","juede",3845,20,"yiwei",NA,"incorrect",0,"constrained"
364,"condition1","2","yiwei_contrastive",6,"觉得","juede",4226,21,"yiwei",NA,"incorrect",0,"constrained"
364,"condition1","2","juede_unclear",111,"觉得","juede",2337,22,"juede",NA,"correct",1,"unconstrained"
364,"condition1","2","juede_contrastive",17,"以为","yiwei",2976,23,"juede",NA,"incorrect",0,"constrained"
364,"condition1","2","juede_unclear",116,"觉得","juede",2604,24,"juede",NA,"correct",1,"unconstrained"
364,"condition1","2","yiwei_unclear",110,"以为","yiwei",3816,25,"yiwei",NA,"correct",1,"unconstrained"
364,"condition1","2","yiwei_unclear",109,"以为","yiwei",2430,26,"yiwei",NA,"correct",1,"unconstrained"
364,"condition1","2","juede_contrastive",14,"以为","yiwei",1747,29,"juede",NA,"incorrect",0,"constrained"
364,"condition1","2","yiwei_contrastive",2,"以为","yiwei",2135,30,"yiwei",NA,"correct",1,"constrained"
364,"condition1","3","juede_contrastive",16,"觉得","juede",2318,31,"juede",NA,"correct",1,"constrained"
364,"condition1","3","yiwei_contrastive",7,"觉得","juede",2619,32,"yiwei",NA,"incorrect",0,"constrained"
364,"condition1","3","yiwei_unclear",106,"觉得","juede",4686,33,"yiwei",NA,"incorrect",0,"unconstrained"
364,"condition1","3","juede_unclear",118,"觉得","juede",2638,35,"juede",NA,"correct",1,"unconstrained"
364,"condition1","3","juede_unclear",115,"觉得","juede",3470,37,"juede",NA,"correct",1,"unconstrained"
364,"condition1","3","yiwei_contrastive",8,"以为","yiwei",2090,38,"yiwei",NA,"correct",1,"constrained"
364,"condition1","3","yiwei_unclear",105,"以为","yiwei",2095,39,"yiwei",NA,"correct",1,"unconstrained"
364,"condition1","3","juede_contrastive",13,"以为","yiwei",8147,40,"juede",NA,"incorrect",0,"constrained"
364,"condition1","4","yiwei_contrastive",5,"觉得","juede",2403,41,"yiwei",NA,"incorrect",0,"constrained"
364,"condition1","4","yiwei_unclear",104,"以为","yiwei",3941,42,"yiwei",NA,"correct",1,"unconstrained"
364,"condition1","4","juede_unclear",112,"觉得","juede",3658,43,"juede",NA,"correct",1,"unconstrained"
364,"condition1","4","yiwei_unclear",101,"以为","yiwei",1983,44,"yiwei",NA,"correct",1,"unconstrained"
364,"condition1","4","juede_contrastive",19,"觉得","juede",4370,46,"juede",NA,"correct",1,"constrained"
364,"condition1","4","juede_unclear",117,"以为","yiwei",4108,47,"juede",NA,"incorrect",0,"unconstrained"
364,"condition1","4","juede_contrastive",20,"觉得","juede",2926,48,"juede",NA,"correct",1,"constrained"
364,"condition1","4","yiwei_contrastive",3,"以为","yiwei",5726,50,"yiwei",NA,"correct",1,"constrained"
370,"condition1","0","yiwei_unclear",107,"以为","yiwei",3569,1,"yiwei",NA,"correct",1,"unconstrained"
370,"condition1","0","juede_contrastive",11,"觉得","juede",2969,2,"juede",NA,"correct",1,"constrained"
370,"condition1","0","yiwei_unclear",110,"以为","yiwei",2798,3,"yiwei",NA,"correct",1,"unconstrained"
370,"condition1","0","yiwei_contrastive",1,"觉得","juede",3696,6,"yiwei",NA,"incorrect",0,"constrained"
370,"condition1","0","juede_unclear",116,"觉得","juede",3443,7,"juede",NA,"correct",1,"unconstrained"
370,"condition1","0","yiwei_contrastive",9,"以为","yiwei",2384,8,"yiwei",NA,"correct",1,"constrained"
370,"condition1","0","juede_unclear",111,"觉得","juede",3840,9,"juede",NA,"correct",1,"unconstrained"
370,"condition1","0","juede_contrastive",13,"以为","yiwei",5078,10,"juede",NA,"incorrect",0,"constrained"
370,"condition1","1","yiwei_unclear",101,"以为","yiwei",2640,11,"yiwei",NA,"correct",1,"unconstrained"
370,"condition1","1","yiwei_unclear",104,"觉得","juede",4664,13,"yiwei",NA,"incorrect",0,"unconstrained"
370,"condition1","1","juede_unclear",119,"觉得","juede",2085,15,"juede",NA,"correct",1,"unconstrained"
370,"condition1","1","juede_contrastive",15,"觉得","juede",5468,16,"juede",NA,"correct",1,"constrained"
370,"condition1","1","yiwei_contrastive",8,"以为","yiwei",2633,17,"yiwei",NA,"correct",1,"constrained"
370,"condition1","1","yiwei_contrastive",6,"觉得","juede",2242,18,"yiwei",NA,"incorrect",0,"constrained"
370,"condition1","1","juede_unclear",120,"觉得","juede",3128,19,"juede",NA,"correct",1,"unconstrained"
370,"condition1","1","juede_contrastive",17,"觉得","juede",3127,20,"juede",NA,"correct",1,"constrained"
370,"condition1","2","juede_contrastive",16,"觉得","juede",3165,21,"juede",NA,"correct",1,"constrained"
370,"condition1","2","yiwei_contrastive",7,"觉得","juede",1823,22,"yiwei",NA,"incorrect",0,"constrained"
370,"condition1","2","juede_unclear",112,"觉得","juede",2407,23,"juede",NA,"correct",1,"unconstrained"
370,"condition1","2","juede_unclear",117,"以为","yiwei",4229,24,"juede",NA,"incorrect",0,"unconstrained"
370,"condition1","2","yiwei_unclear",108,"以为","yiwei",2603,25,"yiwei",NA,"correct",1,"unconstrained"
370,"condition1","2","juede_contrastive",14,"以为","yiwei",1672,26,"juede",NA,"incorrect",0,"constrained"
370,"condition1","2","yiwei_contrastive",10,"以为","yiwei",2206,29,"yiwei",NA,"correct",1,"constrained"
370,"condition1","2","yiwei_unclear",105,"以为","yiwei",3179,30,"yiwei",NA,"correct",1,"unconstrained"
370,"condition1","3","yiwei_unclear",102,"以为","yiwei",2025,31,"yiwei",NA,"correct",1,"unconstrained"
370,"condition1","3","juede_contrastive",20,"觉得","juede",3248,32,"juede",NA,"correct",1,"constrained"
370,"condition1","3","yiwei_unclear",109,"以为","yiwei",2115,33,"yiwei",NA,"correct",1,"unconstrained"
370,"condition1","3","yiwei_contrastive",4,"觉得","juede",2085,34,"yiwei",NA,"incorrect",0,"constrained"
370,"condition1","3","yiwei_contrastive",2,"觉得","juede",1560,36,"yiwei",NA,"incorrect",0,"constrained"
370,"condition1","3","juede_contrastive",12,"觉得","juede",1830,37,"juede",NA,"correct",1,"constrained"
370,"condition1","3","juede_unclear",118,"觉得","juede",4395,38,"juede",NA,"correct",1,"unconstrained"
370,"condition1","3","juede_unclear",115,"觉得","juede",1658,40,"juede",NA,"correct",1,"unconstrained"
370,"condition1","4","juede_unclear",114,"觉得","juede",4603,42,"juede",NA,"correct",1,"unconstrained"
370,"condition1","4","juede_contrastive",19,"觉得","juede",3473,43,"juede",NA,"correct",1,"constrained"
370,"condition1","4","juede_unclear",113,"以为","yiwei",3053,44,"juede",NA,"incorrect",0,"unconstrained"
370,"condition1","4","juede_contrastive",18,"觉得","juede",3382,45,"juede",NA,"correct",1,"constrained"
370,"condition1","4","yiwei_unclear",103,"以为","yiwei",6799,47,"yiwei",NA,"correct",1,"unconstrained"
370,"condition1","4","yiwei_contrastive",5,"以为","yiwei",2231,48,"yiwei",NA,"correct",1,"constrained"
370,"condition1","4","yiwei_contrastive",3,"觉得","juede",3150,49,"yiwei",NA,"incorrect",0,"constrained"
370,"condition1","4","yiwei_unclear",106,"以为","yiwei",2490,50,"yiwei",NA,"correct",1,"unconstrained"
384,"condition1","0","yiwei_contrastive",7,"觉得","juede",13558,1,"yiwei",NA,"incorrect",0,"constrained"
384,"condition1","0","juede_unclear",113,"觉得","juede",2140,2,"juede",NA,"correct",1,"unconstrained"
384,"condition1","0","yiwei_contrastive",2,"以为","yiwei",4015,3,"yiwei",NA,"correct",1,"constrained"
384,"condition1","0","juede_unclear",112,"觉得","juede",4869,4,"juede",NA,"correct",1,"unconstrained"
384,"condition1","0","juede_contrastive",20,"觉得","juede",11825,7,"juede",NA,"correct",1,"constrained"
384,"condition1","0","yiwei_unclear",106,"觉得","juede",9670,8,"yiwei",NA,"incorrect",0,"unconstrained"
384,"condition1","0","juede_contrastive",18,"以为","yiwei",6133,9,"juede",NA,"incorrect",0,"constrained"
384,"condition1","0","yiwei_unclear",102,"以为","yiwei",3280,10,"yiwei",NA,"correct",1,"unconstrained"
384,"condition1","1","juede_contrastive",15,"以为","yiwei",10812,11,"juede",NA,"incorrect",0,"constrained"
384,"condition1","1","juede_contrastive",19,"觉得","juede",5392,12,"juede",NA,"correct",1,"constrained"
384,"condition1","1","yiwei_contrastive",1,"以为","yiwei",4840,13,"yiwei",NA,"correct",1,"constrained"
384,"condition1","1","yiwei_contrastive",6,"以为","yiwei",2674,14,"yiwei",NA,"correct",1,"constrained"
384,"condition1","1","yiwei_unclear",104,"以为","yiwei",8498,15,"yiwei",NA,"correct",1,"unconstrained"
384,"condition1","1","juede_unclear",111,"觉得","juede",3796,18,"juede",NA,"correct",1,"unconstrained"
384,"condition1","1","yiwei_unclear",108,"觉得","juede",3307,19,"yiwei",NA,"incorrect",0,"unconstrained"
384,"condition1","1","juede_unclear",116,"觉得","juede",4664,20,"juede",NA,"correct",1,"unconstrained"
384,"condition1","2","yiwei_contrastive",9,"以为","yiwei",1814,21,"yiwei",NA,"correct",1,"constrained"
384,"condition1","2","yiwei_unclear",109,"以为","yiwei",2394,22,"yiwei",NA,"correct",1,"unconstrained"
384,"condition1","2","juede_contrastive",16,"觉得","juede",2786,23,"juede",NA,"correct",1,"constrained"
384,"condition1","2","yiwei_unclear",105,"以为","yiwei",6679,24,"yiwei",NA,"correct",1,"unconstrained"
384,"condition1","2","juede_unclear",118,"觉得","juede",3746,25,"juede",NA,"correct",1,"unconstrained"
384,"condition1","2","juede_unclear",115,"觉得","juede",2744,26,"juede",NA,"correct",1,"unconstrained"
384,"condition1","2","juede_contrastive",17,"以为","yiwei",3070,27,"juede",NA,"incorrect",0,"constrained"
384,"condition1","2","yiwei_contrastive",8,"以为","yiwei",6320,28,"yiwei",NA,"correct",1,"constrained"
384,"condition1","3","juede_contrastive",13,"以为","yiwei",5592,31,"juede",NA,"incorrect",0,"constrained"
384,"condition1","3","yiwei_contrastive",3,"以为","yiwei",4564,32,"yiwei",NA,"correct",1,"constrained"
384,"condition1","3","yiwei_contrastive",4,"以为","yiwei",2192,33,"yiwei",NA,"correct",1,"constrained"
384,"condition1","3","juede_contrastive",14,"觉得","juede",2282,35,"juede",NA,"correct",1,"constrained"
384,"condition1","3","yiwei_unclear",107,"以为","yiwei",1878,36,"yiwei",NA,"correct",1,"unconstrained"
384,"condition1","3","juede_unclear",117,"以为","yiwei",3752,37,"juede",NA,"incorrect",0,"unconstrained"
384,"condition1","3","yiwei_unclear",101,"以为","yiwei",3510,38,"yiwei",NA,"correct",1,"unconstrained"
384,"condition1","3","juede_unclear",114,"以为","yiwei",6090,40,"juede",NA,"incorrect",0,"unconstrained"
384,"condition1","4","yiwei_contrastive",10,"以为","yiwei",2278,41,"yiwei",NA,"correct",1,"constrained"
384,"condition1","4","juede_unclear",120,"觉得","juede",4269,42,"juede",NA,"correct",1,"unconstrained"
384,"condition1","4","juede_contrastive",11,"觉得","juede",2861,43,"juede",NA,"correct",1,"constrained"
384,"condition1","4","juede_contrastive",12,"觉得","juede",3506,45,"juede",NA,"correct",1,"constrained"
384,"condition1","4","juede_unclear",119,"觉得","juede",5210,46,"juede",NA,"correct",1,"unconstrained"
384,"condition1","4","yiwei_contrastive",5,"以为","yiwei",1616,47,"yiwei",NA,"correct",1,"constrained"
384,"condition1","4","yiwei_unclear",110,"以为","yiwei",5530,48,"yiwei",NA,"correct",1,"unconstrained"
384,"condition1","4","yiwei_unclear",103,"以为","yiwei",6602,49,"yiwei",NA,"correct",1,"unconstrained"
378,"condition1","0","juede_contrastive",11,"觉得","juede",6160,1,"juede",NA,"correct",1,"constrained"
378,"condition1","0","juede_unclear",115,"觉得","juede",5464,3,"juede",NA,"correct",1,"unconstrained"
378,"condition1","0","yiwei_unclear",109,"以为","yiwei",3040,4,"yiwei",NA,"correct",1,"unconstrained"
378,"condition1","0","juede_unclear",117,"以为","yiwei",4328,5,"juede",NA,"incorrect",0,"unconstrained"
378,"condition1","0","yiwei_contrastive",3,"觉得","juede",5840,6,"yiwei",NA,"incorrect",0,"constrained"
378,"condition1","0","juede_contrastive",16,"觉得","juede",5776,7,"juede",NA,"correct",1,"constrained"
378,"condition1","0","yiwei_unclear",107,"以为","yiwei",6184,9,"yiwei",NA,"correct",1,"unconstrained"
378,"condition1","0","yiwei_contrastive",4,"觉得","juede",6320,10,"yiwei",NA,"incorrect",0,"constrained"
378,"condition1","1","juede_contrastive",12,"觉得","juede",5280,11,"juede",NA,"correct",1,"constrained"
378,"condition1","1","juede_contrastive",18,"以为","yiwei",7072,12,"juede",NA,"incorrect",0,"constrained"
378,"condition1","1","yiwei_contrastive",9,"觉得","juede",3376,14,"yiwei",NA,"incorrect",0,"constrained"
378,"condition1","1","yiwei_unclear",103,"以为","yiwei",7552,15,"yiwei",NA,"correct",1,"unconstrained"
378,"condition1","1","juede_unclear",112,"觉得","juede",6720,16,"juede",NA,"correct",1,"unconstrained"
378,"condition1","1","yiwei_unclear",106,"觉得","juede",6024,17,"yiwei",NA,"incorrect",0,"unconstrained"
378,"condition1","1","yiwei_contrastive",7,"以为","yiwei",4400,18,"yiwei",NA,"correct",1,"constrained"
378,"condition1","1","juede_unclear",119,"觉得","juede",5544,19,"juede",NA,"correct",1,"unconstrained"
378,"condition1","2","juede_unclear",113,"觉得","juede",3664,22,"juede",NA,"correct",1,"unconstrained"
378,"condition1","2","yiwei_contrastive",6,"以为","yiwei",5272,23,"yiwei",NA,"correct",1,"constrained"
378,"condition1","2","yiwei_contrastive",10,"以为","yiwei",4928,24,"yiwei",NA,"correct",1,"constrained"
378,"condition1","2","juede_contrastive",13,"以为","yiwei",11808,25,"juede",NA,"incorrect",0,"constrained"
378,"condition1","2","juede_contrastive",14,"以为","yiwei",4720,26,"juede",NA,"incorrect",0,"constrained"
378,"condition1","2","juede_unclear",116,"觉得","juede",6400,27,"juede",NA,"correct",1,"unconstrained"
378,"condition1","2","yiwei_unclear",110,"以为","yiwei",7280,29,"yiwei",NA,"correct",1,"unconstrained"
378,"condition1","2","yiwei_unclear",104,"以为","yiwei",23512,30,"yiwei",NA,"correct",1,"unconstrained"
378,"condition1","3","juede_contrastive",20,"觉得","juede",7160,32,"juede",NA,"correct",1,"constrained"
378,"condition1","3","juede_unclear",120,"觉得","juede",5304,33,"juede",NA,"correct",1,"unconstrained"
378,"condition1","3","juede_unclear",111,"觉得","juede",3527,34,"juede",NA,"correct",1,"unconstrained"
378,"condition1","3","juede_contrastive",15,"以为","yiwei",9648,36,"juede",NA,"incorrect",0,"constrained"
378,"condition1","3","yiwei_contrastive",1,"以为","yiwei",6159,37,"yiwei",NA,"correct",1,"constrained"
378,"condition1","3","yiwei_unclear",105,"以为","yiwei",6385,38,"yiwei",NA,"correct",1,"unconstrained"
378,"condition1","3","yiwei_unclear",108,"觉得","juede",5472,39,"yiwei",NA,"incorrect",0,"unconstrained"
378,"condition1","3","yiwei_contrastive",5,"以为","yiwei",3728,40,"yiwei",NA,"correct",1,"constrained"
378,"condition1","4","yiwei_contrastive",8,"觉得","juede",4344,41,"yiwei",NA,"incorrect",0,"constrained"
378,"condition1","4","yiwei_unclear",101,"以为","yiwei",3367,42,"yiwei",NA,"correct",1,"unconstrained"
378,"condition1","4","juede_unclear",118,"觉得","juede",4960,43,"juede",NA,"correct",1,"unconstrained"
378,"condition1","4","juede_contrastive",17,"以为","yiwei",8448,44,"juede",NA,"incorrect",0,"constrained"
378,"condition1","4","yiwei_unclear",102,"以为","yiwei",4312,46,"yiwei",NA,"correct",1,"unconstrained"
378,"condition1","4","yiwei_contrastive",2,"以为","yiwei",3832,47,"yiwei",NA,"correct",1,"constrained"
378,"condition1","4","juede_unclear",114,"觉得","juede",9896,48,"juede",NA,"correct",1,"unconstrained"
378,"condition1","4","juede_contrastive",19,"觉得","juede",4432,49,"juede",NA,"correct",1,"constrained"
372,"condition1","0","juede_contrastive",15,"觉得","juede",9420,1,"juede",NA,"correct",1,"constrained"
372,"condition1","0","juede_contrastive",14,"觉得","juede",8741,2,"juede",NA,"correct",1,"constrained"
372,"condition1","0","yiwei_unclear",102,"以为","yiwei",5941,3,"yiwei",NA,"correct",1,"unconstrained"
372,"condition1","0","yiwei_contrastive",1,"以为","yiwei",3075,4,"yiwei",NA,"correct",1,"constrained"
372,"condition1","0","yiwei_contrastive",2,"以为","yiwei",3116,7,"yiwei",NA,"correct",1,"constrained"
372,"condition1","0","juede_unclear",112,"觉得","juede",4766,8,"juede",NA,"correct",1,"unconstrained"
372,"condition1","0","juede_unclear",114,"以为","yiwei",8784,9,"juede",NA,"incorrect",0,"unconstrained"
372,"condition1","0","yiwei_unclear",104,"以为","yiwei",7795,10,"yiwei",NA,"correct",1,"unconstrained"
372,"condition1","1","juede_unclear",113,"觉得","juede",4934,12,"juede",NA,"correct",1,"unconstrained"
372,"condition1","1","yiwei_unclear",109,"以为","yiwei",3232,13,"yiwei",NA,"correct",1,"unconstrained"
372,"condition1","1","yiwei_contrastive",9,"以为","yiwei",6603,14,"yiwei",NA,"correct",1,"constrained"
372,"condition1","1","yiwei_unclear",106,"觉得","juede",6163,15,"yiwei",NA,"incorrect",0,"unconstrained"
372,"condition1","1","juede_unclear",120,"觉得","juede",11766,16,"juede",NA,"correct",1,"unconstrained"
372,"condition1","1","yiwei_contrastive",10,"以为","yiwei",4024,17,"yiwei",NA,"correct",1,"constrained"
372,"condition1","1","juede_contrastive",12,"觉得","juede",3308,19,"juede",NA,"correct",1,"constrained"
372,"condition1","1","juede_contrastive",13,"以为","yiwei",5384,20,"juede",NA,"incorrect",0,"constrained"
372,"condition1","2","yiwei_unclear",105,"以为","yiwei",7849,21,"yiwei",NA,"correct",1,"unconstrained"
372,"condition1","2","juede_unclear",115,"觉得","juede",4900,22,"juede",NA,"correct",1,"unconstrained"
372,"condition1","2","juede_unclear",118,"觉得","juede",7833,23,"juede",NA,"correct",1,"unconstrained"
372,"condition1","2","yiwei_contrastive",8,"以为","yiwei",4175,24,"yiwei",NA,"correct",1,"constrained"
372,"condition1","2","yiwei_unclear",110,"以为","yiwei",13475,25,"yiwei",NA,"correct",1,"unconstrained"
372,"condition1","2","juede_contrastive",17,"觉得","juede",7009,27,"juede",NA,"correct",1,"constrained"
372,"condition1","2","yiwei_contrastive",7,"觉得","juede",4316,28,"yiwei",NA,"incorrect",0,"constrained"
372,"condition1","2","juede_contrastive",18,"以为","yiwei",5524,29,"juede",NA,"incorrect",0,"constrained"
372,"condition1","3","juede_contrastive",20,"觉得","juede",5193,31,"juede",NA,"correct",1,"constrained"
372,"condition1","3","juede_unclear",119,"觉得","juede",5175,32,"juede",NA,"correct",1,"unconstrained"
372,"condition1","3","yiwei_unclear",103,"以为","yiwei",5616,33,"yiwei",NA,"correct",1,"unconstrained"
372,"condition1","3","yiwei_contrastive",5,"以为","yiwei",2642,35,"yiwei",NA,"correct",1,"constrained"
372,"condition1","3","juede_unclear",117,"以为","yiwei",3675,36,"juede",NA,"incorrect",0,"unconstrained"
372,"condition1","3","yiwei_contrastive",3,"以为","yiwei",5350,37,"yiwei",NA,"correct",1,"constrained"
372,"condition1","3","juede_contrastive",11,"觉得","juede",3474,38,"juede",NA,"correct",1,"constrained"
372,"condition1","3","yiwei_unclear",108,"觉得","juede",10982,40,"yiwei",NA,"incorrect",0,"unconstrained"
372,"condition1","4","juede_unclear",111,"觉得","juede",3121,41,"juede",NA,"correct",1,"unconstrained"
372,"condition1","4","yiwei_unclear",107,"以为","yiwei",4658,43,"yiwei",NA,"correct",1,"unconstrained"
372,"condition1","4","juede_contrastive",16,"觉得","juede",7651,44,"juede",NA,"correct",1,"constrained"
372,"condition1","4","yiwei_contrastive",4,"以为","yiwei",3991,45,"yiwei",NA,"correct",1,"constrained"
372,"condition1","4","yiwei_contrastive",6,"以为","yiwei",4858,46,"yiwei",NA,"correct",1,"constrained"
372,"condition1","4","yiwei_unclear",101,"以为","yiwei",3906,48,"yiwei",NA,"correct",1,"unconstrained"
372,"condition1","4","juede_contrastive",19,"觉得","juede",5198,49,"juede",NA,"correct",1,"constrained"
372,"condition1","4","juede_unclear",116,"觉得","juede",5604,50,"juede",NA,"correct",1,"unconstrained"
348,"condition1","0","yiwei_contrastive",10,"以为","yiwei",2651,2,"yiwei",NA,"correct",1,"constrained"
348,"condition1","0","juede_unclear",112,"觉得","juede",3719,3,"juede",NA,"correct",1,"unconstrained"
348,"condition1","0","juede_contrastive",17,"以为","yiwei",5152,4,"juede",NA,"incorrect",0,"constrained"
348,"condition1","0","yiwei_unclear",107,"以为","yiwei",3305,5,"yiwei",NA,"correct",1,"unconstrained"
348,"condition1","0","yiwei_unclear",108,"以为","yiwei",5172,7,"yiwei",NA,"correct",1,"unconstrained"
348,"condition1","0","yiwei_contrastive",7,"以为","yiwei",7514,8,"yiwei",NA,"correct",1,"constrained"
348,"condition1","0","juede_contrastive",20,"觉得","juede",3975,9,"juede",NA,"correct",1,"constrained"
348,"condition1","0","juede_unclear",114,"以为","yiwei",4688,10,"juede",NA,"incorrect",0,"unconstrained"
348,"condition1","1","juede_unclear",119,"觉得","juede",2773,11,"juede",NA,"correct",1,"unconstrained"
348,"condition1","1","yiwei_unclear",105,"以为","yiwei",4252,12,"yiwei",NA,"correct",1,"unconstrained"
348,"condition1","1","juede_contrastive",14,"以为","yiwei",3383,15,"juede",NA,"incorrect",0,"constrained"
348,"condition1","1","juede_unclear",115,"觉得","juede",4024,16,"juede",NA,"correct",1,"unconstrained"
348,"condition1","1","yiwei_unclear",110,"以为","yiwei",5261,17,"yiwei",NA,"correct",1,"unconstrained"
348,"condition1","1","yiwei_contrastive",9,"觉得","juede",3267,18,"yiwei",NA,"incorrect",0,"constrained"
348,"condition1","1","juede_contrastive",19,"觉得","juede",2984,19,"juede",NA,"correct",1,"constrained"
348,"condition1","1","yiwei_contrastive",6,"以为","yiwei",2235,20,"yiwei",NA,"correct",1,"constrained"
348,"condition1","2","juede_unclear",120,"以为","yiwei",5357,21,"juede",NA,"incorrect",0,"unconstrained"
348,"condition1","2","juede_unclear",113,"觉得","juede",2480,22,"juede",NA,"correct",1,"unconstrained"
348,"condition1","2","yiwei_contrastive",5,"以为","yiwei",2034,23,"yiwei",NA,"correct",1,"constrained"
348,"condition1","2","yiwei_unclear",109,"以为","yiwei",2350,24,"yiwei",NA,"correct",1,"unconstrained"
348,"condition1","2","juede_contrastive",13,"觉得","juede",6544,25,"juede",NA,"correct",1,"constrained"
348,"condition1","2","yiwei_contrastive",8,"以为","yiwei",3058,28,"yiwei",NA,"correct",1,"constrained"
348,"condition1","2","yiwei_unclear",106,"觉得","juede",4393,29,"yiwei",NA,"incorrect",0,"unconstrained"
348,"condition1","2","juede_contrastive",16,"觉得","juede",2766,30,"juede",NA,"correct",1,"constrained"
348,"condition1","3","juede_unclear",116,"觉得","juede",4412,31,"juede",NA,"correct",1,"unconstrained"
348,"condition1","3","yiwei_contrastive",4,"以为","yiwei",2840,32,"yiwei",NA,"correct",1,"constrained"
348,"condition1","3","yiwei_unclear",101,"以为","yiwei",2728,33,"yiwei",NA,"correct",1,"unconstrained"
348,"condition1","3","juede_unclear",118,"觉得","juede",3348,34,"juede",NA,"correct",1,"unconstrained"
348,"condition1","3","yiwei_contrastive",3,"以为","yiwei",6289,35,"yiwei",NA,"correct",1,"constrained"
348,"condition1","3","yiwei_unclear",102,"以为","yiwei",6576,38,"yiwei",NA,"correct",1,"unconstrained"
348,"condition1","3","juede_contrastive",12,"觉得","juede",1852,39,"juede",NA,"correct",1,"constrained"
348,"condition1","3","juede_contrastive",11,"觉得","juede",4635,40,"juede",NA,"correct",1,"constrained"
348,"condition1","4","juede_contrastive",15,"以为","yiwei",7028,41,"juede",NA,"incorrect",0,"constrained"
348,"condition1","4","juede_unclear",111,"觉得","juede",2554,43,"juede",NA,"correct",1,"unconstrained"
348,"condition1","4","yiwei_unclear",104,"以为","yiwei",4883,45,"yiwei",NA,"correct",1,"unconstrained"
348,"condition1","4","juede_contrastive",18,"以为","yiwei",3888,46,"juede",NA,"incorrect",0,"constrained"
348,"condition1","4","yiwei_contrastive",1,"觉得","juede",3968,47,"yiwei",NA,"incorrect",0,"constrained"
348,"condition1","4","juede_unclear",117,"以为","yiwei",2866,48,"juede",NA,"incorrect",0,"unconstrained"
348,"condition1","4","yiwei_contrastive",2,"以为","yiwei",3396,49,"yiwei",NA,"correct",1,"constrained"
348,"condition1","4","yiwei_unclear",103,"以为","yiwei",4788,50,"yiwei",NA,"correct",1,"unconstrained"
358,"condition1","0","juede_unclear",120,"觉得","juede",5196,2,"juede",NA,"correct",1,"unconstrained"
358,"condition1","0","yiwei_contrastive",6,"觉得","juede",3267,3,"yiwei",NA,"incorrect",0,"constrained"
358,"condition1","0","juede_unclear",113,"觉得","juede",7680,4,"juede",NA,"correct",1,"unconstrained"
358,"condition1","0","yiwei_unclear",102,"以为","yiwei",4287,5,"yiwei",NA,"correct",1,"unconstrained"
358,"condition1","0","yiwei_contrastive",10,"以为","yiwei",2645,6,"yiwei",NA,"correct",1,"constrained"
358,"condition1","0","juede_contrastive",11,"觉得","juede",3775,7,"juede",NA,"correct",1,"constrained"
358,"condition1","0","juede_contrastive",13,"以为","yiwei",5360,8,"juede",NA,"incorrect",0,"constrained"
358,"condition1","0","yiwei_unclear",101,"以为","yiwei",3013,10,"yiwei",NA,"correct",1,"unconstrained"
358,"condition1","1","juede_contrastive",17,"以为","yiwei",2949,12,"juede",NA,"incorrect",0,"constrained"
358,"condition1","1","juede_unclear",116,"觉得","juede",4725,13,"juede",NA,"correct",1,"unconstrained"
358,"condition1","1","yiwei_unclear",110,"以为","yiwei",8613,14,"yiwei",NA,"correct",1,"unconstrained"
358,"condition1","1","yiwei_contrastive",9,"以为","yiwei",2446,15,"yiwei",NA,"correct",1,"constrained"
358,"condition1","1","yiwei_contrastive",1,"觉得","juede",3823,17,"yiwei",NA,"incorrect",0,"constrained"
358,"condition1","1","yiwei_unclear",104,"以为","yiwei",4655,18,"yiwei",NA,"correct",1,"unconstrained"
358,"condition1","1","juede_contrastive",14,"觉得","juede",2838,19,"juede",NA,"correct",1,"constrained"
358,"condition1","1","juede_unclear",111,"觉得","juede",2635,20,"juede",NA,"correct",1,"unconstrained"
358,"condition1","2","yiwei_contrastive",5,"以为","yiwei",4886,22,"yiwei",NA,"correct",1,"constrained"
358,"condition1","2","yiwei_contrastive",7,"以为","yiwei",2606,23,"yiwei",NA,"correct",1,"constrained"
358,"condition1","2","yiwei_unclear",109,"以为","yiwei",2402,24,"yiwei",NA,"correct",1,"unconstrained"
358,"condition1","2","juede_unclear",119,"觉得","juede",3237,25,"juede",NA,"correct",1,"unconstrained"
358,"condition1","2","juede_contrastive",19,"觉得","juede",3694,26,"juede",NA,"correct",1,"constrained"
358,"condition1","2","yiwei_unclear",103,"以为","yiwei",3310,27,"yiwei",NA,"correct",1,"unconstrained"
358,"condition1","2","juede_contrastive",16,"觉得","juede",4968,28,"juede",NA,"correct",1,"constrained"
358,"condition1","2","juede_unclear",118,"觉得","juede",3386,30,"juede",NA,"correct",1,"unconstrained"
358,"condition1","3","yiwei_contrastive",3,"以为","yiwei",5473,31,"yiwei",NA,"correct",1,"constrained"
358,"condition1","3","juede_unclear",117,"以为","yiwei",3988,33,"juede",NA,"incorrect",0,"unconstrained"
358,"condition1","3","yiwei_contrastive",8,"觉得","juede",2770,34,"yiwei",NA,"incorrect",0,"constrained"
358,"condition1","3","yiwei_unclear",105,"以为","yiwei",3632,35,"yiwei",NA,"correct",1,"unconstrained"
358,"condition1","3","juede_unclear",114,"觉得","juede",7483,37,"juede",NA,"correct",1,"unconstrained"
358,"condition1","3","juede_contrastive",12,"觉得","juede",2425,38,"juede",NA,"correct",1,"constrained"
358,"condition1","3","yiwei_unclear",106,"觉得","juede",3273,39,"yiwei",NA,"incorrect",0,"unconstrained"
358,"condition1","3","juede_contrastive",20,"觉得","juede",6271,40,"juede",NA,"correct",1,"constrained"
358,"condition1","4","juede_unclear",115,"觉得","juede",3835,41,"juede",NA,"correct",1,"unconstrained"
358,"condition1","4","yiwei_unclear",107,"以为","yiwei",4541,44,"yiwei",NA,"correct",1,"unconstrained"
358,"condition1","4","juede_contrastive",15,"觉得","juede",6407,45,"juede",NA,"correct",1,"constrained"
358,"condition1","4","yiwei_contrastive",4,"觉得","juede",2731,46,"yiwei",NA,"incorrect",0,"constrained"
358,"condition1","4","yiwei_unclear",108,"觉得","juede",2806,47,"yiwei",NA,"incorrect",0,"unconstrained"
358,"condition1","4","yiwei_contrastive",2,"觉得","juede",3311,48,"yiwei",NA,"incorrect",0,"constrained"
358,"condition1","4","juede_contrastive",18,"以为","yiwei",3883,49,"juede",NA,"incorrect",0,"constrained"
358,"condition1","4","juede_unclear",112,"觉得","juede",3000,50,"juede",NA,"correct",1,"unconstrained"
340,"condition1","0","juede_unclear",114,"觉得","juede",5783,2,"juede",NA,"correct",1,"unconstrained"
340,"condition1","0","juede_contrastive",16,"觉得","juede",3515,3,"juede",NA,"correct",1,"constrained"
340,"condition1","0","yiwei_unclear",108,"以为","yiwei",4616,4,"yiwei",NA,"correct",1,"unconstrained"
340,"condition1","0","yiwei_contrastive",6,"觉得","juede",3767,5,"yiwei",NA,"incorrect",0,"constrained"
340,"condition1","0","juede_contrastive",14,"觉得","juede",3366,6,"juede",NA,"correct",1,"constrained"
340,"condition1","0","yiwei_unclear",109,"以为","yiwei",3032,8,"yiwei",NA,"correct",1,"unconstrained"
340,"condition1","0","juede_unclear",116,"觉得","juede",3282,9,"juede",NA,"correct",1,"unconstrained"
340,"condition1","0","yiwei_contrastive",1,"以为","yiwei",3032,10,"yiwei",NA,"correct",1,"constrained"
340,"condition1","1","juede_contrastive",12,"觉得","juede",2217,12,"juede",NA,"correct",1,"constrained"
340,"condition1","1","yiwei_contrastive",3,"以为","yiwei",5501,13,"yiwei",NA,"correct",1,"constrained"
340,"condition1","1","juede_contrastive",13,"以为","yiwei",4349,14,"juede",NA,"incorrect",0,"constrained"
340,"condition1","1","yiwei_contrastive",5,"以为","yiwei",2717,15,"yiwei",NA,"correct",1,"constrained"
340,"condition1","1","juede_unclear",111,"觉得","juede",2750,17,"juede",NA,"correct",1,"unconstrained"
340,"condition1","1","juede_unclear",113,"觉得","juede",2934,18,"juede",NA,"correct",1,"unconstrained"
340,"condition1","1","yiwei_unclear",101,"以为","yiwei",2699,19,"yiwei",NA,"correct",1,"unconstrained"
340,"condition1","1","yiwei_unclear",102,"以为","yiwei",3116,20,"yiwei",NA,"correct",1,"unconstrained"
340,"condition1","2","yiwei_unclear",105,"以为","yiwei",5851,21,"yiwei",NA,"correct",1,"unconstrained"
340,"condition1","2","yiwei_contrastive",10,"以为","yiwei",2851,22,"yiwei",NA,"correct",1,"constrained"
340,"condition1","2","juede_contrastive",20,"觉得","juede",5451,23,"juede",NA,"correct",1,"constrained"
340,"condition1","2","juede_unclear",118,"觉得","juede",3466,24,"juede",NA,"correct",1,"unconstrained"
340,"condition1","2","juede_contrastive",15,"以为","yiwei",6950,25,"juede",NA,"incorrect",0,"constrained"
340,"condition1","2","yiwei_contrastive",8,"觉得","juede",3201,27,"yiwei",NA,"incorrect",0,"constrained"
340,"condition1","2","yiwei_unclear",103,"以为","yiwei",6092,28,"yiwei",NA,"correct",1,"unconstrained"
340,"condition1","2","juede_unclear",117,"以为","yiwei",3317,30,"juede",NA,"incorrect",0,"unconstrained"
340,"condition1","3","yiwei_contrastive",9,"觉得","juede",2900,32,"yiwei",NA,"incorrect",0,"constrained"
340,"condition1","3","yiwei_contrastive",4,"以为","yiwei",2417,33,"yiwei",NA,"correct",1,"constrained"
340,"condition1","3","juede_contrastive",18,"以为","yiwei",2603,34,"juede",NA,"incorrect",0,"constrained"
340,"condition1","3","juede_unclear",112,"觉得","juede",3733,35,"juede",NA,"correct",1,"unconstrained"
340,"condition1","3","yiwei_unclear",106,"觉得","juede",3183,37,"yiwei",NA,"incorrect",0,"unconstrained"
340,"condition1","3","juede_unclear",115,"觉得","juede",2419,38,"juede",NA,"correct",1,"unconstrained"
340,"condition1","3","juede_contrastive",11,"觉得","juede",2768,39,"juede",NA,"correct",1,"constrained"
340,"condition1","3","yiwei_unclear",104,"以为","yiwei",3212,40,"yiwei",NA,"correct",1,"unconstrained"
340,"condition1","4","juede_unclear",120,"觉得","juede",2751,42,"juede",NA,"correct",1,"unconstrained"
340,"condition1","4","yiwei_contrastive",2,"以为","yiwei",2399,43,"yiwei",NA,"correct",1,"constrained"
340,"condition1","4","yiwei_unclear",107,"以为","yiwei",2736,44,"yiwei",NA,"correct",1,"unconstrained"
340,"condition1","4","yiwei_unclear",110,"觉得","juede",3252,45,"yiwei",NA,"incorrect",0,"unconstrained"
340,"condition1","4","juede_contrastive",17,"以为","yiwei",4416,46,"juede",NA,"incorrect",0,"constrained"
340,"condition1","4","yiwei_contrastive",7,"以为","yiwei",2284,47,"yiwei",NA,"correct",1,"constrained"
340,"condition1","4","juede_unclear",119,"觉得","juede",2518,49,"juede",NA,"correct",1,"unconstrained"
340,"condition1","4","juede_contrastive",19,"觉得","juede",3388,50,"juede",NA,"correct",1,"constrained"
351,"condition1","0","juede_unclear",116,"觉得","juede",9732,1,"juede",NA,"correct",1,"unconstrained"
351,"condition1","0","juede_contrastive",13,"以为","yiwei",22915,2,"juede",NA,"incorrect",0,"constrained"
351,"condition1","0","yiwei_unclear",102,"以为","yiwei",5200,3,"yiwei",NA,"correct",1,"unconstrained"
351,"condition1","0","juede_contrastive",18,"觉得","juede",6483,4,"juede",NA,"correct",1,"constrained"
351,"condition1","0","yiwei_unclear",103,"以为","yiwei",11517,5,"yiwei",NA,"correct",1,"unconstrained"
351,"condition1","0","yiwei_contrastive",6,"觉得","juede",7799,6,"yiwei",NA,"incorrect",0,"constrained"
351,"condition1","0","juede_unclear",113,"觉得","juede",3116,7,"juede",NA,"correct",1,"unconstrained"
351,"condition1","0","yiwei_contrastive",7,"以为","yiwei",7966,9,"yiwei",NA,"correct",1,"constrained"
351,"condition1","1","yiwei_unclear",109,"以为","yiwei",2549,11,"yiwei",NA,"correct",1,"unconstrained"
351,"condition1","1","juede_unclear",115,"觉得","juede",7450,13,"juede",NA,"correct",1,"unconstrained"
351,"condition1","1","juede_contrastive",20,"觉得","juede",7516,14,"juede",NA,"correct",1,"constrained"
351,"condition1","1","juede_unclear",114,"以为","yiwei",10649,15,"juede",NA,"incorrect",0,"unconstrained"
351,"condition1","1","juede_contrastive",11,"觉得","juede",12566,16,"juede",NA,"correct",1,"constrained"
351,"condition1","1","yiwei_contrastive",9,"觉得","juede",4333,18,"yiwei",NA,"incorrect",0,"constrained"
351,"condition1","1","yiwei_contrastive",2,"以为","yiwei",5401,19,"yiwei",NA,"correct",1,"constrained"
351,"condition1","1","yiwei_unclear",108,"以为","yiwei",15133,20,"yiwei",NA,"correct",1,"unconstrained"
351,"condition1","2","juede_contrastive",16,"觉得","juede",5167,22,"juede",NA,"correct",1,"constrained"
351,"condition1","2","yiwei_contrastive",8,"以为","yiwei",7800,23,"yiwei",NA,"correct",1,"constrained"
351,"condition1","2","juede_contrastive",14,"觉得","juede",3100,24,"juede",NA,"correct",1,"constrained"
351,"condition1","2","juede_unclear",111,"觉得","juede",4983,26,"juede",NA,"correct",1,"unconstrained"
351,"condition1","2","yiwei_unclear",110,"以为","yiwei",6899,27,"yiwei",NA,"correct",1,"unconstrained"
351,"condition1","2","yiwei_unclear",101,"觉得","juede",5533,28,"yiwei",NA,"incorrect",0,"unconstrained"
351,"condition1","2","juede_unclear",119,"觉得","juede",15367,29,"juede",NA,"correct",1,"unconstrained"
351,"condition1","2","yiwei_contrastive",5,"以为","yiwei",5100,30,"yiwei",NA,"correct",1,"constrained"
351,"condition1","3","yiwei_contrastive",4,"以为","yiwei",5199,31,"yiwei",NA,"correct",1,"constrained"
351,"condition1","3","yiwei_unclear",104,"以为","yiwei",9716,32,"yiwei",NA,"correct",1,"unconstrained"
351,"condition1","3","juede_contrastive",12,"觉得","juede",4217,33,"juede",NA,"correct",1,"constrained"
351,"condition1","3","yiwei_contrastive",1,"觉得","juede",7601,34,"yiwei",NA,"incorrect",0,"constrained"
351,"condition1","3","juede_unclear",112,"觉得","juede",4184,36,"juede",NA,"correct",1,"unconstrained"
351,"condition1","3","yiwei_unclear",106,"觉得","juede",8482,38,"yiwei",NA,"incorrect",0,"unconstrained"
351,"condition1","3","juede_contrastive",15,"以为","yiwei",9549,39,"juede",NA,"incorrect",0,"constrained"
351,"condition1","3","juede_unclear",120,"觉得","juede",4118,40,"juede",NA,"correct",1,"unconstrained"
351,"condition1","4","yiwei_unclear",107,"觉得","juede",5915,41,"yiwei",NA,"incorrect",0,"unconstrained"
351,"condition1","4","juede_unclear",117,"以为","yiwei",5569,42,"juede",NA,"incorrect",0,"unconstrained"
351,"condition1","4","juede_unclear",118,"觉得","juede",7098,43,"juede",NA,"correct",1,"unconstrained"
351,"condition1","4","yiwei_contrastive",3,"以为","yiwei",7217,44,"yiwei",NA,"correct",1,"constrained"
351,"condition1","4","yiwei_unclear",105,"以为","yiwei",6533,46,"yiwei",NA,"correct",1,"unconstrained"
351,"condition1","4","juede_contrastive",17,"以为","yiwei",4967,47,"juede",NA,"incorrect",0,"constrained"
351,"condition1","4","yiwei_contrastive",10,"以为","yiwei",6499,48,"yiwei",NA,"correct",1,"constrained"
351,"condition1","4","juede_contrastive",19,"觉得","juede",5934,49,"juede",NA,"correct",1,"constrained"
343,"condition1","0","juede_unclear",112,"觉得","juede",3753,1,"juede",NA,"correct",1,"unconstrained"
343,"condition1","0","yiwei_unclear",108,"以为","yiwei",8895,4,"yiwei",NA,"correct",1,"unconstrained"
343,"condition1","0","juede_contrastive",18,"觉得","juede",5531,5,"juede",NA,"correct",1,"constrained"
343,"condition1","0","yiwei_contrastive",7,"觉得","juede",9743,6,"yiwei",NA,"incorrect",0,"constrained"
343,"condition1","0","yiwei_contrastive",6,"觉得","juede",5129,7,"yiwei",NA,"incorrect",0,"constrained"
343,"condition1","0","juede_unclear",114,"觉得","juede",6315,8,"juede",NA,"correct",1,"unconstrained"
343,"condition1","0","juede_contrastive",12,"觉得","juede",4395,9,"juede",NA,"correct",1,"constrained"
343,"condition1","0","yiwei_unclear",109,"以为","yiwei",3482,10,"yiwei",NA,"correct",1,"unconstrained"
343,"condition1","1","yiwei_contrastive",4,"以为","yiwei",6262,11,"yiwei",NA,"correct",1,"constrained"
343,"condition1","1","juede_contrastive",19,"觉得","juede",3910,12,"juede",NA,"correct",1,"constrained"
343,"condition1","1","yiwei_unclear",103,"以为","yiwei",5718,13,"yiwei",NA,"correct",1,"unconstrained"
343,"condition1","1","juede_contrastive",16,"觉得","juede",4547,14,"juede",NA,"correct",1,"constrained"
343,"condition1","1","juede_unclear",120,"以为","yiwei",5531,15,"juede",NA,"incorrect",0,"unconstrained"
343,"condition1","1","yiwei_contrastive",3,"觉得","juede",6263,16,"yiwei",NA,"incorrect",0,"constrained"
343,"condition1","1","juede_unclear",115,"以为","yiwei",5749,19,"juede",NA,"incorrect",0,"unconstrained"
343,"condition1","1","yiwei_unclear",102,"以为","yiwei",3347,20,"yiwei",NA,"correct",1,"unconstrained"
343,"condition1","2","yiwei_contrastive",2,"以为","yiwei",3182,21,"yiwei",NA,"correct",1,"constrained"
343,"condition1","2","yiwei_contrastive",5,"觉得","juede",7892,22,"yiwei",NA,"incorrect",0,"constrained"
343,"condition1","2","yiwei_unclear",101,"以为","yiwei",5364,24,"yiwei",NA,"correct",1,"unconstrained"
343,"condition1","2","juede_contrastive",20,"觉得","juede",4748,26,"juede",NA,"correct",1,"constrained"
343,"condition1","2","juede_contrastive",14,"以为","yiwei",4364,27,"juede",NA,"incorrect",0,"constrained"
343,"condition1","2","juede_unclear",116,"觉得","juede",4364,28,"juede",NA,"correct",1,"unconstrained"
343,"condition1","2","juede_unclear",119,"觉得","juede",6499,29,"juede",NA,"correct",1,"unconstrained"
343,"condition1","2","yiwei_unclear",104,"觉得","juede",4797,30,"yiwei",NA,"incorrect",0,"unconstrained"
343,"condition1","3","yiwei_unclear",107,"觉得","juede",4981,32,"yiwei",NA,"incorrect",0,"unconstrained"
343,"condition1","3","yiwei_contrastive",9,"觉得","juede",3431,33,"yiwei",NA,"incorrect",0,"constrained"
343,"condition1","3","yiwei_contrastive",1,"觉得","juede",5447,34,"yiwei",NA,"incorrect",0,"constrained"
343,"condition1","3","juede_unclear",118,"觉得","juede",3447,35,"juede",NA,"correct",1,"unconstrained"
343,"condition1","3","juede_unclear",111,"觉得","juede",3298,37,"juede",NA,"correct",1,"unconstrained"
343,"condition1","3","juede_contrastive",11,"觉得","juede",5399,38,"juede",NA,"correct",1,"constrained"
343,"condition1","3","yiwei_unclear",110,"以为","yiwei",6214,39,"yiwei",NA,"correct",1,"unconstrained"
343,"condition1","3","juede_contrastive",13,"以为","yiwei",6411,40,"juede",NA,"incorrect",0,"constrained"
343,"condition1","4","juede_contrastive",15,"觉得","juede",5764,41,"juede",NA,"correct",1,"constrained"
343,"condition1","4","yiwei_contrastive",8,"觉得","juede",3550,42,"yiwei",NA,"incorrect",0,"constrained"
343,"condition1","4","yiwei_contrastive",10,"以为","yiwei",4931,43,"yiwei",NA,"correct",1,"constrained"
343,"condition1","4","juede_contrastive",17,"觉得","juede",6313,45,"juede",NA,"correct",1,"constrained"
343,"condition1","4","juede_unclear",117,"以为","yiwei",5083,46,"juede",NA,"incorrect",0,"unconstrained"
343,"condition1","4","juede_unclear",113,"觉得","juede",3130,47,"juede",NA,"correct",1,"unconstrained"
343,"condition1","4","yiwei_unclear",105,"以为","yiwei",8845,49,"yiwei",NA,"correct",1,"unconstrained"
343,"condition1","4","yiwei_unclear",106,"以为","yiwei",5895,50,"yiwei",NA,"correct",1,"unconstrained"
330,"condition1","0","yiwei_contrastive",8,"以为","yiwei",3731,1,"yiwei",NA,"correct",1,"constrained"
330,"condition1","0","yiwei_unclear",102,"觉得","juede",3751,3,"yiwei",NA,"incorrect",0,"unconstrained"
330,"condition1","0","juede_contrastive",16,"觉得","juede",3400,4,"juede",NA,"correct",1,"constrained"
330,"condition1","0","juede_unclear",117,"以为","yiwei",2983,5,"juede",NA,"incorrect",0,"unconstrained"
330,"condition1","0","yiwei_unclear",105,"以为","yiwei",3916,6,"yiwei",NA,"correct",1,"unconstrained"
330,"condition1","0","juede_contrastive",15,"觉得","juede",5000,7,"juede",NA,"correct",1,"constrained"
330,"condition1","0","yiwei_contrastive",7,"觉得","juede",3433,9,"yiwei",NA,"incorrect",0,"constrained"
330,"condition1","0","juede_unclear",115,"以为","yiwei",3200,10,"juede",NA,"incorrect",0,"unconstrained"
330,"condition1","1","juede_unclear",111,"觉得","juede",4084,12,"juede",NA,"correct",1,"unconstrained"
330,"condition1","1","yiwei_contrastive",5,"以为","yiwei",2567,13,"yiwei",NA,"correct",1,"constrained"
330,"condition1","1","yiwei_contrastive",2,"以为","yiwei",4050,14,"yiwei",NA,"correct",1,"constrained"
330,"condition1","1","yiwei_unclear",109,"以为","yiwei",2467,15,"yiwei",NA,"correct",1,"unconstrained"
330,"condition1","1","yiwei_unclear",104,"觉得","juede",4951,16,"yiwei",NA,"incorrect",0,"unconstrained"
330,"condition1","1","juede_contrastive",11,"觉得","juede",3382,18,"juede",NA,"correct",1,"constrained"
330,"condition1","1","juede_contrastive",18,"觉得","juede",3449,19,"juede",NA,"correct",1,"constrained"
330,"condition1","1","juede_unclear",114,"以为","yiwei",5834,20,"juede",NA,"incorrect",0,"unconstrained"
330,"condition1","2","juede_unclear",112,"觉得","juede",2500,21,"juede",NA,"correct",1,"unconstrained"
330,"condition1","2","juede_contrastive",13,"以为","yiwei",3717,22,"juede",NA,"incorrect",0,"constrained"
330,"condition1","2","yiwei_contrastive",6,"以为","yiwei",2717,23,"yiwei",NA,"correct",1,"constrained"
330,"condition1","2","juede_contrastive",12,"觉得","juede",2301,25,"juede",NA,"correct",1,"constrained"
330,"condition1","2","yiwei_contrastive",1,"以为","yiwei",2934,26,"yiwei",NA,"correct",1,"constrained"
330,"condition1","2","yiwei_unclear",106,"以为","yiwei",4267,28,"yiwei",NA,"correct",1,"unconstrained"
330,"condition1","2","juede_unclear",113,"觉得","juede",2534,29,"juede",NA,"correct",1,"unconstrained"
330,"condition1","2","yiwei_unclear",107,"觉得","juede",4600,30,"yiwei",NA,"incorrect",0,"unconstrained"
330,"condition1","3","yiwei_unclear",108,"觉得","juede",4767,31,"yiwei",NA,"incorrect",0,"unconstrained"
330,"condition1","3","yiwei_contrastive",10,"以为","yiwei",4266,32,"yiwei",NA,"correct",1,"constrained"
330,"condition1","3","juede_unclear",120,"觉得","juede",5268,33,"juede",NA,"correct",1,"unconstrained"
330,"condition1","3","juede_unclear",118,"觉得","juede",4367,34,"juede",NA,"correct",1,"unconstrained"
330,"condition1","3","juede_contrastive",14,"以为","yiwei",1983,36,"juede",NA,"incorrect",0,"constrained"
330,"condition1","3","yiwei_contrastive",3,"以为","yiwei",3834,37,"yiwei",NA,"correct",1,"constrained"
330,"condition1","3","yiwei_unclear",103,"以为","yiwei",9951,38,"yiwei",NA,"correct",1,"unconstrained"
330,"condition1","3","juede_contrastive",17,"觉得","juede",8068,39,"juede",NA,"correct",1,"constrained"
330,"condition1","4","juede_contrastive",20,"以为","yiwei",5418,41,"juede",NA,"incorrect",0,"constrained"
330,"condition1","4","juede_unclear",119,"觉得","juede",4433,42,"juede",NA,"correct",1,"unconstrained"
330,"condition1","4","yiwei_unclear",101,"以为","yiwei",5083,43,"yiwei",NA,"correct",1,"unconstrained"
330,"condition1","4","juede_contrastive",19,"觉得","juede",7968,44,"juede",NA,"correct",1,"constrained"
330,"condition1","4","yiwei_contrastive",4,"以为","yiwei",3517,47,"yiwei",NA,"correct",1,"constrained"
330,"condition1","4","yiwei_contrastive",9,"以为","yiwei",3318,48,"yiwei",NA,"correct",1,"constrained"
330,"condition1","4","juede_unclear",116,"觉得","juede",4200,49,"juede",NA,"correct",1,"unconstrained"
330,"condition1","4","yiwei_unclear",110,"以为","yiwei",6567,50,"yiwei",NA,"correct",1,"unconstrained"
334,"condition1","0","juede_contrastive",14,"觉得","juede",20774,1,"juede",NA,"correct",1,"constrained"
334,"condition1","0","juede_unclear",116,"觉得","juede",5977,2,"juede",NA,"correct",1,"unconstrained"
334,"condition1","0","juede_unclear",118,"觉得","juede",4252,3,"juede",NA,"correct",1,"unconstrained"
334,"condition1","0","juede_contrastive",11,"觉得","juede",4328,4,"juede",NA,"correct",1,"constrained"
334,"condition1","0","yiwei_unclear",108,"觉得","juede",3509,5,"yiwei",NA,"incorrect",0,"unconstrained"
334,"condition1","0","yiwei_contrastive",1,"觉得","juede",3225,7,"yiwei",NA,"incorrect",0,"constrained"
334,"condition1","0","yiwei_unclear",104,"以为","yiwei",7777,8,"yiwei",NA,"correct",1,"unconstrained"
334,"condition1","0","yiwei_contrastive",3,"以为","yiwei",5070,9,"yiwei",NA,"correct",1,"constrained"
334,"condition1","1","juede_contrastive",19,"觉得","juede",5430,11,"juede",NA,"correct",1,"constrained"
334,"condition1","1","yiwei_unclear",105,"以为","yiwei",4333,12,"yiwei",NA,"correct",1,"unconstrained"
334,"condition1","1","yiwei_contrastive",10,"以为","yiwei",3068,13,"yiwei",NA,"correct",1,"constrained"
334,"condition1","1","juede_unclear",112,"觉得","juede",4702,15,"juede",NA,"correct",1,"unconstrained"
334,"condition1","1","juede_unclear",117,"以为","yiwei",3301,16,"juede",NA,"incorrect",0,"unconstrained"
334,"condition1","1","juede_contrastive",15,"以为","yiwei",11752,17,"juede",NA,"incorrect",0,"constrained"
334,"condition1","1","yiwei_unclear",107,"以为","yiwei",3795,18,"yiwei",NA,"correct",1,"unconstrained"
334,"condition1","1","yiwei_contrastive",5,"以为","yiwei",1876,20,"yiwei",NA,"correct",1,"constrained"
334,"condition1","2","juede_unclear",114,"觉得","juede",4417,21,"juede",NA,"correct",1,"unconstrained"
334,"condition1","2","yiwei_unclear",103,"以为","yiwei",3406,23,"yiwei",NA,"correct",1,"unconstrained"
334,"condition1","2","juede_unclear",120,"觉得","juede",3225,24,"juede",NA,"correct",1,"unconstrained"
334,"condition1","2","yiwei_unclear",106,"以为","yiwei",1770,26,"yiwei",NA,"correct",1,"unconstrained"
334,"condition1","2","yiwei_contrastive",8,"以为","yiwei",3291,27,"yiwei",NA,"correct",1,"constrained"
334,"condition1","2","juede_contrastive",16,"觉得","juede",4945,28,"juede",NA,"correct",1,"constrained"
334,"condition1","2","juede_contrastive",18,"觉得","juede",3237,29,"juede",NA,"correct",1,"constrained"
334,"condition1","2","yiwei_contrastive",4,"以为","yiwei",2588,30,"yiwei",NA,"correct",1,"constrained"
334,"condition1","3","juede_contrastive",12,"觉得","juede",2324,31,"juede",NA,"correct",1,"constrained"
334,"condition1","3","juede_unclear",111,"觉得","juede",2985,34,"juede",NA,"correct",1,"unconstrained"
334,"condition1","3","yiwei_contrastive",7,"觉得","juede",3097,35,"yiwei",NA,"incorrect",0,"constrained"
334,"condition1","3","yiwei_unclear",101,"以为","yiwei",1733,36,"yiwei",NA,"correct",1,"unconstrained"
334,"condition1","3","yiwei_unclear",110,"觉得","juede",3795,37,"yiwei",NA,"incorrect",0,"unconstrained"
334,"condition1","3","juede_unclear",115,"以为","yiwei",2985,38,"juede",NA,"incorrect",0,"unconstrained"
334,"condition1","3","juede_contrastive",13,"以为","yiwei",3577,39,"juede",NA,"incorrect",0,"constrained"
334,"condition1","3","yiwei_contrastive",2,"觉得","juede",1718,40,"yiwei",NA,"incorrect",0,"constrained"
334,"condition1","4","juede_unclear",119,"觉得","juede",2385,41,"juede",NA,"correct",1,"unconstrained"
334,"condition1","4","yiwei_contrastive",9,"觉得","juede",3562,42,"yiwei",NA,"incorrect",0,"constrained"
334,"condition1","4","juede_contrastive",17,"以为","yiwei",5047,44,"juede",NA,"incorrect",0,"constrained"
334,"condition1","4","yiwei_unclear",102,"以为","yiwei",1770,45,"yiwei",NA,"correct",1,"unconstrained"
334,"condition1","4","juede_unclear",113,"觉得","juede",1612,46,"juede",NA,"correct",1,"unconstrained"
334,"condition1","4","yiwei_unclear",109,"以为","yiwei",3668,47,"yiwei",NA,"correct",1,"unconstrained"
334,"condition1","4","juede_contrastive",20,"以为","yiwei",4417,48,"juede",NA,"incorrect",0,"constrained"
334,"condition1","4","yiwei_contrastive",6,"觉得","juede",2985,49,"yiwei",NA,"incorrect",0,"constrained"
302,"condition1","0","juede_unclear",120,"觉得","juede",6279,1,"juede",NA,"correct",1,"unconstrained"
302,"condition1","0","yiwei_contrastive",3,"以为","yiwei",6250,2,"yiwei",NA,"correct",1,"constrained"
302,"condition1","0","juede_contrastive",11,"觉得","juede",4101,3,"juede",NA,"correct",1,"constrained"
302,"condition1","0","yiwei_unclear",104,"以为","yiwei",6667,4,"yiwei",NA,"correct",1,"unconstrained"
302,"condition1","0","yiwei_unclear",101,"以为","yiwei",4744,7,"yiwei",NA,"correct",1,"unconstrained"
302,"condition1","0","juede_unclear",117,"以为","yiwei",4905,8,"juede",NA,"incorrect",0,"unconstrained"
302,"condition1","0","yiwei_contrastive",9,"觉得","juede",3810,9,"yiwei",NA,"incorrect",0,"constrained"
302,"condition1","0","juede_contrastive",17,"以为","yiwei",3290,10,"juede",NA,"incorrect",0,"constrained"
302,"condition1","1","yiwei_contrastive",10,"以为","yiwei",5989,11,"yiwei",NA,"correct",1,"constrained"
302,"condition1","1","yiwei_unclear",108,"觉得","juede",29352,12,"yiwei",NA,"incorrect",0,"unconstrained"
302,"condition1","1","juede_unclear",114,"觉得","juede",10817,13,"juede",NA,"correct",1,"unconstrained"
302,"condition1","1","juede_unclear",118,"觉得","juede",4582,14,"juede",NA,"correct",1,"unconstrained"
302,"condition1","1","juede_contrastive",18,"觉得","juede",7639,15,"juede",NA,"correct",1,"constrained"
302,"condition1","1","yiwei_unclear",103,"以为","yiwei",5347,16,"yiwei",NA,"correct",1,"unconstrained"
302,"condition1","1","juede_contrastive",14,"以为","yiwei",3793,19,"juede",NA,"incorrect",0,"constrained"
302,"condition1","1","yiwei_contrastive",8,"觉得","juede",6743,20,"yiwei",NA,"incorrect",0,"constrained"
302,"condition1","2","yiwei_unclear",110,"以为","yiwei",33663,21,"yiwei",NA,"correct",1,"unconstrained"
302,"condition1","2","juede_contrastive",19,"觉得","juede",39727,24,"juede",NA,"correct",1,"constrained"
302,"condition1","2","yiwei_contrastive",2,"以为","yiwei",13434,25,"yiwei",NA,"correct",1,"constrained"
302,"condition1","2","juede_contrastive",13,"以为","yiwei",7432,26,"juede",NA,"incorrect",0,"constrained"
302,"condition1","2","juede_unclear",111,"觉得","juede",4311,27,"juede",NA,"correct",1,"unconstrained"
302,"condition1","2","juede_unclear",112,"觉得","juede",7587,28,"juede",NA,"correct",1,"unconstrained"
302,"condition1","2","yiwei_unclear",106,"觉得","juede",13069,29,"yiwei",NA,"incorrect",0,"unconstrained"
302,"condition1","2","yiwei_contrastive",7,"觉得","juede",3001,30,"yiwei",NA,"incorrect",0,"constrained"
302,"condition1","3","yiwei_unclear",105,"以为","yiwei",5111,32,"yiwei",NA,"correct",1,"unconstrained"
302,"condition1","3","yiwei_contrastive",6,"以为","yiwei",2335,33,"yiwei",NA,"correct",1,"constrained"
302,"condition1","3","juede_unclear",119,"觉得","juede",5136,34,"juede",NA,"correct",1,"unconstrained"
302,"condition1","3","juede_unclear",116,"觉得","juede",44270,35,"juede",NA,"correct",1,"unconstrained"
302,"condition1","3","yiwei_contrastive",1,"以为","yiwei",27333,37,"yiwei",NA,"correct",1,"constrained"
302,"condition1","3","juede_contrastive",16,"觉得","juede",15527,38,"juede",NA,"correct",1,"constrained"
302,"condition1","3","yiwei_unclear",109,"以为","yiwei",2531,39,"yiwei",NA,"correct",1,"unconstrained"
302,"condition1","3","juede_contrastive",12,"觉得","juede",4065,40,"juede",NA,"correct",1,"constrained"
302,"condition1","4","yiwei_unclear",107,"以为","yiwei",14710,41,"yiwei",NA,"correct",1,"unconstrained"
302,"condition1","4","juede_unclear",115,"觉得","juede",13632,42,"juede",NA,"correct",1,"unconstrained"
302,"condition1","4","yiwei_unclear",102,"以为","yiwei",4971,44,"yiwei",NA,"correct",1,"unconstrained"
302,"condition1","4","yiwei_contrastive",4,"觉得","juede",5363,45,"yiwei",NA,"incorrect",0,"constrained"
302,"condition1","4","yiwei_contrastive",5,"以为","yiwei",6055,46,"yiwei",NA,"correct",1,"constrained"
302,"condition1","4","juede_unclear",113,"觉得","juede",4455,47,"juede",NA,"correct",1,"unconstrained"
302,"condition1","4","juede_contrastive",20,"觉得","juede",5151,49,"juede",NA,"correct",1,"constrained"
302,"condition1","4","juede_contrastive",15,"觉得","juede",6988,50,"juede",NA,"correct",1,"constrained"
335,"condition1","0","yiwei_contrastive",2,"以为","yiwei",6783,1,"yiwei",NA,"correct",1,"constrained"
335,"condition1","0","yiwei_contrastive",5,"以为","yiwei",4751,3,"yiwei",NA,"correct",1,"constrained"
335,"condition1","0","yiwei_unclear",108,"觉得","juede",9850,5,"yiwei",NA,"incorrect",0,"unconstrained"
335,"condition1","0","juede_contrastive",16,"觉得","juede",4800,6,"juede",NA,"correct",1,"constrained"
335,"condition1","0","juede_contrastive",12,"觉得","juede",3266,7,"juede",NA,"correct",1,"constrained"
335,"condition1","0","yiwei_unclear",102,"以为","yiwei",4051,8,"yiwei",NA,"correct",1,"unconstrained"
335,"condition1","0","juede_unclear",114,"觉得","juede",13614,9,"juede",NA,"correct",1,"unconstrained"
335,"condition1","0","juede_unclear",119,"觉得","juede",4486,10,"juede",NA,"correct",1,"unconstrained"
335,"condition1","1","juede_contrastive",19,"以为","yiwei",9916,11,"juede",NA,"incorrect",0,"constrained"
335,"condition1","1","yiwei_contrastive",10,"以为","yiwei",3184,12,"yiwei",NA,"correct",1,"constrained"
335,"condition1","1","yiwei_contrastive",3,"以为","yiwei",6699,14,"yiwei",NA,"correct",1,"constrained"
335,"condition1","1","yiwei_unclear",104,"以为","yiwei",7565,15,"yiwei",NA,"correct",1,"unconstrained"
335,"condition1","1","yiwei_unclear",109,"以为","yiwei",3101,16,"yiwei",NA,"correct",1,"unconstrained"
335,"condition1","1","juede_unclear",116,"觉得","juede",2933,17,"juede",NA,"correct",1,"unconstrained"
335,"condition1","1","juede_unclear",118,"觉得","juede",3817,19,"juede",NA,"correct",1,"unconstrained"
335,"condition1","1","juede_contrastive",11,"觉得","juede",5599,20,"juede",NA,"correct",1,"constrained"
335,"condition1","2","juede_contrastive",20,"觉得","juede",4967,21,"juede",NA,"correct",1,"constrained"
335,"condition1","2","yiwei_unclear",110,"以为","yiwei",6200,23,"yiwei",NA,"correct",1,"unconstrained"
335,"condition1","2","yiwei_unclear",103,"以为","yiwei",2833,24,"yiwei",NA,"correct",1,"unconstrained"
335,"condition1","2","juede_unclear",111,"觉得","juede",3067,25,"juede",NA,"correct",1,"unconstrained"
335,"condition1","2","yiwei_contrastive",6,"觉得","juede",7433,27,"yiwei",NA,"incorrect",0,"constrained"
335,"condition1","2","juede_contrastive",18,"以为","yiwei",7334,28,"juede",NA,"incorrect",0,"constrained"
335,"condition1","2","juede_unclear",112,"觉得","juede",3399,29,"juede",NA,"correct",1,"unconstrained"
335,"condition1","2","yiwei_contrastive",9,"以为","yiwei",4017,30,"yiwei",NA,"correct",1,"constrained"
335,"condition1","3","juede_unclear",120,"觉得","juede",4067,31,"juede",NA,"correct",1,"unconstrained"
335,"condition1","3","yiwei_contrastive",8,"觉得","juede",8233,32,"yiwei",NA,"incorrect",0,"constrained"
335,"condition1","3","yiwei_unclear",105,"以为","yiwei",6317,34,"yiwei",NA,"correct",1,"unconstrained"
335,"condition1","3","juede_unclear",113,"觉得","juede",2417,35,"juede",NA,"correct",1,"unconstrained"
335,"condition1","3","juede_contrastive",17,"以为","yiwei",3499,36,"juede",NA,"incorrect",0,"constrained"
335,"condition1","3","juede_contrastive",15,"以为","yiwei",10600,37,"juede",NA,"incorrect",0,"constrained"
335,"condition1","3","yiwei_unclear",107,"以为","yiwei",4117,38,"yiwei",NA,"correct",1,"unconstrained"
335,"condition1","3","yiwei_contrastive",4,"以为","yiwei",4615,39,"yiwei",NA,"correct",1,"constrained"
335,"condition1","4","yiwei_unclear",101,"以为","yiwei",3151,41,"yiwei",NA,"correct",1,"unconstrained"
335,"condition1","4","yiwei_unclear",106,"觉得","juede",5767,42,"yiwei",NA,"incorrect",0,"unconstrained"
335,"condition1","4","yiwei_contrastive",7,"以为","yiwei",4365,43,"yiwei",NA,"correct",1,"constrained"
335,"condition1","4","juede_contrastive",13,"以为","yiwei",8717,45,"juede",NA,"incorrect",0,"constrained"
335,"condition1","4","juede_unclear",117,"以为","yiwei",3616,46,"juede",NA,"incorrect",0,"unconstrained"
335,"condition1","4","yiwei_contrastive",1,"以为","yiwei",6233,47,"yiwei",NA,"correct",1,"constrained"
335,"condition1","4","juede_contrastive",14,"觉得","juede",5016,49,"juede",NA,"correct",1,"constrained"
335,"condition1","4","juede_unclear",115,"觉得","juede",4650,50,"juede",NA,"correct",1,"unconstrained"
376,"condition1","0","yiwei_unclear",109,"以为","yiwei",5483,1,"yiwei",NA,"correct",1,"unconstrained"
376,"condition1","0","juede_contrastive",20,"觉得","juede",19535,3,"juede",NA,"correct",1,"constrained"
376,"condition1","0","juede_unclear",116,"觉得","juede",12033,4,"juede",NA,"correct",1,"unconstrained"
376,"condition1","0","yiwei_contrastive",3,"以为","yiwei",9934,5,"yiwei",NA,"correct",1,"constrained"
376,"condition1","0","yiwei_contrastive",4,"以为","yiwei",6265,6,"yiwei",NA,"correct",1,"constrained"
376,"condition1","0","juede_contrastive",13,"以为","yiwei",5283,7,"juede",NA,"incorrect",0,"constrained"
376,"condition1","0","yiwei_unclear",110,"以为","yiwei",12401,8,"yiwei",NA,"correct",1,"unconstrained"
376,"condition1","0","juede_unclear",117,"觉得","juede",9149,9,"juede",NA,"correct",1,"unconstrained"
376,"condition1","1","juede_unclear",114,"觉得","juede",18167,12,"juede",NA,"correct",1,"unconstrained"
376,"condition1","1","yiwei_unclear",107,"以为","yiwei",7533,13,"yiwei",NA,"correct",1,"unconstrained"
376,"condition1","1","juede_unclear",119,"觉得","juede",5149,14,"juede",NA,"correct",1,"unconstrained"
376,"condition1","1","yiwei_contrastive",9,"觉得","juede",3984,15,"yiwei",NA,"incorrect",0,"constrained"
376,"condition1","1","juede_contrastive",19,"觉得","juede",5200,17,"juede",NA,"correct",1,"constrained"
376,"condition1","1","juede_contrastive",18,"觉得","juede",5599,18,"juede",NA,"correct",1,"constrained"
376,"condition1","1","yiwei_contrastive",10,"以为","yiwei",9549,19,"yiwei",NA,"correct",1,"constrained"
376,"condition1","1","yiwei_unclear",101,"以为","yiwei",6401,20,"yiwei",NA,"correct",1,"unconstrained"
376,"condition1","2","juede_unclear",115,"觉得","juede",3849,21,"juede",NA,"correct",1,"unconstrained"
376,"condition1","2","juede_contrastive",12,"觉得","juede",3682,22,"juede",NA,"correct",1,"constrained"
376,"condition1","2","juede_contrastive",15,"以为","yiwei",21667,23,"juede",NA,"incorrect",0,"constrained"
376,"condition1","2","yiwei_contrastive",6,"以为","yiwei",4784,24,"yiwei",NA,"correct",1,"constrained"
376,"condition1","2","yiwei_unclear",103,"以为","yiwei",4534,27,"yiwei",NA,"correct",1,"unconstrained"
376,"condition1","2","yiwei_unclear",105,"以为","yiwei",5783,28,"yiwei",NA,"correct",1,"unconstrained"
376,"condition1","2","juede_unclear",118,"觉得","juede",3936,29,"juede",NA,"correct",1,"unconstrained"
376,"condition1","2","yiwei_contrastive",8,"以为","yiwei",5348,30,"yiwei",NA,"correct",1,"constrained"
376,"condition1","3","juede_unclear",111,"觉得","juede",3015,31,"juede",NA,"correct",1,"unconstrained"
376,"condition1","3","yiwei_unclear",104,"觉得","juede",8734,32,"yiwei",NA,"incorrect",0,"unconstrained"
376,"condition1","3","juede_contrastive",16,"觉得","juede",4901,34,"juede",NA,"correct",1,"constrained"
376,"condition1","3","juede_unclear",112,"觉得","juede",4983,35,"juede",NA,"correct",1,"unconstrained"
376,"condition1","3","yiwei_unclear",102,"以为","yiwei",8950,36,"yiwei",NA,"correct",1,"unconstrained"
376,"condition1","3","yiwei_contrastive",5,"以为","yiwei",3733,38,"yiwei",NA,"correct",1,"constrained"
376,"condition1","3","yiwei_contrastive",7,"觉得","juede",5000,39,"yiwei",NA,"incorrect",0,"constrained"
376,"condition1","3","juede_contrastive",11,"觉得","juede",3883,40,"juede",NA,"correct",1,"constrained"
376,"condition1","4","juede_unclear",120,"觉得","juede",5767,42,"juede",NA,"correct",1,"unconstrained"
376,"condition1","4","yiwei_unclear",108,"觉得","juede",4998,43,"yiwei",NA,"incorrect",0,"unconstrained"
376,"condition1","4","juede_contrastive",17,"觉得","juede",4035,44,"juede",NA,"correct",1,"constrained"
376,"condition1","4","yiwei_unclear",106,"觉得","juede",6683,45,"yiwei",NA,"incorrect",0,"unconstrained"
376,"condition1","4","yiwei_contrastive",2,"以为","yiwei",3250,46,"yiwei",NA,"correct",1,"constrained"
376,"condition1","4","juede_unclear",113,"觉得","juede",3417,48,"juede",NA,"correct",1,"unconstrained"
376,"condition1","4","yiwei_contrastive",1,"觉得","juede",5749,49,"yiwei",NA,"incorrect",0,"constrained"
376,"condition1","4","juede_contrastive",14,"觉得","juede",4751,50,"juede",NA,"correct",1,"constrained"
310,"condition1","0","juede_unclear",112,"觉得","juede",4907,1,"juede",NA,"correct",1,"unconstrained"
310,"condition1","0","yiwei_unclear",109,"以为","yiwei",2736,2,"yiwei",NA,"correct",1,"unconstrained"
310,"condition1","0","juede_unclear",114,"觉得","juede",10353,3,"juede",NA,"correct",1,"unconstrained"
310,"condition1","0","juede_contrastive",16,"觉得","juede",3791,4,"juede",NA,"correct",1,"constrained"
310,"condition1","0","yiwei_contrastive",9,"以为","yiwei",2649,5,"yiwei",NA,"correct",1,"constrained"
310,"condition1","0","yiwei_unclear",102,"觉得","juede",4550,6,"yiwei",NA,"incorrect",0,"unconstrained"
310,"condition1","0","yiwei_contrastive",7,"以为","yiwei",4111,7,"yiwei",NA,"correct",1,"constrained"
310,"condition1","0","juede_contrastive",17,"以为","yiwei",6379,9,"juede",NA,"incorrect",0,"constrained"
310,"condition1","1","yiwei_contrastive",3,"以为","yiwei",4367,11,"yiwei",NA,"correct",1,"constrained"
310,"condition1","1","yiwei_contrastive",2,"以为","yiwei",2722,12,"yiwei",NA,"correct",1,"constrained"
310,"condition1","1","juede_unclear",120,"觉得","juede",3426,14,"juede",NA,"correct",1,"unconstrained"
310,"condition1","1","juede_contrastive",13,"以为","yiwei",3322,15,"juede",NA,"incorrect",0,"constrained"
310,"condition1","1","yiwei_unclear",106,"觉得","juede",4117,16,"yiwei",NA,"incorrect",0,"unconstrained"
310,"condition1","1","yiwei_unclear",103,"以为","yiwei",4182,17,"yiwei",NA,"correct",1,"unconstrained"
310,"condition1","1","juede_unclear",119,"觉得","juede",3216,18,"juede",NA,"correct",1,"unconstrained"
310,"condition1","1","juede_contrastive",15,"觉得","juede",6319,20,"juede",NA,"correct",1,"constrained"
310,"condition1","2","yiwei_unclear",105,"觉得","juede",2397,21,"yiwei",NA,"incorrect",0,"unconstrained"
310,"condition1","2","yiwei_contrastive",1,"以为","yiwei",9721,22,"yiwei",NA,"correct",1,"constrained"
310,"condition1","2","juede_contrastive",18,"觉得","juede",6833,24,"juede",NA,"correct",1,"constrained"
310,"condition1","2","yiwei_contrastive",10,"以为","yiwei",2719,25,"yiwei",NA,"correct",1,"constrained"
310,"condition1","2","juede_contrastive",11,"觉得","juede",3193,26,"juede",NA,"correct",1,"constrained"
310,"condition1","2","juede_unclear",116,"觉得","juede",3761,28,"juede",NA,"correct",1,"unconstrained"
310,"condition1","2","yiwei_unclear",110,"以为","yiwei",6017,29,"yiwei",NA,"correct",1,"unconstrained"
310,"condition1","2","juede_unclear",117,"以为","yiwei",2739,30,"juede",NA,"incorrect",0,"unconstrained"
310,"condition1","3","yiwei_unclear",107,"觉得","juede",4315,31,"yiwei",NA,"incorrect",0,"unconstrained"
310,"condition1","3","juede_unclear",113,"觉得","juede",2954,32,"juede",NA,"correct",1,"unconstrained"
310,"condition1","3","juede_contrastive",20,"觉得","juede",6154,33,"juede",NA,"correct",1,"constrained"
310,"condition1","3","yiwei_unclear",104,"以为","yiwei",3321,34,"yiwei",NA,"correct",1,"unconstrained"
310,"condition1","3","yiwei_contrastive",4,"以为","yiwei",3733,36,"yiwei",NA,"correct",1,"constrained"
310,"condition1","3","yiwei_contrastive",6,"以为","yiwei",3306,37,"yiwei",NA,"correct",1,"constrained"
310,"condition1","3","juede_unclear",115,"觉得","juede",2307,38,"juede",NA,"correct",1,"unconstrained"
310,"condition1","3","juede_contrastive",19,"觉得","juede",3392,40,"juede",NA,"correct",1,"constrained"
310,"condition1","4","yiwei_contrastive",8,"以为","yiwei",3375,41,"yiwei",NA,"correct",1,"constrained"
310,"condition1","4","yiwei_unclear",108,"觉得","juede",2667,42,"yiwei",NA,"incorrect",0,"unconstrained"
310,"condition1","4","juede_unclear",111,"觉得","juede",3987,44,"juede",NA,"correct",1,"unconstrained"
310,"condition1","4","yiwei_unclear",101,"以为","yiwei",2421,45,"yiwei",NA,"correct",1,"unconstrained"
310,"condition1","4","yiwei_contrastive",5,"以为","yiwei",2282,47,"yiwei",NA,"correct",1,"constrained"
310,"condition1","4","juede_unclear",118,"觉得","juede",3130,48,"juede",NA,"correct",1,"unconstrained"
310,"condition1","4","juede_contrastive",12,"觉得","juede",2304,49,"juede",NA,"correct",1,"constrained"
310,"condition1","4","juede_contrastive",14,"觉得","juede",3460,50,"juede",NA,"correct",1,"constrained"
379,"condition1","0","juede_unclear",115,"觉得","juede",11409,1,"juede",NA,"correct",1,"unconstrained"
379,"condition1","0","juede_unclear",111,"觉得","juede",9762,2,"juede",NA,"correct",1,"unconstrained"
379,"condition1","0","juede_contrastive",13,"以为","yiwei",8432,3,"juede",NA,"incorrect",0,"constrained"
379,"condition1","0","yiwei_unclear",109,"以为","yiwei",4965,4,"yiwei",NA,"correct",1,"unconstrained"
379,"condition1","0","juede_contrastive",19,"觉得","juede",30538,5,"juede",NA,"correct",1,"constrained"
379,"condition1","0","yiwei_contrastive",3,"以为","yiwei",5428,6,"yiwei",NA,"correct",1,"constrained"
379,"condition1","0","yiwei_unclear",106,"以为","yiwei",23414,8,"yiwei",NA,"correct",1,"unconstrained"
379,"condition1","0","yiwei_contrastive",8,"以为","yiwei",5838,9,"yiwei",NA,"correct",1,"constrained"
379,"condition1","1","yiwei_unclear",110,"以为","yiwei",10524,12,"yiwei",NA,"correct",1,"unconstrained"
379,"condition1","1","juede_contrastive",18,"以为","yiwei",13670,13,"juede",NA,"incorrect",0,"constrained"
379,"condition1","1","yiwei_unclear",105,"以为","yiwei",21026,14,"yiwei",NA,"correct",1,"unconstrained"
379,"condition1","1","juede_unclear",116,"以为","yiwei",23303,15,"juede",NA,"incorrect",0,"unconstrained"
379,"condition1","1","juede_contrastive",15,"以为","yiwei",18608,16,"juede",NA,"incorrect",0,"constrained"
379,"condition1","1","yiwei_contrastive",2,"以为","yiwei",10526,17,"yiwei",NA,"correct",1,"constrained"
379,"condition1","1","yiwei_contrastive",9,"以为","yiwei",7978,18,"yiwei",NA,"correct",1,"constrained"
379,"condition1","1","juede_unclear",119,"觉得","juede",8018,19,"juede",NA,"correct",1,"unconstrained"
379,"condition1","2","juede_unclear",114,"觉得","juede",9486,21,"juede",NA,"correct",1,"unconstrained"
379,"condition1","2","yiwei_unclear",101,"以为","yiwei",5612,22,"yiwei",NA,"correct",1,"unconstrained"
379,"condition1","2","yiwei_contrastive",6,"以为","yiwei",6973,23,"yiwei",NA,"correct",1,"constrained"
379,"condition1","2","yiwei_unclear",107,"以为","yiwei",7897,24,"yiwei",NA,"correct",1,"unconstrained"
379,"condition1","2","juede_unclear",118,"觉得","juede",7722,26,"juede",NA,"correct",1,"unconstrained"
379,"condition1","2","yiwei_contrastive",4,"以为","yiwei",7383,27,"yiwei",NA,"correct",1,"constrained"
379,"condition1","2","juede_contrastive",14,"觉得","juede",12806,29,"juede",NA,"correct",1,"constrained"
379,"condition1","2","juede_contrastive",20,"以为","yiwei",6644,30,"juede",NA,"incorrect",0,"constrained"
379,"condition1","3","juede_contrastive",17,"以为","yiwei",5673,31,"juede",NA,"incorrect",0,"constrained"
379,"condition1","3","yiwei_unclear",108,"觉得","juede",6953,32,"yiwei",NA,"incorrect",0,"unconstrained"
379,"condition1","3","yiwei_unclear",103,"以为","yiwei",7003,33,"yiwei",NA,"correct",1,"unconstrained"
379,"condition1","3","juede_unclear",120,"觉得","juede",26482,35,"juede",NA,"correct",1,"unconstrained"
379,"condition1","3","yiwei_contrastive",7,"觉得","juede",5013,36,"yiwei",NA,"incorrect",0,"constrained"
379,"condition1","3","juede_contrastive",11,"觉得","juede",4010,37,"juede",NA,"correct",1,"constrained"
379,"condition1","3","juede_unclear",113,"觉得","juede",5088,38,"juede",NA,"correct",1,"unconstrained"
379,"condition1","3","yiwei_contrastive",5,"以为","yiwei",2969,40,"yiwei",NA,"correct",1,"constrained"
379,"condition1","4","juede_contrastive",12,"觉得","juede",4024,41,"juede",NA,"correct",1,"constrained"
379,"condition1","4","yiwei_contrastive",10,"以为","yiwei",5667,42,"yiwei",NA,"correct",1,"constrained"
379,"condition1","4","yiwei_unclear",102,"以为","yiwei",6519,43,"yiwei",NA,"correct",1,"unconstrained"
379,"condition1","4","yiwei_unclear",104,"以为","yiwei",8512,45,"yiwei",NA,"correct",1,"unconstrained"
379,"condition1","4","juede_contrastive",16,"觉得","juede",4620,47,"juede",NA,"correct",1,"constrained"
379,"condition1","4","juede_unclear",112,"觉得","juede",9477,48,"juede",NA,"correct",1,"unconstrained"
379,"condition1","4","yiwei_contrastive",1,"以为","yiwei",4184,49,"yiwei",NA,"correct",1,"constrained"
379,"condition1","4","juede_unclear",117,"以为","yiwei",3841,50,"juede",NA,"incorrect",0,"unconstrained"
325,"condition1","0","yiwei_unclear",110,"以为","yiwei",6450,2,"yiwei",NA,"correct",1,"unconstrained"
325,"condition1","0","juede_contrastive",16,"觉得","juede",12600,3,"juede",NA,"correct",1,"constrained"
325,"condition1","0","juede_unclear",114,"觉得","juede",4815,4,"juede",NA,"correct",1,"unconstrained"
325,"condition1","0","juede_contrastive",18,"觉得","juede",3180,5,"juede",NA,"correct",1,"constrained"
325,"condition1","0","yiwei_contrastive",6,"觉得","juede",2565,6,"yiwei",NA,"incorrect",0,"constrained"
325,"condition1","0","juede_unclear",120,"觉得","juede",4282,7,"juede",NA,"correct",1,"unconstrained"
325,"condition1","0","yiwei_contrastive",9,"觉得","juede",4222,8,"yiwei",NA,"incorrect",0,"constrained"
325,"condition1","0","yiwei_unclear",106,"觉得","juede",6885,10,"yiwei",NA,"incorrect",0,"unconstrained"
325,"condition1","1","yiwei_contrastive",8,"觉得","juede",3825,12,"yiwei",NA,"incorrect",0,"constrained"
325,"condition1","1","juede_contrastive",13,"以为","yiwei",9015,13,"juede",NA,"incorrect",0,"constrained"
325,"condition1","1","juede_contrastive",20,"觉得","juede",4687,14,"juede",NA,"correct",1,"constrained"
325,"condition1","1","juede_unclear",119,"觉得","juede",4913,16,"juede",NA,"correct",1,"unconstrained"
325,"condition1","1","yiwei_unclear",107,"觉得","juede",3983,17,"yiwei",NA,"incorrect",0,"unconstrained"
325,"condition1","1","juede_unclear",111,"觉得","juede",8047,18,"juede",NA,"correct",1,"unconstrained"
325,"condition1","1","yiwei_unclear",101,"以为","yiwei",6270,19,"yiwei",NA,"correct",1,"unconstrained"
325,"condition1","1","yiwei_contrastive",1,"觉得","juede",2212,20,"yiwei",NA,"incorrect",0,"constrained"
325,"condition1","2","yiwei_contrastive",2,"觉得","juede",3007,21,"yiwei",NA,"incorrect",0,"constrained"
325,"condition1","2","juede_contrastive",11,"觉得","juede",3180,24,"juede",NA,"correct",1,"constrained"
325,"condition1","2","juede_contrastive",15,"觉得","juede",7988,25,"juede",NA,"correct",1,"constrained"
325,"condition1","2","yiwei_contrastive",5,"以为","yiwei",2662,26,"yiwei",NA,"correct",1,"constrained"
325,"condition1","2","juede_unclear",113,"觉得","juede",2498,27,"juede",NA,"correct",1,"unconstrained"
325,"condition1","2","yiwei_unclear",102,"以为","yiwei",4912,28,"yiwei",NA,"correct",1,"unconstrained"
325,"condition1","2","yiwei_unclear",105,"以为","yiwei",6818,29,"yiwei",NA,"correct",1,"unconstrained"
325,"condition1","2","juede_unclear",117,"以为","yiwei",3405,30,"juede",NA,"incorrect",0,"unconstrained"
325,"condition1","3","yiwei_contrastive",10,"觉得","juede",2302,31,"yiwei",NA,"incorrect",0,"constrained"
325,"condition1","3","juede_unclear",112,"以为","yiwei",3946,32,"juede",NA,"incorrect",0,"unconstrained"
325,"condition1","3","juede_contrastive",19,"觉得","juede",3044,34,"juede",NA,"correct",1,"constrained"
325,"condition1","3","yiwei_unclear",104,"觉得","juede",3270,35,"yiwei",NA,"incorrect",0,"unconstrained"
325,"condition1","3","juede_unclear",115,"觉得","juede",1913,36,"juede",NA,"correct",1,"unconstrained"
325,"condition1","3","yiwei_contrastive",7,"觉得","juede",5145,37,"yiwei",NA,"incorrect",0,"constrained"
325,"condition1","3","juede_contrastive",12,"觉得","juede",4073,38,"juede",NA,"correct",1,"constrained"
325,"condition1","3","yiwei_unclear",103,"觉得","juede",4042,40,"yiwei",NA,"incorrect",0,"unconstrained"
325,"condition1","4","yiwei_unclear",108,"以为","yiwei",6225,41,"yiwei",NA,"correct",1,"unconstrained"
325,"condition1","4","juede_contrastive",14,"以为","yiwei",6030,42,"juede",NA,"incorrect",0,"constrained"
325,"condition1","4","yiwei_contrastive",4,"觉得","juede",1875,43,"yiwei",NA,"incorrect",0,"constrained"
325,"condition1","4","juede_contrastive",17,"觉得","juede",4380,44,"juede",NA,"correct",1,"constrained"
325,"condition1","4","juede_unclear",118,"觉得","juede",3607,45,"juede",NA,"correct",1,"unconstrained"
325,"condition1","4","juede_unclear",116,"觉得","juede",4778,46,"juede",NA,"correct",1,"unconstrained"
325,"condition1","4","yiwei_contrastive",3,"以为","yiwei",6600,48,"yiwei",NA,"correct",1,"constrained"
325,"condition1","4","yiwei_unclear",109,"觉得","juede",2370,49,"yiwei",NA,"incorrect",0,"unconstrained"
382,"condition1","0","juede_unclear",114,"觉得","juede",9837,1,"juede",NA,"correct",1,"unconstrained"
382,"condition1","0","yiwei_unclear",101,"以为","yiwei",12296,2,"yiwei",NA,"correct",1,"unconstrained"
382,"condition1","0","juede_contrastive",16,"觉得","juede",7441,3,"juede",NA,"correct",1,"constrained"
382,"condition1","0","yiwei_contrastive",4,"以为","yiwei",7168,4,"yiwei",NA,"correct",1,"constrained"
382,"condition1","0","juede_unclear",112,"觉得","juede",8803,6,"juede",NA,"correct",1,"unconstrained"
382,"condition1","0","yiwei_unclear",103,"以为","yiwei",16006,7,"yiwei",NA,"correct",1,"unconstrained"
382,"condition1","0","juede_contrastive",13,"以为","yiwei",9400,8,"juede",NA,"incorrect",0,"constrained"
382,"condition1","0","yiwei_contrastive",10,"觉得","juede",5809,9,"yiwei",NA,"incorrect",0,"constrained"
382,"condition1","1","yiwei_contrastive",8,"以为","yiwei",8186,11,"yiwei",NA,"correct",1,"constrained"
382,"condition1","1","juede_unclear",116,"觉得","juede",10616,12,"juede",NA,"correct",1,"unconstrained"
382,"condition1","1","juede_contrastive",18,"以为","yiwei",6641,13,"juede",NA,"incorrect",0,"constrained"
382,"condition1","1","juede_unclear",118,"觉得","juede",9551,14,"juede",NA,"correct",1,"unconstrained"
382,"condition1","1","yiwei_unclear",106,"以为","yiwei",7739,15,"yiwei",NA,"correct",1,"unconstrained"
382,"condition1","1","yiwei_unclear",105,"觉得","juede",6640,16,"yiwei",NA,"incorrect",0,"unconstrained"
382,"condition1","1","yiwei_contrastive",6,"以为","yiwei",8155,17,"yiwei",NA,"correct",1,"constrained"
382,"condition1","1","juede_contrastive",20,"觉得","juede",11686,20,"juede",NA,"correct",1,"constrained"
382,"condition1","2","yiwei_unclear",102,"以为","yiwei",5574,21,"yiwei",NA,"correct",1,"unconstrained"
382,"condition1","2","juede_unclear",119,"觉得","juede",10283,22,"juede",NA,"correct",1,"unconstrained"
382,"condition1","2","yiwei_contrastive",5,"以为","yiwei",7305,24,"yiwei",NA,"correct",1,"constrained"
382,"condition1","2","juede_unclear",111,"觉得","juede",5424,25,"juede",NA,"correct",1,"unconstrained"
382,"condition1","2","juede_contrastive",19,"觉得","juede",5043,26,"juede",NA,"correct",1,"constrained"
382,"condition1","2","juede_contrastive",14,"觉得","juede",5388,27,"juede",NA,"correct",1,"constrained"
382,"condition1","2","yiwei_contrastive",9,"觉得","juede",6275,28,"yiwei",NA,"incorrect",0,"constrained"
382,"condition1","2","yiwei_unclear",108,"觉得","juede",13929,29,"yiwei",NA,"incorrect",0,"unconstrained"
382,"condition1","3","yiwei_contrastive",1,"觉得","juede",6407,31,"yiwei",NA,"incorrect",0,"constrained"
382,"condition1","3","yiwei_unclear",107,"以为","yiwei",14511,34,"yiwei",NA,"correct",1,"unconstrained"
382,"condition1","3","yiwei_contrastive",7,"觉得","juede",5124,35,"yiwei",NA,"incorrect",0,"constrained"
382,"condition1","3","juede_unclear",113,"以为","yiwei",9484,36,"juede",NA,"incorrect",0,"unconstrained"
382,"condition1","3","juede_unclear",120,"觉得","juede",4277,37,"juede",NA,"correct",1,"unconstrained"
382,"condition1","3","yiwei_unclear",110,"以为","yiwei",10882,38,"yiwei",NA,"correct",1,"unconstrained"
382,"condition1","3","juede_contrastive",17,"以为","yiwei",11284,39,"juede",NA,"incorrect",0,"constrained"
382,"condition1","3","juede_contrastive",11,"觉得","juede",7508,40,"juede",NA,"correct",1,"constrained"
382,"condition1","4","yiwei_unclear",109,"以为","yiwei",5440,41,"yiwei",NA,"correct",1,"unconstrained"
382,"condition1","4","yiwei_contrastive",2,"以为","yiwei",4875,43,"yiwei",NA,"correct",1,"constrained"
382,"condition1","4","juede_unclear",117,"以为","yiwei",5442,44,"juede",NA,"incorrect",0,"unconstrained"
382,"condition1","4","yiwei_contrastive",3,"以为","yiwei",8569,45,"yiwei",NA,"correct",1,"constrained"
382,"condition1","4","juede_contrastive",15,"觉得","juede",6508,46,"juede",NA,"correct",1,"constrained"
382,"condition1","4","juede_contrastive",12,"觉得","juede",4242,48,"juede",NA,"correct",1,"constrained"
382,"condition1","4","yiwei_unclear",104,"以为","yiwei",7453,49,"yiwei",NA,"correct",1,"unconstrained"
382,"condition1","4","juede_unclear",115,"觉得","juede",5942,50,"juede",NA,"correct",1,"unconstrained"
371,"condition1","0","yiwei_unclear",101,"觉得","juede",5550,1,"yiwei",NA,"incorrect",0,"unconstrained"
371,"condition1","0","juede_contrastive",17,"以为","yiwei",5199,2,"juede",NA,"incorrect",0,"constrained"
371,"condition1","0","juede_unclear",111,"觉得","juede",4050,3,"juede",NA,"correct",1,"unconstrained"
371,"condition1","0","yiwei_unclear",109,"以为","yiwei",3166,5,"yiwei",NA,"correct",1,"unconstrained"
371,"condition1","0","juede_unclear",115,"觉得","juede",4583,7,"juede",NA,"correct",1,"unconstrained"
371,"condition1","0","yiwei_contrastive",5,"以为","yiwei",2899,8,"yiwei",NA,"correct",1,"constrained"
371,"condition1","0","juede_contrastive",16,"觉得","juede",3583,9,"juede",NA,"correct",1,"constrained"
371,"condition1","0","yiwei_contrastive",1,"以为","yiwei",7233,10,"yiwei",NA,"correct",1,"constrained"
371,"condition1","1","yiwei_unclear",107,"以为","yiwei",6283,11,"yiwei",NA,"correct",1,"unconstrained"
371,"condition1","1","juede_contrastive",20,"觉得","juede",6733,12,"juede",NA,"correct",1,"constrained"
371,"condition1","1","yiwei_contrastive",6,"觉得","juede",3067,13,"yiwei",NA,"incorrect",0,"constrained"
371,"condition1","1","juede_unclear",113,"觉得","juede",4000,14,"juede",NA,"correct",1,"unconstrained"
371,"condition1","1","juede_unclear",117,"觉得","juede",5517,15,"juede",NA,"correct",1,"unconstrained"
371,"condition1","1","yiwei_contrastive",8,"觉得","juede",5533,16,"yiwei",NA,"incorrect",0,"constrained"
371,"condition1","1","juede_contrastive",12,"觉得","juede",2333,17,"juede",NA,"correct",1,"constrained"
371,"condition1","1","yiwei_unclear",102,"以为","yiwei",2833,18,"yiwei",NA,"correct",1,"unconstrained"
371,"condition1","2","juede_unclear",112,"觉得","juede",4516,21,"juede",NA,"correct",1,"unconstrained"
371,"condition1","2","juede_contrastive",14,"觉得","juede",5250,22,"juede",NA,"correct",1,"constrained"
371,"condition1","2","yiwei_contrastive",9,"以为","yiwei",1883,23,"yiwei",NA,"correct",1,"constrained"
371,"condition1","2","juede_unclear",114,"觉得","juede",5633,24,"juede",NA,"correct",1,"unconstrained"
371,"condition1","2","yiwei_unclear",110,"以为","yiwei",3868,25,"yiwei",NA,"correct",1,"unconstrained"
371,"condition1","2","yiwei_unclear",106,"以为","yiwei",29382,26,"yiwei",NA,"correct",1,"unconstrained"
371,"condition1","2","yiwei_contrastive",4,"以为","yiwei",3250,29,"yiwei",NA,"correct",1,"constrained"
371,"condition1","2","juede_contrastive",19,"觉得","juede",5567,30,"juede",NA,"correct",1,"constrained"
371,"condition1","3","yiwei_contrastive",10,"觉得","juede",3666,31,"yiwei",NA,"incorrect",0,"constrained"
371,"condition1","3","juede_contrastive",15,"以为","yiwei",8783,32,"juede",NA,"incorrect",0,"constrained"
371,"condition1","3","juede_unclear",119,"觉得","juede",4250,34,"juede",NA,"correct",1,"unconstrained"
371,"condition1","3","juede_contrastive",11,"觉得","juede",3582,36,"juede",NA,"correct",1,"constrained"
371,"condition1","3","yiwei_unclear",105,"觉得","juede",4782,37,"yiwei",NA,"incorrect",0,"unconstrained"
371,"condition1","3","juede_unclear",118,"觉得","juede",5851,38,"juede",NA,"correct",1,"unconstrained"
371,"condition1","3","yiwei_contrastive",7,"觉得","juede",6533,39,"yiwei",NA,"incorrect",0,"constrained"
371,"condition1","3","yiwei_unclear",108,"觉得","juede",3934,40,"yiwei",NA,"incorrect",0,"unconstrained"
371,"condition1","4","yiwei_contrastive",3,"以为","yiwei",5567,41,"yiwei",NA,"correct",1,"constrained"
371,"condition1","4","yiwei_unclear",104,"以为","yiwei",5199,42,"yiwei",NA,"correct",1,"unconstrained"
371,"condition1","4","juede_unclear",116,"觉得","juede",6118,43,"juede",NA,"correct",1,"unconstrained"
371,"condition1","4","yiwei_contrastive",2,"以为","yiwei",8066,44,"yiwei",NA,"correct",1,"constrained"
371,"condition1","4","juede_contrastive",13,"以为","yiwei",7966,47,"juede",NA,"incorrect",0,"constrained"
371,"condition1","4","juede_unclear",120,"觉得","juede",8451,48,"juede",NA,"correct",1,"unconstrained"
371,"condition1","4","yiwei_unclear",103,"以为","yiwei",7182,49,"yiwei",NA,"correct",1,"unconstrained"
371,"condition1","4","juede_contrastive",18,"觉得","juede",9368,50,"juede",NA,"correct",1,"constrained"
341,"condition1","0","juede_contrastive",11,"觉得","juede",8109,1,"juede",NA,"correct",1,"constrained"
341,"condition1","0","juede_unclear",111,"觉得","juede",4270,2,"juede",NA,"correct",1,"unconstrained"
341,"condition1","0","juede_contrastive",20,"觉得","juede",12766,3,"juede",NA,"correct",1,"constrained"
341,"condition1","0","yiwei_unclear",107,"以为","yiwei",7085,4,"yiwei",NA,"correct",1,"unconstrained"
341,"condition1","0","yiwei_unclear",103,"以为","yiwei",6957,5,"yiwei",NA,"correct",1,"unconstrained"
341,"condition1","0","juede_unclear",115,"觉得","juede",7443,6,"juede",NA,"correct",1,"unconstrained"
341,"condition1","0","yiwei_contrastive",9,"觉得","juede",3463,7,"yiwei",NA,"incorrect",0,"constrained"
341,"condition1","0","yiwei_contrastive",7,"觉得","juede",18238,9,"yiwei",NA,"incorrect",0,"constrained"
341,"condition1","1","yiwei_unclear",104,"以为","yiwei",14543,11,"yiwei",NA,"correct",1,"unconstrained"
341,"condition1","1","yiwei_unclear",108,"以为","yiwei",9159,12,"yiwei",NA,"correct",1,"unconstrained"
341,"condition1","1","yiwei_contrastive",6,"以为","yiwei",44851,13,"yiwei",NA,"correct",1,"constrained"
341,"condition1","1","juede_unclear",113,"觉得","juede",5550,14,"juede",NA,"correct",1,"unconstrained"
341,"condition1","1","juede_contrastive",17,"以为","yiwei",6431,15,"juede",NA,"incorrect",0,"constrained"
341,"condition1","1","juede_unclear",112,"觉得","juede",4654,18,"juede",NA,"correct",1,"unconstrained"
341,"condition1","1","juede_contrastive",19,"觉得","juede",7550,19,"juede",NA,"correct",1,"constrained"
341,"condition1","1","yiwei_contrastive",10,"以为","yiwei",4665,20,"yiwei",NA,"correct",1,"constrained"
341,"condition1","2","yiwei_unclear",101,"以为","yiwei",8313,21,"yiwei",NA,"correct",1,"unconstrained"
341,"condition1","2","juede_contrastive",15,"觉得","juede",39317,22,"juede",NA,"correct",1,"constrained"
341,"condition1","2","juede_unclear",120,"觉得","juede",6441,23,"juede",NA,"correct",1,"unconstrained"
341,"condition1","2","juede_unclear",117,"以为","yiwei",4635,25,"juede",NA,"incorrect",0,"unconstrained"
341,"condition1","2","yiwei_contrastive",2,"以为","yiwei",11469,27,"yiwei",NA,"correct",1,"constrained"
341,"condition1","2","yiwei_unclear",110,"以为","yiwei",43612,28,"yiwei",NA,"correct",1,"unconstrained"
341,"condition1","2","juede_contrastive",12,"觉得","juede",2630,29,"juede",NA,"correct",1,"constrained"
341,"condition1","2","yiwei_contrastive",3,"以为","yiwei",5214,30,"yiwei",NA,"correct",1,"constrained"
341,"condition1","3","yiwei_contrastive",5,"觉得","juede",5759,31,"yiwei",NA,"incorrect",0,"constrained"
341,"condition1","3","yiwei_unclear",102,"以为","yiwei",8284,32,"yiwei",NA,"correct",1,"unconstrained"
341,"condition1","3","juede_unclear",114,"觉得","juede",20855,33,"juede",NA,"correct",1,"unconstrained"
341,"condition1","3","yiwei_contrastive",1,"以为","yiwei",6778,34,"yiwei",NA,"correct",1,"constrained"
341,"condition1","3","yiwei_unclear",109,"以为","yiwei",5310,35,"yiwei",NA,"correct",1,"unconstrained"
341,"condition1","3","juede_contrastive",13,"以为","yiwei",10839,37,"juede",NA,"incorrect",0,"constrained"
341,"condition1","3","juede_contrastive",14,"以为","yiwei",5420,38,"juede",NA,"incorrect",0,"constrained"
341,"condition1","3","juede_unclear",119,"觉得","juede",9830,39,"juede",NA,"correct",1,"unconstrained"
341,"condition1","4","yiwei_unclear",106,"觉得","juede",8192,41,"yiwei",NA,"incorrect",0,"unconstrained"
341,"condition1","4","yiwei_contrastive",4,"以为","yiwei",3546,42,"yiwei",NA,"correct",1,"constrained"
341,"condition1","4","yiwei_contrastive",8,"以为","yiwei",9338,43,"yiwei",NA,"correct",1,"constrained"
341,"condition1","4","juede_unclear",118,"觉得","juede",5769,44,"juede",NA,"correct",1,"unconstrained"
341,"condition1","4","yiwei_unclear",105,"以为","yiwei",5112,45,"yiwei",NA,"correct",1,"unconstrained"
341,"condition1","4","juede_contrastive",18,"觉得","juede",10816,47,"juede",NA,"correct",1,"constrained"
341,"condition1","4","juede_contrastive",16,"觉得","juede",6414,48,"juede",NA,"correct",1,"constrained"
341,"condition1","4","juede_unclear",116,"觉得","juede",9976,50,"juede",NA,"correct",1,"unconstrained"
367,"condition1","0","yiwei_contrastive",1,"觉得","juede",3859,1,"yiwei",NA,"incorrect",0,"constrained"
367,"condition1","0","yiwei_unclear",104,"觉得","juede",5907,2,"yiwei",NA,"incorrect",0,"unconstrained"
367,"condition1","0","juede_unclear",117,"以为","yiwei",6988,3,"juede",NA,"incorrect",0,"unconstrained"
367,"condition1","0","juede_unclear",118,"觉得","juede",4360,4,"juede",NA,"correct",1,"unconstrained"
367,"condition1","0","yiwei_contrastive",9,"觉得","juede",2596,5,"yiwei",NA,"incorrect",0,"constrained"
367,"condition1","0","yiwei_unclear",107,"以为","yiwei",5490,6,"yiwei",NA,"correct",1,"unconstrained"
367,"condition1","0","juede_contrastive",14,"以为","yiwei",3611,7,"juede",NA,"incorrect",0,"constrained"
367,"condition1","0","juede_contrastive",20,"觉得","juede",6457,8,"juede",NA,"correct",1,"constrained"
367,"condition1","1","juede_unclear",120,"觉得","juede",4860,12,"juede",NA,"correct",1,"unconstrained"
367,"condition1","1","juede_unclear",116,"觉得","juede",6190,14,"juede",NA,"correct",1,"unconstrained"
367,"condition1","1","yiwei_unclear",110,"觉得","juede",3378,15,"yiwei",NA,"incorrect",0,"unconstrained"
367,"condition1","1","yiwei_unclear",101,"以为","yiwei",5225,16,"yiwei",NA,"correct",1,"unconstrained"
367,"condition1","1","yiwei_contrastive",10,"以为","yiwei",4976,17,"yiwei",NA,"correct",1,"constrained"
367,"condition1","1","juede_contrastive",13,"以为","yiwei",4776,18,"juede",NA,"incorrect",0,"constrained"
367,"condition1","1","juede_contrastive",12,"觉得","juede",2746,19,"juede",NA,"correct",1,"constrained"
367,"condition1","1","yiwei_contrastive",6,"以为","yiwei",6174,20,"yiwei",NA,"correct",1,"constrained"
367,"condition1","2","juede_contrastive",15,"以为","yiwei",11315,21,"juede",NA,"incorrect",0,"constrained"
367,"condition1","2","yiwei_contrastive",2,"觉得","juede",6556,23,"yiwei",NA,"incorrect",0,"constrained"
367,"condition1","2","juede_unclear",114,"觉得","juede",4410,24,"juede",NA,"correct",1,"unconstrained"
367,"condition1","2","yiwei_unclear",109,"以为","yiwei",4576,25,"yiwei",NA,"correct",1,"unconstrained"
367,"condition1","2","yiwei_contrastive",5,"以为","yiwei",3877,26,"yiwei",NA,"correct",1,"constrained"
367,"condition1","2","juede_unclear",111,"觉得","juede",4692,27,"juede",NA,"correct",1,"unconstrained"
367,"condition1","2","yiwei_unclear",106,"以为","yiwei",4626,28,"yiwei",NA,"correct",1,"unconstrained"
367,"condition1","2","juede_contrastive",17,"以为","yiwei",4659,30,"juede",NA,"incorrect",0,"constrained"
367,"condition1","3","juede_contrastive",11,"觉得","juede",3277,31,"juede",NA,"correct",1,"constrained"
367,"condition1","3","juede_unclear",115,"觉得","juede",5009,32,"juede",NA,"correct",1,"unconstrained"
367,"condition1","3","juede_contrastive",16,"觉得","juede",5624,33,"juede",NA,"correct",1,"constrained"
367,"condition1","3","yiwei_contrastive",3,"以为","yiwei",6374,36,"yiwei",NA,"correct",1,"constrained"
367,"condition1","3","yiwei_contrastive",4,"以为","yiwei",3345,37,"yiwei",NA,"correct",1,"constrained"
367,"condition1","3","yiwei_unclear",105,"以为","yiwei",4593,38,"yiwei",NA,"correct",1,"unconstrained"
367,"condition1","3","juede_unclear",112,"觉得","juede",4527,39,"juede",NA,"correct",1,"unconstrained"
367,"condition1","3","yiwei_unclear",102,"觉得","juede",2745,40,"yiwei",NA,"incorrect",0,"unconstrained"
367,"condition1","4","juede_contrastive",18,"觉得","juede",3861,41,"juede",NA,"correct",1,"constrained"
367,"condition1","4","juede_unclear",119,"觉得","juede",3444,42,"juede",NA,"correct",1,"unconstrained"
367,"condition1","4","yiwei_contrastive",8,"觉得","juede",3177,43,"yiwei",NA,"incorrect",0,"constrained"
367,"condition1","4","yiwei_contrastive",7,"觉得","juede",3228,44,"yiwei",NA,"incorrect",0,"constrained"
367,"condition1","4","juede_contrastive",19,"觉得","juede",3777,45,"juede",NA,"correct",1,"constrained"
367,"condition1","4","juede_unclear",113,"觉得","juede",3461,47,"juede",NA,"correct",1,"unconstrained"
367,"condition1","4","yiwei_unclear",108,"以为","yiwei",10068,48,"yiwei",NA,"correct",1,"unconstrained"
367,"condition1","4","yiwei_unclear",103,"以为","yiwei",3111,50,"yiwei",NA,"correct",1,"unconstrained"
327,"condition1","0","yiwei_contrastive",10,"以为","yiwei",5793,2,"yiwei",NA,"correct",1,"constrained"
327,"condition1","0","yiwei_contrastive",8,"觉得","juede",4410,4,"yiwei",NA,"incorrect",0,"constrained"
327,"condition1","0","juede_contrastive",18,"以为","yiwei",3597,5,"juede",NA,"incorrect",0,"constrained"
327,"condition1","0","juede_contrastive",19,"觉得","juede",6115,6,"juede",NA,"correct",1,"constrained"
327,"condition1","0","juede_unclear",111,"觉得","juede",3632,7,"juede",NA,"correct",1,"unconstrained"
327,"condition1","0","juede_unclear",112,"以为","yiwei",6281,8,"juede",NA,"incorrect",0,"unconstrained"
327,"condition1","0","yiwei_unclear",105,"以为","yiwei",6266,9,"yiwei",NA,"correct",1,"unconstrained"
327,"condition1","0","yiwei_unclear",101,"觉得","juede",3368,10,"yiwei",NA,"incorrect",0,"unconstrained"
327,"condition1","1","juede_unclear",115,"觉得","juede",6388,11,"juede",NA,"correct",1,"unconstrained"
327,"condition1","1","juede_contrastive",14,"觉得","juede",4480,13,"juede",NA,"correct",1,"constrained"
327,"condition1","1","yiwei_contrastive",1,"以为","yiwei",3692,15,"yiwei",NA,"correct",1,"constrained"
327,"condition1","1","juede_unclear",113,"觉得","juede",3605,16,"juede",NA,"correct",1,"unconstrained"
327,"condition1","1","yiwei_unclear",106,"以为","yiwei",8584,17,"yiwei",NA,"correct",1,"unconstrained"
327,"condition1","1","yiwei_unclear",107,"以为","yiwei",5363,18,"yiwei",NA,"correct",1,"unconstrained"
327,"condition1","1","juede_contrastive",17,"以为","yiwei",4164,19,"juede",NA,"incorrect",0,"constrained"
327,"condition1","1","yiwei_contrastive",7,"觉得","juede",4498,20,"yiwei",NA,"incorrect",0,"constrained"
327,"condition1","2","yiwei_unclear",110,"以为","yiwei",23589,22,"yiwei",NA,"correct",1,"unconstrained"
327,"condition1","2","yiwei_unclear",103,"以为","yiwei",5766,23,"yiwei",NA,"correct",1,"unconstrained"
327,"condition1","2","juede_unclear",118,"觉得","juede",5434,24,"juede",NA,"correct",1,"unconstrained"
327,"condition1","2","yiwei_contrastive",9,"觉得","juede",4918,25,"yiwei",NA,"incorrect",0,"constrained"
327,"condition1","2","juede_contrastive",12,"觉得","juede",2764,26,"juede",NA,"correct",1,"constrained"
327,"condition1","2","juede_unclear",117,"觉得","juede",4882,28,"juede",NA,"correct",1,"unconstrained"
327,"condition1","2","juede_contrastive",15,"觉得","juede",10308,29,"juede",NA,"correct",1,"constrained"
327,"condition1","2","yiwei_contrastive",4,"以为","yiwei",3272,30,"yiwei",NA,"correct",1,"constrained"
327,"condition1","3","juede_contrastive",11,"觉得","juede",2485,32,"juede",NA,"correct",1,"constrained"
327,"condition1","3","juede_unclear",116,"觉得","juede",4857,33,"juede",NA,"correct",1,"unconstrained"
327,"condition1","3","yiwei_unclear",109,"以为","yiwei",14743,34,"yiwei",NA,"correct",1,"unconstrained"
327,"condition1","3","yiwei_contrastive",3,"以为","yiwei",9117,36,"yiwei",NA,"correct",1,"constrained"
327,"condition1","3","yiwei_contrastive",5,"以为","yiwei",2871,37,"yiwei",NA,"correct",1,"constrained"
327,"condition1","3","juede_contrastive",13,"以为","yiwei",7218,38,"juede",NA,"incorrect",0,"constrained"
327,"condition1","3","juede_unclear",120,"觉得","juede",9092,39,"juede",NA,"correct",1,"unconstrained"
327,"condition1","3","yiwei_unclear",108,"觉得","juede",3736,40,"yiwei",NA,"incorrect",0,"unconstrained"
327,"condition1","4","yiwei_unclear",102,"以为","yiwei",9337,41,"yiwei",NA,"correct",1,"unconstrained"
327,"condition1","4","yiwei_unclear",104,"以为","yiwei",6071,42,"yiwei",NA,"correct",1,"unconstrained"
327,"condition1","4","yiwei_contrastive",6,"以为","yiwei",3553,43,"yiwei",NA,"correct",1,"constrained"
327,"condition1","4","juede_unclear",114,"觉得","juede",9677,44,"juede",NA,"correct",1,"unconstrained"
327,"condition1","4","juede_contrastive",16,"以为","yiwei",10184,46,"juede",NA,"incorrect",0,"constrained"
327,"condition1","4","juede_contrastive",20,"以为","yiwei",4455,47,"juede",NA,"incorrect",0,"constrained"
327,"condition1","4","juede_unclear",119,"觉得","juede",4830,49,"juede",NA,"correct",1,"unconstrained"
327,"condition1","4","yiwei_contrastive",2,"以为","yiwei",4970,50,"yiwei",NA,"correct",1,"constrained"
366,"condition1","0","juede_unclear",118,"觉得","juede",3347,1,"juede",NA,"correct",1,"unconstrained"
366,"condition1","0","juede_contrastive",18,"觉得","juede",2083,3,"juede",NA,"correct",1,"constrained"
366,"condition1","0","juede_unclear",117,"以为","yiwei",2417,4,"juede",NA,"incorrect",0,"unconstrained"
366,"condition1","0","yiwei_unclear",104,"以为","yiwei",3350,5,"yiwei",NA,"correct",1,"unconstrained"
366,"condition1","0","yiwei_unclear",103,"觉得","juede",3266,6,"yiwei",NA,"incorrect",0,"unconstrained"
366,"condition1","0","yiwei_contrastive",4,"以为","yiwei",2600,7,"yiwei",NA,"correct",1,"constrained"
366,"condition1","0","yiwei_contrastive",3,"以为","yiwei",3267,9,"yiwei",NA,"correct",1,"constrained"
366,"condition1","0","juede_contrastive",11,"觉得","juede",1816,10,"juede",NA,"correct",1,"constrained"
366,"condition1","1","juede_contrastive",16,"以为","yiwei",1532,11,"juede",NA,"incorrect",0,"constrained"
366,"condition1","1","yiwei_unclear",101,"以为","yiwei",3283,13,"yiwei",NA,"correct",1,"unconstrained"
366,"condition1","1","yiwei_contrastive",2,"以为","yiwei",1900,14,"yiwei",NA,"correct",1,"constrained"
366,"condition1","1","juede_contrastive",20,"以为","yiwei",3884,16,"juede",NA,"incorrect",0,"constrained"
366,"condition1","1","yiwei_unclear",102,"以为","yiwei",2833,17,"yiwei",NA,"correct",1,"unconstrained"
366,"condition1","1","juede_unclear",120,"觉得","juede",2251,18,"juede",NA,"correct",1,"unconstrained"
366,"condition1","1","yiwei_contrastive",5,"以为","yiwei",1716,19,"yiwei",NA,"correct",1,"constrained"
366,"condition1","1","juede_unclear",111,"以为","yiwei",2550,20,"juede",NA,"incorrect",0,"unconstrained"
366,"condition1","2","yiwei_contrastive",6,"以为","yiwei",1950,22,"yiwei",NA,"correct",1,"constrained"
366,"condition1","2","juede_contrastive",17,"以为","yiwei",2099,23,"juede",NA,"incorrect",0,"constrained"
366,"condition1","2","yiwei_contrastive",1,"觉得","juede",1834,24,"yiwei",NA,"incorrect",0,"constrained"
366,"condition1","2","juede_unclear",119,"觉得","juede",3500,26,"juede",NA,"correct",1,"unconstrained"
366,"condition1","2","juede_unclear",113,"觉得","juede",1449,27,"juede",NA,"correct",1,"unconstrained"
366,"condition1","2","yiwei_unclear",109,"以为","yiwei",2749,28,"yiwei",NA,"correct",1,"unconstrained"
366,"condition1","2","yiwei_unclear",107,"觉得","juede",2567,29,"yiwei",NA,"incorrect",0,"unconstrained"
366,"condition1","2","juede_contrastive",19,"觉得","juede",2583,30,"juede",NA,"correct",1,"constrained"
366,"condition1","3","juede_contrastive",12,"觉得","juede",3134,31,"juede",NA,"correct",1,"constrained"
366,"condition1","3","yiwei_unclear",105,"以为","yiwei",2983,32,"yiwei",NA,"correct",1,"unconstrained"
366,"condition1","3","juede_unclear",114,"以为","yiwei",2116,33,"juede",NA,"incorrect",0,"unconstrained"
366,"condition1","3","yiwei_unclear",108,"以为","yiwei",1917,35,"yiwei",NA,"correct",1,"unconstrained"
366,"condition1","3","juede_unclear",116,"以为","yiwei",5532,37,"juede",NA,"incorrect",0,"unconstrained"
366,"condition1","3","juede_contrastive",13,"以为","yiwei",2817,38,"juede",NA,"incorrect",0,"constrained"
366,"condition1","3","yiwei_contrastive",9,"以为","yiwei",3301,39,"yiwei",NA,"correct",1,"constrained"
366,"condition1","3","yiwei_contrastive",8,"觉得","juede",2616,40,"yiwei",NA,"incorrect",0,"constrained"
366,"condition1","4","juede_unclear",112,"觉得","juede",3216,42,"juede",NA,"correct",1,"unconstrained"
366,"condition1","4","yiwei_contrastive",10,"以为","yiwei",2700,43,"yiwei",NA,"correct",1,"constrained"
366,"condition1","4","juede_contrastive",15,"以为","yiwei",5567,44,"juede",NA,"incorrect",0,"constrained"
366,"condition1","4","yiwei_contrastive",7,"以为","yiwei",2317,45,"yiwei",NA,"correct",1,"constrained"
366,"condition1","4","juede_contrastive",14,"觉得","juede",3266,46,"juede",NA,"correct",1,"constrained"
366,"condition1","4","yiwei_unclear",106,"觉得","juede",3800,47,"yiwei",NA,"incorrect",0,"unconstrained"
366,"condition1","4","juede_unclear",115,"觉得","juede",2533,49,"juede",NA,"correct",1,"unconstrained"
366,"condition1","4","yiwei_unclear",110,"觉得","juede",132966,50,"yiwei",NA,"incorrect",0,"unconstrained"
383,"condition1","0","juede_contrastive",20,"觉得","juede",28627,1,"juede",NA,"correct",1,"constrained"
383,"condition1","0","yiwei_unclear",101,"以为","yiwei",14888,2,"yiwei",NA,"correct",1,"unconstrained"
383,"condition1","0","yiwei_contrastive",1,"以为","yiwei",9859,3,"yiwei",NA,"correct",1,"constrained"
383,"condition1","0","juede_contrastive",15,"以为","yiwei",46568,4,"juede",NA,"incorrect",0,"constrained"
383,"condition1","0","yiwei_unclear",108,"觉得","juede",10116,7,"yiwei",NA,"incorrect",0,"unconstrained"
383,"condition1","0","juede_unclear",111,"觉得","juede",8652,8,"juede",NA,"correct",1,"unconstrained"
383,"condition1","0","yiwei_contrastive",6,"以为","yiwei",3708,9,"yiwei",NA,"correct",1,"constrained"
383,"condition1","0","juede_unclear",118,"觉得","juede",13380,10,"juede",NA,"correct",1,"unconstrained"
383,"condition1","1","juede_unclear",119,"觉得","juede",7975,11,"juede",NA,"correct",1,"unconstrained"
383,"condition1","1","yiwei_unclear",110,"以为","yiwei",14224,12,"yiwei",NA,"correct",1,"unconstrained"
383,"condition1","1","juede_contrastive",12,"觉得","juede",3273,13,"juede",NA,"correct",1,"constrained"
383,"condition1","1","yiwei_unclear",106,"以为","yiwei",16440,14,"yiwei",NA,"correct",1,"unconstrained"
383,"condition1","1","yiwei_contrastive",10,"以为","yiwei",6784,15,"yiwei",NA,"correct",1,"constrained"
383,"condition1","1","juede_unclear",117,"以为","yiwei",8723,18,"juede",NA,"incorrect",0,"unconstrained"
383,"condition1","1","juede_contrastive",16,"觉得","juede",10924,19,"juede",NA,"correct",1,"constrained"
383,"condition1","1","yiwei_contrastive",5,"以为","yiwei",3471,20,"yiwei",NA,"correct",1,"constrained"
383,"condition1","2","juede_contrastive",18,"觉得","juede",11060,21,"juede",NA,"correct",1,"constrained"
383,"condition1","2","yiwei_contrastive",7,"以为","yiwei",13108,22,"yiwei",NA,"correct",1,"constrained"
383,"condition1","2","yiwei_unclear",103,"以为","yiwei",9616,23,"yiwei",NA,"correct",1,"unconstrained"
383,"condition1","2","juede_unclear",112,"觉得","juede",7316,24,"juede",NA,"correct",1,"unconstrained"
383,"condition1","2","juede_contrastive",14,"以为","yiwei",19356,25,"juede",NA,"incorrect",0,"constrained"
383,"condition1","2","juede_unclear",116,"觉得","juede",13404,28,"juede",NA,"correct",1,"unconstrained"
383,"condition1","2","yiwei_contrastive",8,"觉得","juede",8068,29,"yiwei",NA,"incorrect",0,"constrained"
383,"condition1","2","yiwei_unclear",104,"以为","yiwei",12548,30,"yiwei",NA,"correct",1,"unconstrained"
383,"condition1","3","yiwei_unclear",107,"以为","yiwei",11352,31,"yiwei",NA,"correct",1,"unconstrained"
383,"condition1","3","yiwei_contrastive",9,"觉得","juede",4716,32,"yiwei",NA,"incorrect",0,"constrained"
383,"condition1","3","juede_contrastive",11,"觉得","juede",4300,33,"juede",NA,"correct",1,"constrained"
383,"condition1","3","yiwei_unclear",102,"以为","yiwei",16924,34,"yiwei",NA,"correct",1,"unconstrained"
383,"condition1","3","juede_contrastive",13,"以为","yiwei",17068,35,"juede",NA,"incorrect",0,"constrained"
383,"condition1","3","juede_unclear",114,"觉得","juede",25536,36,"juede",NA,"correct",1,"unconstrained"
383,"condition1","3","yiwei_contrastive",2,"以为","yiwei",5376,39,"yiwei",NA,"correct",1,"constrained"
383,"condition1","3","juede_unclear",120,"觉得","juede",10875,40,"juede",NA,"correct",1,"unconstrained"
383,"condition1","4","juede_contrastive",17,"以为","yiwei",6004,41,"juede",NA,"incorrect",0,"constrained"
383,"condition1","4","yiwei_unclear",109,"以为","yiwei",9177,42,"yiwei",NA,"correct",1,"unconstrained"
383,"condition1","4","yiwei_contrastive",4,"以为","yiwei",25108,44,"yiwei",NA,"correct",1,"constrained"
383,"condition1","4","juede_unclear",113,"觉得","juede",4056,45,"juede",NA,"correct",1,"unconstrained"
383,"condition1","4","juede_unclear",115,"觉得","juede",13524,46,"juede",NA,"correct",1,"unconstrained"
383,"condition1","4","yiwei_contrastive",3,"觉得","juede",25060,48,"yiwei",NA,"incorrect",0,"constrained"
383,"condition1","4","yiwei_unclear",105,"以为","yiwei",8644,49,"yiwei",NA,"correct",1,"unconstrained"
383,"condition1","4","juede_contrastive",19,"觉得","juede",7928,50,"juede",NA,"correct",1,"constrained"
381,"condition1","0","juede_contrastive",18,"觉得","juede",7628,2,"juede",NA,"correct",1,"constrained"
381,"condition1","0","yiwei_unclear",103,"以为","yiwei",10454,3,"yiwei",NA,"correct",1,"unconstrained"
381,"condition1","0","juede_unclear",120,"觉得","juede",5722,4,"juede",NA,"correct",1,"unconstrained"
381,"condition1","0","yiwei_unclear",106,"觉得","juede",8171,5,"yiwei",NA,"incorrect",0,"unconstrained"
381,"condition1","0","juede_contrastive",15,"觉得","juede",15795,6,"juede",NA,"correct",1,"constrained"
381,"condition1","0","juede_unclear",113,"觉得","juede",10558,7,"juede",NA,"correct",1,"unconstrained"
381,"condition1","0","yiwei_contrastive",3,"以为","yiwei",13164,9,"yiwei",NA,"correct",1,"constrained"
381,"condition1","0","yiwei_contrastive",5,"以为","yiwei",5698,10,"yiwei",NA,"correct",1,"constrained"
381,"condition1","1","juede_unclear",111,"觉得","juede",6259,11,"juede",NA,"correct",1,"unconstrained"
381,"condition1","1","yiwei_unclear",110,"觉得","juede",14046,13,"yiwei",NA,"incorrect",0,"unconstrained"
381,"condition1","1","juede_unclear",115,"觉得","juede",5076,15,"juede",NA,"correct",1,"unconstrained"
381,"condition1","1","juede_contrastive",11,"觉得","juede",5156,16,"juede",NA,"correct",1,"constrained"
381,"condition1","1","yiwei_unclear",105,"以为","yiwei",17064,17,"yiwei",NA,"correct",1,"unconstrained"
381,"condition1","1","juede_contrastive",16,"觉得","juede",6577,18,"juede",NA,"correct",1,"constrained"
381,"condition1","1","yiwei_contrastive",9,"以为","yiwei",5656,19,"yiwei",NA,"correct",1,"constrained"
381,"condition1","1","yiwei_contrastive",8,"以为","yiwei",4952,20,"yiwei",NA,"correct",1,"constrained"
381,"condition1","2","juede_unclear",117,"以为","yiwei",7952,22,"juede",NA,"incorrect",0,"unconstrained"
381,"condition1","2","juede_contrastive",19,"觉得","juede",6898,23,"juede",NA,"correct",1,"constrained"
381,"condition1","2","yiwei_unclear",109,"以为","yiwei",4575,24,"yiwei",NA,"correct",1,"unconstrained"
381,"condition1","2","juede_contrastive",17,"觉得","juede",8443,25,"juede",NA,"correct",1,"constrained"
381,"condition1","2","yiwei_contrastive",2,"以为","yiwei",4707,26,"yiwei",NA,"correct",1,"constrained"
381,"condition1","2","yiwei_contrastive",6,"以为","yiwei",4266,27,"yiwei",NA,"correct",1,"constrained"
381,"condition1","2","juede_unclear",114,"觉得","juede",11806,29,"juede",NA,"correct",1,"unconstrained"
381,"condition1","2","yiwei_unclear",101,"以为","yiwei",8084,30,"yiwei",NA,"correct",1,"unconstrained"
381,"condition1","3","juede_unclear",119,"觉得","juede",4870,31,"juede",NA,"correct",1,"unconstrained"
381,"condition1","3","yiwei_unclear",107,"觉得","juede",17572,32,"yiwei",NA,"incorrect",0,"unconstrained"
381,"condition1","3","yiwei_contrastive",4,"觉得","juede",95259,33,"yiwei",NA,"incorrect",0,"constrained"
381,"condition1","3","yiwei_unclear",104,"以为","yiwei",9325,34,"yiwei",NA,"correct",1,"unconstrained"
381,"condition1","3","yiwei_contrastive",1,"以为","yiwei",5249,35,"yiwei",NA,"correct",1,"constrained"
381,"condition1","3","juede_unclear",112,"觉得","juede",6487,37,"juede",NA,"correct",1,"unconstrained"
381,"condition1","3","juede_contrastive",13,"以为","yiwei",8837,38,"juede",NA,"incorrect",0,"constrained"
381,"condition1","3","juede_contrastive",20,"觉得","juede",9958,39,"juede",NA,"correct",1,"constrained"
381,"condition1","4","juede_contrastive",12,"觉得","juede",4860,41,"juede",NA,"correct",1,"constrained"
381,"condition1","4","yiwei_contrastive",7,"以为","yiwei",6057,42,"yiwei",NA,"correct",1,"constrained"
381,"condition1","4","yiwei_unclear",102,"觉得","juede",9002,43,"yiwei",NA,"incorrect",0,"unconstrained"
381,"condition1","4","yiwei_contrastive",10,"觉得","juede",4230,44,"yiwei",NA,"incorrect",0,"constrained"
381,"condition1","4","yiwei_unclear",108,"觉得","juede",9087,45,"yiwei",NA,"incorrect",0,"unconstrained"
381,"condition1","4","juede_unclear",116,"觉得","juede",6919,47,"juede",NA,"correct",1,"unconstrained"
381,"condition1","4","juede_contrastive",14,"以为","yiwei",5953,48,"juede",NA,"incorrect",0,"constrained"
381,"condition1","4","juede_unclear",118,"觉得","juede",5405,50,"juede",NA,"correct",1,"unconstrained"
357,"condition1","0","juede_contrastive",13,"以为","yiwei",9562,1,"juede",NA,"incorrect",0,"constrained"
357,"condition1","0","yiwei_contrastive",4,"觉得","juede",8204,2,"yiwei",NA,"incorrect",0,"constrained"
357,"condition1","0","juede_unclear",112,"觉得","juede",15465,3,"juede",NA,"correct",1,"unconstrained"
357,"condition1","0","juede_unclear",113,"以为","yiwei",10677,4,"juede",NA,"incorrect",0,"unconstrained"
357,"condition1","0","juede_contrastive",16,"觉得","juede",12680,6,"juede",NA,"correct",1,"constrained"
357,"condition1","0","yiwei_unclear",107,"以为","yiwei",8561,7,"yiwei",NA,"correct",1,"unconstrained"
357,"condition1","0","yiwei_contrastive",8,"以为","yiwei",6757,8,"yiwei",NA,"correct",1,"constrained"
357,"condition1","0","yiwei_unclear",103,"以为","yiwei",15108,9,"yiwei",NA,"correct",1,"unconstrained"
357,"condition1","1","yiwei_contrastive",6,"以为","yiwei",7089,11,"yiwei",NA,"correct",1,"constrained"
357,"condition1","1","yiwei_unclear",109,"以为","yiwei",7538,12,"yiwei",NA,"correct",1,"unconstrained"
357,"condition1","1","yiwei_unclear",105,"以为","yiwei",12109,14,"yiwei",NA,"correct",1,"unconstrained"
357,"condition1","1","juede_unclear",114,"觉得","juede",22385,16,"juede",NA,"correct",1,"unconstrained"
357,"condition1","1","juede_unclear",119,"觉得","juede",12150,17,"juede",NA,"correct",1,"unconstrained"
357,"condition1","1","juede_contrastive",17,"以为","yiwei",10982,18,"juede",NA,"incorrect",0,"constrained"
357,"condition1","1","juede_contrastive",19,"觉得","juede",16282,19,"juede",NA,"correct",1,"constrained"
357,"condition1","1","yiwei_contrastive",5,"以为","yiwei",10762,20,"yiwei",NA,"correct",1,"constrained"
357,"condition1","2","yiwei_contrastive",7,"觉得","juede",10707,22,"yiwei",NA,"incorrect",0,"constrained"
357,"condition1","2","juede_unclear",120,"觉得","juede",24535,23,"juede",NA,"correct",1,"unconstrained"
357,"condition1","2","juede_unclear",118,"觉得","juede",9311,24,"juede",NA,"correct",1,"unconstrained"
357,"condition1","2","yiwei_contrastive",1,"以为","yiwei",9862,25,"yiwei",NA,"correct",1,"constrained"
357,"condition1","2","juede_contrastive",20,"觉得","juede",12560,27,"juede",NA,"correct",1,"constrained"
357,"condition1","2","juede_contrastive",14,"觉得","juede",10622,28,"juede",NA,"correct",1,"constrained"
357,"condition1","2","yiwei_unclear",108,"以为","yiwei",24843,29,"yiwei",NA,"correct",1,"unconstrained"
357,"condition1","2","yiwei_unclear",106,"以为","yiwei",12591,30,"yiwei",NA,"correct",1,"unconstrained"
357,"condition1","3","yiwei_contrastive",10,"以为","yiwei",9560,31,"yiwei",NA,"correct",1,"constrained"
357,"condition1","3","juede_contrastive",18,"以为","yiwei",12784,32,"juede",NA,"incorrect",0,"constrained"
357,"condition1","3","juede_contrastive",15,"以为","yiwei",17973,34,"juede",NA,"incorrect",0,"constrained"
357,"condition1","3","juede_unclear",116,"觉得","juede",12673,35,"juede",NA,"correct",1,"unconstrained"
357,"condition1","3","juede_unclear",115,"觉得","juede",13364,36,"juede",NA,"correct",1,"unconstrained"
357,"condition1","3","yiwei_unclear",104,"以为","yiwei",11230,38,"yiwei",NA,"correct",1,"unconstrained"
357,"condition1","3","yiwei_contrastive",3,"以为","yiwei",9970,39,"yiwei",NA,"correct",1,"constrained"
357,"condition1","3","yiwei_unclear",101,"以为","yiwei",8235,40,"yiwei",NA,"correct",1,"unconstrained"
357,"condition1","4","juede_contrastive",12,"觉得","juede",7694,41,"juede",NA,"correct",1,"constrained"
357,"condition1","4","yiwei_contrastive",2,"以为","yiwei",10262,42,"yiwei",NA,"correct",1,"constrained"
357,"condition1","4","yiwei_contrastive",9,"觉得","juede",10018,43,"yiwei",NA,"incorrect",0,"constrained"
357,"condition1","4","juede_contrastive",11,"觉得","juede",9381,44,"juede",NA,"correct",1,"constrained"
357,"condition1","4","yiwei_unclear",110,"以为","yiwei",14037,47,"yiwei",NA,"correct",1,"unconstrained"
357,"condition1","4","juede_unclear",111,"觉得","juede",10013,48,"juede",NA,"correct",1,"unconstrained"
357,"condition1","4","yiwei_unclear",102,"以为","yiwei",9794,49,"yiwei",NA,"correct",1,"unconstrained"
357,"condition1","4","juede_unclear",117,"以为","yiwei",22191,50,"juede",NA,"incorrect",0,"unconstrained"
287,"condition1","0","yiwei_unclear",105,"觉得","juede",14911,1,"yiwei",NA,"incorrect",0,"unconstrained"
287,"condition1","0","juede_unclear",118,"觉得","juede",5415,3,"juede",NA,"correct",1,"unconstrained"
287,"condition1","0","juede_contrastive",17,"以为","yiwei",5385,4,"juede",NA,"incorrect",0,"constrained"
287,"condition1","0","yiwei_contrastive",10,"以为","yiwei",5569,5,"yiwei",NA,"correct",1,"constrained"
287,"condition1","0","yiwei_contrastive",3,"以为","yiwei",15289,6,"yiwei",NA,"correct",1,"constrained"
287,"condition1","0","yiwei_unclear",102,"以为","yiwei",4976,7,"yiwei",NA,"correct",1,"unconstrained"
287,"condition1","0","juede_contrastive",18,"觉得","juede",6146,8,"juede",NA,"correct",1,"constrained"
287,"condition1","0","juede_unclear",114,"觉得","juede",22873,9,"juede",NA,"correct",1,"unconstrained"
287,"condition1","1","yiwei_unclear",104,"以为","yiwei",8368,12,"yiwei",NA,"correct",1,"unconstrained"
287,"condition1","1","juede_unclear",111,"觉得","juede",5553,13,"juede",NA,"correct",1,"unconstrained"
287,"condition1","1","yiwei_unclear",108,"觉得","juede",8352,14,"yiwei",NA,"incorrect",0,"unconstrained"
287,"condition1","1","juede_contrastive",19,"觉得","juede",6265,15,"juede",NA,"correct",1,"constrained"
287,"condition1","1","yiwei_contrastive",5,"以为","yiwei",3728,16,"yiwei",NA,"correct",1,"constrained"
287,"condition1","1","yiwei_contrastive",2,"以为","yiwei",6665,17,"yiwei",NA,"correct",1,"constrained"
287,"condition1","1","juede_unclear",113,"觉得","juede",2706,19,"juede",NA,"correct",1,"unconstrained"
287,"condition1","1","juede_contrastive",15,"以为","yiwei",26643,20,"juede",NA,"incorrect",0,"constrained"
287,"condition1","2","yiwei_contrastive",7,"以为","yiwei",3287,22,"yiwei",NA,"correct",1,"constrained"
287,"condition1","2","juede_unclear",119,"觉得","juede",3791,23,"juede",NA,"correct",1,"unconstrained"
287,"condition1","2","juede_contrastive",13,"以为","yiwei",5570,25,"juede",NA,"incorrect",0,"constrained"
287,"condition1","2","yiwei_contrastive",9,"觉得","juede",3343,26,"yiwei",NA,"incorrect",0,"constrained"
287,"condition1","2","yiwei_unclear",109,"以为","yiwei",4089,27,"yiwei",NA,"correct",1,"unconstrained"
287,"condition1","2","yiwei_unclear",101,"以为","yiwei",4129,28,"yiwei",NA,"correct",1,"unconstrained"
287,"condition1","2","juede_unclear",120,"觉得","juede",4640,29,"juede",NA,"correct",1,"unconstrained"
287,"condition1","2","juede_contrastive",12,"觉得","juede",2271,30,"juede",NA,"correct",1,"constrained"
287,"condition1","3","juede_unclear",117,"以为","yiwei",5216,32,"juede",NA,"incorrect",0,"unconstrained"
287,"condition1","3","juede_contrastive",20,"以为","yiwei",5777,33,"juede",NA,"incorrect",0,"constrained"
287,"condition1","3","juede_contrastive",14,"觉得","juede",4320,35,"juede",NA,"correct",1,"constrained"
287,"condition1","3","juede_unclear",116,"觉得","juede",6623,36,"juede",NA,"correct",1,"unconstrained"
287,"condition1","3","yiwei_unclear",103,"以为","yiwei",7858,37,"yiwei",NA,"correct",1,"unconstrained"
287,"condition1","3","yiwei_contrastive",6,"以为","yiwei",4488,38,"yiwei",NA,"correct",1,"constrained"
287,"condition1","3","yiwei_unclear",107,"以为","yiwei",10065,39,"yiwei",NA,"correct",1,"unconstrained"
287,"condition1","3","yiwei_contrastive",4,"以为","yiwei",4089,40,"yiwei",NA,"correct",1,"constrained"
287,"condition1","4","yiwei_contrastive",8,"觉得","juede",11817,41,"yiwei",NA,"incorrect",0,"constrained"
287,"condition1","4","yiwei_contrastive",1,"以为","yiwei",5657,42,"yiwei",NA,"correct",1,"constrained"
287,"condition1","4","yiwei_unclear",106,"觉得","juede",7824,44,"yiwei",NA,"incorrect",0,"unconstrained"
287,"condition1","4","juede_unclear",115,"觉得","juede",5160,46,"juede",NA,"correct",1,"unconstrained"
287,"condition1","4","yiwei_unclear",110,"以为","yiwei",9282,47,"yiwei",NA,"correct",1,"unconstrained"
287,"condition1","4","juede_contrastive",11,"觉得","juede",3767,48,"juede",NA,"correct",1,"constrained"
287,"condition1","4","juede_unclear",112,"觉得","juede",6498,49,"juede",NA,"correct",1,"unconstrained"
287,"condition1","4","juede_contrastive",16,"觉得","juede",4744,50,"juede",NA,"correct",1,"constrained"
369,"condition1","0","juede_unclear",119,"觉得","juede",2543,1,"juede",NA,"correct",1,"unconstrained"
369,"condition1","0","yiwei_unclear",105,"以为","yiwei",25929,2,"yiwei",NA,"correct",1,"unconstrained"
369,"condition1","0","juede_contrastive",12,"觉得","juede",1784,3,"juede",NA,"correct",1,"constrained"
369,"condition1","0","yiwei_contrastive",7,"觉得","juede",2303,4,"yiwei",NA,"incorrect",0,"constrained"
369,"condition1","0","juede_contrastive",19,"觉得","juede",3240,7,"juede",NA,"correct",1,"constrained"
369,"condition1","0","yiwei_unclear",106,"以为","yiwei",2018,8,"yiwei",NA,"correct",1,"unconstrained"
369,"condition1","0","juede_unclear",120,"以为","yiwei",3285,9,"juede",NA,"incorrect",0,"unconstrained"
369,"condition1","0","yiwei_contrastive",2,"以为","yiwei",2183,10,"yiwei",NA,"correct",1,"constrained"
369,"condition1","1","yiwei_unclear",107,"以为","yiwei",9652,12,"yiwei",NA,"correct",1,"unconstrained"
369,"condition1","1","juede_contrastive",15,"觉得","juede",2768,13,"juede",NA,"correct",1,"constrained"
369,"condition1","1","yiwei_contrastive",5,"以为","yiwei",2047,15,"yiwei",NA,"correct",1,"constrained"
369,"condition1","1","juede_unclear",118,"觉得","juede",2094,16,"juede",NA,"correct",1,"unconstrained"
369,"condition1","1","juede_unclear",115,"觉得","juede",2159,17,"juede",NA,"correct",1,"unconstrained"
369,"condition1","1","yiwei_contrastive",3,"以为","yiwei",1843,18,"yiwei",NA,"correct",1,"constrained"
369,"condition1","1","yiwei_unclear",103,"以为","yiwei",2183,19,"yiwei",NA,"correct",1,"unconstrained"
369,"condition1","1","juede_contrastive",18,"以为","yiwei",3473,20,"juede",NA,"incorrect",0,"constrained"
369,"condition1","2","yiwei_unclear",101,"以为","yiwei",1830,21,"yiwei",NA,"correct",1,"unconstrained"
369,"condition1","2","yiwei_unclear",108,"觉得","juede",1680,22,"yiwei",NA,"incorrect",0,"unconstrained"
369,"condition1","2","juede_unclear",114,"以为","yiwei",3556,23,"juede",NA,"incorrect",0,"unconstrained"
369,"condition1","2","juede_unclear",116,"觉得","juede",1979,24,"juede",NA,"correct",1,"unconstrained"
369,"condition1","2","juede_contrastive",14,"觉得","juede",2018,25,"juede",NA,"correct",1,"constrained"
369,"condition1","2","yiwei_contrastive",4,"以为","yiwei",1949,26,"yiwei",NA,"correct",1,"constrained"
369,"condition1","2","juede_contrastive",17,"以为","yiwei",1777,28,"juede",NA,"incorrect",0,"constrained"
369,"condition1","2","yiwei_contrastive",9,"以为","yiwei",2512,30,"yiwei",NA,"correct",1,"constrained"
369,"condition1","3","juede_unclear",117,"以为","yiwei",1372,31,"juede",NA,"incorrect",0,"unconstrained"
369,"condition1","3","yiwei_unclear",104,"以为","yiwei",4005,34,"yiwei",NA,"correct",1,"unconstrained"
369,"condition1","3","juede_contrastive",16,"觉得","juede",3780,35,"juede",NA,"correct",1,"constrained"
369,"condition1","3","yiwei_contrastive",10,"以为","yiwei",1958,36,"yiwei",NA,"correct",1,"constrained"
369,"condition1","3","juede_contrastive",13,"以为","yiwei",5137,37,"juede",NA,"incorrect",0,"constrained"
369,"condition1","3","yiwei_unclear",110,"以为","yiwei",4148,38,"yiwei",NA,"correct",1,"unconstrained"
369,"condition1","3","yiwei_contrastive",6,"以为","yiwei",1538,39,"yiwei",NA,"correct",1,"constrained"
369,"condition1","3","juede_unclear",113,"觉得","juede",1207,40,"juede",NA,"correct",1,"unconstrained"
369,"condition1","4","juede_unclear",112,"觉得","juede",6862,42,"juede",NA,"correct",1,"unconstrained"
369,"condition1","4","juede_contrastive",20,"以为","yiwei",7403,43,"juede",NA,"incorrect",0,"constrained"
369,"condition1","4","yiwei_contrastive",1,"以为","yiwei",6406,44,"yiwei",NA,"correct",1,"constrained"
369,"condition1","4","juede_contrastive",11,"觉得","juede",2917,45,"juede",NA,"correct",1,"constrained"
369,"condition1","4","juede_unclear",111,"觉得","juede",1966,46,"juede",NA,"correct",1,"unconstrained"
369,"condition1","4","yiwei_unclear",109,"以为","yiwei",1957,48,"yiwei",NA,"correct",1,"unconstrained"
369,"condition1","4","yiwei_contrastive",8,"以为","yiwei",1718,49,"yiwei",NA,"correct",1,"constrained"
369,"condition1","4","yiwei_unclear",102,"以为","yiwei",2872,50,"yiwei",NA,"correct",1,"unconstrained"
362,"condition1","0","juede_unclear",117,"以为","yiwei",5284,1,"juede",NA,"incorrect",0,"unconstrained"
362,"condition1","0","yiwei_unclear",102,"觉得","juede",2399,2,"yiwei",NA,"incorrect",0,"unconstrained"
362,"condition1","0","yiwei_contrastive",5,"以为","yiwei",3519,3,"yiwei",NA,"correct",1,"constrained"
362,"condition1","0","juede_contrastive",14,"以为","yiwei",3212,4,"juede",NA,"incorrect",0,"constrained"
362,"condition1","0","juede_contrastive",13,"以为","yiwei",5000,7,"juede",NA,"incorrect",0,"constrained"
362,"condition1","0","yiwei_contrastive",1,"以为","yiwei",3050,8,"yiwei",NA,"correct",1,"constrained"
362,"condition1","0","juede_unclear",118,"觉得","juede",4502,9,"juede",NA,"correct",1,"unconstrained"
362,"condition1","0","yiwei_unclear",105,"以为","yiwei",4667,10,"yiwei",NA,"correct",1,"unconstrained"
362,"condition1","1","yiwei_unclear",104,"以为","yiwei",5902,11,"yiwei",NA,"correct",1,"unconstrained"
362,"condition1","1","juede_unclear",111,"觉得","juede",2700,12,"juede",NA,"correct",1,"unconstrained"
362,"condition1","1","yiwei_contrastive",9,"觉得","juede",2333,13,"yiwei",NA,"incorrect",0,"constrained"
362,"condition1","1","yiwei_unclear",107,"觉得","juede",3084,14,"yiwei",NA,"incorrect",0,"unconstrained"
362,"condition1","1","juede_contrastive",16,"觉得","juede",2750,16,"juede",NA,"correct",1,"constrained"
362,"condition1","1","yiwei_contrastive",10,"以为","yiwei",2550,17,"yiwei",NA,"correct",1,"constrained"
362,"condition1","1","juede_contrastive",18,"觉得","juede",4701,18,"juede",NA,"correct",1,"constrained"
362,"condition1","1","juede_unclear",119,"觉得","juede",4183,20,"juede",NA,"correct",1,"unconstrained"
362,"condition1","2","juede_unclear",113,"觉得","juede",2633,21,"juede",NA,"correct",1,"unconstrained"
362,"condition1","2","yiwei_unclear",106,"以为","yiwei",2884,22,"yiwei",NA,"correct",1,"unconstrained"
362,"condition1","2","juede_unclear",112,"觉得","juede",5651,23,"juede",NA,"correct",1,"unconstrained"
362,"condition1","2","yiwei_contrastive",7,"觉得","juede",2667,26,"yiwei",NA,"incorrect",0,"constrained"
362,"condition1","2","juede_contrastive",12,"觉得","juede",3051,27,"juede",NA,"correct",1,"constrained"
362,"condition1","2","juede_contrastive",19,"觉得","juede",3799,28,"juede",NA,"correct",1,"constrained"
362,"condition1","2","yiwei_unclear",109,"以为","yiwei",2366,29,"yiwei",NA,"correct",1,"unconstrained"
362,"condition1","2","yiwei_contrastive",4,"以为","yiwei",2917,30,"yiwei",NA,"correct",1,"constrained"
362,"condition1","3","juede_contrastive",11,"觉得","juede",3950,31,"juede",NA,"correct",1,"constrained"
362,"condition1","3","juede_unclear",115,"觉得","juede",4840,32,"juede",NA,"correct",1,"unconstrained"
362,"condition1","3","yiwei_unclear",101,"以为","yiwei",3161,33,"yiwei",NA,"correct",1,"unconstrained"
362,"condition1","3","juede_unclear",120,"觉得","juede",2584,34,"juede",NA,"correct",1,"unconstrained"
362,"condition1","3","yiwei_contrastive",2,"觉得","juede",2202,35,"yiwei",NA,"incorrect",0,"constrained"
362,"condition1","3","yiwei_unclear",103,"以为","yiwei",4248,36,"yiwei",NA,"correct",1,"unconstrained"
362,"condition1","3","yiwei_contrastive",8,"觉得","juede",2551,38,"yiwei",NA,"incorrect",0,"constrained"
362,"condition1","3","juede_contrastive",20,"觉得","juede",2816,40,"juede",NA,"correct",1,"constrained"
362,"condition1","4","yiwei_unclear",110,"以为","yiwei",3134,41,"yiwei",NA,"correct",1,"unconstrained"
362,"condition1","4","juede_unclear",114,"觉得","juede",8602,42,"juede",NA,"correct",1,"unconstrained"
362,"condition1","4","yiwei_contrastive",3,"觉得","juede",2082,44,"yiwei",NA,"incorrect",0,"constrained"
362,"condition1","4","juede_contrastive",15,"以为","yiwei",6633,46,"juede",NA,"incorrect",0,"constrained"
362,"condition1","4","yiwei_unclear",108,"以为","yiwei",2584,47,"yiwei",NA,"correct",1,"unconstrained"
362,"condition1","4","yiwei_contrastive",6,"觉得","juede",2468,48,"yiwei",NA,"incorrect",0,"constrained"
362,"condition1","4","juede_unclear",116,"觉得","juede",2834,49,"juede",NA,"correct",1,"unconstrained"
362,"condition1","4","juede_contrastive",17,"觉得","juede",2417,50,"juede",NA,"correct",1,"constrained"
374,"condition1","0","juede_unclear",112,"觉得","juede",3104,2,"juede",NA,"correct",1,"unconstrained"
374,"condition1","0","yiwei_unclear",103,"以为","yiwei",3008,3,"yiwei",NA,"correct",1,"unconstrained"
374,"condition1","0","yiwei_contrastive",9,"觉得","juede",4155,4,"yiwei",NA,"incorrect",0,"constrained"
374,"condition1","0","yiwei_contrastive",1,"以为","yiwei",2370,5,"yiwei",NA,"correct",1,"constrained"
374,"condition1","0","yiwei_unclear",104,"以为","yiwei",5152,7,"yiwei",NA,"correct",1,"unconstrained"
374,"condition1","0","juede_contrastive",12,"觉得","juede",1665,8,"juede",NA,"correct",1,"constrained"
374,"condition1","0","juede_unclear",120,"觉得","juede",3659,9,"juede",NA,"correct",1,"unconstrained"
374,"condition1","0","juede_contrastive",11,"觉得","juede",3930,10,"juede",NA,"correct",1,"constrained"
374,"condition1","1","juede_contrastive",20,"觉得","juede",4148,11,"juede",NA,"correct",1,"constrained"
374,"condition1","1","juede_unclear",119,"觉得","juede",3158,13,"juede",NA,"correct",1,"unconstrained"
374,"condition1","1","yiwei_unclear",101,"以为","yiwei",4140,14,"yiwei",NA,"correct",1,"unconstrained"
374,"condition1","1","yiwei_contrastive",2,"以为","yiwei",2280,15,"yiwei",NA,"correct",1,"constrained"
374,"condition1","1","yiwei_contrastive",8,"以为","yiwei",4274,16,"yiwei",NA,"correct",1,"constrained"
374,"condition1","1","juede_contrastive",16,"觉得","juede",4021,18,"juede",NA,"correct",1,"constrained"
374,"condition1","1","yiwei_unclear",108,"觉得","juede",9576,19,"yiwei",NA,"incorrect",0,"unconstrained"
374,"condition1","1","juede_unclear",118,"觉得","juede",2506,20,"juede",NA,"correct",1,"unconstrained"
374,"condition1","2","yiwei_contrastive",4,"以为","yiwei",2474,21,"yiwei",NA,"correct",1,"constrained"
374,"condition1","2","yiwei_unclear",109,"以为","yiwei",3615,22,"yiwei",NA,"correct",1,"unconstrained"
374,"condition1","2","yiwei_unclear",106,"觉得","juede",2925,24,"yiwei",NA,"incorrect",0,"unconstrained"
374,"condition1","2","juede_unclear",117,"以为","yiwei",2535,25,"juede",NA,"incorrect",0,"unconstrained"
374,"condition1","2","juede_unclear",116,"觉得","juede",2625,26,"juede",NA,"correct",1,"unconstrained"
374,"condition1","2","yiwei_contrastive",7,"觉得","juede",3022,27,"yiwei",NA,"incorrect",0,"constrained"
374,"condition1","2","juede_contrastive",19,"觉得","juede",2333,28,"juede",NA,"correct",1,"constrained"
374,"condition1","2","juede_contrastive",17,"以为","yiwei",2468,30,"juede",NA,"incorrect",0,"constrained"
374,"condition1","3","yiwei_unclear",110,"觉得","juede",5872,31,"yiwei",NA,"incorrect",0,"unconstrained"
374,"condition1","3","juede_contrastive",15,"以为","yiwei",5408,32,"juede",NA,"incorrect",0,"constrained"
374,"condition1","3","yiwei_contrastive",10,"以为","yiwei",6195,33,"yiwei",NA,"correct",1,"constrained"
374,"condition1","3","yiwei_contrastive",6,"以为","yiwei",1950,34,"yiwei",NA,"correct",1,"constrained"
374,"condition1","3","juede_contrastive",13,"以为","yiwei",3308,35,"juede",NA,"incorrect",0,"constrained"
374,"condition1","3","juede_unclear",113,"觉得","juede",2955,36,"juede",NA,"correct",1,"unconstrained"
374,"condition1","3","yiwei_unclear",107,"以为","yiwei",3323,37,"yiwei",NA,"correct",1,"unconstrained"
374,"condition1","3","juede_unclear",111,"觉得","juede",1761,38,"juede",NA,"correct",1,"unconstrained"
374,"condition1","4","yiwei_contrastive",5,"以为","yiwei",1574,41,"yiwei",NA,"correct",1,"constrained"
374,"condition1","4","yiwei_unclear",105,"以为","yiwei",2835,44,"yiwei",NA,"correct",1,"unconstrained"
374,"condition1","4","juede_contrastive",14,"觉得","juede",2325,45,"juede",NA,"correct",1,"constrained"
374,"condition1","4","yiwei_unclear",102,"以为","yiwei",2152,46,"yiwei",NA,"correct",1,"unconstrained"
374,"condition1","4","juede_contrastive",18,"以为","yiwei",1860,47,"juede",NA,"incorrect",0,"constrained"
374,"condition1","4","juede_unclear",114,"觉得","juede",3180,48,"juede",NA,"correct",1,"unconstrained"
374,"condition1","4","yiwei_contrastive",3,"以为","yiwei",4207,49,"yiwei",NA,"correct",1,"constrained"
374,"condition1","4","juede_unclear",115,"觉得","juede",2176,50,"juede",NA,"correct",1,"unconstrained"
375,"condition1","0","yiwei_unclear",107,"以为","yiwei",8659,2,"yiwei",NA,"correct",1,"unconstrained"
375,"condition1","0","juede_unclear",119,"觉得","juede",6576,3,"juede",NA,"correct",1,"unconstrained"
375,"condition1","0","yiwei_unclear",108,"以为","yiwei",14238,4,"yiwei",NA,"correct",1,"unconstrained"
375,"condition1","0","yiwei_contrastive",8,"觉得","juede",7327,5,"yiwei",NA,"incorrect",0,"constrained"
375,"condition1","0","juede_unclear",117,"以为","yiwei",10104,7,"juede",NA,"incorrect",0,"unconstrained"
375,"condition1","0","juede_contrastive",18,"以为","yiwei",9433,8,"juede",NA,"incorrect",0,"constrained"
375,"condition1","0","yiwei_contrastive",4,"以为","yiwei",5881,9,"yiwei",NA,"correct",1,"constrained"
375,"condition1","0","juede_contrastive",20,"以为","yiwei",15418,10,"juede",NA,"incorrect",0,"constrained"
375,"condition1","1","juede_contrastive",17,"以为","yiwei",6965,11,"juede",NA,"incorrect",0,"constrained"
375,"condition1","1","juede_unclear",114,"觉得","juede",12295,12,"juede",NA,"correct",1,"unconstrained"
375,"condition1","1","juede_unclear",115,"以为","yiwei",7855,13,"juede",NA,"incorrect",0,"unconstrained"
375,"condition1","1","yiwei_unclear",104,"以为","yiwei",9875,14,"yiwei",NA,"correct",1,"unconstrained"
375,"condition1","1","yiwei_unclear",103,"以为","yiwei",8153,16,"yiwei",NA,"correct",1,"unconstrained"
375,"condition1","1","yiwei_contrastive",2,"以为","yiwei",10754,17,"yiwei",NA,"correct",1,"constrained"
375,"condition1","1","yiwei_contrastive",9,"觉得","juede",6025,18,"yiwei",NA,"incorrect",0,"constrained"
375,"condition1","1","juede_contrastive",15,"觉得","juede",14759,20,"juede",NA,"correct",1,"constrained"
375,"condition1","2","juede_contrastive",16,"觉得","juede",5349,21,"juede",NA,"correct",1,"constrained"
375,"condition1","2","juede_contrastive",12,"觉得","juede",3141,22,"juede",NA,"correct",1,"constrained"
375,"condition1","2","juede_unclear",116,"觉得","juede",4884,25,"juede",NA,"correct",1,"unconstrained"
375,"condition1","2","yiwei_unclear",105,"以为","yiwei",5841,26,"yiwei",NA,"correct",1,"unconstrained"
375,"condition1","2","yiwei_contrastive",3,"觉得","juede",6071,27,"yiwei",NA,"incorrect",0,"constrained"
375,"condition1","2","yiwei_unclear",106,"以为","yiwei",5920,28,"yiwei",NA,"correct",1,"unconstrained"
375,"condition1","2","juede_unclear",111,"觉得","juede",5211,29,"juede",NA,"correct",1,"unconstrained"
375,"condition1","2","yiwei_contrastive",1,"以为","yiwei",5872,30,"yiwei",NA,"correct",1,"constrained"
375,"condition1","3","juede_contrastive",13,"以为","yiwei",8751,31,"juede",NA,"incorrect",0,"constrained"
375,"condition1","3","juede_unclear",118,"以为","yiwei",4869,32,"juede",NA,"incorrect",0,"unconstrained"
375,"condition1","3","yiwei_unclear",102,"以为","yiwei",4836,33,"yiwei",NA,"correct",1,"unconstrained"
375,"condition1","3","yiwei_unclear",101,"以为","yiwei",4511,34,"yiwei",NA,"correct",1,"unconstrained"
375,"condition1","3","juede_contrastive",14,"觉得","juede",6103,35,"juede",NA,"correct",1,"constrained"
375,"condition1","3","juede_unclear",112,"觉得","juede",5335,36,"juede",NA,"correct",1,"unconstrained"
375,"condition1","3","yiwei_contrastive",6,"以为","yiwei",3832,37,"yiwei",NA,"correct",1,"constrained"
375,"condition1","3","yiwei_contrastive",7,"以为","yiwei",5572,40,"yiwei",NA,"correct",1,"constrained"
375,"condition1","4","yiwei_unclear",109,"以为","yiwei",5304,41,"yiwei",NA,"correct",1,"unconstrained"
375,"condition1","4","juede_contrastive",11,"觉得","juede",5274,42,"juede",NA,"correct",1,"constrained"
375,"condition1","4","juede_unclear",113,"觉得","juede",5740,43,"juede",NA,"correct",1,"unconstrained"
375,"condition1","4","yiwei_contrastive",5,"以为","yiwei",4201,44,"yiwei",NA,"correct",1,"constrained"
375,"condition1","4","juede_unclear",120,"觉得","juede",5201,45,"juede",NA,"correct",1,"unconstrained"
375,"condition1","4","juede_contrastive",19,"觉得","juede",6582,47,"juede",NA,"correct",1,"constrained"
375,"condition1","4","yiwei_unclear",110,"以为","yiwei",12103,48,"yiwei",NA,"correct",1,"unconstrained"
375,"condition1","4","yiwei_contrastive",10,"以为","yiwei",4216,49,"yiwei",NA,"correct",1,"constrained"
355,"condition1","0","juede_unclear",119,"觉得","juede",9814,1,"juede",NA,"correct",1,"unconstrained"
355,"condition1","0","juede_contrastive",19,"觉得","juede",10382,3,"juede",NA,"correct",1,"constrained"
355,"condition1","0","yiwei_unclear",107,"以为","yiwei",5401,4,"yiwei",NA,"correct",1,"unconstrained"
355,"condition1","0","juede_contrastive",14,"以为","yiwei",4568,5,"juede",NA,"incorrect",0,"constrained"
355,"condition1","0","yiwei_unclear",106,"以为","yiwei",5584,6,"yiwei",NA,"correct",1,"unconstrained"
355,"condition1","0","juede_unclear",112,"觉得","juede",4528,7,"juede",NA,"correct",1,"unconstrained"
355,"condition1","0","yiwei_contrastive",7,"觉得","juede",3056,8,"yiwei",NA,"incorrect",0,"constrained"
355,"condition1","0","yiwei_contrastive",9,"以为","yiwei",5496,10,"yiwei",NA,"correct",1,"constrained"
355,"condition1","1","juede_contrastive",12,"觉得","juede",2873,13,"juede",NA,"correct",1,"constrained"
355,"condition1","1","juede_contrastive",16,"觉得","juede",4696,14,"juede",NA,"correct",1,"constrained"
355,"condition1","1","yiwei_contrastive",2,"以为","yiwei",3048,15,"yiwei",NA,"correct",1,"constrained"
355,"condition1","1","yiwei_contrastive",6,"觉得","juede",2225,16,"yiwei",NA,"incorrect",0,"constrained"
355,"condition1","1","yiwei_unclear",104,"以为","yiwei",7879,17,"yiwei",NA,"correct",1,"unconstrained"
355,"condition1","1","juede_unclear",114,"觉得","juede",5263,18,"juede",NA,"correct",1,"unconstrained"
355,"condition1","1","yiwei_unclear",105,"以为","yiwei",4815,19,"yiwei",NA,"correct",1,"unconstrained"
355,"condition1","1","juede_unclear",113,"觉得","juede",3810,20,"juede",NA,"correct",1,"unconstrained"
355,"condition1","2","yiwei_contrastive",4,"以为","yiwei",4232,21,"yiwei",NA,"correct",1,"constrained"
355,"condition1","2","juede_unclear",116,"觉得","juede",3319,23,"juede",NA,"correct",1,"unconstrained"
355,"condition1","2","juede_contrastive",18,"以为","yiwei",6704,25,"juede",NA,"incorrect",0,"constrained"
355,"condition1","2","yiwei_unclear",109,"以为","yiwei",2728,26,"yiwei",NA,"correct",1,"unconstrained"
355,"condition1","2","yiwei_contrastive",3,"觉得","juede",4968,27,"yiwei",NA,"incorrect",0,"constrained"
355,"condition1","2","juede_contrastive",11,"觉得","juede",4729,28,"juede",NA,"correct",1,"constrained"
355,"condition1","2","juede_unclear",117,"以为","yiwei",4255,29,"juede",NA,"incorrect",0,"unconstrained"
355,"condition1","2","yiwei_unclear",101,"以为","yiwei",3111,30,"yiwei",NA,"correct",1,"unconstrained"
355,"condition1","3","yiwei_unclear",102,"觉得","juede",5505,31,"yiwei",NA,"incorrect",0,"unconstrained"
355,"condition1","3","juede_contrastive",13,"以为","yiwei",8575,32,"juede",NA,"incorrect",0,"constrained"
355,"condition1","3","yiwei_contrastive",8,"觉得","juede",4736,33,"yiwei",NA,"incorrect",0,"constrained"
355,"condition1","3","juede_contrastive",17,"觉得","juede",5167,35,"juede",NA,"correct",1,"constrained"
355,"condition1","3","yiwei_contrastive",1,"觉得","juede",4096,36,"yiwei",NA,"incorrect",0,"constrained"
355,"condition1","3","juede_unclear",118,"觉得","juede",3934,37,"juede",NA,"correct",1,"unconstrained"
355,"condition1","3","juede_unclear",120,"以为","yiwei",3568,39,"juede",NA,"incorrect",0,"unconstrained"
355,"condition1","3","yiwei_unclear",110,"以为","yiwei",3896,40,"yiwei",NA,"correct",1,"unconstrained"
355,"condition1","4","yiwei_unclear",103,"以为","yiwei",5208,41,"yiwei",NA,"correct",1,"unconstrained"
355,"condition1","4","yiwei_unclear",108,"觉得","juede",4056,42,"yiwei",NA,"incorrect",0,"unconstrained"
355,"condition1","4","yiwei_contrastive",5,"以为","yiwei",3456,43,"yiwei",NA,"correct",1,"constrained"
355,"condition1","4","juede_contrastive",15,"以为","yiwei",9303,45,"juede",NA,"incorrect",0,"constrained"
355,"condition1","4","yiwei_contrastive",10,"以为","yiwei",4439,47,"yiwei",NA,"correct",1,"constrained"
355,"condition1","4","juede_unclear",111,"觉得","juede",2800,48,"juede",NA,"correct",1,"unconstrained"
355,"condition1","4","juede_unclear",115,"觉得","juede",2464,49,"juede",NA,"correct",1,"unconstrained"
355,"condition1","4","juede_contrastive",20,"觉得","juede",7440,50,"juede",NA,"correct",1,"constrained"
336,"condition1","0","yiwei_unclear",106,"以为","yiwei",4546,1,"yiwei",NA,"correct",1,"unconstrained"
336,"condition1","0","yiwei_contrastive",1,"以为","yiwei",4034,2,"yiwei",NA,"correct",1,"constrained"
336,"condition1","0","juede_contrastive",17,"觉得","juede",3721,3,"juede",NA,"correct",1,"constrained"
336,"condition1","0","yiwei_unclear",105,"以为","yiwei",3463,4,"yiwei",NA,"correct",1,"unconstrained"
336,"condition1","0","juede_unclear",112,"觉得","juede",8884,5,"juede",NA,"correct",1,"unconstrained"
336,"condition1","0","yiwei_contrastive",10,"以为","yiwei",6467,6,"yiwei",NA,"correct",1,"constrained"
336,"condition1","0","juede_unclear",117,"以为","yiwei",3317,8,"juede",NA,"incorrect",0,"unconstrained"
336,"condition1","0","juede_contrastive",16,"觉得","juede",23417,9,"juede",NA,"correct",1,"constrained"
336,"condition1","1","yiwei_contrastive",6,"以为","yiwei",2198,11,"yiwei",NA,"correct",1,"constrained"
336,"condition1","1","yiwei_unclear",103,"以为","yiwei",4151,12,"yiwei",NA,"correct",1,"unconstrained"
336,"condition1","1","yiwei_unclear",110,"以为","yiwei",5250,13,"yiwei",NA,"correct",1,"unconstrained"
336,"condition1","1","juede_unclear",119,"觉得","juede",2316,14,"juede",NA,"correct",1,"unconstrained"
336,"condition1","1","juede_contrastive",11,"觉得","juede",2479,17,"juede",NA,"correct",1,"constrained"
336,"condition1","1","yiwei_contrastive",2,"以为","yiwei",1865,18,"yiwei",NA,"correct",1,"constrained"
336,"condition1","1","juede_unclear",115,"觉得","juede",4294,19,"juede",NA,"correct",1,"unconstrained"
336,"condition1","1","juede_contrastive",13,"以为","yiwei",3996,20,"juede",NA,"incorrect",0,"constrained"
336,"condition1","2","juede_unclear",116,"觉得","juede",5463,21,"juede",NA,"correct",1,"unconstrained"
336,"condition1","2","juede_contrastive",20,"觉得","juede",3682,23,"juede",NA,"correct",1,"constrained"
336,"condition1","2","juede_contrastive",18,"觉得","juede",2215,25,"juede",NA,"correct",1,"constrained"
336,"condition1","2","juede_unclear",114,"觉得","juede",53561,26,"juede",NA,"correct",1,"unconstrained"
336,"condition1","2","yiwei_contrastive",4,"觉得","juede",3249,27,"yiwei",NA,"incorrect",0,"constrained"
336,"condition1","2","yiwei_contrastive",9,"以为","yiwei",1933,28,"yiwei",NA,"correct",1,"constrained"
336,"condition1","2","yiwei_unclear",107,"觉得","juede",3252,29,"yiwei",NA,"incorrect",0,"unconstrained"
336,"condition1","2","yiwei_unclear",108,"觉得","juede",2364,30,"yiwei",NA,"incorrect",0,"unconstrained"
336,"condition1","3","yiwei_unclear",101,"以为","yiwei",3718,33,"yiwei",NA,"correct",1,"unconstrained"
336,"condition1","3","juede_unclear",113,"觉得","juede",1801,34,"juede",NA,"correct",1,"unconstrained"
336,"condition1","3","yiwei_contrastive",8,"觉得","juede",2214,35,"yiwei",NA,"incorrect",0,"constrained"
336,"condition1","3","juede_unclear",120,"觉得","juede",3017,36,"juede",NA,"correct",1,"unconstrained"
336,"condition1","3","yiwei_contrastive",3,"以为","yiwei",2633,37,"yiwei",NA,"correct",1,"constrained"
336,"condition1","3","yiwei_unclear",104,"觉得","juede",4617,38,"yiwei",NA,"incorrect",0,"unconstrained"
336,"condition1","3","juede_contrastive",12,"觉得","juede",3349,39,"juede",NA,"correct",1,"constrained"
336,"condition1","3","juede_contrastive",19,"觉得","juede",3885,40,"juede",NA,"correct",1,"constrained"
336,"condition1","4","juede_unclear",118,"觉得","juede",1634,42,"juede",NA,"correct",1,"unconstrained"
336,"condition1","4","juede_contrastive",15,"觉得","juede",2831,43,"juede",NA,"correct",1,"constrained"
336,"condition1","4","yiwei_unclear",109,"以为","yiwei",1668,44,"yiwei",NA,"correct",1,"unconstrained"
336,"condition1","4","yiwei_contrastive",5,"以为","yiwei",2584,45,"yiwei",NA,"correct",1,"constrained"
336,"condition1","4","yiwei_unclear",102,"觉得","juede",1499,46,"yiwei",NA,"incorrect",0,"unconstrained"
336,"condition1","4","juede_contrastive",14,"觉得","juede",2833,47,"juede",NA,"correct",1,"constrained"
336,"condition1","4","yiwei_contrastive",7,"觉得","juede",1449,48,"yiwei",NA,"incorrect",0,"constrained"
336,"condition1","4","juede_unclear",111,"觉得","juede",2532,49,"juede",NA,"correct",1,"unconstrained"
307,"condition1","0","juede_contrastive",16,"觉得","juede",5278,1,"juede",NA,"correct",1,"constrained"
307,"condition1","0","yiwei_contrastive",2,"以为","yiwei",4187,2,"yiwei",NA,"correct",1,"constrained"
307,"condition1","0","juede_unclear",116,"觉得","juede",4352,3,"juede",NA,"correct",1,"unconstrained"
307,"condition1","0","juede_contrastive",12,"觉得","juede",3632,4,"juede",NA,"correct",1,"constrained"
307,"condition1","0","juede_unclear",118,"觉得","juede",4607,7,"juede",NA,"correct",1,"unconstrained"
307,"condition1","0","yiwei_contrastive",7,"觉得","juede",8201,8,"yiwei",NA,"incorrect",0,"constrained"
307,"condition1","0","yiwei_unclear",101,"以为","yiwei",4616,9,"yiwei",NA,"correct",1,"unconstrained"
307,"condition1","0","yiwei_unclear",109,"以为","yiwei",5114,10,"yiwei",NA,"correct",1,"unconstrained"
307,"condition1","1","yiwei_unclear",110,"以为","yiwei",12168,12,"yiwei",NA,"correct",1,"unconstrained"
307,"condition1","1","juede_contrastive",13,"以为","yiwei",30117,13,"juede",NA,"incorrect",0,"constrained"
307,"condition1","1","yiwei_contrastive",5,"以为","yiwei",3680,14,"yiwei",NA,"correct",1,"constrained"
307,"condition1","1","yiwei_unclear",106,"觉得","juede",10521,15,"yiwei",NA,"incorrect",0,"unconstrained"
307,"condition1","1","yiwei_contrastive",1,"以为","yiwei",2917,16,"yiwei",NA,"correct",1,"constrained"
307,"condition1","1","juede_contrastive",19,"觉得","juede",4711,17,"juede",NA,"correct",1,"constrained"
307,"condition1","1","juede_unclear",113,"觉得","juede",2571,19,"juede",NA,"correct",1,"unconstrained"
307,"condition1","1","juede_unclear",117,"以为","yiwei",11062,20,"juede",NA,"incorrect",0,"unconstrained"
307,"condition1","2","yiwei_unclear",103,"以为","yiwei",11240,21,"yiwei",NA,"correct",1,"unconstrained"
307,"condition1","2","juede_unclear",115,"觉得","juede",3576,22,"juede",NA,"correct",1,"unconstrained"
307,"condition1","2","juede_unclear",119,"觉得","juede",3813,23,"juede",NA,"correct",1,"unconstrained"
307,"condition1","2","yiwei_contrastive",3,"以为","yiwei",8497,24,"yiwei",NA,"correct",1,"constrained"
307,"condition1","2","juede_contrastive",18,"觉得","juede",5270,27,"juede",NA,"correct",1,"constrained"
307,"condition1","2","yiwei_unclear",102,"觉得","juede",4302,28,"yiwei",NA,"incorrect",0,"unconstrained"
307,"condition1","2","juede_contrastive",11,"觉得","juede",3225,29,"juede",NA,"correct",1,"constrained"
307,"condition1","2","yiwei_contrastive",10,"以为","yiwei",3190,30,"yiwei",NA,"correct",1,"constrained"
307,"condition1","3","yiwei_unclear",105,"以为","yiwei",7202,31,"yiwei",NA,"correct",1,"unconstrained"
307,"condition1","3","yiwei_contrastive",9,"觉得","juede",3032,32,"yiwei",NA,"incorrect",0,"constrained"
307,"condition1","3","juede_contrastive",17,"以为","yiwei",4880,33,"juede",NA,"incorrect",0,"constrained"
307,"condition1","3","juede_unclear",114,"觉得","juede",5215,34,"juede",NA,"correct",1,"unconstrained"
307,"condition1","3","juede_unclear",112,"觉得","juede",2811,35,"juede",NA,"correct",1,"unconstrained"
307,"condition1","3","yiwei_contrastive",8,"觉得","juede",3968,37,"yiwei",NA,"incorrect",0,"constrained"
307,"condition1","3","juede_contrastive",20,"觉得","juede",9065,39,"juede",NA,"correct",1,"constrained"
307,"condition1","3","yiwei_unclear",108,"觉得","juede",8630,40,"yiwei",NA,"incorrect",0,"unconstrained"
307,"condition1","4","juede_unclear",120,"觉得","juede",7206,41,"juede",NA,"correct",1,"unconstrained"
307,"condition1","4","juede_contrastive",14,"觉得","juede",3033,42,"juede",NA,"correct",1,"constrained"
307,"condition1","4","yiwei_contrastive",6,"觉得","juede",3117,43,"yiwei",NA,"incorrect",0,"constrained"
307,"condition1","4","yiwei_contrastive",4,"以为","yiwei",3613,44,"yiwei",NA,"correct",1,"constrained"
307,"condition1","4","juede_contrastive",15,"觉得","juede",7846,45,"juede",NA,"correct",1,"constrained"
307,"condition1","4","juede_unclear",111,"觉得","juede",3298,47,"juede",NA,"correct",1,"unconstrained"
307,"condition1","4","yiwei_unclear",104,"以为","yiwei",7569,49,"yiwei",NA,"correct",1,"unconstrained"
307,"condition1","4","yiwei_unclear",107,"以为","yiwei",3816,50,"yiwei",NA,"correct",1,"unconstrained"
365,"condition1","0","juede_contrastive",20,"觉得","juede",8861,1,"juede",NA,"correct",1,"constrained"
365,"condition1","0","juede_unclear",120,"觉得","juede",6133,3,"juede",NA,"correct",1,"unconstrained"
365,"condition1","0","yiwei_unclear",107,"以为","yiwei",7287,4,"yiwei",NA,"correct",1,"unconstrained"
365,"condition1","0","yiwei_contrastive",2,"以为","yiwei",6551,5,"yiwei",NA,"correct",1,"constrained"
365,"condition1","0","juede_unclear",112,"觉得","juede",3945,6,"juede",NA,"correct",1,"unconstrained"
365,"condition1","0","yiwei_contrastive",5,"以为","yiwei",4601,8,"yiwei",NA,"correct",1,"constrained"
365,"condition1","0","juede_contrastive",18,"觉得","juede",4949,9,"juede",NA,"correct",1,"constrained"
365,"condition1","0","yiwei_unclear",103,"以为","yiwei",6483,10,"yiwei",NA,"correct",1,"unconstrained"
365,"condition1","1","juede_contrastive",13,"以为","yiwei",6384,11,"juede",NA,"incorrect",0,"constrained"
365,"condition1","1","yiwei_contrastive",7,"觉得","juede",4224,13,"yiwei",NA,"incorrect",0,"constrained"
365,"condition1","1","juede_unclear",116,"觉得","juede",5877,14,"juede",NA,"correct",1,"unconstrained"
365,"condition1","1","yiwei_unclear",102,"觉得","juede",3633,15,"yiwei",NA,"incorrect",0,"unconstrained"
365,"condition1","1","juede_contrastive",15,"觉得","juede",3901,16,"juede",NA,"correct",1,"constrained"
365,"condition1","1","yiwei_contrastive",9,"觉得","juede",4684,17,"yiwei",NA,"incorrect",0,"constrained"
365,"condition1","1","juede_unclear",111,"觉得","juede",5523,19,"juede",NA,"correct",1,"unconstrained"
365,"condition1","1","yiwei_unclear",110,"以为","yiwei",6760,20,"yiwei",NA,"correct",1,"unconstrained"
365,"condition1","2","juede_unclear",118,"觉得","juede",4318,21,"juede",NA,"correct",1,"unconstrained"
365,"condition1","2","juede_contrastive",12,"觉得","juede",3216,24,"juede",NA,"correct",1,"constrained"
365,"condition1","2","yiwei_unclear",101,"以为","yiwei",10401,25,"yiwei",NA,"correct",1,"unconstrained"
365,"condition1","2","yiwei_contrastive",6,"觉得","juede",4017,26,"yiwei",NA,"incorrect",0,"constrained"
365,"condition1","2","juede_contrastive",17,"以为","yiwei",6200,27,"juede",NA,"incorrect",0,"constrained"
365,"condition1","2","yiwei_contrastive",3,"以为","yiwei",7634,28,"yiwei",NA,"correct",1,"constrained"
365,"condition1","2","yiwei_unclear",108,"觉得","juede",6599,29,"yiwei",NA,"incorrect",0,"unconstrained"
365,"condition1","2","juede_unclear",113,"觉得","juede",3436,30,"juede",NA,"correct",1,"unconstrained"
365,"condition1","3","juede_contrastive",19,"觉得","juede",4519,31,"juede",NA,"correct",1,"constrained"
365,"condition1","3","juede_unclear",117,"以为","yiwei",2745,32,"juede",NA,"incorrect",0,"unconstrained"
365,"condition1","3","yiwei_unclear",109,"以为","yiwei",3450,33,"yiwei",NA,"correct",1,"unconstrained"
365,"condition1","3","yiwei_contrastive",8,"以为","yiwei",5033,34,"yiwei",NA,"correct",1,"constrained"
365,"condition1","3","yiwei_contrastive",10,"觉得","juede",3818,35,"yiwei",NA,"incorrect",0,"constrained"
365,"condition1","3","yiwei_unclear",106,"觉得","juede",5368,37,"yiwei",NA,"incorrect",0,"unconstrained"
365,"condition1","3","juede_contrastive",11,"觉得","juede",4815,38,"juede",NA,"correct",1,"constrained"
365,"condition1","3","juede_unclear",115,"以为","yiwei",4766,39,"juede",NA,"incorrect",0,"unconstrained"
365,"condition1","4","yiwei_contrastive",1,"以为","yiwei",3766,41,"yiwei",NA,"correct",1,"constrained"
365,"condition1","4","yiwei_contrastive",4,"以为","yiwei",5467,42,"yiwei",NA,"correct",1,"constrained"
365,"condition1","4","yiwei_unclear",104,"觉得","juede",5454,43,"yiwei",NA,"incorrect",0,"unconstrained"
365,"condition1","4","juede_contrastive",14,"觉得","juede",3613,44,"juede",NA,"correct",1,"constrained"
365,"condition1","4","juede_unclear",114,"以为","yiwei",9046,46,"juede",NA,"incorrect",0,"unconstrained"
365,"condition1","4","juede_contrastive",16,"觉得","juede",4366,48,"juede",NA,"correct",1,"constrained"
365,"condition1","4","yiwei_unclear",105,"以为","yiwei",6083,49,"yiwei",NA,"correct",1,"unconstrained"
365,"condition1","4","juede_unclear",119,"觉得","juede",4083,50,"juede",NA,"correct",1,"unconstrained"
361,"condition1","0","yiwei_unclear",107,"以为","yiwei",5782,1,"yiwei",NA,"correct",1,"unconstrained"
361,"condition1","0","juede_unclear",113,"觉得","juede",2417,2,"juede",NA,"correct",1,"unconstrained"
361,"condition1","0","yiwei_unclear",101,"觉得","juede",6500,4,"yiwei",NA,"incorrect",0,"unconstrained"
361,"condition1","0","yiwei_contrastive",4,"以为","yiwei",5700,5,"yiwei",NA,"correct",1,"constrained"
361,"condition1","0","yiwei_contrastive",2,"以为","yiwei",2133,6,"yiwei",NA,"correct",1,"constrained"
361,"condition1","0","juede_contrastive",19,"觉得","juede",6666,8,"juede",NA,"correct",1,"constrained"
361,"condition1","0","juede_contrastive",12,"觉得","juede",2667,9,"juede",NA,"correct",1,"constrained"
361,"condition1","0","juede_unclear",115,"觉得","juede",3416,10,"juede",NA,"correct",1,"unconstrained"
361,"condition1","1","juede_contrastive",18,"以为","yiwei",3466,11,"juede",NA,"incorrect",0,"constrained"
361,"condition1","1","yiwei_unclear",105,"以为","yiwei",4167,12,"yiwei",NA,"correct",1,"unconstrained"
361,"condition1","1","juede_contrastive",14,"觉得","juede",4200,13,"juede",NA,"correct",1,"constrained"
361,"condition1","1","yiwei_contrastive",9,"以为","yiwei",2550,14,"yiwei",NA,"correct",1,"constrained"
361,"condition1","1","yiwei_unclear",106,"以为","yiwei",4033,15,"yiwei",NA,"correct",1,"unconstrained"
361,"condition1","1","yiwei_contrastive",10,"以为","yiwei",2617,16,"yiwei",NA,"correct",1,"constrained"
361,"condition1","1","juede_unclear",116,"觉得","juede",5133,18,"juede",NA,"correct",1,"unconstrained"
361,"condition1","1","juede_unclear",112,"觉得","juede",2850,19,"juede",NA,"correct",1,"unconstrained"
361,"condition1","2","juede_unclear",111,"觉得","juede",2600,21,"juede",NA,"correct",1,"unconstrained"
361,"condition1","2","juede_contrastive",13,"以为","yiwei",3950,22,"juede",NA,"incorrect",0,"constrained"
361,"condition1","2","yiwei_unclear",108,"觉得","juede",3850,24,"yiwei",NA,"incorrect",0,"unconstrained"
361,"condition1","2","yiwei_contrastive",7,"以为","yiwei",2583,25,"yiwei",NA,"correct",1,"constrained"
361,"condition1","2","juede_unclear",114,"觉得","juede",6017,26,"juede",NA,"correct",1,"unconstrained"
361,"condition1","2","yiwei_unclear",109,"以为","yiwei",2049,27,"yiwei",NA,"correct",1,"unconstrained"
361,"condition1","2","yiwei_contrastive",6,"以为","yiwei",2383,29,"yiwei",NA,"correct",1,"constrained"
361,"condition1","2","juede_contrastive",15,"以为","yiwei",6700,30,"juede",NA,"incorrect",0,"constrained"
361,"condition1","3","yiwei_unclear",102,"觉得","juede",1934,31,"yiwei",NA,"incorrect",0,"unconstrained"
361,"condition1","3","juede_unclear",118,"觉得","juede",2566,33,"juede",NA,"correct",1,"unconstrained"
361,"condition1","3","yiwei_contrastive",1,"以为","yiwei",5050,35,"yiwei",NA,"correct",1,"constrained"
361,"condition1","3","juede_contrastive",11,"觉得","juede",6250,36,"juede",NA,"correct",1,"constrained"
361,"condition1","3","yiwei_unclear",110,"以为","yiwei",2767,37,"yiwei",NA,"correct",1,"unconstrained"
361,"condition1","3","juede_contrastive",16,"觉得","juede",2200,38,"juede",NA,"correct",1,"constrained"
361,"condition1","3","juede_unclear",120,"以为","yiwei",3683,39,"juede",NA,"incorrect",0,"unconstrained"
361,"condition1","3","yiwei_contrastive",5,"以为","yiwei",2450,40,"yiwei",NA,"correct",1,"constrained"
361,"condition1","4","juede_contrastive",17,"以为","yiwei",2500,41,"juede",NA,"incorrect",0,"constrained"
361,"condition1","4","juede_unclear",117,"以为","yiwei",1983,42,"juede",NA,"incorrect",0,"unconstrained"
361,"condition1","4","juede_unclear",119,"觉得","juede",2850,43,"juede",NA,"correct",1,"unconstrained"
361,"condition1","4","yiwei_unclear",104,"以为","yiwei",2367,44,"yiwei",NA,"correct",1,"unconstrained"
361,"condition1","4","yiwei_unclear",103,"以为","yiwei",2783,46,"yiwei",NA,"correct",1,"unconstrained"
361,"condition1","4","juede_contrastive",20,"以为","yiwei",3150,48,"juede",NA,"incorrect",0,"constrained"
361,"condition1","4","yiwei_contrastive",8,"以为","yiwei",3949,49,"yiwei",NA,"correct",1,"constrained"
361,"condition1","4","yiwei_contrastive",3,"以为","yiwei",2683,50,"yiwei",NA,"correct",1,"constrained"
