"workerid","proliferate.condition","block_id","condition","item_id","original_choice","response","rt","trial_num","verb","error","response_corr","response_num","discourse_type"
308,"condition1","0","juede_unclear",112,"觉得","juede",14726,1,"juede",NA,"correct",1,"unconstrained"
308,"condition1","0","yiwei_contrastive",3,"以为","yiwei",13600,2,"yiwei",NA,"correct",1,"constrained"
308,"condition1","0","juede_contrastive",18,"以为","yiwei",9735,3,"juede",NA,"incorrect",0,"constrained"
308,"condition1","0","yiwei_unclear",110,"以为","yiwei",19855,5,"yiwei",NA,"correct",1,"unconstrained"
308,"condition1","0","yiwei_unclear",103,"以为","yiwei",12593,6,"yiwei",NA,"correct",1,"unconstrained"
308,"condition1","0","juede_unclear",115,"觉得","juede",10104,7,"juede",NA,"correct",1,"unconstrained"
308,"condition1","0","yiwei_contrastive",9,"以为","yiwei",15240,8,"yiwei",NA,"correct",1,"constrained"
308,"condition1","0","juede_contrastive",13,"以为","yiwei",12008,10,"juede",NA,"incorrect",0,"constrained"
308,"condition1","1","juede_unclear",111,"觉得","juede",3545,12,"juede",NA,"correct",1,"unconstrained"
308,"condition1","1","yiwei_contrastive",10,"以为","yiwei",9088,13,"yiwei",NA,"correct",1,"constrained"
308,"condition1","1","yiwei_unclear",109,"以为","yiwei",12728,14,"yiwei",NA,"correct",1,"unconstrained"
308,"condition1","1","juede_unclear",119,"觉得","juede",5368,16,"juede",NA,"correct",1,"unconstrained"
308,"condition1","1","juede_contrastive",16,"觉得","juede",4872,17,"juede",NA,"correct",1,"constrained"
308,"condition1","1","yiwei_contrastive",2,"以为","yiwei",7353,18,"yiwei",NA,"correct",1,"constrained"
308,"condition1","1","yiwei_unclear",105,"以为","yiwei",110535,19,"yiwei",NA,"correct",1,"unconstrained"
308,"condition1","1","juede_contrastive",12,"觉得","juede",5727,20,"juede",NA,"correct",1,"constrained"
308,"condition1","2","juede_unclear",118,"觉得","juede",8096,21,"juede",NA,"correct",1,"unconstrained"
308,"condition1","2","juede_unclear",117,"觉得","juede",13545,22,"juede",NA,"correct",1,"unconstrained"
308,"condition1","2","juede_contrastive",20,"觉得","juede",16905,24,"juede",NA,"correct",1,"constrained"
308,"condition1","2","yiwei_contrastive",1,"以为","yiwei",12872,25,"yiwei",NA,"correct",1,"constrained"
308,"condition1","2","juede_contrastive",19,"觉得","juede",4344,26,"juede",NA,"correct",1,"constrained"
308,"condition1","2","yiwei_unclear",104,"以为","yiwei",5383,27,"yiwei",NA,"correct",1,"unconstrained"
308,"condition1","2","yiwei_contrastive",8,"以为","yiwei",6105,28,"yiwei",NA,"correct",1,"constrained"
308,"condition1","2","yiwei_unclear",107,"以为","yiwei",7872,30,"yiwei",NA,"correct",1,"unconstrained"
308,"condition1","3","yiwei_unclear",102,"以为","yiwei",5440,31,"yiwei",NA,"correct",1,"unconstrained"
308,"condition1","3","yiwei_contrastive",7,"以为","yiwei",22233,32,"yiwei",NA,"correct",1,"constrained"
308,"condition1","3","yiwei_contrastive",5,"以为","yiwei",17768,33,"yiwei",NA,"correct",1,"constrained"
308,"condition1","3","yiwei_unclear",101,"以为","yiwei",14503,34,"yiwei",NA,"correct",1,"unconstrained"
308,"condition1","3","juede_contrastive",15,"以为","yiwei",18993,35,"juede",NA,"incorrect",0,"constrained"
308,"condition1","3","juede_unclear",120,"觉得","juede",7184,36,"juede",NA,"correct",1,"unconstrained"
308,"condition1","3","juede_unclear",116,"觉得","juede",4128,37,"juede",NA,"correct",1,"unconstrained"
308,"condition1","3","juede_contrastive",11,"觉得","juede",3776,40,"juede",NA,"correct",1,"constrained"
308,"condition1","4","juede_contrastive",14,"觉得","juede",11991,41,"juede",NA,"correct",1,"constrained"
308,"condition1","4","juede_unclear",113,"觉得","juede",3993,42,"juede",NA,"correct",1,"unconstrained"
308,"condition1","4","yiwei_contrastive",6,"以为","yiwei",15168,44,"yiwei",NA,"correct",1,"constrained"
308,"condition1","4","yiwei_contrastive",4,"以为","yiwei",12752,45,"yiwei",NA,"correct",1,"constrained"
308,"condition1","4","juede_unclear",114,"觉得","juede",9569,47,"juede",NA,"correct",1,"unconstrained"
308,"condition1","4","juede_contrastive",17,"觉得","juede",10304,48,"juede",NA,"correct",1,"constrained"
308,"condition1","4","yiwei_unclear",108,"觉得","juede",13447,49,"yiwei",NA,"incorrect",0,"unconstrained"
308,"condition1","4","yiwei_unclear",106,"以为","yiwei",18964,50,"yiwei",NA,"correct",1,"unconstrained"
319,"condition1","0","juede_contrastive",11,"觉得","juede",45050,1,"juede",NA,"correct",1,"constrained"
319,"condition1","0","yiwei_contrastive",8,"以为","yiwei",60847,2,"yiwei",NA,"correct",1,"constrained"
319,"condition1","0","juede_contrastive",19,"觉得","juede",21007,3,"juede",NA,"correct",1,"constrained"
319,"condition1","0","yiwei_contrastive",5,"以为","yiwei",14232,4,"yiwei",NA,"correct",1,"constrained"
319,"condition1","0","juede_unclear",115,"觉得","juede",37283,5,"juede",NA,"correct",1,"unconstrained"
319,"condition1","0","yiwei_unclear",108,"以为","yiwei",37087,7,"yiwei",NA,"correct",1,"unconstrained"
319,"condition1","0","juede_unclear",118,"觉得","juede",62736,8,"juede",NA,"correct",1,"unconstrained"
319,"condition1","0","yiwei_unclear",103,"以为","yiwei",32901,10,"yiwei",NA,"correct",1,"unconstrained"
319,"condition1","1","yiwei_unclear",106,"以为","yiwei",44985,12,"yiwei",NA,"correct",1,"unconstrained"
319,"condition1","1","juede_unclear",112,"觉得","juede",32479,14,"juede",NA,"correct",1,"unconstrained"
319,"condition1","1","juede_unclear",113,"觉得","juede",23684,15,"juede",NA,"correct",1,"unconstrained"
319,"condition1","1","yiwei_contrastive",7,"以为","yiwei",46401,16,"yiwei",NA,"correct",1,"constrained"
319,"condition1","1","yiwei_unclear",101,"以为","yiwei",19007,17,"yiwei",NA,"correct",1,"unconstrained"
319,"condition1","1","juede_contrastive",17,"觉得","juede",25207,18,"juede",NA,"correct",1,"constrained"
319,"condition1","1","juede_contrastive",15,"觉得","juede",47564,19,"juede",NA,"correct",1,"constrained"
319,"condition1","1","yiwei_contrastive",10,"以为","yiwei",22267,20,"yiwei",NA,"correct",1,"constrained"
319,"condition1","2","yiwei_contrastive",9,"以为","yiwei",37582,21,"yiwei",NA,"correct",1,"constrained"
319,"condition1","2","juede_contrastive",16,"觉得","juede",21895,22,"juede",NA,"correct",1,"constrained"
319,"condition1","2","juede_unclear",116,"以为","yiwei",50422,23,"juede",NA,"incorrect",0,"unconstrained"
319,"condition1","2","yiwei_unclear",104,"觉得","juede",33660,24,"yiwei",NA,"incorrect",0,"unconstrained"
319,"condition1","2","juede_unclear",114,"觉得","juede",26699,26,"juede",NA,"correct",1,"unconstrained"
319,"condition1","2","yiwei_contrastive",2,"以为","yiwei",39778,27,"yiwei",NA,"correct",1,"constrained"
319,"condition1","2","juede_contrastive",18,"觉得","juede",26070,28,"juede",NA,"correct",1,"constrained"
319,"condition1","2","yiwei_unclear",102,"以为","yiwei",49026,29,"yiwei",NA,"correct",1,"unconstrained"
319,"condition1","3","juede_contrastive",12,"觉得","juede",26039,31,"juede",NA,"correct",1,"constrained"
319,"condition1","3","yiwei_unclear",109,"以为","yiwei",31892,32,"yiwei",NA,"correct",1,"unconstrained"
319,"condition1","3","yiwei_contrastive",1,"以为","yiwei",38511,34,"yiwei",NA,"correct",1,"constrained"
319,"condition1","3","juede_contrastive",20,"觉得","juede",38961,35,"juede",NA,"correct",1,"constrained"
319,"condition1","3","juede_unclear",119,"觉得","juede",19606,36,"juede",NA,"correct",1,"unconstrained"
319,"condition1","3","juede_unclear",111,"觉得","juede",16620,38,"juede",NA,"correct",1,"unconstrained"
319,"condition1","3","yiwei_unclear",110,"以为","yiwei",67199,39,"yiwei",NA,"correct",1,"unconstrained"
319,"condition1","3","yiwei_contrastive",3,"以为","yiwei",39839,40,"yiwei",NA,"correct",1,"constrained"
319,"condition1","4","yiwei_unclear",105,"以为","yiwei",57875,42,"yiwei",NA,"correct",1,"unconstrained"
319,"condition1","4","juede_contrastive",13,"觉得","juede",17241,43,"juede",NA,"correct",1,"constrained"
319,"condition1","4","juede_unclear",120,"觉得","juede",39939,44,"juede",NA,"correct",1,"unconstrained"
319,"condition1","4","yiwei_contrastive",4,"以为","yiwei",69457,45,"yiwei",NA,"correct",1,"constrained"
319,"condition1","4","yiwei_unclear",107,"以为","yiwei",23539,46,"yiwei",NA,"correct",1,"unconstrained"
319,"condition1","4","juede_contrastive",14,"觉得","juede",30353,48,"juede",NA,"correct",1,"constrained"
319,"condition1","4","yiwei_contrastive",6,"以为","yiwei",42096,49,"yiwei",NA,"correct",1,"constrained"
319,"condition1","4","juede_unclear",117,"觉得","juede",44024,50,"juede",NA,"correct",1,"unconstrained"
283,"condition1","0","juede_unclear",115,"觉得","juede",20428,1,"juede",NA,"correct",1,"unconstrained"
283,"condition1","0","yiwei_contrastive",4,"以为","yiwei",27163,2,"yiwei",NA,"correct",1,"constrained"
283,"condition1","0","juede_unclear",113,"觉得","juede",18604,3,"juede",NA,"correct",1,"unconstrained"
283,"condition1","0","yiwei_contrastive",10,"觉得","juede",12229,5,"yiwei",NA,"incorrect",0,"constrained"
283,"condition1","0","juede_contrastive",15,"觉得","juede",24031,6,"juede",NA,"correct",1,"constrained"
283,"condition1","0","yiwei_unclear",104,"以为","yiwei",24350,7,"yiwei",NA,"correct",1,"unconstrained"
283,"condition1","0","yiwei_unclear",106,"以为","yiwei",23629,9,"yiwei",NA,"correct",1,"unconstrained"
283,"condition1","0","juede_contrastive",17,"觉得","juede",9702,10,"juede",NA,"correct",1,"constrained"
283,"condition1","1","yiwei_unclear",103,"以为","yiwei",18443,12,"yiwei",NA,"correct",1,"unconstrained"
283,"condition1","1","juede_contrastive",12,"觉得","juede",7908,13,"juede",NA,"correct",1,"constrained"
283,"condition1","1","yiwei_contrastive",6,"以为","yiwei",15380,14,"yiwei",NA,"correct",1,"constrained"
283,"condition1","1","juede_unclear",119,"觉得","juede",15239,15,"juede",NA,"correct",1,"unconstrained"
283,"condition1","1","juede_unclear",114,"觉得","juede",8631,17,"juede",NA,"correct",1,"unconstrained"
283,"condition1","1","yiwei_contrastive",3,"以为","yiwei",14267,18,"yiwei",NA,"correct",1,"constrained"
283,"condition1","1","juede_contrastive",11,"觉得","juede",9139,19,"juede",NA,"correct",1,"constrained"
283,"condition1","1","yiwei_unclear",109,"以为","yiwei",9395,20,"yiwei",NA,"correct",1,"unconstrained"
283,"condition1","2","juede_unclear",117,"觉得","juede",23111,21,"juede",NA,"correct",1,"unconstrained"
283,"condition1","2","juede_contrastive",19,"觉得","juede",11398,22,"juede",NA,"correct",1,"constrained"
283,"condition1","2","yiwei_unclear",110,"以为","yiwei",17016,24,"yiwei",NA,"correct",1,"unconstrained"
283,"condition1","2","juede_contrastive",13,"觉得","juede",11002,26,"juede",NA,"correct",1,"constrained"
283,"condition1","2","juede_unclear",112,"觉得","juede",10368,27,"juede",NA,"correct",1,"unconstrained"
283,"condition1","2","yiwei_contrastive",8,"以为","yiwei",16442,28,"yiwei",NA,"correct",1,"constrained"
283,"condition1","2","yiwei_unclear",101,"以为","yiwei",10624,29,"yiwei",NA,"correct",1,"unconstrained"
283,"condition1","2","yiwei_contrastive",5,"以为","yiwei",16226,30,"yiwei",NA,"correct",1,"constrained"
283,"condition1","3","yiwei_unclear",102,"觉得","juede",20183,31,"yiwei",NA,"incorrect",0,"unconstrained"
283,"condition1","3","yiwei_contrastive",7,"以为","yiwei",17661,32,"yiwei",NA,"correct",1,"constrained"
283,"condition1","3","juede_contrastive",20,"觉得","juede",14984,33,"juede",NA,"correct",1,"constrained"
283,"condition1","3","juede_contrastive",18,"觉得","juede",10484,34,"juede",NA,"correct",1,"constrained"
283,"condition1","3","juede_unclear",118,"觉得","juede",7953,36,"juede",NA,"correct",1,"unconstrained"
283,"condition1","3","juede_unclear",116,"觉得","juede",11018,37,"juede",NA,"correct",1,"unconstrained"
283,"condition1","3","yiwei_contrastive",1,"以为","yiwei",8278,39,"yiwei",NA,"correct",1,"constrained"
283,"condition1","3","yiwei_unclear",107,"以为","yiwei",9073,40,"yiwei",NA,"correct",1,"unconstrained"
283,"condition1","4","juede_contrastive",16,"觉得","juede",9737,41,"juede",NA,"correct",1,"constrained"
283,"condition1","4","juede_unclear",111,"觉得","juede",6936,42,"juede",NA,"correct",1,"unconstrained"
283,"condition1","4","juede_contrastive",14,"觉得","juede",6498,43,"juede",NA,"correct",1,"constrained"
283,"condition1","4","yiwei_unclear",105,"以为","yiwei",19830,44,"yiwei",NA,"correct",1,"unconstrained"
283,"condition1","4","yiwei_unclear",108,"以为","yiwei",19154,45,"yiwei",NA,"correct",1,"unconstrained"
283,"condition1","4","juede_unclear",120,"觉得","juede",7414,46,"juede",NA,"correct",1,"unconstrained"
283,"condition1","4","yiwei_contrastive",2,"以为","yiwei",7918,48,"yiwei",NA,"correct",1,"constrained"
283,"condition1","4","yiwei_contrastive",9,"以为","yiwei",16088,50,"yiwei",NA,"correct",1,"constrained"
346,"condition1","0","juede_contrastive",15,"觉得","juede",29097,1,"juede",NA,"correct",1,"constrained"
346,"condition1","0","yiwei_contrastive",6,"以为","yiwei",13213,2,"yiwei",NA,"correct",1,"constrained"
346,"condition1","0","juede_contrastive",20,"觉得","juede",21059,3,"juede",NA,"correct",1,"constrained"
346,"condition1","0","yiwei_unclear",107,"以为","yiwei",21109,4,"yiwei",NA,"correct",1,"unconstrained"
346,"condition1","0","juede_unclear",118,"觉得","juede",14409,7,"juede",NA,"correct",1,"unconstrained"
346,"condition1","0","yiwei_unclear",110,"觉得","juede",48924,8,"yiwei",NA,"incorrect",0,"unconstrained"
346,"condition1","0","yiwei_contrastive",5,"以为","yiwei",22571,9,"yiwei",NA,"correct",1,"constrained"
346,"condition1","0","juede_unclear",116,"觉得","juede",19123,10,"juede",NA,"correct",1,"unconstrained"
346,"condition1","1","yiwei_contrastive",2,"以为","yiwei",17545,12,"yiwei",NA,"correct",1,"constrained"
346,"condition1","1","juede_contrastive",19,"觉得","juede",11010,13,"juede",NA,"correct",1,"constrained"
346,"condition1","1","yiwei_contrastive",9,"以为","yiwei",44573,14,"yiwei",NA,"correct",1,"constrained"
346,"condition1","1","yiwei_unclear",101,"以为","yiwei",7625,15,"yiwei",NA,"correct",1,"unconstrained"
346,"condition1","1","juede_unclear",117,"以为","yiwei",36224,16,"juede",NA,"incorrect",0,"unconstrained"
346,"condition1","1","juede_unclear",120,"觉得","juede",19946,17,"juede",NA,"correct",1,"unconstrained"
346,"condition1","1","juede_contrastive",17,"觉得","juede",36597,18,"juede",NA,"correct",1,"constrained"
346,"condition1","1","yiwei_unclear",103,"以为","yiwei",16201,20,"yiwei",NA,"correct",1,"unconstrained"
346,"condition1","2","juede_contrastive",13,"以为","yiwei",9368,22,"juede",NA,"incorrect",0,"constrained"
346,"condition1","2","yiwei_unclear",102,"觉得","juede",10913,23,"yiwei",NA,"incorrect",0,"unconstrained"
346,"condition1","2","yiwei_unclear",106,"以为","yiwei",20699,24,"yiwei",NA,"correct",1,"unconstrained"
346,"condition1","2","juede_unclear",112,"觉得","juede",15751,25,"juede",NA,"correct",1,"unconstrained"
346,"condition1","2","juede_contrastive",14,"觉得","juede",16988,27,"juede",NA,"correct",1,"constrained"
346,"condition1","2","juede_unclear",111,"觉得","juede",10334,28,"juede",NA,"correct",1,"unconstrained"
346,"condition1","2","yiwei_contrastive",7,"以为","yiwei",29661,29,"yiwei",NA,"correct",1,"constrained"
346,"condition1","2","yiwei_contrastive",1,"以为","yiwei",29946,30,"yiwei",NA,"correct",1,"constrained"
346,"condition1","3","yiwei_unclear",105,"以为","yiwei",15475,31,"yiwei",NA,"correct",1,"unconstrained"
346,"condition1","3","yiwei_contrastive",8,"以为","yiwei",45732,32,"yiwei",NA,"correct",1,"constrained"
346,"condition1","3","juede_contrastive",12,"觉得","juede",10808,33,"juede",NA,"correct",1,"constrained"
346,"condition1","3","yiwei_unclear",108,"觉得","juede",21395,34,"yiwei",NA,"incorrect",0,"unconstrained"
346,"condition1","3","yiwei_contrastive",10,"以为","yiwei",5513,35,"yiwei",NA,"correct",1,"constrained"
346,"condition1","3","juede_contrastive",18,"觉得","juede",35478,38,"juede",NA,"correct",1,"constrained"
346,"condition1","3","juede_unclear",115,"觉得","juede",12775,39,"juede",NA,"correct",1,"unconstrained"
346,"condition1","3","juede_unclear",113,"觉得","juede",8827,40,"juede",NA,"correct",1,"unconstrained"
346,"condition1","4","juede_unclear",119,"觉得","juede",14253,42,"juede",NA,"correct",1,"unconstrained"
346,"condition1","4","yiwei_unclear",104,"以为","yiwei",10369,43,"yiwei",NA,"correct",1,"unconstrained"
346,"condition1","4","juede_contrastive",11,"觉得","juede",5954,44,"juede",NA,"correct",1,"constrained"
346,"condition1","4","yiwei_contrastive",3,"以为","yiwei",13436,45,"yiwei",NA,"correct",1,"constrained"
346,"condition1","4","juede_contrastive",16,"觉得","juede",7794,46,"juede",NA,"correct",1,"constrained"
346,"condition1","4","yiwei_unclear",109,"以为","yiwei",9580,47,"yiwei",NA,"correct",1,"unconstrained"
346,"condition1","4","yiwei_contrastive",4,"以为","yiwei",31447,48,"yiwei",NA,"correct",1,"constrained"
346,"condition1","4","juede_unclear",114,"觉得","juede",14045,49,"juede",NA,"correct",1,"unconstrained"
323,"condition1","0","juede_unclear",120,"觉得","juede",41443,1,"juede",NA,"correct",1,"unconstrained"
323,"condition1","0","yiwei_contrastive",7,"以为","yiwei",65764,3,"yiwei",NA,"correct",1,"constrained"
323,"condition1","0","yiwei_contrastive",10,"觉得","juede",30431,4,"yiwei",NA,"incorrect",0,"constrained"
323,"condition1","0","juede_contrastive",18,"觉得","juede",41577,6,"juede",NA,"correct",1,"constrained"
323,"condition1","0","juede_contrastive",17,"以为","yiwei",36000,7,"juede",NA,"incorrect",0,"constrained"
323,"condition1","0","yiwei_unclear",102,"觉得","juede",44148,8,"yiwei",NA,"incorrect",0,"unconstrained"
323,"condition1","0","yiwei_unclear",109,"以为","yiwei",32122,9,"yiwei",NA,"correct",1,"unconstrained"
323,"condition1","0","juede_unclear",116,"以为","yiwei",55602,10,"juede",NA,"incorrect",0,"unconstrained"
323,"condition1","1","yiwei_contrastive",9,"以为","yiwei",67796,12,"yiwei",NA,"correct",1,"constrained"
323,"condition1","1","juede_contrastive",15,"觉得","juede",51624,13,"juede",NA,"correct",1,"constrained"
323,"condition1","1","yiwei_contrastive",4,"以为","yiwei",53176,15,"yiwei",NA,"correct",1,"constrained"
323,"condition1","1","juede_contrastive",13,"觉得","juede",33166,16,"juede",NA,"correct",1,"constrained"
323,"condition1","1","juede_unclear",119,"觉得","juede",24806,17,"juede",NA,"correct",1,"unconstrained"
323,"condition1","1","yiwei_unclear",106,"以为","yiwei",29366,18,"yiwei",NA,"correct",1,"unconstrained"
323,"condition1","1","juede_unclear",115,"觉得","juede",56746,19,"juede",NA,"correct",1,"unconstrained"
323,"condition1","1","yiwei_unclear",110,"以为","yiwei",35575,20,"yiwei",NA,"correct",1,"unconstrained"
323,"condition1","2","yiwei_contrastive",2,"以为","yiwei",17527,21,"yiwei",NA,"correct",1,"constrained"
323,"condition1","2","yiwei_unclear",104,"以为","yiwei",22933,22,"yiwei",NA,"correct",1,"unconstrained"
323,"condition1","2","yiwei_unclear",107,"觉得","juede",25948,23,"yiwei",NA,"incorrect",0,"unconstrained"
323,"condition1","2","juede_contrastive",20,"觉得","juede",47536,24,"juede",NA,"correct",1,"constrained"
323,"condition1","2","yiwei_contrastive",3,"以为","yiwei",19488,25,"yiwei",NA,"correct",1,"constrained"
323,"condition1","2","juede_unclear",114,"觉得","juede",51664,27,"juede",NA,"correct",1,"unconstrained"
323,"condition1","2","juede_unclear",118,"觉得","juede",41458,29,"juede",NA,"correct",1,"unconstrained"
323,"condition1","2","juede_contrastive",16,"觉得","juede",26992,30,"juede",NA,"correct",1,"constrained"
323,"condition1","3","yiwei_unclear",105,"以为","yiwei",42644,31,"yiwei",NA,"correct",1,"unconstrained"
323,"condition1","3","juede_contrastive",14,"觉得","juede",19553,33,"juede",NA,"correct",1,"constrained"
323,"condition1","3","juede_unclear",111,"觉得","juede",11536,35,"juede",NA,"correct",1,"unconstrained"
323,"condition1","3","yiwei_unclear",103,"以为","yiwei",22402,36,"yiwei",NA,"correct",1,"unconstrained"
323,"condition1","3","juede_unclear",112,"觉得","juede",28329,37,"juede",NA,"correct",1,"unconstrained"
323,"condition1","3","yiwei_contrastive",8,"以为","yiwei",38895,38,"yiwei",NA,"correct",1,"constrained"
323,"condition1","3","yiwei_contrastive",6,"以为","yiwei",22724,39,"yiwei",NA,"correct",1,"constrained"
323,"condition1","3","juede_contrastive",11,"觉得","juede",27437,40,"juede",NA,"correct",1,"constrained"
323,"condition1","4","juede_unclear",113,"觉得","juede",27028,41,"juede",NA,"correct",1,"unconstrained"
323,"condition1","4","juede_unclear",117,"觉得","juede",29886,43,"juede",NA,"correct",1,"unconstrained"
323,"condition1","4","yiwei_unclear",108,"以为","yiwei",35594,44,"yiwei",NA,"correct",1,"unconstrained"
323,"condition1","4","yiwei_unclear",101,"以为","yiwei",44398,45,"yiwei",NA,"correct",1,"unconstrained"
323,"condition1","4","juede_contrastive",19,"觉得","juede",39258,46,"juede",NA,"correct",1,"constrained"
323,"condition1","4","yiwei_contrastive",5,"以为","yiwei",19552,47,"yiwei",NA,"correct",1,"constrained"
323,"condition1","4","juede_contrastive",12,"觉得","juede",51294,49,"juede",NA,"correct",1,"constrained"
323,"condition1","4","yiwei_contrastive",1,"以为","yiwei",15935,50,"yiwei",NA,"correct",1,"constrained"
359,"condition1","0","juede_contrastive",19,"觉得","juede",18724,1,"juede",NA,"correct",1,"constrained"
359,"condition1","0","juede_contrastive",18,"觉得","juede",23733,2,"juede",NA,"correct",1,"constrained"
359,"condition1","0","yiwei_contrastive",6,"以为","yiwei",12609,3,"yiwei",NA,"correct",1,"constrained"
359,"condition1","0","yiwei_contrastive",7,"以为","yiwei",13101,5,"yiwei",NA,"correct",1,"constrained"
359,"condition1","0","yiwei_unclear",108,"觉得","juede",20388,6,"yiwei",NA,"incorrect",0,"unconstrained"
359,"condition1","0","yiwei_unclear",110,"以为","yiwei",19842,7,"yiwei",NA,"correct",1,"unconstrained"
359,"condition1","0","juede_unclear",116,"觉得","juede",24244,8,"juede",NA,"correct",1,"unconstrained"
359,"condition1","0","juede_unclear",117,"觉得","juede",31745,10,"juede",NA,"correct",1,"unconstrained"
359,"condition1","1","yiwei_contrastive",8,"以为","yiwei",23777,11,"yiwei",NA,"correct",1,"constrained"
359,"condition1","1","juede_unclear",113,"觉得","juede",12269,13,"juede",NA,"correct",1,"unconstrained"
359,"condition1","1","juede_contrastive",17,"以为","yiwei",11875,14,"juede",NA,"incorrect",0,"constrained"
359,"condition1","1","yiwei_unclear",107,"以为","yiwei",19017,15,"yiwei",NA,"correct",1,"unconstrained"
359,"condition1","1","yiwei_unclear",101,"以为","yiwei",18150,16,"yiwei",NA,"correct",1,"unconstrained"
359,"condition1","1","yiwei_contrastive",10,"以为","yiwei",12209,17,"yiwei",NA,"correct",1,"constrained"
359,"condition1","1","juede_contrastive",12,"觉得","juede",14191,19,"juede",NA,"correct",1,"constrained"
359,"condition1","1","juede_unclear",119,"觉得","juede",11859,20,"juede",NA,"correct",1,"unconstrained"
359,"condition1","2","yiwei_contrastive",1,"以为","yiwei",13110,21,"yiwei",NA,"correct",1,"constrained"
359,"condition1","2","juede_contrastive",14,"觉得","juede",15414,22,"juede",NA,"correct",1,"constrained"
359,"condition1","2","yiwei_unclear",104,"以为","yiwei",14240,24,"yiwei",NA,"correct",1,"unconstrained"
359,"condition1","2","yiwei_unclear",106,"以为","yiwei",14872,25,"yiwei",NA,"correct",1,"unconstrained"
359,"condition1","2","juede_unclear",115,"觉得","juede",14080,27,"juede",NA,"correct",1,"unconstrained"
359,"condition1","2","juede_unclear",111,"觉得","juede",13548,28,"juede",NA,"correct",1,"unconstrained"
359,"condition1","2","juede_contrastive",15,"觉得","juede",25172,29,"juede",NA,"correct",1,"constrained"
359,"condition1","2","yiwei_contrastive",2,"以为","yiwei",12151,30,"yiwei",NA,"correct",1,"constrained"
359,"condition1","3","juede_unclear",114,"觉得","juede",16021,32,"juede",NA,"correct",1,"unconstrained"
359,"condition1","3","juede_contrastive",11,"觉得","juede",11842,34,"juede",NA,"correct",1,"constrained"
359,"condition1","3","yiwei_unclear",103,"以为","yiwei",18348,35,"yiwei",NA,"correct",1,"unconstrained"
359,"condition1","3","yiwei_contrastive",9,"觉得","juede",27373,36,"yiwei",NA,"incorrect",0,"constrained"
359,"condition1","3","yiwei_unclear",109,"以为","yiwei",30372,37,"yiwei",NA,"correct",1,"unconstrained"
359,"condition1","3","juede_contrastive",16,"觉得","juede",15338,38,"juede",NA,"correct",1,"constrained"
359,"condition1","3","yiwei_contrastive",3,"以为","yiwei",12935,39,"yiwei",NA,"correct",1,"constrained"
359,"condition1","3","juede_unclear",118,"觉得","juede",16567,40,"juede",NA,"correct",1,"unconstrained"
359,"condition1","4","yiwei_unclear",105,"以为","yiwei",13906,41,"yiwei",NA,"correct",1,"unconstrained"
359,"condition1","4","juede_contrastive",13,"觉得","juede",15494,42,"juede",NA,"correct",1,"constrained"
359,"condition1","4","juede_contrastive",20,"觉得","juede",13397,43,"juede",NA,"correct",1,"constrained"
359,"condition1","4","juede_unclear",112,"觉得","juede",16854,45,"juede",NA,"correct",1,"unconstrained"
359,"condition1","4","juede_unclear",120,"以为","yiwei",11483,46,"juede",NA,"incorrect",0,"unconstrained"
359,"condition1","4","yiwei_unclear",102,"觉得","juede",18810,47,"yiwei",NA,"incorrect",0,"unconstrained"
359,"condition1","4","yiwei_contrastive",5,"以为","yiwei",6771,48,"yiwei",NA,"correct",1,"constrained"
359,"condition1","4","yiwei_contrastive",4,"以为","yiwei",12244,50,"yiwei",NA,"correct",1,"constrained"
337,"condition1","0","yiwei_contrastive",4,"以为","yiwei",31292,3,"yiwei",NA,"correct",1,"constrained"
337,"condition1","0","juede_contrastive",18,"觉得","juede",16526,4,"juede",NA,"correct",1,"constrained"
337,"condition1","0","yiwei_unclear",106,"以为","yiwei",24286,5,"yiwei",NA,"correct",1,"unconstrained"
337,"condition1","0","yiwei_contrastive",9,"以为","yiwei",25503,6,"yiwei",NA,"correct",1,"constrained"
337,"condition1","0","juede_unclear",118,"觉得","juede",21234,7,"juede",NA,"correct",1,"unconstrained"
337,"condition1","0","juede_contrastive",16,"觉得","juede",55248,8,"juede",NA,"correct",1,"constrained"
337,"condition1","0","yiwei_unclear",110,"以为","yiwei",15194,9,"yiwei",NA,"correct",1,"unconstrained"
337,"condition1","0","juede_unclear",114,"觉得","juede",13692,10,"juede",NA,"correct",1,"unconstrained"
337,"condition1","1","juede_contrastive",15,"觉得","juede",34568,11,"juede",NA,"correct",1,"constrained"
337,"condition1","1","yiwei_unclear",103,"以为","yiwei",16362,12,"yiwei",NA,"correct",1,"unconstrained"
337,"condition1","1","yiwei_contrastive",6,"以为","yiwei",11446,13,"yiwei",NA,"correct",1,"constrained"
337,"condition1","1","juede_unclear",111,"觉得","juede",8896,14,"juede",NA,"correct",1,"unconstrained"
337,"condition1","1","juede_contrastive",12,"觉得","juede",12812,15,"juede",NA,"correct",1,"constrained"
337,"condition1","1","juede_unclear",113,"觉得","juede",12092,16,"juede",NA,"correct",1,"unconstrained"
337,"condition1","1","yiwei_contrastive",10,"以为","yiwei",11968,17,"yiwei",NA,"correct",1,"constrained"
337,"condition1","1","yiwei_unclear",105,"以为","yiwei",75422,18,"yiwei",NA,"correct",1,"unconstrained"
337,"condition1","2","juede_unclear",120,"觉得","juede",13149,21,"juede",NA,"correct",1,"unconstrained"
337,"condition1","2","yiwei_unclear",109,"以为","yiwei",9271,22,"yiwei",NA,"correct",1,"unconstrained"
337,"condition1","2","juede_contrastive",11,"觉得","juede",11956,23,"juede",NA,"correct",1,"constrained"
337,"condition1","2","yiwei_contrastive",5,"以为","yiwei",11958,24,"yiwei",NA,"correct",1,"constrained"
337,"condition1","2","yiwei_unclear",107,"以为","yiwei",8734,26,"yiwei",NA,"correct",1,"unconstrained"
337,"condition1","2","juede_contrastive",13,"觉得","juede",21914,27,"juede",NA,"correct",1,"constrained"
337,"condition1","2","juede_unclear",116,"觉得","juede",25864,28,"juede",NA,"correct",1,"unconstrained"
337,"condition1","2","yiwei_contrastive",8,"以为","yiwei",15360,30,"yiwei",NA,"correct",1,"constrained"
337,"condition1","3","yiwei_contrastive",3,"以为","yiwei",6370,32,"yiwei",NA,"correct",1,"constrained"
337,"condition1","3","yiwei_unclear",102,"觉得","juede",21340,33,"yiwei",NA,"incorrect",0,"unconstrained"
337,"condition1","3","juede_unclear",115,"觉得","juede",19090,34,"juede",NA,"correct",1,"unconstrained"
337,"condition1","3","juede_unclear",117,"觉得","juede",17756,35,"juede",NA,"correct",1,"unconstrained"
337,"condition1","3","yiwei_contrastive",2,"以为","yiwei",11234,36,"yiwei",NA,"correct",1,"constrained"
337,"condition1","3","juede_contrastive",20,"觉得","juede",44006,38,"juede",NA,"correct",1,"constrained"
337,"condition1","3","yiwei_unclear",108,"觉得","juede",14116,39,"yiwei",NA,"incorrect",0,"unconstrained"
337,"condition1","3","juede_contrastive",14,"觉得","juede",15647,40,"juede",NA,"correct",1,"constrained"
337,"condition1","4","juede_unclear",112,"觉得","juede",11647,41,"juede",NA,"correct",1,"unconstrained"
337,"condition1","4","juede_contrastive",19,"觉得","juede",9356,42,"juede",NA,"correct",1,"constrained"
337,"condition1","4","yiwei_contrastive",1,"以为","yiwei",15793,44,"yiwei",NA,"correct",1,"constrained"
337,"condition1","4","juede_unclear",119,"觉得","juede",13927,46,"juede",NA,"correct",1,"unconstrained"
337,"condition1","4","yiwei_unclear",104,"以为","yiwei",9653,47,"yiwei",NA,"correct",1,"unconstrained"
337,"condition1","4","yiwei_unclear",101,"觉得","juede",30638,48,"yiwei",NA,"incorrect",0,"unconstrained"
337,"condition1","4","juede_contrastive",17,"觉得","juede",10970,49,"juede",NA,"correct",1,"constrained"
337,"condition1","4","yiwei_contrastive",7,"以为","yiwei",9485,50,"yiwei",NA,"correct",1,"constrained"
295,"condition1","0","juede_unclear",113,"觉得","juede",11917,1,"juede",NA,"correct",1,"unconstrained"
295,"condition1","0","juede_contrastive",17,"以为","yiwei",13298,2,"juede",NA,"incorrect",0,"constrained"
295,"condition1","0","yiwei_unclear",107,"以为","yiwei",9180,3,"yiwei",NA,"correct",1,"unconstrained"
295,"condition1","0","yiwei_unclear",104,"以为","yiwei",8677,4,"yiwei",NA,"correct",1,"unconstrained"
295,"condition1","0","juede_unclear",114,"觉得","juede",21782,7,"juede",NA,"correct",1,"unconstrained"
295,"condition1","0","yiwei_contrastive",9,"以为","yiwei",21469,8,"yiwei",NA,"correct",1,"constrained"
295,"condition1","0","yiwei_contrastive",7,"以为","yiwei",11150,9,"yiwei",NA,"correct",1,"constrained"
295,"condition1","0","juede_contrastive",19,"觉得","juede",8082,10,"juede",NA,"correct",1,"constrained"
295,"condition1","1","yiwei_contrastive",5,"以为","yiwei",3411,12,"yiwei",NA,"correct",1,"constrained"
295,"condition1","1","juede_contrastive",14,"觉得","juede",3632,13,"juede",NA,"correct",1,"constrained"
295,"condition1","1","juede_unclear",119,"觉得","juede",2936,14,"juede",NA,"correct",1,"unconstrained"
295,"condition1","1","yiwei_unclear",105,"以为","yiwei",4054,15,"yiwei",NA,"correct",1,"unconstrained"
295,"condition1","1","juede_unclear",120,"以为","yiwei",5964,16,"juede",NA,"incorrect",0,"unconstrained"
295,"condition1","1","juede_contrastive",15,"以为","yiwei",10113,18,"juede",NA,"incorrect",0,"constrained"
295,"condition1","1","yiwei_unclear",106,"觉得","juede",3742,19,"yiwei",NA,"incorrect",0,"unconstrained"
295,"condition1","1","yiwei_contrastive",6,"以为","yiwei",2581,20,"yiwei",NA,"correct",1,"constrained"
295,"condition1","2","juede_contrastive",18,"以为","yiwei",5340,21,"juede",NA,"incorrect",0,"constrained"
295,"condition1","2","juede_unclear",112,"觉得","juede",4210,22,"juede",NA,"correct",1,"unconstrained"
295,"condition1","2","yiwei_contrastive",2,"觉得","juede",12700,24,"yiwei",NA,"incorrect",0,"constrained"
295,"condition1","2","yiwei_unclear",110,"以为","yiwei",3823,26,"yiwei",NA,"correct",1,"unconstrained"
295,"condition1","2","juede_unclear",118,"觉得","juede",2707,27,"juede",NA,"correct",1,"unconstrained"
295,"condition1","2","yiwei_unclear",109,"以为","yiwei",2870,28,"yiwei",NA,"correct",1,"unconstrained"
295,"condition1","2","juede_contrastive",16,"觉得","juede",4747,29,"juede",NA,"correct",1,"constrained"
295,"condition1","2","yiwei_contrastive",3,"觉得","juede",2945,30,"yiwei",NA,"incorrect",0,"constrained"
295,"condition1","3","yiwei_unclear",101,"以为","yiwei",2848,32,"yiwei",NA,"correct",1,"unconstrained"
295,"condition1","3","juede_contrastive",13,"觉得","juede",9269,33,"juede",NA,"correct",1,"constrained"
295,"condition1","3","juede_contrastive",12,"觉得","juede",2734,34,"juede",NA,"correct",1,"constrained"
295,"condition1","3","yiwei_contrastive",1,"以为","yiwei",2005,35,"yiwei",NA,"correct",1,"constrained"
295,"condition1","3","juede_unclear",117,"以为","yiwei",3470,36,"juede",NA,"incorrect",0,"unconstrained"
295,"condition1","3","juede_unclear",111,"觉得","juede",1747,37,"juede",NA,"correct",1,"unconstrained"
295,"condition1","3","yiwei_contrastive",8,"觉得","juede",2932,38,"yiwei",NA,"incorrect",0,"constrained"
295,"condition1","3","yiwei_unclear",102,"以为","yiwei",11193,40,"yiwei",NA,"correct",1,"unconstrained"
295,"condition1","4","yiwei_unclear",108,"觉得","juede",6196,41,"yiwei",NA,"incorrect",0,"unconstrained"
295,"condition1","4","yiwei_contrastive",10,"以为","yiwei",2548,42,"yiwei",NA,"correct",1,"constrained"
295,"condition1","4","juede_contrastive",20,"觉得","juede",8990,43,"juede",NA,"correct",1,"constrained"
295,"condition1","4","juede_contrastive",11,"觉得","juede",4714,44,"juede",NA,"correct",1,"constrained"
295,"condition1","4","juede_unclear",115,"以为","yiwei",2390,45,"juede",NA,"incorrect",0,"unconstrained"
295,"condition1","4","yiwei_unclear",103,"以为","yiwei",4541,46,"yiwei",NA,"correct",1,"unconstrained"
295,"condition1","4","juede_unclear",116,"以为","yiwei",8077,47,"juede",NA,"incorrect",0,"unconstrained"
295,"condition1","4","yiwei_contrastive",4,"觉得","juede",3720,50,"yiwei",NA,"incorrect",0,"constrained"
331,"condition1","0","yiwei_unclear",101,"以为","yiwei",8695,1,"yiwei",NA,"correct",1,"unconstrained"
331,"condition1","0","yiwei_contrastive",8,"以为","yiwei",13383,2,"yiwei",NA,"correct",1,"constrained"
331,"condition1","0","juede_contrastive",15,"觉得","juede",30087,3,"juede",NA,"correct",1,"constrained"
331,"condition1","0","juede_contrastive",18,"觉得","juede",11096,5,"juede",NA,"correct",1,"constrained"
331,"condition1","0","yiwei_unclear",104,"以为","yiwei",9184,6,"yiwei",NA,"correct",1,"unconstrained"
331,"condition1","0","yiwei_contrastive",3,"以为","yiwei",74656,7,"yiwei",NA,"correct",1,"constrained"
331,"condition1","0","juede_unclear",113,"觉得","juede",21928,9,"juede",NA,"correct",1,"unconstrained"
331,"condition1","0","juede_unclear",117,"以为","yiwei",4616,10,"juede",NA,"incorrect",0,"unconstrained"
331,"condition1","1","juede_unclear",119,"觉得","juede",3400,11,"juede",NA,"correct",1,"unconstrained"
331,"condition1","1","juede_contrastive",12,"觉得","juede",2152,12,"juede",NA,"correct",1,"constrained"
331,"condition1","1","yiwei_contrastive",9,"以为","yiwei",8616,13,"yiwei",NA,"correct",1,"constrained"
331,"condition1","1","juede_contrastive",16,"觉得","juede",5640,15,"juede",NA,"correct",1,"constrained"
331,"condition1","1","yiwei_contrastive",4,"以为","yiwei",24752,16,"yiwei",NA,"correct",1,"constrained"
331,"condition1","1","yiwei_unclear",107,"以为","yiwei",3328,17,"yiwei",NA,"correct",1,"unconstrained"
331,"condition1","1","yiwei_unclear",106,"以为","yiwei",58208,19,"yiwei",NA,"correct",1,"unconstrained"
331,"condition1","1","juede_unclear",111,"觉得","juede",2800,20,"juede",NA,"correct",1,"unconstrained"
331,"condition1","2","yiwei_unclear",103,"以为","yiwei",2208,21,"yiwei",NA,"correct",1,"unconstrained"
331,"condition1","2","juede_contrastive",14,"觉得","juede",3791,22,"juede",NA,"correct",1,"constrained"
331,"condition1","2","juede_unclear",112,"觉得","juede",2640,24,"juede",NA,"correct",1,"unconstrained"
331,"condition1","2","juede_contrastive",13,"以为","yiwei",3225,25,"juede",NA,"incorrect",0,"constrained"
331,"condition1","2","yiwei_unclear",110,"觉得","juede",10503,26,"yiwei",NA,"incorrect",0,"unconstrained"
331,"condition1","2","yiwei_contrastive",5,"以为","yiwei",2856,27,"yiwei",NA,"correct",1,"constrained"
331,"condition1","2","yiwei_contrastive",6,"以为","yiwei",2803,29,"yiwei",NA,"correct",1,"constrained"
331,"condition1","2","juede_unclear",120,"觉得","juede",1920,30,"juede",NA,"correct",1,"unconstrained"
331,"condition1","3","juede_unclear",115,"觉得","juede",3199,32,"juede",NA,"correct",1,"unconstrained"
331,"condition1","3","yiwei_contrastive",1,"以为","yiwei",3464,33,"yiwei",NA,"correct",1,"constrained"
331,"condition1","3","yiwei_contrastive",2,"以为","yiwei",3760,35,"yiwei",NA,"correct",1,"constrained"
331,"condition1","3","yiwei_unclear",108,"觉得","juede",2791,36,"yiwei",NA,"incorrect",0,"unconstrained"
331,"condition1","3","juede_contrastive",20,"觉得","juede",3768,37,"juede",NA,"correct",1,"constrained"
331,"condition1","3","yiwei_unclear",109,"以为","yiwei",2457,38,"yiwei",NA,"correct",1,"unconstrained"
331,"condition1","3","juede_contrastive",11,"觉得","juede",11151,39,"juede",NA,"correct",1,"constrained"
331,"condition1","3","juede_unclear",118,"觉得","juede",2537,40,"juede",NA,"correct",1,"unconstrained"
331,"condition1","4","juede_unclear",114,"觉得","juede",2176,43,"juede",NA,"correct",1,"unconstrained"
331,"condition1","4","juede_unclear",116,"觉得","juede",2207,44,"juede",NA,"correct",1,"unconstrained"
331,"condition1","4","yiwei_contrastive",7,"觉得","juede",1744,45,"yiwei",NA,"incorrect",0,"constrained"
331,"condition1","4","yiwei_contrastive",10,"以为","yiwei",1584,46,"yiwei",NA,"correct",1,"constrained"
331,"condition1","4","yiwei_unclear",102,"以为","yiwei",1424,47,"yiwei",NA,"correct",1,"unconstrained"
331,"condition1","4","juede_contrastive",19,"觉得","juede",1619,48,"juede",NA,"correct",1,"constrained"
331,"condition1","4","juede_contrastive",17,"以为","yiwei",1816,49,"juede",NA,"incorrect",0,"constrained"
331,"condition1","4","yiwei_unclear",105,"以为","yiwei",2809,50,"yiwei",NA,"correct",1,"unconstrained"
353,"condition1","0","juede_contrastive",20,"觉得","juede",24616,1,"juede",NA,"correct",1,"constrained"
353,"condition1","0","juede_unclear",111,"觉得","juede",24936,2,"juede",NA,"correct",1,"unconstrained"
353,"condition1","0","juede_contrastive",16,"觉得","juede",36517,3,"juede",NA,"correct",1,"constrained"
353,"condition1","0","yiwei_contrastive",5,"以为","yiwei",19117,4,"yiwei",NA,"correct",1,"constrained"
353,"condition1","0","yiwei_unclear",107,"以为","yiwei",20818,5,"yiwei",NA,"correct",1,"unconstrained"
353,"condition1","0","juede_unclear",114,"觉得","juede",34117,8,"juede",NA,"correct",1,"unconstrained"
353,"condition1","0","yiwei_contrastive",8,"以为","yiwei",36725,9,"yiwei",NA,"correct",1,"constrained"
353,"condition1","0","yiwei_unclear",101,"以为","yiwei",19045,10,"yiwei",NA,"correct",1,"unconstrained"
353,"condition1","1","yiwei_unclear",102,"以为","yiwei",50286,11,"yiwei",NA,"correct",1,"unconstrained"
353,"condition1","1","juede_contrastive",18,"觉得","juede",16284,12,"juede",NA,"correct",1,"constrained"
353,"condition1","1","yiwei_unclear",106,"觉得","juede",20234,13,"yiwei",NA,"incorrect",0,"unconstrained"
353,"condition1","1","yiwei_contrastive",4,"以为","yiwei",18818,15,"yiwei",NA,"correct",1,"constrained"
353,"condition1","1","juede_unclear",113,"觉得","juede",14034,17,"juede",NA,"correct",1,"unconstrained"
353,"condition1","1","juede_contrastive",13,"觉得","juede",16651,18,"juede",NA,"correct",1,"constrained"
353,"condition1","1","yiwei_contrastive",2,"以为","yiwei",16633,19,"yiwei",NA,"correct",1,"constrained"
353,"condition1","1","juede_unclear",120,"觉得","juede",19056,20,"juede",NA,"correct",1,"unconstrained"
353,"condition1","2","juede_contrastive",15,"以为","yiwei",25451,21,"juede",NA,"incorrect",0,"constrained"
353,"condition1","2","yiwei_contrastive",6,"以为","yiwei",15634,22,"yiwei",NA,"correct",1,"constrained"
353,"condition1","2","juede_unclear",119,"觉得","juede",25134,24,"juede",NA,"correct",1,"unconstrained"
353,"condition1","2","juede_unclear",116,"觉得","juede",36412,25,"juede",NA,"correct",1,"unconstrained"
353,"condition1","2","yiwei_unclear",109,"以为","yiwei",33686,26,"yiwei",NA,"correct",1,"unconstrained"
353,"condition1","2","yiwei_contrastive",7,"以为","yiwei",14436,27,"yiwei",NA,"correct",1,"constrained"
353,"condition1","2","yiwei_unclear",108,"以为","yiwei",39020,29,"yiwei",NA,"correct",1,"unconstrained"
353,"condition1","2","juede_contrastive",14,"觉得","juede",29402,30,"juede",NA,"correct",1,"constrained"
353,"condition1","3","juede_contrastive",19,"觉得","juede",11917,31,"juede",NA,"correct",1,"constrained"
353,"condition1","3","juede_unclear",118,"觉得","juede",28817,33,"juede",NA,"correct",1,"unconstrained"
353,"condition1","3","yiwei_unclear",103,"以为","yiwei",13099,34,"yiwei",NA,"correct",1,"unconstrained"
353,"condition1","3","yiwei_unclear",105,"以为","yiwei",13315,36,"yiwei",NA,"correct",1,"unconstrained"
353,"condition1","3","yiwei_contrastive",9,"以为","yiwei",24585,37,"yiwei",NA,"correct",1,"constrained"
353,"condition1","3","juede_unclear",112,"觉得","juede",13839,38,"juede",NA,"correct",1,"unconstrained"
353,"condition1","3","yiwei_contrastive",10,"以为","yiwei",10149,39,"yiwei",NA,"correct",1,"constrained"
353,"condition1","3","juede_contrastive",11,"觉得","juede",13368,40,"juede",NA,"correct",1,"constrained"
353,"condition1","4","juede_contrastive",17,"觉得","juede",12518,41,"juede",NA,"correct",1,"constrained"
353,"condition1","4","juede_unclear",117,"觉得","juede",24250,42,"juede",NA,"correct",1,"unconstrained"
353,"condition1","4","yiwei_contrastive",3,"以为","yiwei",19850,43,"yiwei",NA,"correct",1,"constrained"
353,"condition1","4","juede_unclear",115,"以为","yiwei",15143,45,"juede",NA,"incorrect",0,"unconstrained"
353,"condition1","4","yiwei_unclear",104,"以为","yiwei",15418,46,"yiwei",NA,"correct",1,"unconstrained"
353,"condition1","4","yiwei_contrastive",1,"以为","yiwei",10552,47,"yiwei",NA,"correct",1,"constrained"
353,"condition1","4","yiwei_unclear",110,"以为","yiwei",18999,48,"yiwei",NA,"correct",1,"unconstrained"
353,"condition1","4","juede_contrastive",12,"觉得","juede",16286,50,"juede",NA,"correct",1,"constrained"
322,"condition1","0","yiwei_unclear",101,"以为","yiwei",57327,1,"yiwei",NA,"correct",1,"unconstrained"
322,"condition1","0","yiwei_unclear",102,"以为","yiwei",25784,2,"yiwei",NA,"correct",1,"unconstrained"
322,"condition1","0","juede_contrastive",16,"觉得","juede",15312,4,"juede",NA,"correct",1,"constrained"
322,"condition1","0","juede_unclear",112,"觉得","juede",11289,6,"juede",NA,"correct",1,"unconstrained"
322,"condition1","0","yiwei_contrastive",4,"以为","yiwei",36367,7,"yiwei",NA,"correct",1,"constrained"
322,"condition1","0","juede_unclear",119,"觉得","juede",13224,8,"juede",NA,"correct",1,"unconstrained"
322,"condition1","0","yiwei_contrastive",1,"以为","yiwei",11464,9,"yiwei",NA,"correct",1,"constrained"
322,"condition1","0","juede_contrastive",17,"以为","yiwei",97729,10,"juede",NA,"incorrect",0,"constrained"
322,"condition1","1","juede_contrastive",13,"觉得","juede",9632,11,"juede",NA,"correct",1,"constrained"
322,"condition1","1","yiwei_contrastive",5,"觉得","juede",28967,12,"yiwei",NA,"incorrect",0,"constrained"
322,"condition1","1","juede_contrastive",19,"觉得","juede",12720,13,"juede",NA,"correct",1,"constrained"
322,"condition1","1","yiwei_contrastive",10,"以为","yiwei",6216,14,"yiwei",NA,"correct",1,"constrained"
322,"condition1","1","yiwei_unclear",106,"以为","yiwei",48248,15,"yiwei",NA,"correct",1,"unconstrained"
322,"condition1","1","yiwei_unclear",105,"以为","yiwei",15000,16,"yiwei",NA,"correct",1,"unconstrained"
322,"condition1","1","juede_unclear",115,"觉得","juede",20489,17,"juede",NA,"correct",1,"unconstrained"
322,"condition1","1","juede_unclear",113,"觉得","juede",8392,20,"juede",NA,"correct",1,"unconstrained"
322,"condition1","2","juede_unclear",117,"觉得","juede",24032,21,"juede",NA,"correct",1,"unconstrained"
322,"condition1","2","yiwei_contrastive",7,"觉得","juede",40304,22,"yiwei",NA,"incorrect",0,"constrained"
322,"condition1","2","yiwei_unclear",103,"以为","yiwei",17073,23,"yiwei",NA,"correct",1,"unconstrained"
322,"condition1","2","juede_unclear",111,"觉得","juede",9327,25,"juede",NA,"correct",1,"unconstrained"
322,"condition1","2","juede_contrastive",14,"觉得","juede",9065,26,"juede",NA,"correct",1,"constrained"
322,"condition1","2","juede_contrastive",11,"觉得","juede",9888,27,"juede",NA,"correct",1,"constrained"
322,"condition1","2","yiwei_contrastive",2,"以为","yiwei",16615,28,"yiwei",NA,"correct",1,"constrained"
322,"condition1","2","yiwei_unclear",110,"以为","yiwei",38504,29,"yiwei",NA,"correct",1,"unconstrained"
322,"condition1","3","yiwei_unclear",107,"以为","yiwei",15752,31,"yiwei",NA,"correct",1,"unconstrained"
322,"condition1","3","juede_unclear",116,"觉得","juede",8984,32,"juede",NA,"correct",1,"unconstrained"
322,"condition1","3","yiwei_contrastive",9,"以为","yiwei",17408,34,"yiwei",NA,"correct",1,"constrained"
322,"condition1","3","yiwei_unclear",104,"以为","yiwei",25208,35,"yiwei",NA,"correct",1,"unconstrained"
322,"condition1","3","juede_contrastive",12,"觉得","juede",9745,36,"juede",NA,"correct",1,"constrained"
322,"condition1","3","juede_contrastive",15,"觉得","juede",11368,37,"juede",NA,"correct",1,"constrained"
322,"condition1","3","juede_unclear",114,"觉得","juede",20863,38,"juede",NA,"correct",1,"unconstrained"
322,"condition1","3","yiwei_contrastive",3,"以为","yiwei",10071,40,"yiwei",NA,"correct",1,"constrained"
322,"condition1","4","juede_unclear",120,"以为","yiwei",7889,41,"juede",NA,"incorrect",0,"unconstrained"
322,"condition1","4","juede_contrastive",18,"以为","yiwei",12528,42,"juede",NA,"incorrect",0,"constrained"
322,"condition1","4","yiwei_contrastive",6,"以为","yiwei",11807,43,"yiwei",NA,"correct",1,"constrained"
322,"condition1","4","juede_unclear",118,"觉得","juede",23952,44,"juede",NA,"correct",1,"unconstrained"
322,"condition1","4","juede_contrastive",20,"觉得","juede",10567,46,"juede",NA,"correct",1,"constrained"
322,"condition1","4","yiwei_unclear",109,"以为","yiwei",15848,47,"yiwei",NA,"correct",1,"unconstrained"
322,"condition1","4","yiwei_contrastive",8,"以为","yiwei",15159,49,"yiwei",NA,"correct",1,"constrained"
322,"condition1","4","yiwei_unclear",108,"以为","yiwei",19695,50,"yiwei",NA,"correct",1,"unconstrained"
314,"condition1","0","yiwei_unclear",103,"以为","yiwei",28184,1,"yiwei",NA,"correct",1,"unconstrained"
314,"condition1","0","yiwei_contrastive",4,"以为","yiwei",36096,2,"yiwei",NA,"correct",1,"constrained"
314,"condition1","0","juede_contrastive",17,"觉得","juede",14503,3,"juede",NA,"correct",1,"constrained"
314,"condition1","0","yiwei_unclear",110,"以为","yiwei",41958,4,"yiwei",NA,"correct",1,"unconstrained"
314,"condition1","0","juede_unclear",118,"觉得","juede",33498,5,"juede",NA,"correct",1,"unconstrained"
314,"condition1","0","juede_unclear",113,"觉得","juede",103213,6,"juede",NA,"correct",1,"unconstrained"
314,"condition1","0","juede_contrastive",19,"觉得","juede",14673,8,"juede",NA,"correct",1,"constrained"
314,"condition1","0","yiwei_contrastive",3,"以为","yiwei",259152,9,"yiwei",NA,"correct",1,"constrained"
314,"condition1","1","juede_contrastive",18,"觉得","juede",34100,11,"juede",NA,"correct",1,"constrained"
314,"condition1","1","yiwei_contrastive",10,"以为","yiwei",14463,13,"yiwei",NA,"correct",1,"constrained"
314,"condition1","1","yiwei_unclear",108,"以为","yiwei",31888,14,"yiwei",NA,"correct",1,"unconstrained"
314,"condition1","1","juede_unclear",117,"觉得","juede",14563,15,"juede",NA,"correct",1,"unconstrained"
314,"condition1","1","yiwei_contrastive",2,"以为","yiwei",12326,17,"yiwei",NA,"correct",1,"constrained"
314,"condition1","1","juede_contrastive",11,"觉得","juede",9038,18,"juede",NA,"correct",1,"constrained"
314,"condition1","1","yiwei_unclear",102,"觉得","juede",12352,19,"yiwei",NA,"incorrect",0,"unconstrained"
314,"condition1","1","juede_unclear",119,"觉得","juede",30843,20,"juede",NA,"correct",1,"unconstrained"
314,"condition1","2","yiwei_unclear",104,"觉得","juede",24375,21,"yiwei",NA,"incorrect",0,"unconstrained"
314,"condition1","2","yiwei_contrastive",1,"以为","yiwei",36487,22,"yiwei",NA,"correct",1,"constrained"
314,"condition1","2","juede_contrastive",12,"觉得","juede",13432,24,"juede",NA,"correct",1,"constrained"
314,"condition1","2","yiwei_contrastive",7,"以为","yiwei",14065,25,"yiwei",NA,"correct",1,"constrained"
314,"condition1","2","yiwei_unclear",105,"以为","yiwei",88937,26,"yiwei",NA,"correct",1,"unconstrained"
314,"condition1","2","juede_unclear",115,"觉得","juede",12825,27,"juede",NA,"correct",1,"unconstrained"
314,"condition1","2","juede_unclear",111,"觉得","juede",9794,29,"juede",NA,"correct",1,"unconstrained"
314,"condition1","2","juede_contrastive",20,"觉得","juede",13189,30,"juede",NA,"correct",1,"constrained"
314,"condition1","3","juede_unclear",116,"觉得","juede",12055,31,"juede",NA,"correct",1,"unconstrained"
314,"condition1","3","juede_contrastive",14,"觉得","juede",12078,33,"juede",NA,"correct",1,"constrained"
314,"condition1","3","yiwei_contrastive",8,"以为","yiwei",13971,34,"yiwei",NA,"correct",1,"constrained"
314,"condition1","3","juede_contrastive",13,"觉得","juede",9005,36,"juede",NA,"correct",1,"constrained"
314,"condition1","3","yiwei_unclear",101,"以为","yiwei",7931,37,"yiwei",NA,"correct",1,"unconstrained"
314,"condition1","3","yiwei_unclear",106,"以为","yiwei",14294,38,"yiwei",NA,"correct",1,"unconstrained"
314,"condition1","3","yiwei_contrastive",9,"以为","yiwei",13458,39,"yiwei",NA,"correct",1,"constrained"
314,"condition1","3","juede_unclear",120,"觉得","juede",11163,40,"juede",NA,"correct",1,"unconstrained"
314,"condition1","4","juede_unclear",112,"觉得","juede",8772,41,"juede",NA,"correct",1,"unconstrained"
314,"condition1","4","juede_contrastive",15,"觉得","juede",9747,43,"juede",NA,"correct",1,"constrained"
314,"condition1","4","yiwei_contrastive",6,"以为","yiwei",4816,44,"yiwei",NA,"correct",1,"constrained"
314,"condition1","4","yiwei_contrastive",5,"以为","yiwei",11138,45,"yiwei",NA,"correct",1,"constrained"
314,"condition1","4","yiwei_unclear",107,"以为","yiwei",7826,46,"yiwei",NA,"correct",1,"unconstrained"
314,"condition1","4","yiwei_unclear",109,"以为","yiwei",9549,47,"yiwei",NA,"correct",1,"unconstrained"
314,"condition1","4","juede_unclear",114,"觉得","juede",11549,48,"juede",NA,"correct",1,"unconstrained"
314,"condition1","4","juede_contrastive",16,"觉得","juede",10610,49,"juede",NA,"correct",1,"constrained"
345,"condition1","0","yiwei_contrastive",2,"以为","yiwei",22462,3,"yiwei",NA,"correct",1,"constrained"
345,"condition1","0","yiwei_unclear",106,"觉得","juede",28710,4,"yiwei",NA,"incorrect",0,"unconstrained"
345,"condition1","0","juede_unclear",111,"觉得","juede",17499,5,"juede",NA,"correct",1,"unconstrained"
345,"condition1","0","yiwei_contrastive",6,"以为","yiwei",14806,6,"yiwei",NA,"correct",1,"constrained"
345,"condition1","0","juede_contrastive",14,"觉得","juede",23921,7,"juede",NA,"correct",1,"constrained"
345,"condition1","0","juede_unclear",120,"以为","yiwei",24300,8,"juede",NA,"incorrect",0,"unconstrained"
345,"condition1","0","yiwei_unclear",107,"以为","yiwei",11538,9,"yiwei",NA,"correct",1,"unconstrained"
345,"condition1","0","juede_contrastive",15,"觉得","juede",14888,10,"juede",NA,"correct",1,"constrained"
345,"condition1","1","juede_contrastive",16,"觉得","juede",21589,11,"juede",NA,"correct",1,"constrained"
345,"condition1","1","juede_unclear",115,"以为","yiwei",42579,12,"juede",NA,"incorrect",0,"unconstrained"
345,"condition1","1","yiwei_unclear",101,"以为","yiwei",12572,13,"yiwei",NA,"correct",1,"unconstrained"
345,"condition1","1","juede_unclear",113,"觉得","juede",25278,14,"juede",NA,"correct",1,"unconstrained"
345,"condition1","1","yiwei_contrastive",8,"以为","yiwei",34002,16,"yiwei",NA,"correct",1,"constrained"
345,"condition1","1","yiwei_contrastive",7,"以为","yiwei",15959,17,"yiwei",NA,"correct",1,"constrained"
345,"condition1","1","yiwei_unclear",103,"以为","yiwei",12160,19,"yiwei",NA,"correct",1,"unconstrained"
345,"condition1","1","juede_contrastive",20,"以为","yiwei",17365,20,"juede",NA,"incorrect",0,"constrained"
345,"condition1","2","yiwei_contrastive",9,"以为","yiwei",56175,21,"yiwei",NA,"correct",1,"constrained"
345,"condition1","2","yiwei_unclear",110,"觉得","juede",22053,22,"yiwei",NA,"incorrect",0,"unconstrained"
345,"condition1","2","juede_contrastive",17,"以为","yiwei",12568,23,"juede",NA,"incorrect",0,"constrained"
345,"condition1","2","juede_contrastive",12,"觉得","juede",13949,24,"juede",NA,"correct",1,"constrained"
345,"condition1","2","juede_unclear",117,"以为","yiwei",37724,27,"juede",NA,"incorrect",0,"unconstrained"
345,"condition1","2","yiwei_contrastive",10,"觉得","juede",16898,28,"yiwei",NA,"incorrect",0,"constrained"
345,"condition1","2","yiwei_unclear",102,"觉得","juede",19365,29,"yiwei",NA,"incorrect",0,"unconstrained"
345,"condition1","2","juede_unclear",112,"觉得","juede",17553,30,"juede",NA,"correct",1,"unconstrained"
345,"condition1","3","juede_contrastive",11,"觉得","juede",19167,31,"juede",NA,"correct",1,"constrained"
345,"condition1","3","juede_contrastive",13,"以为","yiwei",12533,32,"juede",NA,"incorrect",0,"constrained"
345,"condition1","3","juede_unclear",114,"觉得","juede",13598,34,"juede",NA,"correct",1,"unconstrained"
345,"condition1","3","yiwei_unclear",105,"以为","yiwei",19604,35,"yiwei",NA,"correct",1,"unconstrained"
345,"condition1","3","yiwei_unclear",108,"觉得","juede",21958,36,"yiwei",NA,"incorrect",0,"unconstrained"
345,"condition1","3","yiwei_contrastive",1,"以为","yiwei",10633,37,"yiwei",NA,"correct",1,"constrained"
345,"condition1","3","yiwei_contrastive",5,"觉得","juede",11585,38,"yiwei",NA,"incorrect",0,"constrained"
345,"condition1","3","juede_unclear",116,"以为","yiwei",16986,39,"juede",NA,"incorrect",0,"unconstrained"
345,"condition1","4","juede_contrastive",18,"觉得","juede",14140,41,"juede",NA,"correct",1,"constrained"
345,"condition1","4","juede_unclear",118,"以为","yiwei",10784,42,"juede",NA,"incorrect",0,"unconstrained"
345,"condition1","4","yiwei_contrastive",4,"以为","yiwei",18093,43,"yiwei",NA,"correct",1,"constrained"
345,"condition1","4","yiwei_unclear",104,"以为","yiwei",19083,44,"yiwei",NA,"correct",1,"unconstrained"
345,"condition1","4","juede_contrastive",19,"觉得","juede",15163,45,"juede",NA,"correct",1,"constrained"
345,"condition1","4","yiwei_unclear",109,"以为","yiwei",11552,46,"yiwei",NA,"correct",1,"unconstrained"
345,"condition1","4","yiwei_contrastive",3,"以为","yiwei",9778,49,"yiwei",NA,"correct",1,"constrained"
345,"condition1","4","juede_unclear",119,"觉得","juede",16140,50,"juede",NA,"correct",1,"unconstrained"
352,"condition1","0","yiwei_contrastive",10,"以为","yiwei",9148,1,"yiwei",NA,"correct",1,"constrained"
352,"condition1","0","yiwei_contrastive",6,"以为","yiwei",11131,2,"yiwei",NA,"correct",1,"constrained"
352,"condition1","0","juede_unclear",120,"觉得","juede",6563,3,"juede",NA,"correct",1,"unconstrained"
352,"condition1","0","juede_contrastive",11,"觉得","juede",37779,5,"juede",NA,"correct",1,"constrained"
352,"condition1","0","yiwei_unclear",110,"以为","yiwei",55847,6,"yiwei",NA,"correct",1,"unconstrained"
352,"condition1","0","yiwei_unclear",107,"以为","yiwei",58693,8,"yiwei",NA,"correct",1,"unconstrained"
352,"condition1","0","juede_unclear",117,"觉得","juede",19528,9,"juede",NA,"correct",1,"unconstrained"
352,"condition1","0","juede_contrastive",17,"以为","yiwei",45577,10,"juede",NA,"incorrect",0,"constrained"
352,"condition1","1","yiwei_unclear",104,"以为","yiwei",8981,11,"yiwei",NA,"correct",1,"unconstrained"
352,"condition1","1","juede_contrastive",16,"觉得","juede",14898,12,"juede",NA,"correct",1,"constrained"
352,"condition1","1","yiwei_unclear",108,"觉得","juede",19963,13,"yiwei",NA,"incorrect",0,"unconstrained"
352,"condition1","1","yiwei_contrastive",4,"以为","yiwei",48744,14,"yiwei",NA,"correct",1,"constrained"
352,"condition1","1","yiwei_contrastive",5,"以为","yiwei",29548,16,"yiwei",NA,"correct",1,"constrained"
352,"condition1","1","juede_contrastive",19,"觉得","juede",32497,17,"juede",NA,"correct",1,"constrained"
352,"condition1","1","juede_unclear",119,"觉得","juede",6431,18,"juede",NA,"correct",1,"unconstrained"
352,"condition1","1","juede_unclear",112,"觉得","juede",8578,20,"juede",NA,"correct",1,"unconstrained"
352,"condition1","2","yiwei_contrastive",3,"以为","yiwei",9718,21,"yiwei",NA,"correct",1,"constrained"
352,"condition1","2","juede_contrastive",15,"觉得","juede",17668,22,"juede",NA,"correct",1,"constrained"
352,"condition1","2","juede_unclear",114,"觉得","juede",12848,24,"juede",NA,"correct",1,"unconstrained"
352,"condition1","2","juede_unclear",116,"觉得","juede",10118,25,"juede",NA,"correct",1,"unconstrained"
352,"condition1","2","yiwei_unclear",101,"以为","yiwei",6146,26,"yiwei",NA,"correct",1,"unconstrained"
352,"condition1","2","juede_contrastive",14,"觉得","juede",12982,27,"juede",NA,"correct",1,"constrained"
352,"condition1","2","yiwei_contrastive",8,"以为","yiwei",15614,28,"yiwei",NA,"correct",1,"constrained"
352,"condition1","2","yiwei_unclear",102,"觉得","juede",17864,30,"yiwei",NA,"incorrect",0,"unconstrained"
352,"condition1","3","juede_contrastive",18,"觉得","juede",42443,31,"juede",NA,"correct",1,"constrained"
352,"condition1","3","yiwei_unclear",103,"觉得","juede",14469,33,"yiwei",NA,"incorrect",0,"unconstrained"
352,"condition1","3","yiwei_unclear",109,"以为","yiwei",8247,34,"yiwei",NA,"correct",1,"unconstrained"
352,"condition1","3","juede_contrastive",13,"觉得","juede",7195,35,"juede",NA,"correct",1,"constrained"
352,"condition1","3","juede_unclear",115,"觉得","juede",46139,36,"juede",NA,"correct",1,"unconstrained"
352,"condition1","3","yiwei_contrastive",9,"以为","yiwei",8453,37,"yiwei",NA,"correct",1,"constrained"
352,"condition1","3","juede_unclear",118,"觉得","juede",7070,39,"juede",NA,"correct",1,"unconstrained"
352,"condition1","3","yiwei_contrastive",2,"以为","yiwei",5764,40,"yiwei",NA,"correct",1,"constrained"
352,"condition1","4","juede_unclear",111,"觉得","juede",4113,41,"juede",NA,"correct",1,"unconstrained"
352,"condition1","4","yiwei_contrastive",7,"以为","yiwei",5167,43,"yiwei",NA,"correct",1,"constrained"
352,"condition1","4","yiwei_unclear",106,"以为","yiwei",4634,44,"yiwei",NA,"correct",1,"unconstrained"
352,"condition1","4","yiwei_contrastive",1,"以为","yiwei",5402,45,"yiwei",NA,"correct",1,"constrained"
352,"condition1","4","juede_unclear",113,"觉得","juede",3313,46,"juede",NA,"correct",1,"unconstrained"
352,"condition1","4","juede_contrastive",20,"觉得","juede",4894,48,"juede",NA,"correct",1,"constrained"
352,"condition1","4","yiwei_unclear",105,"以为","yiwei",14249,49,"yiwei",NA,"correct",1,"unconstrained"
352,"condition1","4","juede_contrastive",12,"觉得","juede",3099,50,"juede",NA,"correct",1,"constrained"
296,"condition1","0","juede_contrastive",14,"觉得","juede",22665,1,"juede",NA,"correct",1,"constrained"
296,"condition1","0","juede_unclear",120,"觉得","juede",30013,2,"juede",NA,"correct",1,"unconstrained"
296,"condition1","0","yiwei_unclear",102,"以为","yiwei",31454,3,"yiwei",NA,"correct",1,"unconstrained"
296,"condition1","0","yiwei_contrastive",10,"以为","yiwei",12783,4,"yiwei",NA,"correct",1,"constrained"
296,"condition1","0","yiwei_contrastive",1,"以为","yiwei",9536,5,"yiwei",NA,"correct",1,"constrained"
296,"condition1","0","juede_unclear",117,"觉得","juede",28042,6,"juede",NA,"correct",1,"unconstrained"
296,"condition1","0","juede_contrastive",17,"觉得","juede",13169,8,"juede",NA,"correct",1,"constrained"
296,"condition1","0","yiwei_unclear",107,"以为","yiwei",9036,9,"yiwei",NA,"correct",1,"unconstrained"
296,"condition1","1","yiwei_contrastive",3,"以为","yiwei",11321,11,"yiwei",NA,"correct",1,"constrained"
296,"condition1","1","yiwei_unclear",101,"以为","yiwei",9370,12,"yiwei",NA,"correct",1,"unconstrained"
296,"condition1","1","juede_unclear",112,"觉得","juede",12802,13,"juede",NA,"correct",1,"unconstrained"
296,"condition1","1","juede_contrastive",16,"觉得","juede",12530,16,"juede",NA,"correct",1,"constrained"
296,"condition1","1","juede_contrastive",18,"觉得","juede",10777,17,"juede",NA,"correct",1,"constrained"
296,"condition1","1","yiwei_unclear",108,"觉得","juede",15168,18,"yiwei",NA,"incorrect",0,"unconstrained"
296,"condition1","1","juede_unclear",118,"觉得","juede",10788,19,"juede",NA,"correct",1,"unconstrained"
296,"condition1","1","yiwei_contrastive",5,"以为","yiwei",7895,20,"yiwei",NA,"correct",1,"constrained"
296,"condition1","2","yiwei_unclear",103,"以为","yiwei",12049,21,"yiwei",NA,"correct",1,"unconstrained"
296,"condition1","2","juede_unclear",113,"觉得","juede",9391,22,"juede",NA,"correct",1,"unconstrained"
296,"condition1","2","juede_unclear",115,"觉得","juede",10787,23,"juede",NA,"correct",1,"unconstrained"
296,"condition1","2","yiwei_contrastive",8,"以为","yiwei",16963,25,"yiwei",NA,"correct",1,"constrained"
296,"condition1","2","juede_contrastive",19,"觉得","juede",21863,26,"juede",NA,"correct",1,"constrained"
296,"condition1","2","juede_contrastive",13,"觉得","juede",8361,27,"juede",NA,"correct",1,"constrained"
296,"condition1","2","yiwei_contrastive",2,"以为","yiwei",6136,28,"yiwei",NA,"correct",1,"constrained"
296,"condition1","2","yiwei_unclear",106,"以为","yiwei",8975,29,"yiwei",NA,"correct",1,"unconstrained"
296,"condition1","3","yiwei_contrastive",7,"以为","yiwei",4767,32,"yiwei",NA,"correct",1,"constrained"
296,"condition1","3","juede_unclear",111,"觉得","juede",8952,33,"juede",NA,"correct",1,"unconstrained"
296,"condition1","3","yiwei_unclear",110,"以为","yiwei",21758,34,"yiwei",NA,"correct",1,"unconstrained"
296,"condition1","3","juede_contrastive",20,"觉得","juede",7768,35,"juede",NA,"correct",1,"constrained"
296,"condition1","3","juede_contrastive",15,"觉得","juede",15037,36,"juede",NA,"correct",1,"constrained"
296,"condition1","3","juede_unclear",114,"觉得","juede",9703,37,"juede",NA,"correct",1,"unconstrained"
296,"condition1","3","yiwei_contrastive",6,"以为","yiwei",5684,38,"yiwei",NA,"correct",1,"constrained"
296,"condition1","3","yiwei_unclear",104,"以为","yiwei",11137,40,"yiwei",NA,"correct",1,"unconstrained"
296,"condition1","4","yiwei_contrastive",9,"以为","yiwei",24532,41,"yiwei",NA,"correct",1,"constrained"
296,"condition1","4","yiwei_unclear",105,"以为","yiwei",15352,44,"yiwei",NA,"correct",1,"unconstrained"
296,"condition1","4","juede_unclear",119,"觉得","juede",6913,45,"juede",NA,"correct",1,"unconstrained"
296,"condition1","4","juede_contrastive",11,"觉得","juede",6830,46,"juede",NA,"correct",1,"constrained"
296,"condition1","4","yiwei_unclear",109,"以为","yiwei",5850,47,"yiwei",NA,"correct",1,"unconstrained"
296,"condition1","4","juede_contrastive",12,"觉得","juede",7093,48,"juede",NA,"correct",1,"constrained"
296,"condition1","4","juede_unclear",116,"觉得","juede",6567,49,"juede",NA,"correct",1,"unconstrained"
296,"condition1","4","yiwei_contrastive",4,"以为","yiwei",8448,50,"yiwei",NA,"correct",1,"constrained"
349,"condition1","0","yiwei_unclear",109,"以为","yiwei",10735,1,"yiwei",NA,"correct",1,"unconstrained"
349,"condition1","0","juede_unclear",120,"以为","yiwei",3138,2,"juede",NA,"incorrect",0,"unconstrained"
349,"condition1","0","yiwei_contrastive",5,"以为","yiwei",3662,3,"yiwei",NA,"correct",1,"constrained"
349,"condition1","0","yiwei_contrastive",9,"以为","yiwei",5848,5,"yiwei",NA,"correct",1,"constrained"
349,"condition1","0","juede_unclear",116,"觉得","juede",4920,6,"juede",NA,"correct",1,"unconstrained"
349,"condition1","0","yiwei_unclear",108,"觉得","juede",5576,7,"yiwei",NA,"incorrect",0,"unconstrained"
349,"condition1","0","juede_contrastive",20,"以为","yiwei",4326,8,"juede",NA,"incorrect",0,"constrained"
349,"condition1","0","juede_contrastive",17,"以为","yiwei",3193,9,"juede",NA,"incorrect",0,"constrained"
349,"condition1","1","yiwei_contrastive",2,"以为","yiwei",3895,11,"yiwei",NA,"correct",1,"constrained"
349,"condition1","1","juede_unclear",118,"觉得","juede",3784,14,"juede",NA,"correct",1,"unconstrained"
349,"condition1","1","yiwei_unclear",102,"以为","yiwei",3296,15,"yiwei",NA,"correct",1,"unconstrained"
349,"condition1","1","juede_unclear",114,"觉得","juede",7176,16,"juede",NA,"correct",1,"unconstrained"
349,"condition1","1","juede_contrastive",11,"觉得","juede",16560,17,"juede",NA,"correct",1,"constrained"
349,"condition1","1","yiwei_contrastive",7,"以为","yiwei",4160,18,"yiwei",NA,"correct",1,"constrained"
349,"condition1","1","yiwei_unclear",106,"以为","yiwei",29648,19,"yiwei",NA,"correct",1,"unconstrained"
349,"condition1","1","juede_contrastive",12,"觉得","juede",3561,20,"juede",NA,"correct",1,"constrained"
349,"condition1","2","yiwei_contrastive",1,"以为","yiwei",9811,21,"yiwei",NA,"correct",1,"constrained"
349,"condition1","2","juede_contrastive",18,"觉得","juede",3934,22,"juede",NA,"correct",1,"constrained"
349,"condition1","2","juede_contrastive",15,"以为","yiwei",3095,23,"juede",NA,"incorrect",0,"constrained"
349,"condition1","2","juede_unclear",112,"觉得","juede",4899,25,"juede",NA,"correct",1,"unconstrained"
349,"condition1","2","yiwei_unclear",104,"以为","yiwei",6158,26,"yiwei",NA,"correct",1,"unconstrained"
349,"condition1","2","yiwei_unclear",107,"以为","yiwei",4776,27,"yiwei",NA,"correct",1,"unconstrained"
349,"condition1","2","juede_unclear",111,"觉得","juede",4391,28,"juede",NA,"correct",1,"unconstrained"
349,"condition1","2","yiwei_contrastive",4,"以为","yiwei",3025,29,"yiwei",NA,"correct",1,"constrained"
349,"condition1","3","juede_contrastive",16,"觉得","juede",2424,31,"juede",NA,"correct",1,"constrained"
349,"condition1","3","juede_unclear",117,"以为","yiwei",6672,32,"juede",NA,"incorrect",0,"unconstrained"
349,"condition1","3","yiwei_contrastive",10,"以为","yiwei",2921,33,"yiwei",NA,"correct",1,"constrained"
349,"condition1","3","juede_unclear",119,"觉得","juede",3656,34,"juede",NA,"correct",1,"unconstrained"
349,"condition1","3","yiwei_contrastive",6,"以为","yiwei",3183,35,"yiwei",NA,"correct",1,"constrained"
349,"condition1","3","yiwei_unclear",103,"以为","yiwei",3825,36,"yiwei",NA,"correct",1,"unconstrained"
349,"condition1","3","juede_contrastive",19,"觉得","juede",3672,37,"juede",NA,"correct",1,"constrained"
349,"condition1","3","yiwei_unclear",105,"以为","yiwei",3600,39,"yiwei",NA,"correct",1,"unconstrained"
349,"condition1","4","juede_unclear",113,"以为","yiwei",2272,41,"juede",NA,"incorrect",0,"unconstrained"
349,"condition1","4","yiwei_contrastive",3,"以为","yiwei",2834,42,"yiwei",NA,"correct",1,"constrained"
349,"condition1","4","yiwei_contrastive",8,"觉得","juede",4214,43,"yiwei",NA,"incorrect",0,"constrained"
349,"condition1","4","juede_unclear",115,"觉得","juede",9121,44,"juede",NA,"correct",1,"unconstrained"
349,"condition1","4","juede_contrastive",13,"觉得","juede",7808,45,"juede",NA,"correct",1,"constrained"
349,"condition1","4","yiwei_unclear",101,"以为","yiwei",2192,46,"yiwei",NA,"correct",1,"unconstrained"
349,"condition1","4","juede_contrastive",14,"以为","yiwei",4424,47,"juede",NA,"incorrect",0,"constrained"
349,"condition1","4","yiwei_unclear",110,"以为","yiwei",2257,49,"yiwei",NA,"correct",1,"unconstrained"
333,"condition1","0","juede_contrastive",16,"觉得","juede",14274,1,"juede",NA,"correct",1,"constrained"
333,"condition1","0","yiwei_unclear",107,"以为","yiwei",15845,2,"yiwei",NA,"correct",1,"unconstrained"
333,"condition1","0","yiwei_contrastive",9,"以为","yiwei",55036,3,"yiwei",NA,"correct",1,"constrained"
333,"condition1","0","juede_unclear",119,"觉得","juede",31877,4,"juede",NA,"correct",1,"unconstrained"
333,"condition1","0","yiwei_contrastive",3,"以为","yiwei",10079,5,"yiwei",NA,"correct",1,"constrained"
333,"condition1","0","juede_unclear",116,"觉得","juede",22146,6,"juede",NA,"correct",1,"unconstrained"
333,"condition1","0","juede_contrastive",11,"觉得","juede",10639,7,"juede",NA,"correct",1,"constrained"
333,"condition1","0","yiwei_unclear",109,"以为","yiwei",8658,8,"yiwei",NA,"correct",1,"unconstrained"
333,"condition1","1","juede_contrastive",18,"以为","yiwei",13671,11,"juede",NA,"incorrect",0,"constrained"
333,"condition1","1","yiwei_contrastive",6,"以为","yiwei",67781,12,"yiwei",NA,"correct",1,"constrained"
333,"condition1","1","yiwei_contrastive",8,"觉得","juede",16662,13,"yiwei",NA,"incorrect",0,"constrained"
333,"condition1","1","yiwei_unclear",101,"以为","yiwei",11502,16,"yiwei",NA,"correct",1,"unconstrained"
333,"condition1","1","juede_contrastive",14,"觉得","juede",9648,17,"juede",NA,"correct",1,"constrained"
333,"condition1","1","juede_unclear",112,"觉得","juede",11739,18,"juede",NA,"correct",1,"unconstrained"
333,"condition1","1","yiwei_unclear",110,"觉得","juede",11583,19,"yiwei",NA,"incorrect",0,"unconstrained"
333,"condition1","1","juede_unclear",114,"觉得","juede",24275,20,"juede",NA,"correct",1,"unconstrained"
333,"condition1","2","yiwei_unclear",105,"以为","yiwei",13935,22,"yiwei",NA,"correct",1,"unconstrained"
333,"condition1","2","juede_unclear",113,"觉得","juede",6408,23,"juede",NA,"correct",1,"unconstrained"
333,"condition1","2","yiwei_contrastive",1,"觉得","juede",8264,24,"yiwei",NA,"incorrect",0,"constrained"
333,"condition1","2","yiwei_unclear",106,"以为","yiwei",21357,25,"yiwei",NA,"correct",1,"unconstrained"
333,"condition1","2","juede_contrastive",13,"觉得","juede",11419,26,"juede",NA,"correct",1,"constrained"
333,"condition1","2","juede_contrastive",17,"觉得","juede",11109,27,"juede",NA,"correct",1,"constrained"
333,"condition1","2","juede_unclear",115,"觉得","juede",12958,28,"juede",NA,"correct",1,"unconstrained"
333,"condition1","2","yiwei_contrastive",4,"以为","yiwei",10777,29,"yiwei",NA,"correct",1,"constrained"
333,"condition1","3","juede_unclear",117,"觉得","juede",9582,32,"juede",NA,"correct",1,"unconstrained"
333,"condition1","3","yiwei_unclear",103,"以为","yiwei",11534,33,"yiwei",NA,"correct",1,"unconstrained"
333,"condition1","3","juede_contrastive",19,"觉得","juede",11048,34,"juede",NA,"correct",1,"constrained"
333,"condition1","3","juede_contrastive",12,"觉得","juede",15688,36,"juede",NA,"correct",1,"constrained"
333,"condition1","3","yiwei_contrastive",5,"以为","yiwei",6824,37,"yiwei",NA,"correct",1,"constrained"
333,"condition1","3","yiwei_contrastive",10,"以为","yiwei",6760,38,"yiwei",NA,"correct",1,"constrained"
333,"condition1","3","yiwei_unclear",108,"觉得","juede",14869,39,"yiwei",NA,"incorrect",0,"unconstrained"
333,"condition1","3","juede_unclear",111,"觉得","juede",7255,40,"juede",NA,"correct",1,"unconstrained"
333,"condition1","4","juede_contrastive",20,"觉得","juede",17111,41,"juede",NA,"correct",1,"constrained"
333,"condition1","4","yiwei_unclear",102,"以为","yiwei",10455,42,"yiwei",NA,"correct",1,"unconstrained"
333,"condition1","4","juede_contrastive",15,"觉得","juede",8612,44,"juede",NA,"correct",1,"constrained"
333,"condition1","4","juede_unclear",118,"觉得","juede",33924,45,"juede",NA,"correct",1,"unconstrained"
333,"condition1","4","yiwei_unclear",104,"觉得","juede",34081,46,"yiwei",NA,"incorrect",0,"unconstrained"
333,"condition1","4","yiwei_contrastive",7,"以为","yiwei",8053,47,"yiwei",NA,"correct",1,"constrained"
333,"condition1","4","yiwei_contrastive",2,"以为","yiwei",6078,49,"yiwei",NA,"correct",1,"constrained"
333,"condition1","4","juede_unclear",120,"觉得","juede",10906,50,"juede",NA,"correct",1,"unconstrained"
328,"condition1","0","juede_contrastive",16,"觉得","juede",30417,1,"juede",NA,"correct",1,"constrained"
328,"condition1","0","juede_contrastive",11,"觉得","juede",14842,2,"juede",NA,"correct",1,"constrained"
328,"condition1","0","yiwei_contrastive",6,"以为","yiwei",55875,3,"yiwei",NA,"correct",1,"constrained"
328,"condition1","0","yiwei_unclear",110,"以为","yiwei",27412,5,"yiwei",NA,"correct",1,"unconstrained"
328,"condition1","0","juede_unclear",117,"以为","yiwei",25440,7,"juede",NA,"incorrect",0,"unconstrained"
328,"condition1","0","juede_unclear",111,"觉得","juede",10767,8,"juede",NA,"correct",1,"unconstrained"
328,"condition1","0","yiwei_unclear",104,"以为","yiwei",86837,9,"yiwei",NA,"correct",1,"unconstrained"
328,"condition1","0","yiwei_contrastive",10,"以为","yiwei",9276,10,"yiwei",NA,"correct",1,"constrained"
328,"condition1","1","juede_unclear",115,"觉得","juede",17853,11,"juede",NA,"correct",1,"unconstrained"
328,"condition1","1","juede_contrastive",19,"觉得","juede",5528,12,"juede",NA,"correct",1,"constrained"
328,"condition1","1","yiwei_contrastive",7,"觉得","juede",46231,13,"yiwei",NA,"incorrect",0,"constrained"
328,"condition1","1","juede_contrastive",17,"觉得","juede",19750,14,"juede",NA,"correct",1,"constrained"
328,"condition1","1","juede_unclear",113,"觉得","juede",11634,15,"juede",NA,"correct",1,"unconstrained"
328,"condition1","1","yiwei_unclear",101,"以为","yiwei",10249,17,"yiwei",NA,"correct",1,"unconstrained"
328,"condition1","1","yiwei_contrastive",4,"以为","yiwei",9633,18,"yiwei",NA,"correct",1,"constrained"
328,"condition1","1","yiwei_unclear",109,"以为","yiwei",268663,19,"yiwei",NA,"correct",1,"unconstrained"
328,"condition1","2","yiwei_unclear",102,"以为","yiwei",19577,21,"yiwei",NA,"correct",1,"unconstrained"
328,"condition1","2","juede_unclear",112,"觉得","juede",15335,22,"juede",NA,"correct",1,"unconstrained"
328,"condition1","2","juede_unclear",118,"觉得","juede",19026,23,"juede",NA,"correct",1,"unconstrained"
328,"condition1","2","juede_contrastive",20,"觉得","juede",26944,24,"juede",NA,"correct",1,"constrained"
328,"condition1","2","juede_contrastive",14,"觉得","juede",11049,26,"juede",NA,"correct",1,"constrained"
328,"condition1","2","yiwei_contrastive",8,"以为","yiwei",56344,28,"yiwei",NA,"correct",1,"constrained"
328,"condition1","2","yiwei_contrastive",2,"以为","yiwei",9631,29,"yiwei",NA,"correct",1,"constrained"
328,"condition1","2","yiwei_unclear",107,"以为","yiwei",6962,30,"yiwei",NA,"correct",1,"unconstrained"
328,"condition1","3","yiwei_unclear",108,"觉得","juede",15040,31,"yiwei",NA,"incorrect",0,"unconstrained"
328,"condition1","3","juede_unclear",116,"觉得","juede",8736,32,"juede",NA,"correct",1,"unconstrained"
328,"condition1","3","yiwei_contrastive",3,"以为","yiwei",11537,33,"yiwei",NA,"correct",1,"constrained"
328,"condition1","3","juede_contrastive",12,"觉得","juede",11072,34,"juede",NA,"correct",1,"constrained"
328,"condition1","3","yiwei_contrastive",1,"以为","yiwei",12416,35,"yiwei",NA,"correct",1,"constrained"
328,"condition1","3","yiwei_unclear",105,"以为","yiwei",19536,37,"yiwei",NA,"correct",1,"unconstrained"
328,"condition1","3","juede_unclear",114,"觉得","juede",18735,38,"juede",NA,"correct",1,"unconstrained"
328,"condition1","3","juede_contrastive",13,"以为","yiwei",17766,40,"juede",NA,"incorrect",0,"constrained"
328,"condition1","4","yiwei_unclear",103,"以为","yiwei",11176,41,"yiwei",NA,"correct",1,"unconstrained"
328,"condition1","4","juede_unclear",120,"觉得","juede",8602,42,"juede",NA,"correct",1,"unconstrained"
328,"condition1","4","juede_contrastive",18,"觉得","juede",11535,44,"juede",NA,"correct",1,"constrained"
328,"condition1","4","juede_contrastive",15,"觉得","juede",19155,45,"juede",NA,"correct",1,"constrained"
328,"condition1","4","juede_unclear",119,"觉得","juede",5562,46,"juede",NA,"correct",1,"unconstrained"
328,"condition1","4","yiwei_contrastive",5,"以为","yiwei",5604,47,"yiwei",NA,"correct",1,"constrained"
328,"condition1","4","yiwei_unclear",106,"以为","yiwei",14772,48,"yiwei",NA,"correct",1,"unconstrained"
328,"condition1","4","yiwei_contrastive",9,"以为","yiwei",11594,50,"yiwei",NA,"correct",1,"constrained"
320,"condition1","0","juede_unclear",112,"觉得","juede",10665,2,"juede",NA,"correct",1,"unconstrained"
320,"condition1","0","juede_unclear",111,"觉得","juede",9684,3,"juede",NA,"correct",1,"unconstrained"
320,"condition1","0","juede_contrastive",19,"觉得","juede",10659,4,"juede",NA,"correct",1,"constrained"
320,"condition1","0","yiwei_contrastive",9,"以为","yiwei",22411,5,"yiwei",NA,"correct",1,"constrained"
320,"condition1","0","juede_contrastive",12,"觉得","juede",8992,6,"juede",NA,"correct",1,"constrained"
320,"condition1","0","yiwei_unclear",101,"以为","yiwei",7074,8,"yiwei",NA,"correct",1,"unconstrained"
320,"condition1","0","yiwei_unclear",109,"以为","yiwei",10039,9,"yiwei",NA,"correct",1,"unconstrained"
320,"condition1","0","yiwei_contrastive",10,"以为","yiwei",11029,10,"yiwei",NA,"correct",1,"constrained"
320,"condition1","1","juede_unclear",120,"觉得","juede",9295,12,"juede",NA,"correct",1,"unconstrained"
320,"condition1","1","juede_contrastive",11,"觉得","juede",6835,13,"juede",NA,"correct",1,"constrained"
320,"condition1","1","juede_unclear",113,"觉得","juede",5317,14,"juede",NA,"correct",1,"unconstrained"
320,"condition1","1","yiwei_contrastive",2,"以为","yiwei",5184,16,"yiwei",NA,"correct",1,"constrained"
320,"condition1","1","yiwei_contrastive",5,"以为","yiwei",4340,17,"yiwei",NA,"correct",1,"constrained"
320,"condition1","1","yiwei_unclear",102,"以为","yiwei",12353,18,"yiwei",NA,"correct",1,"unconstrained"
320,"condition1","1","yiwei_unclear",104,"以为","yiwei",5937,19,"yiwei",NA,"correct",1,"unconstrained"
320,"condition1","1","juede_contrastive",18,"以为","yiwei",7247,20,"juede",NA,"incorrect",0,"constrained"
320,"condition1","2","yiwei_contrastive",6,"以为","yiwei",7250,22,"yiwei",NA,"correct",1,"constrained"
320,"condition1","2","juede_contrastive",20,"觉得","juede",6394,24,"juede",NA,"correct",1,"constrained"
320,"condition1","2","juede_unclear",119,"觉得","juede",3789,25,"juede",NA,"correct",1,"unconstrained"
320,"condition1","2","yiwei_unclear",106,"以为","yiwei",6186,26,"yiwei",NA,"correct",1,"unconstrained"
320,"condition1","2","juede_contrastive",16,"觉得","juede",5873,27,"juede",NA,"correct",1,"constrained"
320,"condition1","2","yiwei_contrastive",3,"以为","yiwei",4676,28,"yiwei",NA,"correct",1,"constrained"
320,"condition1","2","juede_unclear",114,"觉得","juede",4420,29,"juede",NA,"correct",1,"unconstrained"
320,"condition1","2","yiwei_unclear",107,"以为","yiwei",4201,30,"yiwei",NA,"correct",1,"unconstrained"
320,"condition1","3","yiwei_unclear",103,"以为","yiwei",5557,31,"yiwei",NA,"correct",1,"unconstrained"
320,"condition1","3","juede_contrastive",13,"觉得","juede",9576,32,"juede",NA,"correct",1,"constrained"
320,"condition1","3","juede_unclear",117,"觉得","juede",10052,34,"juede",NA,"correct",1,"unconstrained"
320,"condition1","3","yiwei_unclear",105,"以为","yiwei",4032,35,"yiwei",NA,"correct",1,"unconstrained"
320,"condition1","3","yiwei_contrastive",1,"以为","yiwei",5355,36,"yiwei",NA,"correct",1,"constrained"
320,"condition1","3","yiwei_contrastive",7,"以为","yiwei",8331,38,"yiwei",NA,"correct",1,"constrained"
320,"condition1","3","juede_unclear",118,"觉得","juede",5303,39,"juede",NA,"correct",1,"unconstrained"
320,"condition1","3","juede_contrastive",15,"觉得","juede",4451,40,"juede",NA,"correct",1,"constrained"
320,"condition1","4","juede_unclear",115,"觉得","juede",6232,41,"juede",NA,"correct",1,"unconstrained"
320,"condition1","4","juede_contrastive",14,"觉得","juede",3701,43,"juede",NA,"correct",1,"constrained"
320,"condition1","4","yiwei_contrastive",4,"以为","yiwei",12427,44,"yiwei",NA,"correct",1,"constrained"
320,"condition1","4","juede_contrastive",17,"觉得","juede",8038,45,"juede",NA,"correct",1,"constrained"
320,"condition1","4","yiwei_contrastive",8,"以为","yiwei",6978,46,"yiwei",NA,"correct",1,"constrained"
320,"condition1","4","juede_unclear",116,"觉得","juede",4180,47,"juede",NA,"correct",1,"unconstrained"
320,"condition1","4","yiwei_unclear",110,"以为","yiwei",8651,49,"yiwei",NA,"correct",1,"unconstrained"
320,"condition1","4","yiwei_unclear",108,"觉得","juede",2080,50,"yiwei",NA,"incorrect",0,"unconstrained"
347,"condition1","0","yiwei_unclear",107,"以为","yiwei",14695,1,"yiwei",NA,"correct",1,"unconstrained"
347,"condition1","0","yiwei_contrastive",5,"以为","yiwei",19131,2,"yiwei",NA,"correct",1,"constrained"
347,"condition1","0","yiwei_unclear",101,"以为","yiwei",12895,3,"yiwei",NA,"correct",1,"unconstrained"
347,"condition1","0","juede_unclear",114,"觉得","juede",11259,5,"juede",NA,"correct",1,"unconstrained"
347,"condition1","0","juede_contrastive",11,"觉得","juede",7222,6,"juede",NA,"correct",1,"constrained"
347,"condition1","0","yiwei_contrastive",7,"以为","yiwei",14278,7,"yiwei",NA,"correct",1,"constrained"
347,"condition1","0","juede_contrastive",20,"觉得","juede",13682,8,"juede",NA,"correct",1,"constrained"
347,"condition1","0","juede_unclear",119,"觉得","juede",8236,9,"juede",NA,"correct",1,"unconstrained"
347,"condition1","1","yiwei_unclear",103,"以为","yiwei",8123,11,"yiwei",NA,"correct",1,"unconstrained"
347,"condition1","1","juede_unclear",111,"觉得","juede",5591,12,"juede",NA,"correct",1,"unconstrained"
347,"condition1","1","yiwei_contrastive",4,"以为","yiwei",10239,13,"yiwei",NA,"correct",1,"constrained"
347,"condition1","1","yiwei_contrastive",2,"以为","yiwei",8126,15,"yiwei",NA,"correct",1,"constrained"
347,"condition1","1","juede_contrastive",14,"以为","yiwei",7638,16,"juede",NA,"incorrect",0,"constrained"
347,"condition1","1","juede_unclear",115,"觉得","juede",21432,17,"juede",NA,"correct",1,"unconstrained"
347,"condition1","1","yiwei_unclear",105,"以为","yiwei",6422,18,"yiwei",NA,"correct",1,"unconstrained"
347,"condition1","1","juede_contrastive",12,"觉得","juede",4107,19,"juede",NA,"correct",1,"constrained"
347,"condition1","2","juede_unclear",120,"觉得","juede",4187,21,"juede",NA,"correct",1,"unconstrained"
347,"condition1","2","juede_contrastive",15,"觉得","juede",9324,22,"juede",NA,"correct",1,"constrained"
347,"condition1","2","yiwei_contrastive",6,"以为","yiwei",5825,23,"yiwei",NA,"correct",1,"constrained"
347,"condition1","2","juede_contrastive",16,"觉得","juede",14042,24,"juede",NA,"correct",1,"constrained"
347,"condition1","2","yiwei_unclear",102,"以为","yiwei",12094,25,"yiwei",NA,"correct",1,"unconstrained"
347,"condition1","2","yiwei_contrastive",3,"以为","yiwei",9206,26,"yiwei",NA,"correct",1,"constrained"
347,"condition1","2","yiwei_unclear",110,"以为","yiwei",10609,27,"yiwei",NA,"correct",1,"unconstrained"
347,"condition1","2","juede_unclear",116,"觉得","juede",9141,28,"juede",NA,"correct",1,"unconstrained"
347,"condition1","3","juede_contrastive",13,"以为","yiwei",10008,31,"juede",NA,"incorrect",0,"constrained"
347,"condition1","3","juede_unclear",117,"以为","yiwei",6739,32,"juede",NA,"incorrect",0,"unconstrained"
347,"condition1","3","juede_unclear",118,"觉得","juede",4321,33,"juede",NA,"correct",1,"unconstrained"
347,"condition1","3","yiwei_unclear",108,"以为","yiwei",13493,34,"yiwei",NA,"correct",1,"unconstrained"
347,"condition1","3","yiwei_unclear",106,"以为","yiwei",5921,36,"yiwei",NA,"correct",1,"unconstrained"
347,"condition1","3","juede_contrastive",17,"以为","yiwei",19105,37,"juede",NA,"incorrect",0,"constrained"
347,"condition1","3","yiwei_contrastive",10,"觉得","juede",4084,38,"yiwei",NA,"incorrect",0,"constrained"
347,"condition1","3","yiwei_contrastive",1,"以为","yiwei",6486,39,"yiwei",NA,"correct",1,"constrained"
347,"condition1","4","yiwei_unclear",104,"以为","yiwei",8640,43,"yiwei",NA,"correct",1,"unconstrained"
347,"condition1","4","juede_contrastive",19,"觉得","juede",6055,44,"juede",NA,"correct",1,"constrained"
347,"condition1","4","juede_unclear",112,"觉得","juede",8974,45,"juede",NA,"correct",1,"unconstrained"
347,"condition1","4","juede_unclear",113,"觉得","juede",3403,46,"juede",NA,"correct",1,"unconstrained"
347,"condition1","4","juede_contrastive",18,"以为","yiwei",11576,47,"juede",NA,"incorrect",0,"constrained"
347,"condition1","4","yiwei_unclear",109,"以为","yiwei",3821,48,"yiwei",NA,"correct",1,"unconstrained"
347,"condition1","4","yiwei_contrastive",8,"以为","yiwei",6054,49,"yiwei",NA,"correct",1,"constrained"
347,"condition1","4","yiwei_contrastive",9,"以为","yiwei",9666,50,"yiwei",NA,"correct",1,"constrained"
344,"condition1","0","yiwei_unclear",105,"以为","yiwei",17023,1,"yiwei",NA,"correct",1,"unconstrained"
344,"condition1","0","juede_unclear",114,"觉得","juede",14944,2,"juede",NA,"correct",1,"unconstrained"
344,"condition1","0","yiwei_contrastive",1,"以为","yiwei",13824,3,"yiwei",NA,"correct",1,"constrained"
344,"condition1","0","juede_contrastive",16,"觉得","juede",13696,4,"juede",NA,"correct",1,"constrained"
344,"condition1","0","yiwei_contrastive",4,"以为","yiwei",11568,5,"yiwei",NA,"correct",1,"constrained"
344,"condition1","0","juede_unclear",116,"觉得","juede",8208,7,"juede",NA,"correct",1,"unconstrained"
344,"condition1","0","juede_contrastive",19,"觉得","juede",7696,8,"juede",NA,"correct",1,"constrained"
344,"condition1","0","yiwei_unclear",106,"觉得","juede",11602,10,"yiwei",NA,"incorrect",0,"unconstrained"
344,"condition1","1","juede_unclear",119,"觉得","juede",6926,11,"juede",NA,"correct",1,"unconstrained"
344,"condition1","1","yiwei_unclear",104,"以为","yiwei",7976,12,"yiwei",NA,"correct",1,"unconstrained"
344,"condition1","1","yiwei_contrastive",9,"以为","yiwei",24528,14,"yiwei",NA,"correct",1,"constrained"
344,"condition1","1","yiwei_contrastive",6,"以为","yiwei",8440,15,"yiwei",NA,"correct",1,"constrained"
344,"condition1","1","juede_contrastive",14,"觉得","juede",7728,16,"juede",NA,"correct",1,"constrained"
344,"condition1","1","yiwei_unclear",108,"以为","yiwei",14240,17,"yiwei",NA,"correct",1,"unconstrained"
344,"condition1","1","juede_unclear",113,"觉得","juede",10200,19,"juede",NA,"correct",1,"unconstrained"
344,"condition1","1","juede_contrastive",13,"以为","yiwei",7625,20,"juede",NA,"incorrect",0,"constrained"
344,"condition1","2","juede_unclear",111,"觉得","juede",6215,21,"juede",NA,"correct",1,"unconstrained"
344,"condition1","2","juede_unclear",112,"觉得","juede",11384,22,"juede",NA,"correct",1,"unconstrained"
344,"condition1","2","yiwei_contrastive",5,"以为","yiwei",6720,24,"yiwei",NA,"correct",1,"constrained"
344,"condition1","2","yiwei_contrastive",2,"以为","yiwei",9488,25,"yiwei",NA,"correct",1,"constrained"
344,"condition1","2","yiwei_unclear",110,"以为","yiwei",11608,26,"yiwei",NA,"correct",1,"unconstrained"
344,"condition1","2","juede_contrastive",12,"觉得","juede",6808,27,"juede",NA,"correct",1,"constrained"
344,"condition1","2","juede_contrastive",18,"觉得","juede",5568,28,"juede",NA,"correct",1,"constrained"
344,"condition1","2","yiwei_unclear",101,"以为","yiwei",6488,30,"yiwei",NA,"correct",1,"unconstrained"
344,"condition1","3","juede_unclear",120,"觉得","juede",4392,31,"juede",NA,"correct",1,"unconstrained"
344,"condition1","3","juede_unclear",117,"觉得","juede",3936,32,"juede",NA,"correct",1,"unconstrained"
344,"condition1","3","juede_contrastive",17,"觉得","juede",8864,33,"juede",NA,"correct",1,"constrained"
344,"condition1","3","yiwei_unclear",103,"以为","yiwei",4384,34,"yiwei",NA,"correct",1,"unconstrained"
344,"condition1","3","yiwei_contrastive",8,"觉得","juede",8880,35,"yiwei",NA,"incorrect",0,"constrained"
344,"condition1","3","yiwei_contrastive",10,"以为","yiwei",8104,36,"yiwei",NA,"correct",1,"constrained"
344,"condition1","3","juede_contrastive",11,"觉得","juede",9056,38,"juede",NA,"correct",1,"constrained"
344,"condition1","3","yiwei_unclear",109,"以为","yiwei",9176,39,"yiwei",NA,"correct",1,"unconstrained"
344,"condition1","4","yiwei_contrastive",3,"以为","yiwei",7048,42,"yiwei",NA,"correct",1,"constrained"
344,"condition1","4","yiwei_contrastive",7,"以为","yiwei",6272,43,"yiwei",NA,"correct",1,"constrained"
344,"condition1","4","juede_unclear",115,"觉得","juede",5016,44,"juede",NA,"correct",1,"unconstrained"
344,"condition1","4","juede_contrastive",20,"觉得","juede",8136,45,"juede",NA,"correct",1,"constrained"
344,"condition1","4","juede_contrastive",15,"觉得","juede",10840,46,"juede",NA,"correct",1,"constrained"
344,"condition1","4","juede_unclear",118,"觉得","juede",6784,47,"juede",NA,"correct",1,"unconstrained"
344,"condition1","4","yiwei_unclear",102,"觉得","juede",7208,49,"yiwei",NA,"incorrect",0,"unconstrained"
344,"condition1","4","yiwei_unclear",107,"以为","yiwei",5272,50,"yiwei",NA,"correct",1,"unconstrained"
360,"condition1","0","yiwei_contrastive",4,"以为","yiwei",30677,2,"yiwei",NA,"correct",1,"constrained"
360,"condition1","0","yiwei_contrastive",8,"以为","yiwei",57297,3,"yiwei",NA,"correct",1,"constrained"
360,"condition1","0","yiwei_unclear",104,"以为","yiwei",23152,4,"yiwei",NA,"correct",1,"unconstrained"
360,"condition1","0","juede_contrastive",15,"觉得","juede",34126,5,"juede",NA,"correct",1,"constrained"
360,"condition1","0","juede_unclear",112,"觉得","juede",13538,6,"juede",NA,"correct",1,"unconstrained"
360,"condition1","0","juede_unclear",113,"以为","yiwei",16718,7,"juede",NA,"incorrect",0,"unconstrained"
360,"condition1","0","yiwei_unclear",105,"觉得","juede",11209,8,"yiwei",NA,"incorrect",0,"unconstrained"
360,"condition1","0","juede_contrastive",12,"觉得","juede",12096,10,"juede",NA,"correct",1,"constrained"
360,"condition1","1","yiwei_unclear",106,"以为","yiwei",14961,11,"yiwei",NA,"correct",1,"unconstrained"
360,"condition1","1","yiwei_contrastive",10,"以为","yiwei",10312,12,"yiwei",NA,"correct",1,"constrained"
360,"condition1","1","juede_contrastive",20,"以为","yiwei",26775,14,"juede",NA,"incorrect",0,"constrained"
360,"condition1","1","juede_unclear",115,"觉得","juede",11681,15,"juede",NA,"correct",1,"unconstrained"
360,"condition1","1","yiwei_contrastive",9,"以为","yiwei",22281,16,"yiwei",NA,"correct",1,"constrained"
360,"condition1","1","juede_unclear",119,"觉得","juede",11623,18,"juede",NA,"correct",1,"unconstrained"
360,"condition1","1","juede_contrastive",11,"觉得","juede",11376,19,"juede",NA,"correct",1,"constrained"
360,"condition1","1","yiwei_unclear",110,"以为","yiwei",16968,20,"yiwei",NA,"correct",1,"unconstrained"
360,"condition1","2","juede_unclear",111,"觉得","juede",8448,22,"juede",NA,"correct",1,"unconstrained"
360,"condition1","2","yiwei_unclear",102,"以为","yiwei",14073,23,"yiwei",NA,"correct",1,"unconstrained"
360,"condition1","2","yiwei_unclear",101,"以为","yiwei",10231,24,"yiwei",NA,"correct",1,"unconstrained"
360,"condition1","2","yiwei_contrastive",7,"以为","yiwei",9223,25,"yiwei",NA,"correct",1,"constrained"
360,"condition1","2","juede_contrastive",17,"以为","yiwei",9104,27,"juede",NA,"incorrect",0,"constrained"
360,"condition1","2","yiwei_contrastive",6,"以为","yiwei",13105,28,"yiwei",NA,"correct",1,"constrained"
360,"condition1","2","juede_contrastive",18,"以为","yiwei",11823,29,"juede",NA,"incorrect",0,"constrained"
360,"condition1","2","juede_unclear",118,"觉得","juede",11384,30,"juede",NA,"correct",1,"unconstrained"
360,"condition1","3","yiwei_unclear",107,"以为","yiwei",9825,31,"yiwei",NA,"correct",1,"unconstrained"
360,"condition1","3","juede_contrastive",16,"觉得","juede",8518,32,"juede",NA,"correct",1,"constrained"
360,"condition1","3","juede_contrastive",13,"以为","yiwei",23896,34,"juede",NA,"incorrect",0,"constrained"
360,"condition1","3","yiwei_contrastive",2,"以为","yiwei",12352,35,"yiwei",NA,"correct",1,"constrained"
360,"condition1","3","juede_unclear",117,"以为","yiwei",22911,37,"juede",NA,"incorrect",0,"unconstrained"
360,"condition1","3","yiwei_unclear",109,"以为","yiwei",7473,38,"yiwei",NA,"correct",1,"unconstrained"
360,"condition1","3","yiwei_contrastive",5,"以为","yiwei",7295,39,"yiwei",NA,"correct",1,"constrained"
360,"condition1","3","juede_unclear",120,"以为","yiwei",12177,40,"juede",NA,"incorrect",0,"unconstrained"
360,"condition1","4","yiwei_unclear",103,"以为","yiwei",12505,41,"yiwei",NA,"correct",1,"unconstrained"
360,"condition1","4","juede_contrastive",14,"觉得","juede",9216,42,"juede",NA,"correct",1,"constrained"
360,"condition1","4","juede_contrastive",19,"觉得","juede",8583,45,"juede",NA,"correct",1,"constrained"
360,"condition1","4","yiwei_contrastive",1,"以为","yiwei",8568,46,"yiwei",NA,"correct",1,"constrained"
360,"condition1","4","yiwei_contrastive",3,"以为","yiwei",11088,47,"yiwei",NA,"correct",1,"constrained"
360,"condition1","4","yiwei_unclear",108,"觉得","juede",10055,48,"yiwei",NA,"incorrect",0,"unconstrained"
360,"condition1","4","juede_unclear",114,"觉得","juede",10088,49,"juede",NA,"correct",1,"unconstrained"
360,"condition1","4","juede_unclear",116,"觉得","juede",17657,50,"juede",NA,"correct",1,"unconstrained"
289,"condition1","0","yiwei_contrastive",10,"以为","yiwei",20402,1,"yiwei",NA,"correct",1,"constrained"
289,"condition1","0","juede_contrastive",19,"觉得","juede",15556,2,"juede",NA,"correct",1,"constrained"
289,"condition1","0","yiwei_unclear",104,"觉得","juede",14102,3,"yiwei",NA,"incorrect",0,"unconstrained"
289,"condition1","0","juede_unclear",115,"觉得","juede",86312,4,"juede",NA,"correct",1,"unconstrained"
289,"condition1","0","yiwei_contrastive",7,"以为","yiwei",14083,5,"yiwei",NA,"correct",1,"constrained"
289,"condition1","0","yiwei_unclear",109,"以为","yiwei",14350,6,"yiwei",NA,"correct",1,"unconstrained"
289,"condition1","0","juede_unclear",112,"觉得","juede",17215,8,"juede",NA,"correct",1,"unconstrained"
289,"condition1","0","juede_contrastive",20,"觉得","juede",16516,9,"juede",NA,"correct",1,"constrained"
289,"condition1","1","juede_contrastive",17,"觉得","juede",6984,11,"juede",NA,"correct",1,"constrained"
289,"condition1","1","juede_contrastive",15,"觉得","juede",10318,12,"juede",NA,"correct",1,"constrained"
289,"condition1","1","yiwei_contrastive",4,"觉得","juede",12169,13,"yiwei",NA,"incorrect",0,"constrained"
289,"condition1","1","juede_unclear",120,"觉得","juede",132067,15,"juede",NA,"correct",1,"unconstrained"
289,"condition1","1","yiwei_unclear",101,"以为","yiwei",9681,16,"yiwei",NA,"correct",1,"unconstrained"
289,"condition1","1","juede_unclear",119,"觉得","juede",9768,17,"juede",NA,"correct",1,"unconstrained"
289,"condition1","1","yiwei_contrastive",3,"以为","yiwei",9068,19,"yiwei",NA,"correct",1,"constrained"
289,"condition1","1","yiwei_unclear",102,"觉得","juede",14415,20,"yiwei",NA,"incorrect",0,"unconstrained"
289,"condition1","2","yiwei_contrastive",2,"以为","yiwei",9318,21,"yiwei",NA,"correct",1,"constrained"
289,"condition1","2","juede_unclear",118,"觉得","juede",12118,23,"juede",NA,"correct",1,"unconstrained"
289,"condition1","2","yiwei_unclear",103,"以为","yiwei",7084,24,"yiwei",NA,"correct",1,"unconstrained"
289,"condition1","2","yiwei_contrastive",6,"觉得","juede",6551,25,"yiwei",NA,"incorrect",0,"constrained"
289,"condition1","2","yiwei_unclear",110,"以为","yiwei",10069,26,"yiwei",NA,"correct",1,"unconstrained"
289,"condition1","2","juede_unclear",111,"觉得","juede",10118,27,"juede",NA,"correct",1,"unconstrained"
289,"condition1","2","juede_contrastive",11,"觉得","juede",7667,28,"juede",NA,"correct",1,"constrained"
289,"condition1","2","juede_contrastive",14,"觉得","juede",10060,30,"juede",NA,"correct",1,"constrained"
289,"condition1","3","juede_unclear",117,"觉得","juede",11784,32,"juede",NA,"correct",1,"unconstrained"
289,"condition1","3","juede_contrastive",16,"觉得","juede",8618,34,"juede",NA,"correct",1,"constrained"
289,"condition1","3","yiwei_contrastive",9,"以为","yiwei",17877,35,"yiwei",NA,"correct",1,"constrained"
289,"condition1","3","juede_unclear",116,"觉得","juede",15220,36,"juede",NA,"correct",1,"unconstrained"
289,"condition1","3","yiwei_unclear",108,"觉得","juede",16052,37,"yiwei",NA,"incorrect",0,"unconstrained"
289,"condition1","3","yiwei_unclear",105,"以为","yiwei",8685,38,"yiwei",NA,"correct",1,"unconstrained"
289,"condition1","3","juede_contrastive",13,"觉得","juede",7368,39,"juede",NA,"correct",1,"constrained"
289,"condition1","3","yiwei_contrastive",1,"觉得","juede",9701,40,"yiwei",NA,"incorrect",0,"constrained"
289,"condition1","4","yiwei_contrastive",5,"以为","yiwei",6851,41,"yiwei",NA,"correct",1,"constrained"
289,"condition1","4","yiwei_unclear",107,"以为","yiwei",15457,42,"yiwei",NA,"correct",1,"unconstrained"
289,"condition1","4","yiwei_contrastive",8,"以为","yiwei",12427,43,"yiwei",NA,"correct",1,"constrained"
289,"condition1","4","juede_contrastive",12,"觉得","juede",27195,46,"juede",NA,"correct",1,"constrained"
289,"condition1","4","juede_contrastive",18,"觉得","juede",291199,47,"juede",NA,"correct",1,"constrained"
289,"condition1","4","yiwei_unclear",106,"觉得","juede",18993,48,"yiwei",NA,"incorrect",0,"unconstrained"
289,"condition1","4","juede_unclear",114,"觉得","juede",10003,49,"juede",NA,"correct",1,"unconstrained"
289,"condition1","4","juede_unclear",113,"觉得","juede",8367,50,"juede",NA,"correct",1,"unconstrained"
312,"condition1","0","yiwei_contrastive",9,"以为","yiwei",32443,1,"yiwei",NA,"correct",1,"constrained"
312,"condition1","0","juede_unclear",111,"觉得","juede",14696,2,"juede",NA,"correct",1,"unconstrained"
312,"condition1","0","juede_contrastive",15,"以为","yiwei",32301,3,"juede",NA,"incorrect",0,"constrained"
312,"condition1","0","juede_unclear",115,"觉得","juede",14714,5,"juede",NA,"correct",1,"unconstrained"
312,"condition1","0","yiwei_unclear",102,"以为","yiwei",33060,6,"yiwei",NA,"correct",1,"unconstrained"
312,"condition1","0","yiwei_contrastive",8,"以为","yiwei",54438,8,"yiwei",NA,"correct",1,"constrained"
312,"condition1","0","yiwei_unclear",109,"以为","yiwei",10577,9,"yiwei",NA,"correct",1,"unconstrained"
312,"condition1","0","juede_contrastive",20,"以为","yiwei",8785,10,"juede",NA,"incorrect",0,"constrained"
312,"condition1","1","juede_contrastive",16,"觉得","juede",15106,11,"juede",NA,"correct",1,"constrained"
312,"condition1","1","juede_contrastive",12,"觉得","juede",7879,12,"juede",NA,"correct",1,"constrained"
312,"condition1","1","juede_unclear",116,"觉得","juede",17417,13,"juede",NA,"correct",1,"unconstrained"
312,"condition1","1","yiwei_unclear",106,"以为","yiwei",13442,15,"yiwei",NA,"correct",1,"unconstrained"
312,"condition1","1","yiwei_unclear",104,"以为","yiwei",17321,16,"yiwei",NA,"correct",1,"unconstrained"
312,"condition1","1","yiwei_contrastive",4,"以为","yiwei",27634,18,"yiwei",NA,"correct",1,"constrained"
312,"condition1","1","yiwei_contrastive",10,"以为","yiwei",12089,19,"yiwei",NA,"correct",1,"constrained"
312,"condition1","1","juede_unclear",118,"觉得","juede",12545,20,"juede",NA,"correct",1,"unconstrained"
312,"condition1","2","yiwei_contrastive",7,"以为","yiwei",11809,21,"yiwei",NA,"correct",1,"constrained"
312,"condition1","2","juede_contrastive",11,"觉得","juede",24282,22,"juede",NA,"correct",1,"constrained"
312,"condition1","2","yiwei_contrastive",3,"以为","yiwei",9921,24,"yiwei",NA,"correct",1,"constrained"
312,"condition1","2","juede_unclear",117,"以为","yiwei",10482,25,"juede",NA,"incorrect",0,"unconstrained"
312,"condition1","2","yiwei_unclear",103,"以为","yiwei",12409,26,"yiwei",NA,"correct",1,"unconstrained"
312,"condition1","2","yiwei_unclear",101,"以为","yiwei",8137,28,"yiwei",NA,"correct",1,"unconstrained"
312,"condition1","2","juede_contrastive",18,"以为","yiwei",17451,29,"juede",NA,"incorrect",0,"constrained"
312,"condition1","2","juede_unclear",112,"觉得","juede",16801,30,"juede",NA,"correct",1,"unconstrained"
312,"condition1","3","yiwei_unclear",107,"以为","yiwei",15290,31,"yiwei",NA,"correct",1,"unconstrained"
312,"condition1","3","yiwei_contrastive",5,"以为","yiwei",24899,32,"yiwei",NA,"correct",1,"constrained"
312,"condition1","3","juede_unclear",114,"觉得","juede",26089,33,"juede",NA,"correct",1,"unconstrained"
312,"condition1","3","juede_contrastive",13,"以为","yiwei",10210,34,"juede",NA,"incorrect",0,"constrained"
312,"condition1","3","juede_contrastive",19,"以为","yiwei",11713,35,"juede",NA,"incorrect",0,"constrained"
312,"condition1","3","yiwei_contrastive",1,"以为","yiwei",10040,36,"yiwei",NA,"correct",1,"constrained"
312,"condition1","3","juede_unclear",119,"觉得","juede",8201,38,"juede",NA,"correct",1,"unconstrained"
312,"condition1","3","yiwei_unclear",108,"觉得","juede",27675,40,"yiwei",NA,"incorrect",0,"unconstrained"
312,"condition1","4","juede_contrastive",14,"觉得","juede",18001,41,"juede",NA,"correct",1,"constrained"
312,"condition1","4","juede_contrastive",17,"以为","yiwei",10329,42,"juede",NA,"incorrect",0,"constrained"
312,"condition1","4","juede_unclear",120,"觉得","juede",39836,43,"juede",NA,"correct",1,"unconstrained"
312,"condition1","4","juede_unclear",113,"觉得","juede",14064,46,"juede",NA,"correct",1,"unconstrained"
312,"condition1","4","yiwei_contrastive",6,"以为","yiwei",11017,47,"yiwei",NA,"correct",1,"constrained"
312,"condition1","4","yiwei_unclear",105,"以为","yiwei",15986,48,"yiwei",NA,"correct",1,"unconstrained"
312,"condition1","4","yiwei_unclear",110,"以为","yiwei",15826,49,"yiwei",NA,"correct",1,"unconstrained"
312,"condition1","4","yiwei_contrastive",2,"以为","yiwei",11113,50,"yiwei",NA,"correct",1,"constrained"
350,"condition1","0","juede_contrastive",16,"觉得","juede",41985,1,"juede",NA,"correct",1,"constrained"
350,"condition1","0","yiwei_contrastive",7,"以为","yiwei",43814,2,"yiwei",NA,"correct",1,"constrained"
350,"condition1","0","yiwei_unclear",101,"以为","yiwei",25995,3,"yiwei",NA,"correct",1,"unconstrained"
350,"condition1","0","juede_unclear",118,"觉得","juede",33069,6,"juede",NA,"correct",1,"unconstrained"
350,"condition1","0","yiwei_unclear",110,"以为","yiwei",32955,7,"yiwei",NA,"correct",1,"unconstrained"
350,"condition1","0","yiwei_contrastive",8,"以为","yiwei",29681,8,"yiwei",NA,"correct",1,"constrained"
350,"condition1","0","juede_unclear",117,"觉得","juede",33123,9,"juede",NA,"correct",1,"unconstrained"
350,"condition1","0","juede_contrastive",17,"觉得","juede",21352,10,"juede",NA,"correct",1,"constrained"
350,"condition1","1","juede_contrastive",11,"觉得","juede",15281,11,"juede",NA,"correct",1,"constrained"
350,"condition1","1","yiwei_unclear",102,"觉得","juede",11135,12,"yiwei",NA,"incorrect",0,"unconstrained"
350,"condition1","1","juede_unclear",120,"觉得","juede",22504,13,"juede",NA,"correct",1,"unconstrained"
350,"condition1","1","yiwei_unclear",109,"以为","yiwei",15365,14,"yiwei",NA,"correct",1,"unconstrained"
350,"condition1","1","yiwei_contrastive",3,"觉得","juede",18128,16,"yiwei",NA,"incorrect",0,"constrained"
350,"condition1","1","juede_unclear",112,"觉得","juede",18393,17,"juede",NA,"correct",1,"unconstrained"
350,"condition1","1","yiwei_contrastive",5,"以为","yiwei",17376,18,"yiwei",NA,"correct",1,"constrained"
350,"condition1","1","juede_contrastive",15,"觉得","juede",22690,20,"juede",NA,"correct",1,"constrained"
350,"condition1","2","juede_contrastive",12,"觉得","juede",11351,21,"juede",NA,"correct",1,"constrained"
350,"condition1","2","yiwei_unclear",105,"以为","yiwei",24646,22,"yiwei",NA,"correct",1,"unconstrained"
350,"condition1","2","yiwei_contrastive",9,"以为","yiwei",41454,23,"yiwei",NA,"correct",1,"constrained"
350,"condition1","2","yiwei_unclear",104,"以为","yiwei",23109,24,"yiwei",NA,"correct",1,"unconstrained"
350,"condition1","2","juede_unclear",115,"觉得","juede",49945,27,"juede",NA,"correct",1,"unconstrained"
350,"condition1","2","juede_contrastive",13,"觉得","juede",10783,28,"juede",NA,"correct",1,"constrained"
350,"condition1","2","yiwei_contrastive",1,"以为","yiwei",18611,29,"yiwei",NA,"correct",1,"constrained"
350,"condition1","2","juede_unclear",111,"觉得","juede",6036,30,"juede",NA,"correct",1,"unconstrained"
350,"condition1","3","yiwei_unclear",103,"以为","yiwei",12574,31,"yiwei",NA,"correct",1,"unconstrained"
350,"condition1","3","juede_unclear",114,"觉得","juede",15535,32,"juede",NA,"correct",1,"unconstrained"
350,"condition1","3","juede_contrastive",20,"觉得","juede",20801,34,"juede",NA,"correct",1,"constrained"
350,"condition1","3","yiwei_unclear",106,"以为","yiwei",12564,35,"yiwei",NA,"correct",1,"unconstrained"
350,"condition1","3","juede_contrastive",18,"觉得","juede",19290,36,"juede",NA,"correct",1,"constrained"
350,"condition1","3","juede_unclear",113,"觉得","juede",13777,37,"juede",NA,"correct",1,"unconstrained"
350,"condition1","3","yiwei_contrastive",6,"以为","yiwei",20231,38,"yiwei",NA,"correct",1,"constrained"
350,"condition1","3","yiwei_contrastive",2,"以为","yiwei",22953,40,"yiwei",NA,"correct",1,"constrained"
350,"condition1","4","juede_contrastive",14,"觉得","juede",12289,41,"juede",NA,"correct",1,"constrained"
350,"condition1","4","juede_contrastive",19,"觉得","juede",18376,42,"juede",NA,"correct",1,"constrained"
350,"condition1","4","yiwei_contrastive",4,"以为","yiwei",44889,43,"yiwei",NA,"correct",1,"constrained"
350,"condition1","4","juede_unclear",116,"觉得","juede",16795,44,"juede",NA,"correct",1,"unconstrained"
350,"condition1","4","yiwei_unclear",107,"以为","yiwei",11871,46,"yiwei",NA,"correct",1,"unconstrained"
350,"condition1","4","yiwei_contrastive",10,"以为","yiwei",10835,47,"yiwei",NA,"correct",1,"constrained"
350,"condition1","4","juede_unclear",119,"觉得","juede",11873,48,"juede",NA,"correct",1,"unconstrained"
350,"condition1","4","yiwei_unclear",108,"觉得","juede",20400,50,"yiwei",NA,"incorrect",0,"unconstrained"
356,"condition1","0","juede_contrastive",19,"觉得","juede",8380,1,"juede",NA,"correct",1,"constrained"
356,"condition1","0","juede_unclear",116,"以为","yiwei",128187,3,"juede",NA,"incorrect",0,"unconstrained"
356,"condition1","0","yiwei_contrastive",10,"以为","yiwei",6715,4,"yiwei",NA,"correct",1,"constrained"
356,"condition1","0","juede_unclear",111,"觉得","juede",7327,5,"juede",NA,"correct",1,"unconstrained"
356,"condition1","0","yiwei_contrastive",6,"以为","yiwei",5635,6,"yiwei",NA,"correct",1,"constrained"
356,"condition1","0","juede_contrastive",14,"觉得","juede",7357,7,"juede",NA,"correct",1,"constrained"
356,"condition1","0","yiwei_unclear",104,"以为","yiwei",6924,8,"yiwei",NA,"correct",1,"unconstrained"
356,"condition1","0","yiwei_unclear",101,"以为","yiwei",7261,9,"yiwei",NA,"correct",1,"unconstrained"
356,"condition1","1","juede_unclear",113,"觉得","juede",10248,12,"juede",NA,"correct",1,"unconstrained"
356,"condition1","1","yiwei_unclear",110,"以为","yiwei",16181,13,"yiwei",NA,"correct",1,"unconstrained"
356,"condition1","1","juede_contrastive",16,"觉得","juede",174927,14,"juede",NA,"correct",1,"constrained"
356,"condition1","1","yiwei_contrastive",2,"以为","yiwei",29002,15,"yiwei",NA,"correct",1,"constrained"
356,"condition1","1","yiwei_unclear",103,"以为","yiwei",14104,16,"yiwei",NA,"correct",1,"unconstrained"
356,"condition1","1","yiwei_contrastive",8,"觉得","juede",12705,17,"yiwei",NA,"incorrect",0,"constrained"
356,"condition1","1","juede_contrastive",17,"觉得","juede",15770,18,"juede",NA,"correct",1,"constrained"
356,"condition1","1","juede_unclear",119,"觉得","juede",12131,19,"juede",NA,"correct",1,"unconstrained"
356,"condition1","2","juede_unclear",115,"以为","yiwei",3717,21,"juede",NA,"incorrect",0,"unconstrained"
356,"condition1","2","yiwei_unclear",108,"觉得","juede",7021,23,"yiwei",NA,"incorrect",0,"unconstrained"
356,"condition1","2","juede_contrastive",13,"以为","yiwei",11339,24,"juede",NA,"incorrect",0,"constrained"
356,"condition1","2","yiwei_contrastive",7,"以为","yiwei",10415,25,"yiwei",NA,"correct",1,"constrained"
356,"condition1","2","yiwei_contrastive",9,"以为","yiwei",7914,27,"yiwei",NA,"correct",1,"constrained"
356,"condition1","2","juede_unclear",114,"觉得","juede",4221,28,"juede",NA,"correct",1,"unconstrained"
356,"condition1","2","yiwei_unclear",102,"觉得","juede",11941,29,"yiwei",NA,"incorrect",0,"unconstrained"
356,"condition1","2","juede_contrastive",12,"觉得","juede",3571,30,"juede",NA,"correct",1,"constrained"
356,"condition1","3","juede_unclear",120,"以为","yiwei",5249,31,"juede",NA,"incorrect",0,"unconstrained"
356,"condition1","3","yiwei_contrastive",3,"以为","yiwei",6458,32,"yiwei",NA,"correct",1,"constrained"
356,"condition1","3","yiwei_unclear",106,"觉得","juede",8734,33,"yiwei",NA,"incorrect",0,"unconstrained"
356,"condition1","3","yiwei_unclear",109,"觉得","juede",9300,34,"yiwei",NA,"incorrect",0,"unconstrained"
356,"condition1","3","juede_contrastive",11,"觉得","juede",29283,35,"juede",NA,"correct",1,"constrained"
356,"condition1","3","juede_contrastive",20,"觉得","juede",12713,36,"juede",NA,"correct",1,"constrained"
356,"condition1","3","yiwei_contrastive",5,"以为","yiwei",19470,39,"yiwei",NA,"correct",1,"constrained"
356,"condition1","3","juede_unclear",112,"觉得","juede",34225,40,"juede",NA,"correct",1,"unconstrained"
356,"condition1","4","yiwei_unclear",105,"以为","yiwei",2552,41,"yiwei",NA,"correct",1,"unconstrained"
356,"condition1","4","juede_contrastive",15,"觉得","juede",14477,42,"juede",NA,"correct",1,"constrained"
356,"condition1","4","juede_unclear",118,"觉得","juede",4200,44,"juede",NA,"correct",1,"unconstrained"
356,"condition1","4","yiwei_contrastive",1,"以为","yiwei",3975,45,"yiwei",NA,"correct",1,"constrained"
356,"condition1","4","juede_unclear",117,"觉得","juede",4479,46,"juede",NA,"correct",1,"unconstrained"
356,"condition1","4","juede_contrastive",18,"以为","yiwei",5025,47,"juede",NA,"incorrect",0,"constrained"
356,"condition1","4","yiwei_unclear",107,"觉得","juede",3171,48,"yiwei",NA,"incorrect",0,"unconstrained"
356,"condition1","4","yiwei_contrastive",4,"以为","yiwei",13317,50,"yiwei",NA,"correct",1,"constrained"
299,"condition1","0","yiwei_unclear",110,"以为","yiwei",31219,1,"yiwei",NA,"correct",1,"unconstrained"
299,"condition1","0","juede_unclear",118,"觉得","juede",9403,2,"juede",NA,"correct",1,"unconstrained"
299,"condition1","0","yiwei_unclear",108,"以为","yiwei",19861,3,"yiwei",NA,"correct",1,"unconstrained"
299,"condition1","0","yiwei_contrastive",5,"以为","yiwei",13268,4,"yiwei",NA,"correct",1,"constrained"
299,"condition1","0","juede_contrastive",13,"觉得","juede",19445,6,"juede",NA,"correct",1,"constrained"
299,"condition1","0","juede_contrastive",17,"觉得","juede",14358,8,"juede",NA,"correct",1,"constrained"
299,"condition1","0","juede_unclear",114,"觉得","juede",11775,9,"juede",NA,"correct",1,"unconstrained"
299,"condition1","0","yiwei_contrastive",6,"以为","yiwei",11642,10,"yiwei",NA,"correct",1,"constrained"
299,"condition1","1","juede_unclear",115,"觉得","juede",10791,11,"juede",NA,"correct",1,"unconstrained"
299,"condition1","1","yiwei_unclear",104,"以为","yiwei",11967,12,"yiwei",NA,"correct",1,"unconstrained"
299,"condition1","1","yiwei_contrastive",9,"以为","yiwei",26576,14,"yiwei",NA,"correct",1,"constrained"
299,"condition1","1","yiwei_contrastive",10,"以为","yiwei",24326,15,"yiwei",NA,"correct",1,"constrained"
299,"condition1","1","juede_contrastive",15,"觉得","juede",16034,16,"juede",NA,"correct",1,"constrained"
299,"condition1","1","juede_unclear",120,"觉得","juede",9466,17,"juede",NA,"correct",1,"unconstrained"
299,"condition1","1","yiwei_unclear",102,"觉得","juede",16749,18,"yiwei",NA,"incorrect",0,"unconstrained"
299,"condition1","1","juede_contrastive",11,"觉得","juede",10075,20,"juede",NA,"correct",1,"constrained"
299,"condition1","2","yiwei_contrastive",1,"以为","yiwei",11459,22,"yiwei",NA,"correct",1,"constrained"
299,"condition1","2","yiwei_unclear",109,"以为","yiwei",13466,23,"yiwei",NA,"correct",1,"unconstrained"
299,"condition1","2","yiwei_contrastive",2,"以为","yiwei",16216,24,"yiwei",NA,"correct",1,"constrained"
299,"condition1","2","juede_contrastive",19,"觉得","juede",10058,25,"juede",NA,"correct",1,"constrained"
299,"condition1","2","yiwei_unclear",105,"以为","yiwei",11402,27,"yiwei",NA,"correct",1,"unconstrained"
299,"condition1","2","juede_unclear",116,"觉得","juede",12317,28,"juede",NA,"correct",1,"unconstrained"
299,"condition1","2","juede_unclear",117,"觉得","juede",12164,29,"juede",NA,"correct",1,"unconstrained"
299,"condition1","2","juede_contrastive",14,"觉得","juede",25311,30,"juede",NA,"correct",1,"constrained"
299,"condition1","3","juede_unclear",119,"觉得","juede",13851,31,"juede",NA,"correct",1,"unconstrained"
299,"condition1","3","juede_contrastive",18,"觉得","juede",9448,32,"juede",NA,"correct",1,"constrained"
299,"condition1","3","yiwei_contrastive",8,"以为","yiwei",21147,33,"yiwei",NA,"correct",1,"constrained"
299,"condition1","3","yiwei_contrastive",3,"以为","yiwei",9177,34,"yiwei",NA,"correct",1,"constrained"
299,"condition1","3","yiwei_unclear",101,"以为","yiwei",20520,35,"yiwei",NA,"correct",1,"unconstrained"
299,"condition1","3","juede_unclear",111,"觉得","juede",7413,36,"juede",NA,"correct",1,"unconstrained"
299,"condition1","3","juede_contrastive",12,"觉得","juede",7602,37,"juede",NA,"correct",1,"constrained"
299,"condition1","3","yiwei_unclear",103,"以为","yiwei",9219,39,"yiwei",NA,"correct",1,"unconstrained"
299,"condition1","4","yiwei_contrastive",4,"以为","yiwei",14431,42,"yiwei",NA,"correct",1,"constrained"
299,"condition1","4","juede_contrastive",16,"觉得","juede",9271,43,"juede",NA,"correct",1,"constrained"
299,"condition1","4","yiwei_contrastive",7,"以为","yiwei",27481,44,"yiwei",NA,"correct",1,"constrained"
299,"condition1","4","yiwei_unclear",106,"以为","yiwei",9534,45,"yiwei",NA,"correct",1,"unconstrained"
299,"condition1","4","juede_unclear",113,"觉得","juede",7585,47,"juede",NA,"correct",1,"unconstrained"
299,"condition1","4","juede_contrastive",20,"觉得","juede",13271,48,"juede",NA,"correct",1,"constrained"
299,"condition1","4","yiwei_unclear",107,"以为","yiwei",15470,49,"yiwei",NA,"correct",1,"unconstrained"
299,"condition1","4","juede_unclear",112,"觉得","juede",10924,50,"juede",NA,"correct",1,"unconstrained"
303,"condition1","0","yiwei_unclear",106,"以为","yiwei",18433,1,"yiwei",NA,"correct",1,"unconstrained"
303,"condition1","0","juede_unclear",114,"觉得","juede",20223,3,"juede",NA,"correct",1,"unconstrained"
303,"condition1","0","yiwei_unclear",104,"以为","yiwei",22230,4,"yiwei",NA,"correct",1,"unconstrained"
303,"condition1","0","juede_unclear",119,"觉得","juede",18026,5,"juede",NA,"correct",1,"unconstrained"
303,"condition1","0","yiwei_contrastive",7,"觉得","juede",11087,6,"yiwei",NA,"incorrect",0,"constrained"
303,"condition1","0","yiwei_contrastive",5,"以为","yiwei",11906,7,"yiwei",NA,"correct",1,"constrained"
303,"condition1","0","juede_contrastive",13,"觉得","juede",27009,9,"juede",NA,"correct",1,"constrained"
303,"condition1","0","juede_contrastive",15,"以为","yiwei",26612,10,"juede",NA,"incorrect",0,"constrained"
303,"condition1","1","yiwei_contrastive",10,"以为","yiwei",12907,11,"yiwei",NA,"correct",1,"constrained"
303,"condition1","1","yiwei_unclear",101,"以为","yiwei",14536,12,"yiwei",NA,"correct",1,"unconstrained"
303,"condition1","1","juede_unclear",111,"觉得","juede",11771,13,"juede",NA,"correct",1,"unconstrained"
303,"condition1","1","juede_contrastive",12,"觉得","juede",9752,15,"juede",NA,"correct",1,"constrained"
303,"condition1","1","yiwei_unclear",107,"以为","yiwei",7435,16,"yiwei",NA,"correct",1,"unconstrained"
303,"condition1","1","juede_unclear",118,"觉得","juede",12022,17,"juede",NA,"correct",1,"unconstrained"
303,"condition1","1","juede_contrastive",18,"以为","yiwei",15835,19,"juede",NA,"incorrect",0,"constrained"
303,"condition1","1","yiwei_contrastive",8,"以为","yiwei",29817,20,"yiwei",NA,"correct",1,"constrained"
303,"condition1","2","yiwei_contrastive",9,"以为","yiwei",29666,21,"yiwei",NA,"correct",1,"constrained"
303,"condition1","2","juede_unclear",120,"以为","yiwei",11842,22,"juede",NA,"incorrect",0,"unconstrained"
303,"condition1","2","yiwei_unclear",102,"以为","yiwei",32497,24,"yiwei",NA,"correct",1,"unconstrained"
303,"condition1","2","juede_unclear",113,"觉得","juede",8890,25,"juede",NA,"correct",1,"unconstrained"
303,"condition1","2","yiwei_contrastive",3,"以为","yiwei",11125,26,"yiwei",NA,"correct",1,"constrained"
303,"condition1","2","juede_contrastive",14,"觉得","juede",28201,27,"juede",NA,"correct",1,"constrained"
303,"condition1","2","yiwei_unclear",110,"以为","yiwei",12258,28,"yiwei",NA,"correct",1,"unconstrained"
303,"condition1","2","juede_contrastive",17,"觉得","juede",20425,29,"juede",NA,"correct",1,"constrained"
303,"condition1","3","juede_unclear",115,"觉得","juede",10997,32,"juede",NA,"correct",1,"unconstrained"
303,"condition1","3","juede_unclear",112,"觉得","juede",12433,33,"juede",NA,"correct",1,"unconstrained"
303,"condition1","3","yiwei_unclear",108,"觉得","juede",14716,34,"yiwei",NA,"incorrect",0,"unconstrained"
303,"condition1","3","yiwei_unclear",105,"以为","yiwei",21455,35,"yiwei",NA,"correct",1,"unconstrained"
303,"condition1","3","yiwei_contrastive",2,"以为","yiwei",143541,36,"yiwei",NA,"correct",1,"constrained"
303,"condition1","3","juede_contrastive",16,"觉得","juede",10320,37,"juede",NA,"correct",1,"constrained"
303,"condition1","3","yiwei_contrastive",6,"以为","yiwei",42178,39,"yiwei",NA,"correct",1,"constrained"
303,"condition1","3","juede_contrastive",11,"觉得","juede",6497,40,"juede",NA,"correct",1,"constrained"
303,"condition1","4","juede_unclear",117,"觉得","juede",10960,41,"juede",NA,"correct",1,"unconstrained"
303,"condition1","4","juede_contrastive",20,"觉得","juede",28781,42,"juede",NA,"correct",1,"constrained"
303,"condition1","4","juede_contrastive",19,"觉得","juede",8673,44,"juede",NA,"correct",1,"constrained"
303,"condition1","4","yiwei_contrastive",4,"以为","yiwei",5771,45,"yiwei",NA,"correct",1,"constrained"
303,"condition1","4","yiwei_unclear",103,"以为","yiwei",13305,46,"yiwei",NA,"correct",1,"unconstrained"
303,"condition1","4","yiwei_unclear",109,"以为","yiwei",94212,48,"yiwei",NA,"correct",1,"unconstrained"
303,"condition1","4","juede_unclear",116,"觉得","juede",12840,49,"juede",NA,"correct",1,"unconstrained"
303,"condition1","4","yiwei_contrastive",1,"以为","yiwei",6812,50,"yiwei",NA,"correct",1,"constrained"
290,"condition1","0","juede_unclear",120,"觉得","juede",29148,1,"juede",NA,"correct",1,"unconstrained"
290,"condition1","0","juede_unclear",112,"觉得","juede",9844,2,"juede",NA,"correct",1,"unconstrained"
290,"condition1","0","yiwei_contrastive",5,"以为","yiwei",16085,3,"yiwei",NA,"correct",1,"constrained"
290,"condition1","0","juede_contrastive",13,"觉得","juede",15063,4,"juede",NA,"correct",1,"constrained"
290,"condition1","0","yiwei_unclear",104,"以为","yiwei",7448,7,"yiwei",NA,"correct",1,"unconstrained"
290,"condition1","0","yiwei_contrastive",3,"以为","yiwei",8816,8,"yiwei",NA,"correct",1,"constrained"
290,"condition1","0","juede_contrastive",11,"觉得","juede",8840,9,"juede",NA,"correct",1,"constrained"
290,"condition1","0","yiwei_unclear",102,"觉得","juede",18427,10,"yiwei",NA,"incorrect",0,"unconstrained"
290,"condition1","1","juede_contrastive",20,"觉得","juede",141247,11,"juede",NA,"correct",1,"constrained"
290,"condition1","1","juede_unclear",116,"觉得","juede",8339,12,"juede",NA,"correct",1,"unconstrained"
290,"condition1","1","juede_contrastive",19,"觉得","juede",6382,13,"juede",NA,"correct",1,"constrained"
290,"condition1","1","yiwei_contrastive",6,"以为","yiwei",5578,14,"yiwei",NA,"correct",1,"constrained"
290,"condition1","1","juede_unclear",111,"觉得","juede",6854,15,"juede",NA,"correct",1,"unconstrained"
290,"condition1","1","yiwei_contrastive",2,"以为","yiwei",5725,16,"yiwei",NA,"correct",1,"constrained"
290,"condition1","1","yiwei_unclear",105,"以为","yiwei",12540,17,"yiwei",NA,"correct",1,"unconstrained"
290,"condition1","1","yiwei_unclear",110,"以为","yiwei",8754,20,"yiwei",NA,"correct",1,"unconstrained"
290,"condition1","2","juede_unclear",113,"觉得","juede",7764,21,"juede",NA,"correct",1,"unconstrained"
290,"condition1","2","yiwei_unclear",108,"觉得","juede",17616,22,"yiwei",NA,"incorrect",0,"unconstrained"
290,"condition1","2","yiwei_contrastive",7,"以为","yiwei",7292,24,"yiwei",NA,"correct",1,"constrained"
290,"condition1","2","yiwei_contrastive",1,"以为","yiwei",5940,26,"yiwei",NA,"correct",1,"constrained"
290,"condition1","2","juede_contrastive",16,"觉得","juede",11096,27,"juede",NA,"correct",1,"constrained"
290,"condition1","2","yiwei_unclear",107,"以为","yiwei",5815,28,"yiwei",NA,"correct",1,"unconstrained"
290,"condition1","2","juede_contrastive",15,"觉得","juede",8630,29,"juede",NA,"correct",1,"constrained"
290,"condition1","2","juede_unclear",114,"觉得","juede",9129,30,"juede",NA,"correct",1,"unconstrained"
290,"condition1","3","yiwei_contrastive",8,"以为","yiwei",21184,31,"yiwei",NA,"correct",1,"constrained"
290,"condition1","3","juede_contrastive",17,"觉得","juede",12811,32,"juede",NA,"correct",1,"constrained"
290,"condition1","3","yiwei_contrastive",9,"以为","yiwei",98358,34,"yiwei",NA,"correct",1,"constrained"
290,"condition1","3","yiwei_unclear",101,"以为","yiwei",9239,35,"yiwei",NA,"correct",1,"unconstrained"
290,"condition1","3","juede_unclear",115,"觉得","juede",8325,36,"juede",NA,"correct",1,"unconstrained"
290,"condition1","3","juede_unclear",118,"觉得","juede",40790,38,"juede",NA,"correct",1,"unconstrained"
290,"condition1","3","yiwei_unclear",109,"以为","yiwei",39572,39,"yiwei",NA,"correct",1,"unconstrained"
290,"condition1","3","juede_contrastive",18,"以为","yiwei",7500,40,"juede",NA,"incorrect",0,"constrained"
290,"condition1","4","juede_contrastive",12,"觉得","juede",7498,41,"juede",NA,"correct",1,"constrained"
290,"condition1","4","yiwei_contrastive",10,"以为","yiwei",38084,42,"yiwei",NA,"correct",1,"constrained"
290,"condition1","4","yiwei_unclear",103,"以为","yiwei",5185,43,"yiwei",NA,"correct",1,"unconstrained"
290,"condition1","4","yiwei_unclear",106,"以为","yiwei",63518,45,"yiwei",NA,"correct",1,"unconstrained"
290,"condition1","4","juede_unclear",117,"觉得","juede",8964,46,"juede",NA,"correct",1,"unconstrained"
290,"condition1","4","juede_contrastive",14,"觉得","juede",307467,47,"juede",NA,"correct",1,"constrained"
290,"condition1","4","yiwei_contrastive",4,"以为","yiwei",6094,48,"yiwei",NA,"correct",1,"constrained"
290,"condition1","4","juede_unclear",119,"觉得","juede",4911,49,"juede",NA,"correct",1,"unconstrained"
309,"condition1","0","juede_unclear",120,"觉得","juede",24921,1,"juede",NA,"correct",1,"unconstrained"
309,"condition1","0","yiwei_unclear",110,"以为","yiwei",25155,2,"yiwei",NA,"correct",1,"unconstrained"
309,"condition1","0","juede_contrastive",14,"觉得","juede",21839,3,"juede",NA,"correct",1,"constrained"
309,"condition1","0","yiwei_contrastive",7,"以为","yiwei",16690,4,"yiwei",NA,"correct",1,"constrained"
309,"condition1","0","yiwei_unclear",108,"觉得","juede",22042,6,"yiwei",NA,"incorrect",0,"unconstrained"
309,"condition1","0","juede_contrastive",12,"觉得","juede",7739,7,"juede",NA,"correct",1,"constrained"
309,"condition1","0","yiwei_contrastive",10,"以为","yiwei",10597,8,"yiwei",NA,"correct",1,"constrained"
309,"condition1","0","juede_unclear",115,"觉得","juede",17659,9,"juede",NA,"correct",1,"unconstrained"
309,"condition1","1","juede_unclear",117,"觉得","juede",12202,11,"juede",NA,"correct",1,"unconstrained"
309,"condition1","1","yiwei_contrastive",8,"觉得","juede",11533,13,"yiwei",NA,"incorrect",0,"constrained"
309,"condition1","1","yiwei_unclear",103,"以为","yiwei",16726,14,"yiwei",NA,"correct",1,"unconstrained"
309,"condition1","1","yiwei_unclear",104,"以为","yiwei",8901,16,"yiwei",NA,"correct",1,"unconstrained"
309,"condition1","1","juede_contrastive",11,"觉得","juede",13194,17,"juede",NA,"correct",1,"constrained"
309,"condition1","1","juede_contrastive",15,"觉得","juede",48059,18,"juede",NA,"correct",1,"constrained"
309,"condition1","1","juede_unclear",118,"觉得","juede",3660,19,"juede",NA,"correct",1,"unconstrained"
309,"condition1","1","yiwei_contrastive",2,"以为","yiwei",5176,20,"yiwei",NA,"correct",1,"constrained"
309,"condition1","2","juede_unclear",113,"觉得","juede",4240,22,"juede",NA,"correct",1,"unconstrained"
309,"condition1","2","yiwei_unclear",109,"以为","yiwei",2127,23,"yiwei",NA,"correct",1,"unconstrained"
309,"condition1","2","yiwei_contrastive",6,"以为","yiwei",8933,24,"yiwei",NA,"correct",1,"constrained"
309,"condition1","2","yiwei_contrastive",5,"以为","yiwei",8708,25,"yiwei",NA,"correct",1,"constrained"
309,"condition1","2","juede_contrastive",19,"觉得","juede",4689,27,"juede",NA,"correct",1,"constrained"
309,"condition1","2","yiwei_unclear",106,"以为","yiwei",18977,28,"yiwei",NA,"correct",1,"unconstrained"
309,"condition1","2","juede_contrastive",20,"觉得","juede",4926,29,"juede",NA,"correct",1,"constrained"
309,"condition1","2","juede_unclear",112,"觉得","juede",12583,30,"juede",NA,"correct",1,"unconstrained"
309,"condition1","3","yiwei_contrastive",9,"以为","yiwei",17670,31,"yiwei",NA,"correct",1,"constrained"
309,"condition1","3","yiwei_unclear",107,"以为","yiwei",9975,33,"yiwei",NA,"correct",1,"unconstrained"
309,"condition1","3","yiwei_unclear",101,"觉得","juede",5460,34,"yiwei",NA,"incorrect",0,"unconstrained"
309,"condition1","3","yiwei_contrastive",1,"以为","yiwei",3813,35,"yiwei",NA,"correct",1,"constrained"
309,"condition1","3","juede_unclear",114,"觉得","juede",7468,37,"juede",NA,"correct",1,"unconstrained"
309,"condition1","3","juede_unclear",116,"觉得","juede",8842,38,"juede",NA,"correct",1,"unconstrained"
309,"condition1","3","juede_contrastive",16,"觉得","juede",47712,39,"juede",NA,"correct",1,"constrained"
309,"condition1","3","juede_contrastive",17,"觉得","juede",10372,40,"juede",NA,"correct",1,"constrained"
309,"condition1","4","yiwei_contrastive",3,"以为","yiwei",5355,42,"yiwei",NA,"correct",1,"constrained"
309,"condition1","4","juede_unclear",119,"觉得","juede",3774,43,"juede",NA,"correct",1,"unconstrained"
309,"condition1","4","juede_contrastive",18,"觉得","juede",16014,44,"juede",NA,"correct",1,"constrained"
309,"condition1","4","yiwei_unclear",105,"以为","yiwei",15580,45,"yiwei",NA,"correct",1,"unconstrained"
309,"condition1","4","yiwei_unclear",102,"觉得","juede",10442,47,"yiwei",NA,"incorrect",0,"unconstrained"
309,"condition1","4","yiwei_contrastive",4,"以为","yiwei",2452,48,"yiwei",NA,"correct",1,"constrained"
309,"condition1","4","juede_unclear",111,"觉得","juede",2613,49,"juede",NA,"correct",1,"unconstrained"
309,"condition1","4","juede_contrastive",13,"觉得","juede",8887,50,"juede",NA,"correct",1,"constrained"
300,"condition1","0","yiwei_unclear",102,"以为","yiwei",31948,1,"yiwei",NA,"correct",1,"unconstrained"
300,"condition1","0","juede_contrastive",12,"觉得","juede",18887,2,"juede",NA,"correct",1,"constrained"
300,"condition1","0","yiwei_contrastive",3,"以为","yiwei",22881,3,"yiwei",NA,"correct",1,"constrained"
300,"condition1","0","juede_unclear",119,"觉得","juede",26693,5,"juede",NA,"correct",1,"unconstrained"
300,"condition1","0","yiwei_unclear",103,"以为","yiwei",16615,6,"yiwei",NA,"correct",1,"unconstrained"
300,"condition1","0","juede_unclear",117,"觉得","juede",36046,7,"juede",NA,"correct",1,"unconstrained"
300,"condition1","0","yiwei_contrastive",4,"以为","yiwei",17142,9,"yiwei",NA,"correct",1,"constrained"
300,"condition1","0","juede_contrastive",13,"觉得","juede",19440,10,"juede",NA,"correct",1,"constrained"
300,"condition1","1","yiwei_contrastive",10,"以为","yiwei",13724,11,"yiwei",NA,"correct",1,"constrained"
300,"condition1","1","yiwei_contrastive",2,"以为","yiwei",13921,13,"yiwei",NA,"correct",1,"constrained"
300,"condition1","1","yiwei_unclear",101,"以为","yiwei",19331,14,"yiwei",NA,"correct",1,"unconstrained"
300,"condition1","1","yiwei_unclear",110,"以为","yiwei",25145,16,"yiwei",NA,"correct",1,"unconstrained"
300,"condition1","1","juede_unclear",120,"觉得","juede",16848,17,"juede",NA,"correct",1,"unconstrained"
300,"condition1","1","juede_contrastive",18,"以为","yiwei",20413,18,"juede",NA,"incorrect",0,"constrained"
300,"condition1","1","juede_unclear",111,"觉得","juede",14764,19,"juede",NA,"correct",1,"unconstrained"
300,"condition1","1","juede_contrastive",14,"觉得","juede",16257,20,"juede",NA,"correct",1,"constrained"
300,"condition1","2","juede_contrastive",11,"觉得","juede",15563,21,"juede",NA,"correct",1,"constrained"
300,"condition1","2","juede_unclear",115,"觉得","juede",19734,22,"juede",NA,"correct",1,"unconstrained"
300,"condition1","2","yiwei_unclear",109,"以为","yiwei",27071,23,"yiwei",NA,"correct",1,"unconstrained"
300,"condition1","2","juede_unclear",114,"觉得","juede",18338,24,"juede",NA,"correct",1,"unconstrained"
300,"condition1","2","yiwei_contrastive",9,"以为","yiwei",20153,25,"yiwei",NA,"correct",1,"constrained"
300,"condition1","2","yiwei_contrastive",6,"以为","yiwei",8594,28,"yiwei",NA,"correct",1,"constrained"
300,"condition1","2","juede_contrastive",17,"觉得","juede",13767,29,"juede",NA,"correct",1,"constrained"
300,"condition1","2","yiwei_unclear",105,"以为","yiwei",15908,30,"yiwei",NA,"correct",1,"unconstrained"
300,"condition1","3","yiwei_unclear",108,"觉得","juede",23957,31,"yiwei",NA,"incorrect",0,"unconstrained"
300,"condition1","3","yiwei_unclear",106,"以为","yiwei",8429,33,"yiwei",NA,"correct",1,"unconstrained"
300,"condition1","3","juede_unclear",112,"觉得","juede",12939,34,"juede",NA,"correct",1,"unconstrained"
300,"condition1","3","yiwei_contrastive",1,"觉得","juede",12541,35,"yiwei",NA,"incorrect",0,"constrained"
300,"condition1","3","juede_contrastive",15,"觉得","juede",19750,36,"juede",NA,"correct",1,"constrained"
300,"condition1","3","juede_unclear",118,"以为","yiwei",21492,37,"juede",NA,"incorrect",0,"unconstrained"
300,"condition1","3","yiwei_contrastive",5,"以为","yiwei",10627,38,"yiwei",NA,"correct",1,"constrained"
300,"condition1","3","juede_contrastive",16,"觉得","juede",10070,39,"juede",NA,"correct",1,"constrained"
300,"condition1","4","yiwei_contrastive",8,"觉得","juede",12689,41,"yiwei",NA,"incorrect",0,"constrained"
300,"condition1","4","yiwei_unclear",107,"以为","yiwei",9315,42,"yiwei",NA,"correct",1,"unconstrained"
300,"condition1","4","juede_contrastive",20,"觉得","juede",10453,43,"juede",NA,"correct",1,"constrained"
300,"condition1","4","yiwei_unclear",104,"以为","yiwei",11146,44,"yiwei",NA,"correct",1,"unconstrained"
300,"condition1","4","yiwei_contrastive",7,"以为","yiwei",13329,45,"yiwei",NA,"correct",1,"constrained"
300,"condition1","4","juede_contrastive",19,"觉得","juede",15944,48,"juede",NA,"correct",1,"constrained"
300,"condition1","4","juede_unclear",113,"觉得","juede",7825,49,"juede",NA,"correct",1,"unconstrained"
300,"condition1","4","juede_unclear",116,"觉得","juede",5714,50,"juede",NA,"correct",1,"unconstrained"
286,"condition1","0","juede_unclear",119,"觉得","juede",36784,1,"juede",NA,"correct",1,"unconstrained"
286,"condition1","0","juede_contrastive",16,"觉得","juede",50130,3,"juede",NA,"correct",1,"constrained"
286,"condition1","0","yiwei_contrastive",10,"以为","yiwei",30967,4,"yiwei",NA,"correct",1,"constrained"
286,"condition1","0","juede_unclear",116,"觉得","juede",83401,6,"juede",NA,"correct",1,"unconstrained"
286,"condition1","0","yiwei_unclear",106,"以为","yiwei",23152,7,"yiwei",NA,"correct",1,"unconstrained"
286,"condition1","0","yiwei_unclear",101,"以为","yiwei",17815,8,"yiwei",NA,"correct",1,"unconstrained"
286,"condition1","0","yiwei_contrastive",1,"以为","yiwei",50843,9,"yiwei",NA,"correct",1,"constrained"
286,"condition1","0","juede_contrastive",18,"觉得","juede",33242,10,"juede",NA,"correct",1,"constrained"
286,"condition1","1","juede_contrastive",15,"觉得","juede",38817,11,"juede",NA,"correct",1,"constrained"
286,"condition1","1","yiwei_unclear",105,"以为","yiwei",39186,12,"yiwei",NA,"correct",1,"unconstrained"
286,"condition1","1","juede_contrastive",12,"觉得","juede",13592,13,"juede",NA,"correct",1,"constrained"
286,"condition1","1","juede_unclear",113,"觉得","juede",15990,14,"juede",NA,"correct",1,"unconstrained"
286,"condition1","1","yiwei_contrastive",8,"以为","yiwei",7783,15,"yiwei",NA,"correct",1,"constrained"
286,"condition1","1","yiwei_contrastive",9,"以为","yiwei",24352,16,"yiwei",NA,"correct",1,"constrained"
286,"condition1","1","juede_unclear",111,"觉得","juede",171630,17,"juede",NA,"correct",1,"unconstrained"
286,"condition1","1","yiwei_unclear",102,"觉得","juede",58491,19,"yiwei",NA,"incorrect",0,"unconstrained"
286,"condition1","2","yiwei_unclear",104,"以为","yiwei",11827,22,"yiwei",NA,"correct",1,"unconstrained"
286,"condition1","2","juede_contrastive",20,"觉得","juede",21634,23,"juede",NA,"correct",1,"constrained"
286,"condition1","2","juede_unclear",120,"以为","yiwei",16778,24,"juede",NA,"incorrect",0,"unconstrained"
286,"condition1","2","yiwei_contrastive",5,"以为","yiwei",33991,26,"yiwei",NA,"correct",1,"constrained"
286,"condition1","2","juede_contrastive",19,"觉得","juede",25023,27,"juede",NA,"correct",1,"constrained"
286,"condition1","2","juede_unclear",118,"觉得","juede",33829,28,"juede",NA,"correct",1,"unconstrained"
286,"condition1","2","yiwei_unclear",108,"以为","yiwei",20740,29,"yiwei",NA,"correct",1,"unconstrained"
286,"condition1","2","yiwei_contrastive",3,"以为","yiwei",27446,30,"yiwei",NA,"correct",1,"constrained"
286,"condition1","3","juede_contrastive",11,"觉得","juede",18016,31,"juede",NA,"correct",1,"constrained"
286,"condition1","3","juede_unclear",117,"以为","yiwei",25014,32,"juede",NA,"incorrect",0,"unconstrained"
286,"condition1","3","yiwei_unclear",107,"以为","yiwei",16281,33,"yiwei",NA,"correct",1,"unconstrained"
286,"condition1","3","juede_unclear",114,"觉得","juede",19427,34,"juede",NA,"correct",1,"unconstrained"
286,"condition1","3","yiwei_contrastive",4,"以为","yiwei",31617,36,"yiwei",NA,"correct",1,"constrained"
286,"condition1","3","yiwei_unclear",109,"以为","yiwei",29164,37,"yiwei",NA,"correct",1,"unconstrained"
286,"condition1","3","juede_contrastive",13,"觉得","juede",22704,38,"juede",NA,"correct",1,"constrained"
286,"condition1","3","yiwei_contrastive",2,"以为","yiwei",20900,40,"yiwei",NA,"correct",1,"constrained"
286,"condition1","4","yiwei_unclear",103,"以为","yiwei",31538,41,"yiwei",NA,"correct",1,"unconstrained"
286,"condition1","4","juede_unclear",115,"觉得","juede",22740,43,"juede",NA,"correct",1,"unconstrained"
286,"condition1","4","juede_contrastive",17,"觉得","juede",42404,44,"juede",NA,"correct",1,"constrained"
286,"condition1","4","yiwei_contrastive",6,"以为","yiwei",11162,46,"yiwei",NA,"correct",1,"constrained"
286,"condition1","4","yiwei_unclear",110,"以为","yiwei",51871,47,"yiwei",NA,"correct",1,"unconstrained"
286,"condition1","4","yiwei_contrastive",7,"以为","yiwei",44240,48,"yiwei",NA,"correct",1,"constrained"
286,"condition1","4","juede_contrastive",14,"觉得","juede",20301,49,"juede",NA,"correct",1,"constrained"
286,"condition1","4","juede_unclear",112,"觉得","juede",16963,50,"juede",NA,"correct",1,"unconstrained"
321,"condition1","0","yiwei_contrastive",10,"以为","yiwei",18721,1,"yiwei",NA,"correct",1,"constrained"
321,"condition1","0","juede_unclear",111,"觉得","juede",12014,2,"juede",NA,"correct",1,"unconstrained"
321,"condition1","0","juede_contrastive",16,"觉得","juede",35100,3,"juede",NA,"correct",1,"constrained"
321,"condition1","0","juede_contrastive",11,"觉得","juede",9614,4,"juede",NA,"correct",1,"constrained"
321,"condition1","0","juede_unclear",118,"以为","yiwei",28492,6,"juede",NA,"incorrect",0,"unconstrained"
321,"condition1","0","yiwei_unclear",102,"以为","yiwei",41738,7,"yiwei",NA,"correct",1,"unconstrained"
321,"condition1","0","yiwei_unclear",110,"以为","yiwei",73206,9,"yiwei",NA,"correct",1,"unconstrained"
321,"condition1","0","yiwei_contrastive",5,"以为","yiwei",26553,10,"yiwei",NA,"correct",1,"constrained"
321,"condition1","1","juede_contrastive",20,"觉得","juede",65294,11,"juede",NA,"correct",1,"constrained"
321,"condition1","1","juede_contrastive",17,"觉得","juede",26953,12,"juede",NA,"correct",1,"constrained"
321,"condition1","1","juede_unclear",114,"觉得","juede",15208,13,"juede",NA,"correct",1,"unconstrained"
321,"condition1","1","yiwei_unclear",108,"以为","yiwei",34581,14,"yiwei",NA,"correct",1,"unconstrained"
321,"condition1","1","yiwei_unclear",107,"以为","yiwei",14813,15,"yiwei",NA,"correct",1,"unconstrained"
321,"condition1","1","juede_unclear",119,"觉得","juede",10963,17,"juede",NA,"correct",1,"unconstrained"
321,"condition1","1","yiwei_contrastive",2,"以为","yiwei",22340,18,"yiwei",NA,"correct",1,"constrained"
321,"condition1","1","yiwei_contrastive",9,"以为","yiwei",25860,19,"yiwei",NA,"correct",1,"constrained"
321,"condition1","2","yiwei_contrastive",4,"以为","yiwei",9815,21,"yiwei",NA,"correct",1,"constrained"
321,"condition1","2","juede_unclear",117,"以为","yiwei",23196,22,"juede",NA,"incorrect",0,"unconstrained"
321,"condition1","2","juede_unclear",112,"觉得","juede",13210,23,"juede",NA,"correct",1,"unconstrained"
321,"condition1","2","juede_contrastive",12,"觉得","juede",21830,24,"juede",NA,"correct",1,"constrained"
321,"condition1","2","yiwei_unclear",109,"以为","yiwei",18050,25,"yiwei",NA,"correct",1,"unconstrained"
321,"condition1","2","juede_contrastive",19,"觉得","juede",12109,26,"juede",NA,"correct",1,"constrained"
321,"condition1","2","yiwei_contrastive",3,"以为","yiwei",12152,27,"yiwei",NA,"correct",1,"constrained"
321,"condition1","2","yiwei_unclear",103,"以为","yiwei",9880,28,"yiwei",NA,"correct",1,"unconstrained"
321,"condition1","3","yiwei_contrastive",6,"以为","yiwei",7410,31,"yiwei",NA,"correct",1,"constrained"
321,"condition1","3","juede_contrastive",13,"觉得","juede",25688,32,"juede",NA,"correct",1,"constrained"
321,"condition1","3","juede_unclear",120,"觉得","juede",14274,33,"juede",NA,"correct",1,"unconstrained"
321,"condition1","3","yiwei_contrastive",8,"以为","yiwei",16242,35,"yiwei",NA,"correct",1,"constrained"
321,"condition1","3","yiwei_unclear",104,"以为","yiwei",10566,36,"yiwei",NA,"correct",1,"unconstrained"
321,"condition1","3","juede_unclear",115,"觉得","juede",36659,37,"juede",NA,"correct",1,"unconstrained"
321,"condition1","3","juede_contrastive",15,"觉得","juede",37394,38,"juede",NA,"correct",1,"constrained"
321,"condition1","3","yiwei_unclear",101,"以为","yiwei",13089,39,"yiwei",NA,"correct",1,"unconstrained"
321,"condition1","4","juede_contrastive",14,"觉得","juede",15737,41,"juede",NA,"correct",1,"constrained"
321,"condition1","4","yiwei_contrastive",7,"以为","yiwei",40794,42,"yiwei",NA,"correct",1,"constrained"
321,"condition1","4","yiwei_unclear",106,"以为","yiwei",22138,43,"yiwei",NA,"correct",1,"unconstrained"
321,"condition1","4","yiwei_unclear",105,"以为","yiwei",19711,44,"yiwei",NA,"correct",1,"unconstrained"
321,"condition1","4","juede_contrastive",18,"觉得","juede",25841,46,"juede",NA,"correct",1,"constrained"
321,"condition1","4","juede_unclear",116,"以为","yiwei",41549,47,"juede",NA,"incorrect",0,"unconstrained"
321,"condition1","4","juede_unclear",113,"觉得","juede",15902,49,"juede",NA,"correct",1,"unconstrained"
321,"condition1","4","yiwei_contrastive",1,"以为","yiwei",10366,50,"yiwei",NA,"correct",1,"constrained"
315,"condition1","0","yiwei_unclear",105,"以为","yiwei",15970,1,"yiwei",NA,"correct",1,"unconstrained"
315,"condition1","0","yiwei_unclear",107,"觉得","juede",7450,2,"yiwei",NA,"incorrect",0,"unconstrained"
315,"condition1","0","yiwei_contrastive",10,"以为","yiwei",6472,3,"yiwei",NA,"correct",1,"constrained"
315,"condition1","0","juede_contrastive",14,"觉得","juede",15657,4,"juede",NA,"correct",1,"constrained"
315,"condition1","0","yiwei_contrastive",3,"以为","yiwei",9003,6,"yiwei",NA,"correct",1,"constrained"
315,"condition1","0","juede_contrastive",16,"觉得","juede",7619,8,"juede",NA,"correct",1,"constrained"
315,"condition1","0","juede_unclear",112,"觉得","juede",5767,9,"juede",NA,"correct",1,"unconstrained"
315,"condition1","0","juede_unclear",117,"觉得","juede",14454,10,"juede",NA,"correct",1,"unconstrained"
315,"condition1","1","yiwei_unclear",103,"以为","yiwei",6221,11,"yiwei",NA,"correct",1,"unconstrained"
315,"condition1","1","juede_unclear",114,"觉得","juede",4704,12,"juede",NA,"correct",1,"unconstrained"
315,"condition1","1","juede_unclear",118,"觉得","juede",9495,15,"juede",NA,"correct",1,"unconstrained"
315,"condition1","1","juede_contrastive",13,"觉得","juede",17280,16,"juede",NA,"correct",1,"constrained"
315,"condition1","1","yiwei_unclear",109,"以为","yiwei",10220,17,"yiwei",NA,"correct",1,"unconstrained"
315,"condition1","1","yiwei_contrastive",7,"以为","yiwei",12820,18,"yiwei",NA,"correct",1,"constrained"
315,"condition1","1","yiwei_contrastive",6,"以为","yiwei",5753,19,"yiwei",NA,"correct",1,"constrained"
315,"condition1","1","juede_contrastive",19,"觉得","juede",6772,20,"juede",NA,"correct",1,"constrained"
315,"condition1","2","yiwei_unclear",102,"觉得","juede",3986,22,"yiwei",NA,"incorrect",0,"unconstrained"
315,"condition1","2","yiwei_contrastive",2,"以为","yiwei",5284,23,"yiwei",NA,"correct",1,"constrained"
315,"condition1","2","juede_contrastive",15,"觉得","juede",8787,25,"juede",NA,"correct",1,"constrained"
315,"condition1","2","yiwei_unclear",108,"以为","yiwei",11671,26,"yiwei",NA,"correct",1,"unconstrained"
315,"condition1","2","yiwei_contrastive",9,"觉得","juede",9336,27,"yiwei",NA,"incorrect",0,"constrained"
315,"condition1","2","juede_unclear",120,"觉得","juede",6005,28,"juede",NA,"correct",1,"unconstrained"
315,"condition1","2","juede_contrastive",12,"觉得","juede",4128,29,"juede",NA,"correct",1,"constrained"
315,"condition1","2","juede_unclear",115,"觉得","juede",5204,30,"juede",NA,"correct",1,"unconstrained"
315,"condition1","3","yiwei_contrastive",4,"以为","yiwei",6822,31,"yiwei",NA,"correct",1,"constrained"
315,"condition1","3","yiwei_unclear",106,"以为","yiwei",5525,32,"yiwei",NA,"correct",1,"unconstrained"
315,"condition1","3","yiwei_unclear",104,"以为","yiwei",6088,34,"yiwei",NA,"correct",1,"unconstrained"
315,"condition1","3","juede_contrastive",17,"觉得","juede",3336,35,"juede",NA,"correct",1,"constrained"
315,"condition1","3","juede_unclear",113,"觉得","juede",2852,36,"juede",NA,"correct",1,"unconstrained"
315,"condition1","3","yiwei_contrastive",8,"以为","yiwei",13886,37,"yiwei",NA,"correct",1,"constrained"
315,"condition1","3","juede_contrastive",20,"觉得","juede",6170,38,"juede",NA,"correct",1,"constrained"
315,"condition1","3","juede_unclear",116,"以为","yiwei",10954,40,"juede",NA,"incorrect",0,"unconstrained"
315,"condition1","4","juede_unclear",111,"觉得","juede",2835,41,"juede",NA,"correct",1,"unconstrained"
315,"condition1","4","juede_contrastive",18,"觉得","juede",3419,42,"juede",NA,"correct",1,"constrained"
315,"condition1","4","yiwei_contrastive",5,"以为","yiwei",4820,43,"yiwei",NA,"correct",1,"constrained"
315,"condition1","4","yiwei_unclear",101,"以为","yiwei",3969,44,"yiwei",NA,"correct",1,"unconstrained"
315,"condition1","4","yiwei_unclear",110,"以为","yiwei",5274,45,"yiwei",NA,"correct",1,"unconstrained"
315,"condition1","4","juede_unclear",119,"觉得","juede",3786,48,"juede",NA,"correct",1,"unconstrained"
315,"condition1","4","juede_contrastive",11,"觉得","juede",4986,49,"juede",NA,"correct",1,"constrained"
315,"condition1","4","yiwei_contrastive",1,"以为","yiwei",3903,50,"yiwei",NA,"correct",1,"constrained"
285,"condition1","0","juede_contrastive",18,"觉得","juede",26532,1,"juede",NA,"correct",1,"constrained"
285,"condition1","0","juede_unclear",115,"觉得","juede",8758,2,"juede",NA,"correct",1,"unconstrained"
285,"condition1","0","juede_unclear",119,"觉得","juede",11679,3,"juede",NA,"correct",1,"unconstrained"
285,"condition1","0","yiwei_contrastive",4,"以为","yiwei",7780,4,"yiwei",NA,"correct",1,"constrained"
285,"condition1","0","juede_contrastive",14,"觉得","juede",12043,5,"juede",NA,"correct",1,"constrained"
285,"condition1","0","yiwei_unclear",103,"以为","yiwei",12141,7,"yiwei",NA,"correct",1,"unconstrained"
285,"condition1","0","yiwei_unclear",104,"以为","yiwei",168450,8,"yiwei",NA,"correct",1,"unconstrained"
285,"condition1","0","yiwei_contrastive",6,"以为","yiwei",4765,9,"yiwei",NA,"correct",1,"constrained"
285,"condition1","1","juede_contrastive",17,"觉得","juede",9815,11,"juede",NA,"correct",1,"constrained"
285,"condition1","1","yiwei_unclear",106,"以为","yiwei",7065,12,"yiwei",NA,"correct",1,"unconstrained"
285,"condition1","1","juede_unclear",113,"觉得","juede",3317,13,"juede",NA,"correct",1,"unconstrained"
285,"condition1","1","yiwei_unclear",105,"以为","yiwei",5688,14,"yiwei",NA,"correct",1,"unconstrained"
285,"condition1","1","juede_unclear",114,"觉得","juede",5913,15,"juede",NA,"correct",1,"unconstrained"
285,"condition1","1","juede_contrastive",11,"觉得","juede",9812,17,"juede",NA,"correct",1,"constrained"
285,"condition1","1","yiwei_contrastive",8,"以为","yiwei",7324,18,"yiwei",NA,"correct",1,"constrained"
285,"condition1","1","yiwei_contrastive",2,"以为","yiwei",7024,20,"yiwei",NA,"correct",1,"constrained"
285,"condition1","2","juede_contrastive",20,"觉得","juede",4085,21,"juede",NA,"correct",1,"constrained"
285,"condition1","2","juede_unclear",116,"觉得","juede",4124,22,"juede",NA,"correct",1,"unconstrained"
285,"condition1","2","juede_unclear",111,"觉得","juede",3208,23,"juede",NA,"correct",1,"unconstrained"
285,"condition1","2","yiwei_unclear",107,"以为","yiwei",4433,24,"yiwei",NA,"correct",1,"unconstrained"
285,"condition1","2","yiwei_contrastive",3,"以为","yiwei",2911,25,"yiwei",NA,"correct",1,"constrained"
285,"condition1","2","juede_contrastive",15,"觉得","juede",7543,27,"juede",NA,"correct",1,"constrained"
285,"condition1","2","yiwei_unclear",102,"以为","yiwei",27412,28,"yiwei",NA,"correct",1,"unconstrained"
285,"condition1","2","yiwei_contrastive",5,"以为","yiwei",15201,29,"yiwei",NA,"correct",1,"constrained"
285,"condition1","3","yiwei_unclear",109,"以为","yiwei",2806,31,"yiwei",NA,"correct",1,"unconstrained"
285,"condition1","3","juede_unclear",117,"以为","yiwei",5870,32,"juede",NA,"incorrect",0,"unconstrained"
285,"condition1","3","juede_unclear",112,"觉得","juede",2597,35,"juede",NA,"correct",1,"unconstrained"
285,"condition1","3","yiwei_contrastive",10,"以为","yiwei",4205,36,"yiwei",NA,"correct",1,"constrained"
285,"condition1","3","yiwei_contrastive",1,"以为","yiwei",3785,37,"yiwei",NA,"correct",1,"constrained"
285,"condition1","3","juede_contrastive",12,"觉得","juede",2146,38,"juede",NA,"correct",1,"constrained"
285,"condition1","3","juede_contrastive",16,"觉得","juede",3508,39,"juede",NA,"correct",1,"constrained"
285,"condition1","3","yiwei_unclear",108,"觉得","juede",15253,40,"yiwei",NA,"incorrect",0,"unconstrained"
285,"condition1","4","juede_unclear",118,"觉得","juede",3499,41,"juede",NA,"correct",1,"unconstrained"
285,"condition1","4","juede_contrastive",19,"觉得","juede",3543,42,"juede",NA,"correct",1,"constrained"
285,"condition1","4","juede_contrastive",13,"以为","yiwei",2688,43,"juede",NA,"incorrect",0,"constrained"
285,"condition1","4","yiwei_unclear",110,"以为","yiwei",4292,44,"yiwei",NA,"correct",1,"unconstrained"
285,"condition1","4","yiwei_unclear",101,"以为","yiwei",3780,45,"yiwei",NA,"correct",1,"unconstrained"
285,"condition1","4","yiwei_contrastive",7,"以为","yiwei",52267,46,"yiwei",NA,"correct",1,"constrained"
285,"condition1","4","yiwei_contrastive",9,"以为","yiwei",9704,48,"yiwei",NA,"correct",1,"constrained"
285,"condition1","4","juede_unclear",120,"觉得","juede",2673,50,"juede",NA,"correct",1,"unconstrained"
342,"condition1","0","juede_unclear",116,"觉得","juede",35636,2,"juede",NA,"correct",1,"unconstrained"
342,"condition1","0","yiwei_contrastive",3,"以为","yiwei",73974,3,"yiwei",NA,"correct",1,"constrained"
342,"condition1","0","yiwei_contrastive",4,"以为","yiwei",49309,4,"yiwei",NA,"correct",1,"constrained"
342,"condition1","0","yiwei_unclear",107,"以为","yiwei",19437,5,"yiwei",NA,"correct",1,"unconstrained"
342,"condition1","0","yiwei_unclear",103,"以为","yiwei",8130728,6,"yiwei",NA,"correct",1,"unconstrained"
342,"condition1","0","juede_contrastive",15,"觉得","juede",22902,7,"juede",NA,"correct",1,"constrained"
342,"condition1","0","juede_contrastive",19,"觉得","juede",17926,8,"juede",NA,"correct",1,"constrained"
342,"condition1","0","juede_unclear",111,"觉得","juede",22965,9,"juede",NA,"correct",1,"unconstrained"
342,"condition1","1","juede_unclear",118,"觉得","juede",20547,12,"juede",NA,"correct",1,"unconstrained"
342,"condition1","1","juede_contrastive",16,"觉得","juede",25269,13,"juede",NA,"correct",1,"constrained"
342,"condition1","1","juede_unclear",113,"觉得","juede",14095,14,"juede",NA,"correct",1,"unconstrained"
342,"condition1","1","yiwei_contrastive",5,"以为","yiwei",36482,15,"yiwei",NA,"correct",1,"constrained"
342,"condition1","1","yiwei_unclear",106,"以为","yiwei",10526,16,"yiwei",NA,"correct",1,"unconstrained"
342,"condition1","1","juede_contrastive",14,"觉得","juede",18451,17,"juede",NA,"correct",1,"constrained"
342,"condition1","1","yiwei_unclear",101,"以为","yiwei",15890,19,"yiwei",NA,"correct",1,"unconstrained"
342,"condition1","1","yiwei_contrastive",6,"以为","yiwei",10614,20,"yiwei",NA,"correct",1,"constrained"
342,"condition1","2","yiwei_contrastive",7,"以为","yiwei",19247,21,"yiwei",NA,"correct",1,"constrained"
342,"condition1","2","yiwei_unclear",109,"以为","yiwei",25137,23,"yiwei",NA,"correct",1,"unconstrained"
342,"condition1","2","yiwei_unclear",104,"以为","yiwei",32570,24,"yiwei",NA,"correct",1,"unconstrained"
342,"condition1","2","juede_contrastive",12,"觉得","juede",4604,25,"juede",NA,"correct",1,"constrained"
342,"condition1","2","yiwei_contrastive",9,"以为","yiwei",12569,27,"yiwei",NA,"correct",1,"constrained"
342,"condition1","2","juede_unclear",114,"觉得","juede",23201,28,"juede",NA,"correct",1,"unconstrained"
342,"condition1","2","juede_unclear",120,"觉得","juede",40361,29,"juede",NA,"correct",1,"unconstrained"
342,"condition1","2","juede_contrastive",11,"觉得","juede",20715,30,"juede",NA,"correct",1,"constrained"
342,"condition1","3","yiwei_contrastive",1,"以为","yiwei",13551,31,"yiwei",NA,"correct",1,"constrained"
342,"condition1","3","juede_unclear",119,"觉得","juede",8121,32,"juede",NA,"correct",1,"unconstrained"
342,"condition1","3","juede_unclear",117,"觉得","juede",29216,33,"juede",NA,"correct",1,"unconstrained"
342,"condition1","3","juede_contrastive",18,"觉得","juede",21332,34,"juede",NA,"correct",1,"constrained"
342,"condition1","3","yiwei_unclear",105,"以为","yiwei",21858,36,"yiwei",NA,"correct",1,"unconstrained"
342,"condition1","3","yiwei_contrastive",8,"觉得","juede",44080,37,"yiwei",NA,"incorrect",0,"constrained"
342,"condition1","3","juede_contrastive",13,"觉得","juede",23053,38,"juede",NA,"correct",1,"constrained"
342,"condition1","3","yiwei_unclear",110,"觉得","juede",19148,39,"yiwei",NA,"incorrect",0,"unconstrained"
342,"condition1","4","yiwei_contrastive",10,"以为","yiwei",16060,41,"yiwei",NA,"correct",1,"constrained"
342,"condition1","4","yiwei_unclear",102,"以为","yiwei",18612,42,"yiwei",NA,"correct",1,"unconstrained"
342,"condition1","4","juede_unclear",112,"觉得","juede",35798,43,"juede",NA,"correct",1,"unconstrained"
342,"condition1","4","juede_contrastive",17,"觉得","juede",11630,44,"juede",NA,"correct",1,"constrained"
342,"condition1","4","yiwei_unclear",108,"觉得","juede",12537,47,"yiwei",NA,"incorrect",0,"unconstrained"
342,"condition1","4","yiwei_contrastive",2,"以为","yiwei",18836,48,"yiwei",NA,"correct",1,"constrained"
342,"condition1","4","juede_unclear",115,"觉得","juede",10903,49,"juede",NA,"correct",1,"unconstrained"
342,"condition1","4","juede_contrastive",20,"觉得","juede",19869,50,"juede",NA,"correct",1,"constrained"
311,"condition1","0","juede_unclear",114,"觉得","juede",15347,2,"juede",NA,"correct",1,"unconstrained"
311,"condition1","0","yiwei_contrastive",4,"觉得","juede",26460,3,"yiwei",NA,"incorrect",0,"constrained"
311,"condition1","0","juede_contrastive",13,"以为","yiwei",148636,4,"juede",NA,"incorrect",0,"constrained"
311,"condition1","0","yiwei_unclear",106,"觉得","juede",38214,5,"yiwei",NA,"incorrect",0,"unconstrained"
311,"condition1","0","yiwei_contrastive",1,"以为","yiwei",12411,6,"yiwei",NA,"correct",1,"constrained"
311,"condition1","0","juede_contrastive",17,"觉得","juede",9966,7,"juede",NA,"correct",1,"constrained"
311,"condition1","0","juede_unclear",117,"觉得","juede",10132,8,"juede",NA,"correct",1,"unconstrained"
311,"condition1","0","yiwei_unclear",102,"觉得","juede",189638,10,"yiwei",NA,"incorrect",0,"unconstrained"
311,"condition1","1","yiwei_contrastive",3,"以为","yiwei",19837,11,"yiwei",NA,"correct",1,"constrained"
311,"condition1","1","yiwei_contrastive",7,"觉得","juede",66135,12,"yiwei",NA,"incorrect",0,"constrained"
311,"condition1","1","yiwei_unclear",105,"觉得","juede",15384,14,"yiwei",NA,"incorrect",0,"unconstrained"
311,"condition1","1","juede_contrastive",15,"觉得","juede",8313,15,"juede",NA,"correct",1,"constrained"
311,"condition1","1","juede_contrastive",11,"觉得","juede",10467,16,"juede",NA,"correct",1,"constrained"
311,"condition1","1","juede_unclear",115,"觉得","juede",14526,18,"juede",NA,"correct",1,"unconstrained"
311,"condition1","1","yiwei_unclear",109,"以为","yiwei",15366,19,"yiwei",NA,"correct",1,"unconstrained"
311,"condition1","1","juede_unclear",116,"觉得","juede",6907,20,"juede",NA,"correct",1,"unconstrained"
311,"condition1","2","juede_unclear",112,"觉得","juede",9320,21,"juede",NA,"correct",1,"unconstrained"
311,"condition1","2","juede_contrastive",18,"觉得","juede",8422,22,"juede",NA,"correct",1,"constrained"
311,"condition1","2","yiwei_unclear",101,"以为","yiwei",4724,23,"yiwei",NA,"correct",1,"unconstrained"
311,"condition1","2","juede_unclear",119,"觉得","juede",4217,24,"juede",NA,"correct",1,"unconstrained"
311,"condition1","2","yiwei_unclear",103,"觉得","juede",7791,26,"yiwei",NA,"incorrect",0,"unconstrained"
311,"condition1","2","juede_contrastive",20,"觉得","juede",155486,27,"juede",NA,"correct",1,"constrained"
311,"condition1","2","yiwei_contrastive",6,"觉得","juede",5636,28,"yiwei",NA,"incorrect",0,"constrained"
311,"condition1","2","yiwei_contrastive",2,"以为","yiwei",4565,29,"yiwei",NA,"correct",1,"constrained"
311,"condition1","3","juede_unclear",113,"觉得","juede",27070,32,"juede",NA,"correct",1,"unconstrained"
311,"condition1","3","yiwei_unclear",110,"以为","yiwei",7428,33,"yiwei",NA,"correct",1,"unconstrained"
311,"condition1","3","yiwei_unclear",104,"觉得","juede",20138,34,"yiwei",NA,"incorrect",0,"unconstrained"
311,"condition1","3","yiwei_contrastive",8,"以为","yiwei",10732,35,"yiwei",NA,"correct",1,"constrained"
311,"condition1","3","juede_contrastive",16,"觉得","juede",5581,36,"juede",NA,"correct",1,"constrained"
311,"condition1","3","juede_unclear",120,"觉得","juede",16141,37,"juede",NA,"correct",1,"unconstrained"
311,"condition1","3","yiwei_contrastive",5,"以为","yiwei",267915,38,"yiwei",NA,"correct",1,"constrained"
311,"condition1","3","juede_contrastive",19,"觉得","juede",3241,39,"juede",NA,"correct",1,"constrained"
311,"condition1","4","yiwei_unclear",108,"觉得","juede",6419,41,"yiwei",NA,"incorrect",0,"unconstrained"
311,"condition1","4","juede_unclear",111,"觉得","juede",3186,44,"juede",NA,"correct",1,"unconstrained"
311,"condition1","4","yiwei_unclear",107,"以为","yiwei",6527,45,"yiwei",NA,"correct",1,"unconstrained"
311,"condition1","4","juede_contrastive",14,"觉得","juede",5626,46,"juede",NA,"correct",1,"constrained"
311,"condition1","4","yiwei_contrastive",10,"以为","yiwei",10055,47,"yiwei",NA,"correct",1,"constrained"
311,"condition1","4","juede_contrastive",12,"觉得","juede",2903,48,"juede",NA,"correct",1,"constrained"
311,"condition1","4","juede_unclear",118,"觉得","juede",6194,49,"juede",NA,"correct",1,"unconstrained"
311,"condition1","4","yiwei_contrastive",9,"以为","yiwei",10057,50,"yiwei",NA,"correct",1,"constrained"
329,"condition1","0","juede_contrastive",11,"觉得","juede",17648,1,"juede",NA,"correct",1,"constrained"
329,"condition1","0","juede_unclear",115,"觉得","juede",84674,3,"juede",NA,"correct",1,"unconstrained"
329,"condition1","0","yiwei_unclear",109,"以为","yiwei",5858,4,"yiwei",NA,"correct",1,"unconstrained"
329,"condition1","0","yiwei_contrastive",6,"以为","yiwei",9644,5,"yiwei",NA,"correct",1,"constrained"
329,"condition1","0","juede_contrastive",19,"觉得","juede",9023,6,"juede",NA,"correct",1,"constrained"
329,"condition1","0","yiwei_contrastive",4,"觉得","juede",6557,8,"yiwei",NA,"incorrect",0,"constrained"
329,"condition1","0","juede_unclear",116,"觉得","juede",9803,9,"juede",NA,"correct",1,"unconstrained"
329,"condition1","0","yiwei_unclear",102,"以为","yiwei",19341,10,"yiwei",NA,"correct",1,"unconstrained"
329,"condition1","1","yiwei_unclear",108,"觉得","juede",15099,12,"yiwei",NA,"incorrect",0,"unconstrained"
329,"condition1","1","yiwei_contrastive",9,"以为","yiwei",21500,14,"yiwei",NA,"correct",1,"constrained"
329,"condition1","1","yiwei_contrastive",3,"以为","yiwei",11151,15,"yiwei",NA,"correct",1,"constrained"
329,"condition1","1","juede_contrastive",20,"觉得","juede",22491,16,"juede",NA,"correct",1,"constrained"
329,"condition1","1","yiwei_unclear",103,"以为","yiwei",11201,17,"yiwei",NA,"correct",1,"unconstrained"
329,"condition1","1","juede_contrastive",17,"觉得","juede",12340,18,"juede",NA,"correct",1,"constrained"
329,"condition1","1","juede_unclear",111,"觉得","juede",5293,19,"juede",NA,"correct",1,"unconstrained"
329,"condition1","1","juede_unclear",113,"觉得","juede",5491,20,"juede",NA,"correct",1,"unconstrained"
329,"condition1","2","juede_unclear",114,"觉得","juede",7583,22,"juede",NA,"correct",1,"unconstrained"
329,"condition1","2","juede_unclear",118,"觉得","juede",6633,23,"juede",NA,"correct",1,"unconstrained"
329,"condition1","2","yiwei_contrastive",2,"以为","yiwei",13710,25,"yiwei",NA,"correct",1,"constrained"
329,"condition1","2","yiwei_unclear",105,"觉得","juede",11533,26,"yiwei",NA,"incorrect",0,"unconstrained"
329,"condition1","2","yiwei_contrastive",10,"以为","yiwei",6283,27,"yiwei",NA,"correct",1,"constrained"
329,"condition1","2","juede_contrastive",18,"以为","yiwei",9425,28,"juede",NA,"incorrect",0,"constrained"
329,"condition1","2","juede_contrastive",13,"以为","yiwei",21567,29,"juede",NA,"incorrect",0,"constrained"
329,"condition1","2","yiwei_unclear",110,"以为","yiwei",53984,30,"yiwei",NA,"correct",1,"unconstrained"
329,"condition1","3","yiwei_unclear",101,"以为","yiwei",10707,31,"yiwei",NA,"correct",1,"unconstrained"
329,"condition1","3","juede_unclear",117,"以为","yiwei",29375,32,"juede",NA,"incorrect",0,"unconstrained"
329,"condition1","3","juede_unclear",112,"觉得","juede",9850,33,"juede",NA,"correct",1,"unconstrained"
329,"condition1","3","juede_contrastive",15,"觉得","juede",9192,34,"juede",NA,"correct",1,"constrained"
329,"condition1","3","juede_contrastive",12,"觉得","juede",5017,35,"juede",NA,"correct",1,"constrained"
329,"condition1","3","yiwei_contrastive",1,"以为","yiwei",6050,36,"yiwei",NA,"correct",1,"constrained"
329,"condition1","3","yiwei_unclear",107,"以为","yiwei",7409,37,"yiwei",NA,"correct",1,"unconstrained"
329,"condition1","3","yiwei_contrastive",8,"以为","yiwei",8424,39,"yiwei",NA,"correct",1,"constrained"
329,"condition1","4","yiwei_contrastive",5,"以为","yiwei",10818,42,"yiwei",NA,"correct",1,"constrained"
329,"condition1","4","juede_unclear",119,"觉得","juede",5034,44,"juede",NA,"correct",1,"unconstrained"
329,"condition1","4","yiwei_contrastive",7,"觉得","juede",6182,45,"yiwei",NA,"incorrect",0,"constrained"
329,"condition1","4","yiwei_unclear",106,"觉得","juede",17126,46,"yiwei",NA,"incorrect",0,"unconstrained"
329,"condition1","4","yiwei_unclear",104,"觉得","juede",17166,47,"yiwei",NA,"incorrect",0,"unconstrained"
329,"condition1","4","juede_contrastive",16,"觉得","juede",15658,48,"juede",NA,"correct",1,"constrained"
329,"condition1","4","juede_unclear",120,"觉得","juede",23400,49,"juede",NA,"correct",1,"unconstrained"
329,"condition1","4","juede_contrastive",14,"觉得","juede",13592,50,"juede",NA,"correct",1,"constrained"
318,"condition1","0","yiwei_contrastive",10,"以为","yiwei",11349,1,"yiwei",NA,"correct",1,"constrained"
318,"condition1","0","juede_contrastive",20,"觉得","juede",8598,4,"juede",NA,"correct",1,"constrained"
318,"condition1","0","yiwei_contrastive",5,"以为","yiwei",6170,5,"yiwei",NA,"correct",1,"constrained"
318,"condition1","0","yiwei_unclear",104,"觉得","juede",16632,6,"yiwei",NA,"incorrect",0,"unconstrained"
318,"condition1","0","juede_unclear",114,"觉得","juede",19618,7,"juede",NA,"correct",1,"unconstrained"
318,"condition1","0","juede_contrastive",17,"觉得","juede",7529,8,"juede",NA,"correct",1,"constrained"
318,"condition1","0","juede_unclear",112,"觉得","juede",9485,9,"juede",NA,"correct",1,"unconstrained"
318,"condition1","0","yiwei_unclear",110,"以为","yiwei",8249,10,"yiwei",NA,"correct",1,"unconstrained"
318,"condition1","1","juede_unclear",120,"觉得","juede",5249,11,"juede",NA,"correct",1,"unconstrained"
318,"condition1","1","yiwei_unclear",105,"以为","yiwei",7417,12,"yiwei",NA,"correct",1,"unconstrained"
318,"condition1","1","yiwei_unclear",102,"以为","yiwei",8934,13,"yiwei",NA,"correct",1,"unconstrained"
318,"condition1","1","juede_contrastive",11,"觉得","juede",12002,14,"juede",NA,"correct",1,"constrained"
318,"condition1","1","yiwei_contrastive",6,"以为","yiwei",3434,16,"yiwei",NA,"correct",1,"constrained"
318,"condition1","1","juede_unclear",119,"觉得","juede",4449,17,"juede",NA,"correct",1,"unconstrained"
318,"condition1","1","yiwei_contrastive",1,"以为","yiwei",6350,18,"yiwei",NA,"correct",1,"constrained"
318,"condition1","1","juede_contrastive",18,"觉得","juede",11209,19,"juede",NA,"correct",1,"constrained"
318,"condition1","2","juede_unclear",118,"觉得","juede",6454,21,"juede",NA,"correct",1,"unconstrained"
318,"condition1","2","yiwei_unclear",103,"以为","yiwei",4280,22,"yiwei",NA,"correct",1,"unconstrained"
318,"condition1","2","juede_unclear",117,"觉得","juede",14767,25,"juede",NA,"correct",1,"unconstrained"
318,"condition1","2","yiwei_contrastive",3,"以为","yiwei",4302,26,"yiwei",NA,"correct",1,"constrained"
318,"condition1","2","juede_contrastive",14,"觉得","juede",11132,27,"juede",NA,"correct",1,"constrained"
318,"condition1","2","yiwei_contrastive",4,"以为","yiwei",10466,28,"yiwei",NA,"correct",1,"constrained"
318,"condition1","2","juede_contrastive",16,"觉得","juede",9061,29,"juede",NA,"correct",1,"constrained"
318,"condition1","2","yiwei_unclear",106,"以为","yiwei",6871,30,"yiwei",NA,"correct",1,"unconstrained"
318,"condition1","3","juede_unclear",113,"觉得","juede",3835,31,"juede",NA,"correct",1,"unconstrained"
318,"condition1","3","juede_unclear",116,"觉得","juede",6458,33,"juede",NA,"correct",1,"unconstrained"
318,"condition1","3","juede_contrastive",13,"觉得","juede",9306,34,"juede",NA,"correct",1,"constrained"
318,"condition1","3","yiwei_unclear",101,"以为","yiwei",3883,35,"yiwei",NA,"correct",1,"unconstrained"
318,"condition1","3","yiwei_unclear",109,"以为","yiwei",4934,36,"yiwei",NA,"correct",1,"unconstrained"
318,"condition1","3","yiwei_contrastive",9,"以为","yiwei",5049,37,"yiwei",NA,"correct",1,"constrained"
318,"condition1","3","yiwei_contrastive",8,"以为","yiwei",30583,38,"yiwei",NA,"correct",1,"constrained"
318,"condition1","3","juede_contrastive",19,"觉得","juede",4301,39,"juede",NA,"correct",1,"constrained"
318,"condition1","4","juede_unclear",111,"觉得","juede",6652,41,"juede",NA,"correct",1,"unconstrained"
318,"condition1","4","yiwei_unclear",107,"以为","yiwei",5348,42,"yiwei",NA,"correct",1,"unconstrained"
318,"condition1","4","juede_contrastive",12,"觉得","juede",3931,43,"juede",NA,"correct",1,"constrained"
318,"condition1","4","yiwei_unclear",108,"觉得","juede",5100,45,"yiwei",NA,"incorrect",0,"unconstrained"
318,"condition1","4","juede_contrastive",15,"觉得","juede",6934,47,"juede",NA,"correct",1,"constrained"
318,"condition1","4","yiwei_contrastive",2,"以为","yiwei",4167,48,"yiwei",NA,"correct",1,"constrained"
318,"condition1","4","yiwei_contrastive",7,"以为","yiwei",3749,49,"yiwei",NA,"correct",1,"constrained"
318,"condition1","4","juede_unclear",115,"觉得","juede",10262,50,"juede",NA,"correct",1,"unconstrained"
291,"condition1","0","juede_unclear",116,"觉得","juede",37915,1,"juede",NA,"correct",1,"unconstrained"
291,"condition1","0","juede_contrastive",13,"觉得","juede",10906,2,"juede",NA,"correct",1,"constrained"
291,"condition1","0","juede_unclear",113,"觉得","juede",18949,4,"juede",NA,"correct",1,"unconstrained"
291,"condition1","0","juede_contrastive",14,"觉得","juede",60879,5,"juede",NA,"correct",1,"constrained"
291,"condition1","0","yiwei_unclear",105,"以为","yiwei",20342,6,"yiwei",NA,"correct",1,"unconstrained"
291,"condition1","0","yiwei_contrastive",1,"以为","yiwei",5351,8,"yiwei",NA,"correct",1,"constrained"
291,"condition1","0","yiwei_unclear",106,"以为","yiwei",5250,9,"yiwei",NA,"correct",1,"unconstrained"
291,"condition1","0","yiwei_contrastive",3,"以为","yiwei",5422,10,"yiwei",NA,"correct",1,"constrained"
291,"condition1","1","yiwei_contrastive",10,"以为","yiwei",7210,11,"yiwei",NA,"correct",1,"constrained"
291,"condition1","1","juede_contrastive",15,"觉得","juede",18158,12,"juede",NA,"correct",1,"constrained"
291,"condition1","1","yiwei_contrastive",4,"以为","yiwei",6886,13,"yiwei",NA,"correct",1,"constrained"
291,"condition1","1","juede_unclear",115,"觉得","juede",16523,14,"juede",NA,"correct",1,"unconstrained"
291,"condition1","1","yiwei_unclear",101,"以为","yiwei",1080266,15,"yiwei",NA,"correct",1,"unconstrained"
291,"condition1","1","yiwei_unclear",107,"以为","yiwei",13703,16,"yiwei",NA,"correct",1,"unconstrained"
291,"condition1","1","juede_contrastive",11,"觉得","juede",2350,17,"juede",NA,"correct",1,"constrained"
291,"condition1","1","juede_unclear",111,"觉得","juede",83926,20,"juede",NA,"correct",1,"unconstrained"
291,"condition1","2","juede_unclear",117,"以为","yiwei",25965,21,"juede",NA,"incorrect",0,"unconstrained"
291,"condition1","2","yiwei_contrastive",9,"以为","yiwei",5372,22,"yiwei",NA,"correct",1,"constrained"
291,"condition1","2","yiwei_unclear",110,"觉得","juede",12835,23,"yiwei",NA,"incorrect",0,"unconstrained"
291,"condition1","2","juede_contrastive",12,"觉得","juede",2191,26,"juede",NA,"correct",1,"constrained"
291,"condition1","2","yiwei_unclear",104,"以为","yiwei",6140,27,"yiwei",NA,"correct",1,"unconstrained"
291,"condition1","2","juede_contrastive",17,"觉得","juede",3170,28,"juede",NA,"correct",1,"constrained"
291,"condition1","2","yiwei_contrastive",5,"以为","yiwei",3813,29,"yiwei",NA,"correct",1,"constrained"
291,"condition1","2","juede_unclear",119,"觉得","juede",2372,30,"juede",NA,"correct",1,"unconstrained"
291,"condition1","3","juede_contrastive",19,"觉得","juede",4144,31,"juede",NA,"correct",1,"constrained"
291,"condition1","3","yiwei_contrastive",6,"以为","yiwei",4219,32,"yiwei",NA,"correct",1,"constrained"
291,"condition1","3","juede_unclear",118,"觉得","juede",3183,33,"juede",NA,"correct",1,"unconstrained"
291,"condition1","3","juede_contrastive",16,"觉得","juede",37762,35,"juede",NA,"correct",1,"constrained"
291,"condition1","3","yiwei_unclear",108,"觉得","juede",17493,36,"yiwei",NA,"incorrect",0,"unconstrained"
291,"condition1","3","yiwei_unclear",109,"以为","yiwei",4609,38,"yiwei",NA,"correct",1,"unconstrained"
291,"condition1","3","yiwei_contrastive",7,"以为","yiwei",8454,39,"yiwei",NA,"correct",1,"constrained"
291,"condition1","3","juede_unclear",112,"觉得","juede",4504,40,"juede",NA,"correct",1,"unconstrained"
291,"condition1","4","yiwei_unclear",102,"以为","yiwei",71816,41,"yiwei",NA,"correct",1,"unconstrained"
291,"condition1","4","yiwei_unclear",103,"以为","yiwei",4850,43,"yiwei",NA,"correct",1,"unconstrained"
291,"condition1","4","juede_unclear",114,"觉得","juede",6936,44,"juede",NA,"correct",1,"unconstrained"
291,"condition1","4","juede_contrastive",20,"以为","yiwei",4174,45,"juede",NA,"incorrect",0,"constrained"
291,"condition1","4","yiwei_contrastive",8,"以为","yiwei",2659,46,"yiwei",NA,"correct",1,"constrained"
291,"condition1","4","yiwei_contrastive",2,"以为","yiwei",4218,47,"yiwei",NA,"correct",1,"constrained"
291,"condition1","4","juede_contrastive",18,"觉得","juede",4490,48,"juede",NA,"correct",1,"constrained"
291,"condition1","4","juede_unclear",120,"以为","yiwei",3377,49,"juede",NA,"incorrect",0,"unconstrained"
298,"condition1","0","juede_unclear",112,"觉得","juede",29100,3,"juede",NA,"correct",1,"unconstrained"
298,"condition1","0","juede_contrastive",15,"以为","yiwei",45678,4,"juede",NA,"incorrect",0,"constrained"
298,"condition1","0","juede_unclear",117,"以为","yiwei",46676,5,"juede",NA,"incorrect",0,"unconstrained"
298,"condition1","0","yiwei_contrastive",3,"以为","yiwei",18670,6,"yiwei",NA,"correct",1,"constrained"
298,"condition1","0","yiwei_contrastive",7,"觉得","juede",42765,7,"yiwei",NA,"incorrect",0,"constrained"
298,"condition1","0","yiwei_unclear",103,"以为","yiwei",10505,8,"yiwei",NA,"correct",1,"unconstrained"
298,"condition1","0","yiwei_unclear",108,"觉得","juede",49803,9,"yiwei",NA,"incorrect",0,"unconstrained"
298,"condition1","0","juede_contrastive",19,"觉得","juede",14262,10,"juede",NA,"correct",1,"constrained"
298,"condition1","1","juede_contrastive",13,"觉得","juede",25771,12,"juede",NA,"correct",1,"constrained"
298,"condition1","1","juede_unclear",119,"觉得","juede",21190,13,"juede",NA,"correct",1,"unconstrained"
298,"condition1","1","yiwei_unclear",101,"觉得","juede",28961,14,"yiwei",NA,"incorrect",0,"unconstrained"
298,"condition1","1","yiwei_contrastive",5,"以为","yiwei",19374,15,"yiwei",NA,"correct",1,"constrained"
298,"condition1","1","juede_contrastive",17,"以为","yiwei",32077,16,"juede",NA,"incorrect",0,"constrained"
298,"condition1","1","yiwei_unclear",110,"觉得","juede",21665,17,"yiwei",NA,"incorrect",0,"unconstrained"
298,"condition1","1","yiwei_contrastive",2,"以为","yiwei",31755,19,"yiwei",NA,"correct",1,"constrained"
298,"condition1","1","juede_unclear",118,"觉得","juede",23701,20,"juede",NA,"correct",1,"unconstrained"
298,"condition1","2","yiwei_contrastive",1,"以为","yiwei",30580,22,"yiwei",NA,"correct",1,"constrained"
298,"condition1","2","yiwei_unclear",104,"以为","yiwei",22931,23,"yiwei",NA,"correct",1,"unconstrained"
298,"condition1","2","juede_contrastive",16,"觉得","juede",14676,24,"juede",NA,"correct",1,"constrained"
298,"condition1","2","juede_contrastive",20,"觉得","juede",21245,25,"juede",NA,"correct",1,"constrained"
298,"condition1","2","yiwei_contrastive",9,"以为","yiwei",40135,26,"yiwei",NA,"correct",1,"constrained"
298,"condition1","2","juede_unclear",114,"觉得","juede",17038,27,"juede",NA,"correct",1,"unconstrained"
298,"condition1","2","yiwei_unclear",105,"觉得","juede",38188,28,"yiwei",NA,"incorrect",0,"unconstrained"
298,"condition1","2","juede_unclear",111,"觉得","juede",11405,29,"juede",NA,"correct",1,"unconstrained"
298,"condition1","3","juede_unclear",113,"觉得","juede",25283,31,"juede",NA,"correct",1,"unconstrained"
298,"condition1","3","yiwei_unclear",109,"以为","yiwei",35008,32,"yiwei",NA,"correct",1,"unconstrained"
298,"condition1","3","juede_contrastive",14,"觉得","juede",20473,33,"juede",NA,"correct",1,"constrained"
298,"condition1","3","yiwei_contrastive",8,"以为","yiwei",37459,34,"yiwei",NA,"correct",1,"constrained"
298,"condition1","3","juede_unclear",115,"觉得","juede",24656,35,"juede",NA,"correct",1,"unconstrained"
298,"condition1","3","juede_contrastive",11,"觉得","juede",22720,36,"juede",NA,"correct",1,"constrained"
298,"condition1","3","yiwei_unclear",107,"以为","yiwei",25133,37,"yiwei",NA,"correct",1,"unconstrained"
298,"condition1","3","yiwei_contrastive",10,"以为","yiwei",35090,39,"yiwei",NA,"correct",1,"constrained"
298,"condition1","4","juede_unclear",120,"觉得","juede",21627,41,"juede",NA,"correct",1,"unconstrained"
298,"condition1","4","yiwei_unclear",106,"以为","yiwei",28452,42,"yiwei",NA,"correct",1,"unconstrained"
298,"condition1","4","juede_contrastive",12,"觉得","juede",20774,43,"juede",NA,"correct",1,"constrained"
298,"condition1","4","yiwei_contrastive",6,"以为","yiwei",13070,44,"yiwei",NA,"correct",1,"constrained"
298,"condition1","4","yiwei_unclear",102,"觉得","juede",15443,45,"yiwei",NA,"incorrect",0,"unconstrained"
298,"condition1","4","yiwei_contrastive",4,"觉得","juede",35027,46,"yiwei",NA,"incorrect",0,"constrained"
298,"condition1","4","juede_contrastive",18,"觉得","juede",23994,48,"juede",NA,"correct",1,"constrained"
298,"condition1","4","juede_unclear",116,"以为","yiwei",42604,49,"juede",NA,"incorrect",0,"unconstrained"
317,"condition1","0","yiwei_contrastive",6,"以为","yiwei",10941,3,"yiwei",NA,"correct",1,"constrained"
317,"condition1","0","yiwei_contrastive",8,"以为","yiwei",18850,4,"yiwei",NA,"correct",1,"constrained"
317,"condition1","0","juede_unclear",111,"觉得","juede",7700,5,"juede",NA,"correct",1,"unconstrained"
317,"condition1","0","juede_contrastive",15,"以为","yiwei",14679,6,"juede",NA,"incorrect",0,"constrained"
317,"condition1","0","juede_contrastive",17,"以为","yiwei",9268,7,"juede",NA,"incorrect",0,"constrained"
317,"condition1","0","juede_unclear",117,"以为","yiwei",23885,8,"juede",NA,"incorrect",0,"unconstrained"
317,"condition1","0","yiwei_unclear",108,"觉得","juede",14621,9,"yiwei",NA,"incorrect",0,"unconstrained"
317,"condition1","0","yiwei_unclear",102,"觉得","juede",12807,10,"yiwei",NA,"incorrect",0,"unconstrained"
317,"condition1","1","yiwei_unclear",103,"以为","yiwei",10978,11,"yiwei",NA,"correct",1,"unconstrained"
317,"condition1","1","yiwei_contrastive",4,"以为","yiwei",15115,12,"yiwei",NA,"correct",1,"constrained"
317,"condition1","1","yiwei_contrastive",7,"以为","yiwei",12454,13,"yiwei",NA,"correct",1,"constrained"
317,"condition1","1","juede_unclear",114,"觉得","juede",8315,14,"juede",NA,"correct",1,"unconstrained"
317,"condition1","1","juede_contrastive",19,"觉得","juede",11992,15,"juede",NA,"correct",1,"constrained"
317,"condition1","1","juede_unclear",119,"觉得","juede",16742,16,"juede",NA,"correct",1,"unconstrained"
317,"condition1","1","juede_contrastive",16,"觉得","juede",26174,18,"juede",NA,"correct",1,"constrained"
317,"condition1","1","yiwei_unclear",109,"以为","yiwei",8842,19,"yiwei",NA,"correct",1,"unconstrained"
317,"condition1","2","juede_contrastive",14,"觉得","juede",9407,21,"juede",NA,"correct",1,"constrained"
317,"condition1","2","yiwei_contrastive",3,"以为","yiwei",13040,22,"yiwei",NA,"correct",1,"constrained"
317,"condition1","2","yiwei_unclear",105,"以为","yiwei",44918,25,"yiwei",NA,"correct",1,"unconstrained"
317,"condition1","2","juede_contrastive",11,"觉得","juede",4695,26,"juede",NA,"correct",1,"constrained"
317,"condition1","2","yiwei_contrastive",10,"以为","yiwei",4640,27,"yiwei",NA,"correct",1,"constrained"
317,"condition1","2","juede_unclear",113,"觉得","juede",5088,28,"juede",NA,"correct",1,"unconstrained"
317,"condition1","2","juede_unclear",112,"觉得","juede",8308,29,"juede",NA,"correct",1,"unconstrained"
317,"condition1","2","yiwei_unclear",104,"以为","yiwei",8464,30,"yiwei",NA,"correct",1,"unconstrained"
317,"condition1","3","yiwei_unclear",110,"觉得","juede",9015,32,"yiwei",NA,"incorrect",0,"unconstrained"
317,"condition1","3","juede_unclear",115,"觉得","juede",12324,33,"juede",NA,"correct",1,"unconstrained"
317,"condition1","3","yiwei_contrastive",9,"以为","yiwei",47589,34,"yiwei",NA,"correct",1,"constrained"
317,"condition1","3","juede_contrastive",13,"觉得","juede",18478,35,"juede",NA,"correct",1,"constrained"
317,"condition1","3","yiwei_contrastive",1,"以为","yiwei",6483,36,"yiwei",NA,"correct",1,"constrained"
317,"condition1","3","juede_unclear",118,"觉得","juede",27772,38,"juede",NA,"correct",1,"unconstrained"
317,"condition1","3","juede_contrastive",20,"觉得","juede",10727,39,"juede",NA,"correct",1,"constrained"
317,"condition1","3","yiwei_unclear",101,"以为","yiwei",6409,40,"yiwei",NA,"correct",1,"unconstrained"
317,"condition1","4","juede_unclear",120,"觉得","juede",4218,41,"juede",NA,"correct",1,"unconstrained"
317,"condition1","4","yiwei_unclear",107,"以为","yiwei",3543,42,"yiwei",NA,"correct",1,"unconstrained"
317,"condition1","4","yiwei_unclear",106,"以为","yiwei",28843,43,"yiwei",NA,"correct",1,"unconstrained"
317,"condition1","4","juede_contrastive",12,"觉得","juede",4184,44,"juede",NA,"correct",1,"constrained"
317,"condition1","4","juede_contrastive",18,"以为","yiwei",3967,46,"juede",NA,"incorrect",0,"constrained"
317,"condition1","4","juede_unclear",116,"觉得","juede",13677,47,"juede",NA,"correct",1,"unconstrained"
317,"condition1","4","yiwei_contrastive",2,"以为","yiwei",3921,49,"yiwei",NA,"correct",1,"constrained"
317,"condition1","4","yiwei_contrastive",5,"以为","yiwei",4707,50,"yiwei",NA,"correct",1,"constrained"
297,"condition1","0","juede_unclear",114,"以为","yiwei",32345,1,"juede",NA,"incorrect",0,"unconstrained"
297,"condition1","0","yiwei_unclear",104,"以为","yiwei",14530,2,"yiwei",NA,"correct",1,"unconstrained"
297,"condition1","0","yiwei_contrastive",7,"以为","yiwei",11825,3,"yiwei",NA,"correct",1,"constrained"
297,"condition1","0","yiwei_unclear",105,"觉得","juede",14786,4,"yiwei",NA,"incorrect",0,"unconstrained"
297,"condition1","0","yiwei_contrastive",9,"以为","yiwei",30323,6,"yiwei",NA,"correct",1,"constrained"
297,"condition1","0","juede_unclear",120,"觉得","juede",12115,7,"juede",NA,"correct",1,"unconstrained"
297,"condition1","0","juede_contrastive",11,"觉得","juede",26620,8,"juede",NA,"correct",1,"constrained"
297,"condition1","0","juede_contrastive",16,"觉得","juede",15968,10,"juede",NA,"correct",1,"constrained"
297,"condition1","1","juede_unclear",117,"以为","yiwei",15730,11,"juede",NA,"incorrect",0,"unconstrained"
297,"condition1","1","yiwei_contrastive",3,"以为","yiwei",5716,12,"yiwei",NA,"correct",1,"constrained"
297,"condition1","1","yiwei_contrastive",6,"以为","yiwei",15298,14,"yiwei",NA,"correct",1,"constrained"
297,"condition1","1","juede_contrastive",17,"以为","yiwei",21343,15,"juede",NA,"incorrect",0,"constrained"
297,"condition1","1","yiwei_unclear",101,"以为","yiwei",9068,16,"yiwei",NA,"correct",1,"unconstrained"
297,"condition1","1","yiwei_unclear",110,"以为","yiwei",16161,17,"yiwei",NA,"correct",1,"unconstrained"
297,"condition1","1","juede_unclear",113,"觉得","juede",20407,18,"juede",NA,"correct",1,"unconstrained"
297,"condition1","1","juede_contrastive",20,"觉得","juede",26812,19,"juede",NA,"correct",1,"constrained"
297,"condition1","2","juede_contrastive",19,"觉得","juede",9324,21,"juede",NA,"correct",1,"constrained"
297,"condition1","2","juede_contrastive",14,"觉得","juede",19120,22,"juede",NA,"correct",1,"constrained"
297,"condition1","2","yiwei_contrastive",1,"以为","yiwei",8804,23,"yiwei",NA,"correct",1,"constrained"
297,"condition1","2","juede_unclear",118,"觉得","juede",8884,24,"juede",NA,"correct",1,"unconstrained"
297,"condition1","2","yiwei_unclear",108,"以为","yiwei",23294,25,"yiwei",NA,"correct",1,"unconstrained"
297,"condition1","2","yiwei_unclear",106,"以为","yiwei",11898,27,"yiwei",NA,"correct",1,"unconstrained"
297,"condition1","2","juede_unclear",111,"觉得","juede",7229,28,"juede",NA,"correct",1,"unconstrained"
297,"condition1","2","yiwei_contrastive",5,"以为","yiwei",7708,30,"yiwei",NA,"correct",1,"constrained"
297,"condition1","3","juede_unclear",116,"觉得","juede",12628,32,"juede",NA,"correct",1,"unconstrained"
297,"condition1","3","juede_contrastive",18,"以为","yiwei",8619,33,"juede",NA,"incorrect",0,"constrained"
297,"condition1","3","yiwei_unclear",103,"以为","yiwei",6373,34,"yiwei",NA,"correct",1,"unconstrained"
297,"condition1","3","yiwei_unclear",107,"以为","yiwei",9172,36,"yiwei",NA,"correct",1,"unconstrained"
297,"condition1","3","yiwei_contrastive",2,"以为","yiwei",10915,37,"yiwei",NA,"correct",1,"constrained"
297,"condition1","3","yiwei_contrastive",10,"以为","yiwei",8549,38,"yiwei",NA,"correct",1,"constrained"
297,"condition1","3","juede_unclear",112,"觉得","juede",9124,39,"juede",NA,"correct",1,"unconstrained"
297,"condition1","3","juede_contrastive",12,"觉得","juede",14042,40,"juede",NA,"correct",1,"constrained"
297,"condition1","4","juede_unclear",115,"觉得","juede",23424,42,"juede",NA,"correct",1,"unconstrained"
297,"condition1","4","yiwei_contrastive",4,"以为","yiwei",10162,43,"yiwei",NA,"correct",1,"constrained"
297,"condition1","4","yiwei_contrastive",8,"以为","yiwei",10731,44,"yiwei",NA,"correct",1,"constrained"
297,"condition1","4","juede_contrastive",15,"以为","yiwei",42429,45,"juede",NA,"incorrect",0,"constrained"
297,"condition1","4","juede_contrastive",13,"以为","yiwei",14403,46,"juede",NA,"incorrect",0,"constrained"
297,"condition1","4","yiwei_unclear",109,"以为","yiwei",31417,47,"yiwei",NA,"correct",1,"unconstrained"
297,"condition1","4","juede_unclear",119,"觉得","juede",12139,48,"juede",NA,"correct",1,"unconstrained"
297,"condition1","4","yiwei_unclear",102,"以为","yiwei",11267,49,"yiwei",NA,"correct",1,"unconstrained"
313,"condition1","0","juede_unclear",119,"觉得","juede",22368,2,"juede",NA,"correct",1,"unconstrained"
313,"condition1","0","juede_unclear",112,"觉得","juede",22998,3,"juede",NA,"correct",1,"unconstrained"
313,"condition1","0","yiwei_unclear",106,"以为","yiwei",86784,4,"yiwei",NA,"correct",1,"unconstrained"
313,"condition1","0","yiwei_unclear",104,"以为","yiwei",20066,5,"yiwei",NA,"correct",1,"unconstrained"
313,"condition1","0","juede_contrastive",15,"觉得","juede",17650,6,"juede",NA,"correct",1,"constrained"
313,"condition1","0","yiwei_contrastive",5,"以为","yiwei",13033,7,"yiwei",NA,"correct",1,"constrained"
313,"condition1","0","juede_contrastive",20,"觉得","juede",19815,8,"juede",NA,"correct",1,"constrained"
313,"condition1","0","yiwei_contrastive",4,"以为","yiwei",15902,9,"yiwei",NA,"correct",1,"constrained"
313,"condition1","1","yiwei_unclear",102,"以为","yiwei",16401,11,"yiwei",NA,"correct",1,"unconstrained"
313,"condition1","1","juede_contrastive",11,"觉得","juede",13832,12,"juede",NA,"correct",1,"constrained"
313,"condition1","1","juede_contrastive",18,"觉得","juede",10485,13,"juede",NA,"correct",1,"constrained"
313,"condition1","1","juede_unclear",113,"觉得","juede",10900,15,"juede",NA,"correct",1,"unconstrained"
313,"condition1","1","yiwei_contrastive",7,"以为","yiwei",13684,16,"yiwei",NA,"correct",1,"constrained"
313,"condition1","1","yiwei_unclear",108,"觉得","juede",9100,17,"yiwei",NA,"incorrect",0,"unconstrained"
313,"condition1","1","yiwei_contrastive",3,"以为","yiwei",9592,19,"yiwei",NA,"correct",1,"constrained"
313,"condition1","1","juede_unclear",117,"觉得","juede",21110,20,"juede",NA,"correct",1,"unconstrained"
313,"condition1","2","yiwei_unclear",101,"以为","yiwei",14648,23,"yiwei",NA,"correct",1,"unconstrained"
313,"condition1","2","juede_contrastive",12,"觉得","juede",7718,24,"juede",NA,"correct",1,"constrained"
313,"condition1","2","juede_contrastive",16,"觉得","juede",10232,25,"juede",NA,"correct",1,"constrained"
313,"condition1","2","yiwei_contrastive",1,"以为","yiwei",9203,26,"yiwei",NA,"correct",1,"constrained"
313,"condition1","2","juede_unclear",118,"以为","yiwei",16162,27,"juede",NA,"incorrect",0,"unconstrained"
313,"condition1","2","juede_unclear",115,"觉得","juede",12032,28,"juede",NA,"correct",1,"unconstrained"
313,"condition1","2","yiwei_unclear",110,"以为","yiwei",11185,29,"yiwei",NA,"correct",1,"unconstrained"
313,"condition1","2","yiwei_contrastive",9,"以为","yiwei",22565,30,"yiwei",NA,"correct",1,"constrained"
313,"condition1","3","juede_contrastive",19,"觉得","juede",9168,31,"juede",NA,"correct",1,"constrained"
313,"condition1","3","yiwei_contrastive",8,"以为","yiwei",7734,32,"yiwei",NA,"correct",1,"constrained"
313,"condition1","3","yiwei_unclear",109,"以为","yiwei",17652,35,"yiwei",NA,"correct",1,"unconstrained"
313,"condition1","3","juede_unclear",114,"以为","yiwei",8465,36,"juede",NA,"incorrect",0,"unconstrained"
313,"condition1","3","yiwei_unclear",103,"觉得","juede",7017,37,"yiwei",NA,"incorrect",0,"unconstrained"
313,"condition1","3","juede_unclear",116,"觉得","juede",9616,38,"juede",NA,"correct",1,"unconstrained"
313,"condition1","3","yiwei_contrastive",6,"以为","yiwei",5401,39,"yiwei",NA,"correct",1,"constrained"
313,"condition1","3","juede_contrastive",17,"以为","yiwei",16019,40,"juede",NA,"incorrect",0,"constrained"
313,"condition1","4","juede_contrastive",14,"觉得","juede",12298,41,"juede",NA,"correct",1,"constrained"
313,"condition1","4","yiwei_contrastive",10,"以为","yiwei",10634,42,"yiwei",NA,"correct",1,"constrained"
313,"condition1","4","juede_contrastive",13,"觉得","juede",13733,43,"juede",NA,"correct",1,"constrained"
313,"condition1","4","yiwei_contrastive",2,"以为","yiwei",9466,44,"yiwei",NA,"correct",1,"constrained"
313,"condition1","4","juede_unclear",120,"觉得","juede",20568,45,"juede",NA,"correct",1,"unconstrained"
313,"condition1","4","juede_unclear",111,"觉得","juede",7949,46,"juede",NA,"correct",1,"unconstrained"
313,"condition1","4","yiwei_unclear",107,"以为","yiwei",11099,49,"yiwei",NA,"correct",1,"unconstrained"
313,"condition1","4","yiwei_unclear",105,"以为","yiwei",27152,50,"yiwei",NA,"correct",1,"unconstrained"
316,"condition1","0","juede_contrastive",19,"觉得","juede",22613,1,"juede",NA,"correct",1,"constrained"
316,"condition1","0","yiwei_unclear",108,"以为","yiwei",19873,2,"yiwei",NA,"correct",1,"unconstrained"
316,"condition1","0","yiwei_contrastive",5,"觉得","juede",20697,3,"yiwei",NA,"incorrect",0,"constrained"
316,"condition1","0","yiwei_unclear",105,"觉得","juede",32318,5,"yiwei",NA,"incorrect",0,"unconstrained"
316,"condition1","0","juede_unclear",116,"觉得","juede",29593,7,"juede",NA,"correct",1,"unconstrained"
316,"condition1","0","juede_unclear",118,"觉得","juede",11446,8,"juede",NA,"correct",1,"unconstrained"
316,"condition1","0","juede_contrastive",17,"觉得","juede",18269,9,"juede",NA,"correct",1,"constrained"
316,"condition1","0","yiwei_contrastive",3,"以为","yiwei",10562,10,"yiwei",NA,"correct",1,"constrained"
316,"condition1","1","yiwei_contrastive",10,"以为","yiwei",9946,12,"yiwei",NA,"correct",1,"constrained"
316,"condition1","1","juede_unclear",112,"觉得","juede",41682,14,"juede",NA,"correct",1,"unconstrained"
316,"condition1","1","juede_unclear",115,"觉得","juede",23598,15,"juede",NA,"correct",1,"unconstrained"
316,"condition1","1","yiwei_unclear",110,"以为","yiwei",13494,16,"yiwei",NA,"correct",1,"unconstrained"
316,"condition1","1","juede_contrastive",12,"觉得","juede",11312,17,"juede",NA,"correct",1,"constrained"
316,"condition1","1","yiwei_contrastive",8,"觉得","juede",16756,18,"yiwei",NA,"incorrect",0,"constrained"
316,"condition1","1","yiwei_unclear",102,"觉得","juede",16072,19,"yiwei",NA,"incorrect",0,"unconstrained"
316,"condition1","1","juede_contrastive",20,"觉得","juede",26561,20,"juede",NA,"correct",1,"constrained"
316,"condition1","2","yiwei_contrastive",2,"以为","yiwei",13834,21,"yiwei",NA,"correct",1,"constrained"
316,"condition1","2","juede_contrastive",14,"觉得","juede",43680,22,"juede",NA,"correct",1,"constrained"
316,"condition1","2","yiwei_contrastive",6,"以为","yiwei",12362,23,"yiwei",NA,"correct",1,"constrained"
316,"condition1","2","juede_contrastive",18,"觉得","juede",12548,24,"juede",NA,"correct",1,"constrained"
316,"condition1","2","yiwei_unclear",104,"以为","yiwei",13368,25,"yiwei",NA,"correct",1,"unconstrained"
316,"condition1","2","juede_unclear",114,"觉得","juede",18193,28,"juede",NA,"correct",1,"unconstrained"
316,"condition1","2","yiwei_unclear",107,"以为","yiwei",9505,29,"yiwei",NA,"correct",1,"unconstrained"
316,"condition1","2","juede_unclear",111,"觉得","juede",9665,30,"juede",NA,"correct",1,"unconstrained"
316,"condition1","3","juede_contrastive",13,"觉得","juede",13618,31,"juede",NA,"correct",1,"constrained"
316,"condition1","3","yiwei_unclear",103,"以为","yiwei",15894,32,"yiwei",NA,"correct",1,"unconstrained"
316,"condition1","3","yiwei_contrastive",4,"以为","yiwei",25455,34,"yiwei",NA,"correct",1,"constrained"
316,"condition1","3","juede_contrastive",15,"觉得","juede",11898,35,"juede",NA,"correct",1,"constrained"
316,"condition1","3","yiwei_unclear",109,"以为","yiwei",15112,36,"yiwei",NA,"correct",1,"unconstrained"
316,"condition1","3","juede_unclear",119,"觉得","juede",13422,38,"juede",NA,"correct",1,"unconstrained"
316,"condition1","3","yiwei_contrastive",7,"以为","yiwei",15113,39,"yiwei",NA,"correct",1,"constrained"
316,"condition1","3","juede_unclear",113,"觉得","juede",19363,40,"juede",NA,"correct",1,"unconstrained"
316,"condition1","4","yiwei_contrastive",9,"以为","yiwei",12231,41,"yiwei",NA,"correct",1,"constrained"
316,"condition1","4","yiwei_unclear",106,"以为","yiwei",69280,43,"yiwei",NA,"correct",1,"unconstrained"
316,"condition1","4","yiwei_unclear",101,"觉得","juede",10537,44,"yiwei",NA,"incorrect",0,"unconstrained"
316,"condition1","4","yiwei_contrastive",1,"以为","yiwei",8127,45,"yiwei",NA,"correct",1,"constrained"
316,"condition1","4","juede_unclear",117,"以为","yiwei",49918,46,"juede",NA,"incorrect",0,"unconstrained"
316,"condition1","4","juede_contrastive",11,"觉得","juede",10370,47,"juede",NA,"correct",1,"constrained"
316,"condition1","4","juede_unclear",120,"觉得","juede",9457,49,"juede",NA,"correct",1,"unconstrained"
316,"condition1","4","juede_contrastive",16,"觉得","juede",8103,50,"juede",NA,"correct",1,"constrained"
305,"condition1","0","juede_contrastive",12,"觉得","juede",23090,1,"juede",NA,"correct",1,"constrained"
305,"condition1","0","yiwei_contrastive",10,"以为","yiwei",17431,2,"yiwei",NA,"correct",1,"constrained"
305,"condition1","0","juede_unclear",113,"觉得","juede",11841,4,"juede",NA,"correct",1,"unconstrained"
305,"condition1","0","juede_unclear",116,"觉得","juede",25287,5,"juede",NA,"correct",1,"unconstrained"
305,"condition1","0","juede_contrastive",17,"觉得","juede",16060,7,"juede",NA,"correct",1,"constrained"
305,"condition1","0","yiwei_unclear",106,"以为","yiwei",19148,8,"yiwei",NA,"correct",1,"unconstrained"
305,"condition1","0","yiwei_contrastive",6,"以为","yiwei",8596,9,"yiwei",NA,"correct",1,"constrained"
305,"condition1","0","yiwei_unclear",104,"以为","yiwei",10763,10,"yiwei",NA,"correct",1,"unconstrained"
305,"condition1","1","juede_unclear",119,"觉得","juede",14236,11,"juede",NA,"correct",1,"unconstrained"
305,"condition1","1","juede_contrastive",15,"觉得","juede",25521,12,"juede",NA,"correct",1,"constrained"
305,"condition1","1","juede_contrastive",20,"觉得","juede",9211,13,"juede",NA,"correct",1,"constrained"
305,"condition1","1","yiwei_unclear",103,"以为","yiwei",14662,15,"yiwei",NA,"correct",1,"unconstrained"
305,"condition1","1","yiwei_contrastive",9,"以为","yiwei",18103,16,"yiwei",NA,"correct",1,"constrained"
305,"condition1","1","yiwei_contrastive",2,"以为","yiwei",6865,18,"yiwei",NA,"correct",1,"constrained"
305,"condition1","1","juede_unclear",112,"觉得","juede",6926,19,"juede",NA,"correct",1,"unconstrained"
305,"condition1","1","yiwei_unclear",109,"以为","yiwei",5721,20,"yiwei",NA,"correct",1,"unconstrained"
305,"condition1","2","yiwei_contrastive",3,"以为","yiwei",6510,21,"yiwei",NA,"correct",1,"constrained"
305,"condition1","2","juede_unclear",115,"觉得","juede",10818,22,"juede",NA,"correct",1,"unconstrained"
305,"condition1","2","yiwei_unclear",105,"以为","yiwei",11556,23,"yiwei",NA,"correct",1,"unconstrained"
305,"condition1","2","juede_contrastive",18,"以为","yiwei",8040,24,"juede",NA,"incorrect",0,"constrained"
305,"condition1","2","yiwei_contrastive",5,"以为","yiwei",6160,25,"yiwei",NA,"correct",1,"constrained"
305,"condition1","2","juede_contrastive",14,"以为","yiwei",11362,26,"juede",NA,"incorrect",0,"constrained"
305,"condition1","2","yiwei_unclear",102,"以为","yiwei",7252,28,"yiwei",NA,"correct",1,"unconstrained"
305,"condition1","2","juede_unclear",114,"觉得","juede",10014,30,"juede",NA,"correct",1,"unconstrained"
305,"condition1","3","yiwei_unclear",107,"以为","yiwei",4452,31,"yiwei",NA,"correct",1,"unconstrained"
305,"condition1","3","juede_contrastive",11,"觉得","juede",4203,33,"juede",NA,"correct",1,"constrained"
305,"condition1","3","yiwei_contrastive",1,"以为","yiwei",4546,34,"yiwei",NA,"correct",1,"constrained"
305,"condition1","3","juede_unclear",117,"觉得","juede",14603,35,"juede",NA,"correct",1,"unconstrained"
305,"condition1","3","yiwei_unclear",108,"觉得","juede",11473,37,"yiwei",NA,"incorrect",0,"unconstrained"
305,"condition1","3","juede_unclear",120,"觉得","juede",7072,38,"juede",NA,"correct",1,"unconstrained"
305,"condition1","3","yiwei_contrastive",7,"觉得","juede",14382,39,"yiwei",NA,"incorrect",0,"constrained"
305,"condition1","3","juede_contrastive",13,"以为","yiwei",12518,40,"juede",NA,"incorrect",0,"constrained"
305,"condition1","4","yiwei_contrastive",8,"觉得","juede",6316,41,"yiwei",NA,"incorrect",0,"constrained"
305,"condition1","4","juede_unclear",118,"觉得","juede",2861,42,"juede",NA,"correct",1,"unconstrained"
305,"condition1","4","juede_contrastive",16,"觉得","juede",5647,43,"juede",NA,"correct",1,"constrained"
305,"condition1","4","juede_contrastive",19,"觉得","juede",3898,44,"juede",NA,"correct",1,"constrained"
305,"condition1","4","yiwei_contrastive",4,"以为","yiwei",3438,45,"yiwei",NA,"correct",1,"constrained"
305,"condition1","4","yiwei_unclear",101,"以为","yiwei",3665,46,"yiwei",NA,"correct",1,"unconstrained"
305,"condition1","4","juede_unclear",111,"觉得","juede",2613,47,"juede",NA,"correct",1,"unconstrained"
305,"condition1","4","yiwei_unclear",110,"觉得","juede",16609,48,"yiwei",NA,"incorrect",0,"unconstrained"
326,"condition1","0","yiwei_contrastive",2,"以为","yiwei",22773,1,"yiwei",NA,"correct",1,"constrained"
326,"condition1","0","yiwei_unclear",105,"以为","yiwei",10192,2,"yiwei",NA,"correct",1,"unconstrained"
326,"condition1","0","yiwei_contrastive",5,"以为","yiwei",10787,3,"yiwei",NA,"correct",1,"constrained"
326,"condition1","0","juede_unclear",115,"觉得","juede",9044,4,"juede",NA,"correct",1,"unconstrained"
326,"condition1","0","juede_contrastive",20,"觉得","juede",8857,5,"juede",NA,"correct",1,"constrained"
326,"condition1","0","juede_contrastive",15,"觉得","juede",15243,6,"juede",NA,"correct",1,"constrained"
326,"condition1","0","yiwei_unclear",108,"觉得","juede",10539,8,"yiwei",NA,"incorrect",0,"unconstrained"
326,"condition1","0","juede_unclear",112,"觉得","juede",5465,10,"juede",NA,"correct",1,"unconstrained"
326,"condition1","1","yiwei_contrastive",9,"以为","yiwei",12764,11,"yiwei",NA,"correct",1,"constrained"
326,"condition1","1","yiwei_contrastive",1,"以为","yiwei",10579,12,"yiwei",NA,"correct",1,"constrained"
326,"condition1","1","yiwei_unclear",106,"以为","yiwei",16734,13,"yiwei",NA,"correct",1,"unconstrained"
326,"condition1","1","yiwei_unclear",104,"以为","yiwei",11447,14,"yiwei",NA,"correct",1,"unconstrained"
326,"condition1","1","juede_contrastive",18,"觉得","juede",10450,16,"juede",NA,"correct",1,"constrained"
326,"condition1","1","juede_contrastive",12,"觉得","juede",5444,17,"juede",NA,"correct",1,"constrained"
326,"condition1","1","juede_unclear",116,"觉得","juede",2870,18,"juede",NA,"correct",1,"unconstrained"
326,"condition1","1","juede_unclear",114,"觉得","juede",18857,19,"juede",NA,"correct",1,"unconstrained"
326,"condition1","2","yiwei_contrastive",8,"以为","yiwei",16869,21,"yiwei",NA,"correct",1,"constrained"
326,"condition1","2","juede_contrastive",14,"觉得","juede",41818,22,"juede",NA,"correct",1,"constrained"
326,"condition1","2","yiwei_contrastive",6,"以为","yiwei",3473,23,"yiwei",NA,"correct",1,"constrained"
326,"condition1","2","juede_contrastive",11,"觉得","juede",5681,25,"juede",NA,"correct",1,"constrained"
326,"condition1","2","yiwei_unclear",101,"以为","yiwei",21231,26,"yiwei",NA,"correct",1,"unconstrained"
326,"condition1","2","yiwei_unclear",107,"以为","yiwei",2901,27,"yiwei",NA,"correct",1,"unconstrained"
326,"condition1","2","juede_unclear",117,"觉得","juede",19608,29,"juede",NA,"correct",1,"unconstrained"
326,"condition1","2","juede_unclear",119,"觉得","juede",12905,30,"juede",NA,"correct",1,"unconstrained"
326,"condition1","3","yiwei_contrastive",4,"以为","yiwei",8470,32,"yiwei",NA,"correct",1,"constrained"
326,"condition1","3","yiwei_unclear",110,"以为","yiwei",7118,33,"yiwei",NA,"correct",1,"unconstrained"
326,"condition1","3","yiwei_contrastive",3,"以为","yiwei",13659,34,"yiwei",NA,"correct",1,"constrained"
326,"condition1","3","juede_unclear",118,"觉得","juede",5054,36,"juede",NA,"correct",1,"unconstrained"
326,"condition1","3","juede_contrastive",13,"觉得","juede",6563,37,"juede",NA,"correct",1,"constrained"
326,"condition1","3","juede_unclear",113,"觉得","juede",3083,38,"juede",NA,"correct",1,"unconstrained"
326,"condition1","3","juede_contrastive",16,"觉得","juede",11734,39,"juede",NA,"correct",1,"constrained"
326,"condition1","3","yiwei_unclear",102,"觉得","juede",7424,40,"yiwei",NA,"incorrect",0,"unconstrained"
326,"condition1","4","yiwei_unclear",103,"以为","yiwei",9413,42,"yiwei",NA,"correct",1,"unconstrained"
326,"condition1","4","juede_unclear",111,"觉得","juede",2634,43,"juede",NA,"correct",1,"unconstrained"
326,"condition1","4","yiwei_contrastive",7,"以为","yiwei",12046,44,"yiwei",NA,"correct",1,"constrained"
326,"condition1","4","juede_contrastive",17,"觉得","juede",2039,45,"juede",NA,"correct",1,"constrained"
326,"condition1","4","juede_unclear",120,"觉得","juede",8696,47,"juede",NA,"correct",1,"unconstrained"
326,"condition1","4","yiwei_contrastive",10,"以为","yiwei",3590,48,"yiwei",NA,"correct",1,"constrained"
326,"condition1","4","yiwei_unclear",109,"以为","yiwei",22755,49,"yiwei",NA,"correct",1,"unconstrained"
326,"condition1","4","juede_contrastive",19,"觉得","juede",5024,50,"juede",NA,"correct",1,"constrained"
292,"condition1","0","yiwei_contrastive",1,"以为","yiwei",10036,3,"yiwei",NA,"correct",1,"constrained"
292,"condition1","0","yiwei_contrastive",6,"以为","yiwei",20862,4,"yiwei",NA,"correct",1,"constrained"
292,"condition1","0","juede_unclear",119,"觉得","juede",13543,5,"juede",NA,"correct",1,"unconstrained"
292,"condition1","0","juede_contrastive",13,"觉得","juede",15375,6,"juede",NA,"correct",1,"constrained"
292,"condition1","0","yiwei_unclear",107,"以为","yiwei",26385,7,"yiwei",NA,"correct",1,"unconstrained"
292,"condition1","0","yiwei_unclear",106,"以为","yiwei",24054,8,"yiwei",NA,"correct",1,"unconstrained"
292,"condition1","0","juede_contrastive",19,"觉得","juede",10465,9,"juede",NA,"correct",1,"constrained"
292,"condition1","0","juede_unclear",112,"觉得","juede",10538,10,"juede",NA,"correct",1,"unconstrained"
292,"condition1","1","juede_contrastive",16,"觉得","juede",18816,11,"juede",NA,"correct",1,"constrained"
292,"condition1","1","yiwei_unclear",110,"以为","yiwei",27622,13,"yiwei",NA,"correct",1,"unconstrained"
292,"condition1","1","juede_unclear",113,"觉得","juede",24003,14,"juede",NA,"correct",1,"unconstrained"
292,"condition1","1","juede_contrastive",20,"觉得","juede",34759,15,"juede",NA,"correct",1,"constrained"
292,"condition1","1","yiwei_unclear",105,"以为","yiwei",8112,16,"yiwei",NA,"correct",1,"unconstrained"
292,"condition1","1","yiwei_contrastive",4,"以为","yiwei",11223,17,"yiwei",NA,"correct",1,"constrained"
292,"condition1","1","juede_unclear",115,"觉得","juede",69022,19,"juede",NA,"correct",1,"unconstrained"
292,"condition1","1","yiwei_contrastive",2,"以为","yiwei",16257,20,"yiwei",NA,"correct",1,"constrained"
292,"condition1","2","yiwei_unclear",101,"以为","yiwei",8588,22,"yiwei",NA,"correct",1,"unconstrained"
292,"condition1","2","juede_unclear",114,"觉得","juede",84893,23,"juede",NA,"correct",1,"unconstrained"
292,"condition1","2","yiwei_unclear",108,"觉得","juede",19955,24,"yiwei",NA,"incorrect",0,"unconstrained"
292,"condition1","2","yiwei_contrastive",7,"觉得","juede",81340,25,"yiwei",NA,"incorrect",0,"constrained"
292,"condition1","2","juede_unclear",120,"觉得","juede",24886,26,"juede",NA,"correct",1,"unconstrained"
292,"condition1","2","juede_contrastive",15,"觉得","juede",35569,28,"juede",NA,"correct",1,"constrained"
292,"condition1","2","yiwei_contrastive",10,"以为","yiwei",3991,29,"yiwei",NA,"correct",1,"constrained"
292,"condition1","2","juede_contrastive",11,"觉得","juede",5827,30,"juede",NA,"correct",1,"constrained"
292,"condition1","3","yiwei_contrastive",3,"以为","yiwei",2934,31,"yiwei",NA,"correct",1,"constrained"
292,"condition1","3","juede_unclear",111,"觉得","juede",120643,33,"juede",NA,"correct",1,"unconstrained"
292,"condition1","3","juede_contrastive",14,"觉得","juede",5212,35,"juede",NA,"correct",1,"constrained"
292,"condition1","3","yiwei_unclear",109,"以为","yiwei",7108,36,"yiwei",NA,"correct",1,"unconstrained"
292,"condition1","3","yiwei_unclear",103,"以为","yiwei",100100,37,"yiwei",NA,"correct",1,"unconstrained"
292,"condition1","3","juede_unclear",118,"觉得","juede",38984,38,"juede",NA,"correct",1,"unconstrained"
292,"condition1","3","juede_contrastive",17,"觉得","juede",5695,39,"juede",NA,"correct",1,"constrained"
292,"condition1","3","yiwei_contrastive",9,"以为","yiwei",21383,40,"yiwei",NA,"correct",1,"constrained"
292,"condition1","4","juede_unclear",117,"觉得","juede",9033,41,"juede",NA,"correct",1,"unconstrained"
292,"condition1","4","yiwei_contrastive",5,"以为","yiwei",8506,42,"yiwei",NA,"correct",1,"constrained"
292,"condition1","4","juede_unclear",116,"觉得","juede",159974,43,"juede",NA,"correct",1,"unconstrained"
292,"condition1","4","juede_contrastive",12,"觉得","juede",5252,44,"juede",NA,"correct",1,"constrained"
292,"condition1","4","juede_contrastive",18,"觉得","juede",7140,47,"juede",NA,"correct",1,"constrained"
292,"condition1","4","yiwei_unclear",104,"以为","yiwei",101044,48,"yiwei",NA,"correct",1,"unconstrained"
292,"condition1","4","yiwei_unclear",102,"觉得","juede",8598,49,"yiwei",NA,"incorrect",0,"unconstrained"
292,"condition1","4","yiwei_contrastive",8,"以为","yiwei",80226,50,"yiwei",NA,"correct",1,"constrained"
