id,verb,file_name,speaker,sentence,embedded_CP_j1,embedded_content_j1,subject_j1,embedded_CP_j2,embedded_content_j2,subject_j2,sentence_type_e,embedded_sentence_type_e,sentence_type_g,embedded_sentence_type_g,sentence_type_j3,embedded_sentence_type_j3,sentence_type_c,embedded_sentence_type_c,matrix_negation_e,matrix_negation_j1,matrix_negation_g
1,zhidao,/ZhouDinner/middle/06.cha,AUN,AUN: 哦你也知道哒?,0 No,0 No,2 second_person,0 No,0 No,2 second_person,1 polar_question,,1 polar_question,,NA,NA,NA,NA,0 no negation,0 no negation,NA
2,zhidao,/ZhouDinner/middle/13.cha,grandma,GMO: 知道吗?,0 No,0 No,0 dropped,0 No,0 No,0 dropped,1 polar_question,,1 polar_question,,NA,NA,NA,NA,0 no negation,0 no negation,NA
3,zhidao,/ZhouDinner/middle/14.cha,father,FAT: 我知道你和谁.,0 No,2 NP,1 first_person,2 CP,,1 first_person,0 declarative,2 wh_question,0 declarative,0 declarative,NA,NA,NA,NA,0 no negation,0 no negation,NA
4,zhidao,/ZhouDinner/middle/14.cha,mother,MOT: 我不知道奶奶要什么东西.,2 CP,,1 first_person,2 CP,,1 first_person,0 declarative,2 wh_question,0 declarative,2 wh_question,NA,NA,NA,NA,2 不,2 不,NA
6,zhidao,/ZhouDinner/middle/14.cha,mother,MOT: 我特别想知道.,0 No,0 No,1 first_person,0 No,0 No,1 first_person,0 declarative,,0 declarative,,NA,NA,NA,NA,0 no negation,0 no negation,NA
8,zhidao,/ZhouDinner/middle/15.cha,father,"FAT: 不知道你吃这个鸡蛋,吃的饱不饱?",2 CP,,0 dropped,2 CP,,0 dropped,0 declarative,0 declarative,0 declarative,0 declarative,NA,NA,NA,NA,2 不,2 不,NA
11,zhidao,/ZhouDinner/middle/16.cha,GFA,GFA: 知道吗?,0 No,0 No,0 dropped,0 No,0 No,0 dropped,1 polar_question,,1 polar_question,,NA,NA,NA,NA,0 no negation,0 no negation,NA
12,zhidao,/ZhouDinner/middle/20.cha,mother,MOT: 知道吗?,0 No,0 No,0 dropped,0 No,0 No,0 dropped,1 polar_question,,1 polar_question,,NA,NA,NA,NA,0 no negation,0 no negation,NA
13,zhidao,/ZhouDinner/middle/20.cha,grandma,GMO: 我还以为你知道了呢.,0 No,0 No,2 second_person,0 No,0 No,2 second_person,0 declarative,,0 declarative,,NA,NA,NA,NA,0 no negation,0 no negation,NA
15,zhidao,/ZhouDinner/middle/20.cha,mother,MOT: 你早就知道了?,0 No,0 No,2 second_person,0 No,0 No,2 second_person,1 polar_question,,1 polar_question,,NA,NA,NA,NA,0 no negation,0 no negation,NA
16,zhidao,/ZhouDinner/middle/20.cha,grandma,GMO: 你早就知道了?,0 No,0 No,2 second_person,0 No,0 No,2 second_person,1 polar_question,,1 polar_question,,NA,NA,NA,NA,0 no negation,0 no negation,NA
17,zhidao,/ZhouDinner/middle/20.cha,grandma,GMO: 你早怎么样知道的?,0 No,0 No,2 second_person,0 No,4 RC的,2 second_person,3 how/why,,3 how/why,,NA,NA,NA,NA,0 no negation,0 no negation,NA
18,zhidao,/ZhouDinner/middle/20.cha,grandma,GMO: 你们班同学都知道了?,0 No,0 No,3 third/NP,0 No,0 No,3 third/NP,1 polar_question,,1 polar_question,,NA,NA,NA,NA,0 no negation,0 no negation,NA
19,zhidao,/ZhouDinner/middle/20.cha,mother,MOT: 你咋知道?,0 No,0 No,2 second_person,0 No,0 No,2 second_person,1 polar_question,,3 how/why,,NA,NA,NA,NA,0 no negation,0 no negation,NA
23,zhidao,/ZhouDinner/middle/30.cha,grandma,"GMO: 孩名,你知道这是什么菜吗?",2 CP,,2 second_person,2 CP,,2 second_person,1 polar_question,2 wh_question,1 polar_question,2 wh_question,NA,NA,NA,NA,0 no negation,0 no negation,NA
24,zhidao,/ZhouDinner/middle/30.cha,grandma,GMO: 那你知道这些都是什么菜呀?,2 CP,,2 second_person,2 CP,,2 second_person,1 polar_question,2 wh_question,1 polar_question,2 wh_question,NA,NA,NA,NA,0 no negation,0 no negation,NA
25,zhidao,/ZhouDinner/middle/32.cha,mother,MOT: 谁知道他玩游戏干吗啊?,2 CP,,3 third/NP,2 CP,,3 third/NP,2 wh_question,2 wh_question,2 wh_question,2 wh_question,NA,NA,NA,NA,0 no negation,0 no negation,NA
26,zhidao,/ZhouDinner/middle/32.cha,mother,MOT: 不知道!,0 No,0 No,0 dropped,0 No,0 No,0 dropped,0 declarative,,0 declarative,,NA,NA,NA,NA,2 不,2 不,NA
27,zhidao,/ZhouDinner/middle/32.cha,mother,MOT: 你怎么知道爸爸工资比我高?,2 CP,,2 second_person,2 CP,,2 second_person,3 how/why,0 declarative,3 how/why,0 declarative,NA,NA,NA,NA,0 no negation,0 no negation,NA
28,zhidao,/ZhouDinner/middle/32.cha,mother,MOT: 你怎么知道妈妈小时候学画画的?,2 CP,,2 second_person,2 CP,,2 second_person,3 how/why,0 declarative,3 how/why,0 declarative,NA,NA,NA,NA,0 no negation,0 no negation,NA
31,zhidao,/ZhouDinner/middle/32.cha,mother,MOT: 不知道哎.,0 No,0 No,0 dropped,0 No,0 No,0 dropped,0 declarative,,0 declarative,,NA,NA,NA,NA,2 不,2 不,NA
32,zhidao,/ZhouDinner/middle/32.cha,mother,MOT: 你知道是什么吗?,2 CP,,2 second_person,2 CP,,2 second_person,1 polar_question,2 wh_question,1 polar_question,2 wh_question,NA,NA,NA,NA,0 no negation,0 no negation,NA
34,zhidao,/ZhouDinner/middle/33.cha,mother,MOT: 知道吧?,0 No,0 No,0 dropped,0 No,0 No,0 dropped,1 polar_question,,1 polar_question,,NA,NA,NA,NA,0 no negation,0 no negation,NA
35,zhidao,/ZhouDinner/middle/33.cha,mother,MOT: 知道吗?,0 No,0 No,0 dropped,0 No,0 No,0 dropped,1 polar_question,,1 polar_question,,NA,NA,NA,NA,0 no negation,0 no negation,NA
36,zhidao,/ZhouDinner/middle/33.cha,mother,MOT: 知道吗?,0 No,0 No,0 dropped,0 No,0 No,0 dropped,1 polar_question,,1 polar_question,,NA,NA,NA,NA,0 no negation,0 no negation,NA
38,zhidao,/ZhouDinner/middle/34.cha,mother,MOT: 不知道啊?,0 No,0 No,0 dropped,0 No,0 No,0 dropped,1 polar_question,,1 polar_question,,NA,NA,NA,NA,2 不,2 不,NA
39,zhidao,/ZhouDinner/middle/35.cha,mother,MOT: 你知道吗?,0 No,0 No,2 second_person,0 No,0 No,2 second_person,1 polar_question,,1 polar_question,,NA,NA,NA,NA,0 no negation,0 no negation,NA
41,zhidao,/ZhouDinner/middle/35.cha,mother,MOT: 知道的啊?,0 No,0 No,0 dropped,0 No,4 RC的,0 dropped,1 polar_question,,1 polar_question,,NA,NA,NA,NA,0 no negation,0 no negation,NA
44,zhidao,/ZhouDinner/middle/41.cha,mother,MOT: 知道吗?,0 No,0 No,0 dropped,0 No,0 No,0 dropped,1 polar_question,,1 polar_question,,NA,NA,NA,NA,0 no negation,0 no negation,NA
45,zhidao,/ZhouDinner/middle/43.cha,mother,"MOT: 我就知道你肯定还要来一碗的,对吗?",2 CP,,1 first_person,2 CP,,1 first_person,4 tag_question,0 declarative,4 tag_question,0 declarative,NA,NA,NA,NA,0 no negation,0 no negation,NA
46,zhidao,/ZhouDinner/middle/47.cha,mother,"MOT: 好,我知道了.",0 No,0 No,1 first_person,0 No,0 No,1 first_person,0 declarative,,0 declarative,,NA,NA,NA,NA,0 no negation,0 no negation,NA
48,zhidao,/ZhouDinner/middle/47.cha,AUN,AUN: 知道吧?,0 No,0 No,0 dropped,0 No,0 No,0 dropped,1 polar_question,,1 polar_question,,NA,NA,NA,NA,0 no negation,0 no negation,NA
49,zhidao,/ZhouDinner/middle/47.cha,mother,"MOT: 要说清楚,知道吗?",0 No,0 No,0 dropped,0 No,0 No,0 dropped,4 tag_question,0 declarative,4 tag_question,0 declarative,NA,NA,NA,NA,0 no negation,0 no negation,NA
50,zhidao,/ZhouDinner/middle/47.cha,mother,MOT: 我也不知道.,0 No,0 No,1 first_person,0 No,0 No,1 first_person,0 declarative,,0 declarative,,NA,NA,NA,NA,2 不,2 不,NA
51,zhidao,/ZhouDinner/middle/48.cha,father,FAT: 让每个人都知道孩名是很不乖的.,2 CP,,3 third/NP,2 CP,,3 third/NP,0 declarative,0 declarative,0 declarative,0 declarative,NA,NA,NA,NA,0 no negation,0 no negation,NA
52,zhidao,/ZhouDinner/middle/49.cha,grandma,"GMO: 好,知道.",0 No,0 No,0 dropped,0 No,0 No,0 dropped,0 declarative,,0 declarative,,NA,NA,NA,NA,0 no negation,0 no negation,NA
54,zhidao,/ZhouDinner/middle/49.cha,mother,MOT: 不知道有没有到半个小时?,2 CP,,0 dropped,2 CP,,0 dropped,0 declarative,1 polar_question,0 declarative,1 polar_question,NA,NA,NA,NA,2 不,2 不,NA
55,zhidao,/ZhouDinner/middle/50.cha,mother,MOT: 你知道吧.,0 No,0 No,2 second_person,0 No,0 No,2 second_person,1 polar_question,,0 declarative,,NA,NA,NA,NA,0 no negation,0 no negation,NA
56,zhidao,/ZhouDinner/middle/50.cha,mother,MOT: 夹了知道的呀.,0 No,0 No,0 dropped,0 No,4 RC的,0 dropped,0 declarative,,0 declarative,,NA,NA,NA,NA,0 no negation,0 no negation,NA
57,zhidao,/ZhouDinner/middle/50.cha,mother,"MOT: 吃了,通大便也很好的,知道不啦?",0 No,0 No,0 dropped,0 No,0 No,0 dropped,4 tag_question,0 declarative,4 tag_question,0 declarative,NA,NA,NA,NA,0 no negation,0 no negation,NA
59,zhidao,/ZhouDinner/middle/51.cha,father,"FAT: 等下去,就知道了啊!",0 No,0 No,0 dropped,0 No,0 No,0 dropped,0 declarative,,0 declarative,,NA,NA,NA,NA,0 no negation,0 no negation,NA
63,zhidao,/ZhouDinner/middle/56.cha,mother,"MOT: 一会叫奶奶陪你,知道没有?",0 No,0 No,0 dropped,0 No,0 No,0 dropped,4 tag_question,0 declarative,4 tag_question,0 declarative,NA,NA,NA,NA,0 no negation,0 no negation,NA
64,zhidao,/ZhouDinner/middle/56.cha,mother,MOT: 就我们两个知道啊!,0 No,0 No,1 first_person,0 No,0 No,1 first_person,0 declarative,,0 declarative,,NA,NA,NA,NA,0 no negation,0 no negation,NA
65,zhidao,/ZhouDinner/middle/56.cha,mother,MOT: 它也知道啊?,0 No,0 No,3 third/NP,0 No,0 No,3 third/NP,1 polar_question,,0 declarative,,NA,NA,NA,NA,0 no negation,0 no negation,NA
66,zhidao,/ZhouDinner/middle/56.cha,mother,MOT: 它不知道啦.,0 No,0 No,3 third/NP,0 No,0 No,3 third/NP,0 declarative,,0 declarative,,NA,NA,NA,NA,2 不,2 不,NA
68,zhidao,/ZhouDinner/middle/56.cha,mother,MOT: 我不知道啊.,0 No,0 No,1 first_person,0 No,0 No,1 first_person,0 declarative,,0 declarative,,NA,NA,NA,NA,2 不,2 不,NA
69,zhidao,/ZhouDinner/middle/56.cha,mother,"MOT: 交到哪里,我也不知道啊!",0 No,0 No,1 first_person,0 No,0 No,1 first_person,0 declarative,,0 declarative,2 wh_question,NA,NA,NA,NA,2 不,2 不,NA
72,zhidao,/ZhouDinner/middle/57.cha,mother,"MOT: 哦在家里妈妈喂,老师不知道的啊.",0 No,0 No,3 third/NP,0 No,4 RC的,3 third/NP,0 declarative,0 declarative,0 declarative,,NA,NA,NA,NA,2 不,2 不,NA
73,zhidao,/ZhouDinner/middle/57.cha,mother,"MOT: 好了,班级里的同学都知道了,对不对?",0 No,0 No,3 third/NP,0 No,0 No,3 third/NP,4 tag_question,0 declarative,4 tag_question,0 declarative,NA,NA,NA,NA,0 no negation,0 no negation,NA
74,zhidao,/ZhouDinner/middle/57.cha,mother,"MOT: 知道了,以后不送了.",0 No,0 No,0 dropped,0 No,0 No,0 dropped,0 declarative,,0 declarative,,NA,NA,NA,NA,0 no negation,0 no negation,NA
75,zhidao,/ZhouDinner/middle/57.cha,mother,MOT: 哦<知道了>[/]知道了.,0 No,0 No,0 dropped,0 No,0 No,0 dropped,0 declarative,,0 declarative,,NA,NA,NA,NA,0 no negation,0 no negation,NA
75_b,zhidao,/ZhouDinner/middle/57.cha,mother,MOT: 哦<知道了>[/]知道了.,0 No,0 No,0 dropped,0 No,0 No,0 dropped,0 declarative,,0 declarative,,NA,NA,NA,NA,0 no negation,0 no negation,NA
76,zhidao,/ZhouDinner/middle/57.cha,mother,MOT: 哦我<知道了>[//]以后知道了.,0 No,0 No,1 first_person,0 No,0 No,1 first_person,0 declarative,,0 declarative,,NA,NA,NA,NA,0 no negation,0 no negation,NA
76_b,zhidao,/ZhouDinner/middle/57.cha,mother,MOT: 哦我<知道了>[//]以后知道了.,0 No,0 No,0 dropped,0 No,0 No,0 dropped,0 declarative,,0 declarative,,NA,NA,NA,NA,0 no negation,0 no negation,NA
77,zhidao,/ZhouDinner/middle/57.cha,mother,MOT: 我不知道按哪个.,2 CP,,1 first_person,2 CP,,1 first_person,0 declarative,2 wh_question,0 declarative,2 wh_question,NA,NA,NA,NA,2 不,2 不,NA
78,zhidao,/ZhouDinner/middle/58.cha,mother,"MOT: 刚刚爸爸给我打电话了,你知道伐?",0 No,0 No,2 second_person,0 No,0 No,2 second_person,4 tag_question,0 declarative,4 tag_question,0 declarative,NA,NA,NA,NA,0 no negation,0 no negation,NA
79,zhidao,/ZhouDinner/middle/58.cha,mother,"MOT: 知道的,是伐?",0 No,0 No,0 dropped,0 No,4 RC的,0 dropped,4 tag_question,0 declarative,4 tag_question,0 declarative,NA,NA,NA,NA,0 no negation,0 no negation,NA
80,zhidao,/ZhouDinner/middle/58.cha,mother,"MOT: 孩名啊,其实关灯应该是你自己关的,知道伐?",0 No,0 No,0 dropped,0 No,0 No,0 dropped,4 tag_question,0 declarative,4 tag_question,0 declarative,NA,NA,NA,NA,0 no negation,0 no negation,NA
81,zhidao,/ZhouDinner/middle/58.cha,mother,"MOT: 到了晚一点,奶奶会来找你的,知道伐?",0 No,0 No,0 dropped,0 No,0 No,0 dropped,4 tag_question,0 declarative,4 tag_question,0 declarative,NA,NA,NA,NA,0 no negation,0 no negation,NA
82,zhidao,/ZhouDinner/middle/58.cha,mother,"MOT: 等一会奶奶会来找你的,知道伐?",0 No,0 No,0 dropped,0 No,0 No,0 dropped,4 tag_question,0 declarative,4 tag_question,0 declarative,NA,NA,NA,NA,0 no negation,0 no negation,NA
83,zhidao,/ZhouDinner/middle/58.cha,mother,"MOT: 一个人睡一会又不要紧的,知道伐?",0 No,0 No,0 dropped,0 No,0 No,0 dropped,4 tag_question,0 declarative,4 tag_question,0 declarative,NA,NA,NA,NA,0 no negation,0 no negation,NA
84,zhidao,/ZhouDinner/middle/58.cha,mother,MOT: 你知道伐?,0 No,0 No,2 second_person,0 No,0 No,2 second_person,1 polar_question,,1 polar_question,,NA,NA,NA,NA,0 no negation,0 no negation,NA
85,zhidao,/ZhouDinner/middle/58.cha,mother,MOT: 知道伐?,0 No,0 No,0 dropped,0 No,0 No,0 dropped,1 polar_question,,1 polar_question,,NA,NA,NA,NA,0 no negation,0 no negation,NA
86,zhidao,/ZhouDinner/middle/58.cha,mother,"MOT: 因为你热的时候,不知道脱衣服.",2 CP,,0 dropped,2 CP,,0 dropped,0 declarative,0 declarative,0 declarative,0 declarative,NA,NA,NA,NA,2 不,2 不,NA
87,zhidao,/ZhouDinner/middle/58.cha,mother,MOT: 冷的时候不知道穿衣服.,2 CP,,0 dropped,2 CP,,0 dropped,0 declarative,0 declarative,0 declarative,0 declarative,NA,NA,NA,NA,2 不,2 不,NA
88,zhidao,/ZhouDinner/middle/58.cha,mother,"MOT: 所以你咳嗽了,知道伐?",0 No,0 No,0 dropped,0 No,0 No,0 dropped,4 tag_question,0 declarative,4 tag_question,0 declarative,NA,NA,NA,NA,0 no negation,0 no negation,NA
89,zhidao,/ZhouDinner/middle/58.cha,mother,MOT: 你知道伐?,0 No,0 No,2 second_person,0 No,0 No,2 second_person,1 polar_question,,1 polar_question,,NA,NA,NA,NA,0 no negation,0 no negation,NA
90,zhidao,/ZhouDinner/middle/58.cha,mother,MOT: 我也不知道.,0 No,0 No,1 first_person,0 No,0 No,1 first_person,0 declarative,,0 declarative,,NA,NA,NA,NA,2 不,2 不,NA
91,zhidao,/ZhouDinner/middle/58.cha,grandma,GMO: 不知道呀.,0 No,0 No,0 dropped,0 No,0 No,0 dropped,0 declarative,,0 declarative,,NA,NA,NA,NA,2 不,2 不,NA
92,zhidao,/ZhouDinner/middle/58.cha,mother,"MOT: 不知道啊,我还准备送你圣诞礼物了.",0 No,0 No,0 dropped,0 No,0 No,0 dropped,0 declarative,,0 declarative,,NA,NA,NA,NA,2 不,2 不,NA
93,zhidao,/ZhouDinner/middle/58.cha,mother,"MOT: 不知道,我就不送你了哦!",0 No,0 No,0 dropped,0 No,0 No,0 dropped,0 declarative,,0 declarative,,NA,NA,NA,NA,2 不,2 不,NA
95,zhidao,/ZhouDinner/middle/59.cha,GFA,GFA: 知道的.,0 No,0 No,0 dropped,0 No,4 RC的,0 dropped,0 declarative,,0 declarative,,NA,NA,NA,NA,0 no negation,0 no negation,NA
96,zhidao,/ZhouDinner/middle/59.cha,GFA,"GFA: 知道的,等会儿帮你.",0 No,0 No,0 dropped,0 No,4 RC的,0 dropped,0 declarative,0 declarative,0 declarative,,NA,NA,NA,NA,0 no negation,0 no negation,NA
97,zhidao,/ZhouDinner/middle/63.cha,GFA,GFA: 不知道.,0 No,0 No,0 dropped,0 No,0 No,0 dropped,0 declarative,,0 declarative,,NA,NA,NA,NA,2 不,2 不,NA
98,zhidao,/ZhouDinner/middle/63.cha,GFA,GFA: 知道你怕冷.,2 CP,,0 dropped,2 CP,,0 dropped,0 declarative,0 declarative,0 declarative,0 declarative,NA,NA,NA,NA,0 no negation,0 no negation,NA
99,zhidao,/ZhouDinner/middle/63.cha,GFA,GFA: 我也不知道.,0 No,0 No,1 first_person,0 No,0 No,1 first_person,0 declarative,,0 declarative,,NA,NA,NA,NA,2 不,2 不,NA
100,zhidao,/ZhouDinner/middle/63.cha,father,"FAT: 不知道,要交钱的吧.",0 No,0 No,0 dropped,0 No,0 No,0 dropped,0 declarative,,0 declarative,,NA,NA,NA,NA,2 不,2 不,NA
101,zhidao,/ZhouDinner/middle/66.cha,mother,"MOT: 鱼多吃了有营养,聪明,知道吧?",0 No,0 No,0 dropped,0 No,0 No,0 dropped,4 tag_question,0 declarative,4 tag_question,0 declarative,NA,NA,NA,NA,0 no negation,0 no negation,NA
102,zhidao,/ZhouDinner/middle/66.cha,mother,MOT: 知道吧?,0 No,0 No,0 dropped,0 No,0 No,0 dropped,1 polar_question,,1 polar_question,,NA,NA,NA,NA,0 no negation,0 no negation,NA
103,zhidao,/ZhouDinner/middle/66.cha,mother,MOT: 我不知道啊!,0 No,0 No,1 first_person,0 No,0 No,1 first_person,0 declarative,,0 declarative,,NA,NA,NA,NA,2 不,2 不,NA
104,zhidao,/ZhouDinner/middle/66.cha,mother,MOT: 我不知道.,0 No,0 No,1 first_person,0 No,0 No,1 first_person,0 declarative,,0 declarative,,NA,NA,NA,NA,2 不,2 不,NA
106,zhidao,/ZhouDinner/middle/66.cha,mother,"MOT: 不要滴滴答答@o,知道吧?",0 No,0 No,0 dropped,0 No,0 No,0 dropped,4 tag_question,0 declarative,4 tag_question,0 declarative,NA,NA,NA,NA,0 no negation,0 no negation,NA
107,zhidao,/ZhouDinner/middle/66.cha,mother,"MOT: 那么它就不会掉你的身上,知道吧?",0 No,0 No,0 dropped,0 No,0 No,0 dropped,4 tag_question,0 declarative,4 tag_question,0 declarative,NA,NA,NA,NA,0 no negation,0 no negation,NA
108,zhidao,/ZhouDinner/middle/66.cha,mother,MOT: 我不知道你吃了几口了.,2 CP,,1 first_person,2 CP,,1 first_person,0 declarative,2 wh_question,0 declarative,2 wh_question,NA,NA,NA,NA,2 不,2 不,NA
110,zhidao,/ZhouDinner/middle/66.cha,mother,"MOT: 你这样子都把你的印象弄掉了,知道吗?",0 No,0 No,0 dropped,0 No,0 No,0 dropped,4 tag_question,0 declarative,4 tag_question,0 declarative,NA,NA,NA,NA,0 no negation,0 no negation,NA
111,zhidao,/ZhouDinner/middle/66.cha,mother,"MOT: 你知道你在吃饭的时候,这样子人家小朋友看到了.",2 CP,,2 second_person,2 CP,,2 second_person,0 declarative,0 declarative,0 declarative,0 declarative,NA,NA,NA,NA,0 no negation,0 no negation,NA
113,zhidao,/ZhouDinner/middle/72.cha,father,"FAT: 宝宝,饭饭不烫了,就快点吃的,知道吗?",0 No,0 No,0 dropped,0 No,0 No,0 dropped,4 tag_question,0 declarative,4 tag_question,0 declarative,NA,NA,NA,NA,0 no negation,0 no negation,NA
114,zhidao,/ZhouDinner/middle/72.cha,father,FAT: 知道不?,0 No,0 No,0 dropped,0 No,0 No,0 dropped,1 polar_question,,1 polar_question,,NA,NA,NA,NA,0 no negation,0 no negation,NA
115,zhidao,/ZhouDinner/middle/72.cha,father,"FAT: 要快,知道吗?",0 No,0 No,0 dropped,0 No,0 No,0 dropped,4 tag_question,0 declarative,4 tag_question,0 declarative,NA,NA,NA,NA,0 no negation,0 no negation,NA
116,zhidao,/ZhouDinner/middle/72.cha,father,FAT: 知道了吗?,0 No,0 No,0 dropped,0 No,0 No,0 dropped,1 polar_question,,1 polar_question,,NA,NA,NA,NA,0 no negation,0 no negation,NA
117,zhidao,/ZhouDinner/middle/72.cha,father,"FAT: 脚脚要冷的,知道吗!",0 No,0 No,0 dropped,0 No,0 No,0 dropped,4 tag_question,0 declarative,4 tag_question,0 declarative,NA,NA,NA,NA,0 no negation,0 no negation,NA
118,zhidao,/ZhouDinner/middle/73.cha,father,"FAT: 你们李老师要录像,不是拍照,知道吧?",0 No,0 No,0 dropped,0 No,0 No,0 dropped,4 tag_question,0 declarative,4 tag_question,0 declarative,NA,NA,NA,NA,0 no negation,0 no negation,NA
119,zhidao,/ZhouDinner/middle/73.cha,father,FAT: 我知道.,0 No,0 No,1 first_person,0 No,0 No,1 first_person,0 declarative,,0 declarative,,NA,NA,NA,NA,0 no negation,0 no negation,NA
120,zhidao,/ZhouDinner/upper/01.cha,mother,MOT: 不知道柚子茶好不好吃.,2 CP,,0 dropped,2 CP,,0 dropped,0 declarative,0 declarative,0 declarative,1 polar_question,NA,NA,NA,NA,2 不,2 不,NA
121,zhidao,/ZhouDinner/upper/01.cha,mother,"MOT: 好,我知道了.",0 No,0 No,1 first_person,0 No,0 No,1 first_person,0 declarative,,0 declarative,,NA,NA,NA,NA,0 no negation,0 no negation,NA
122,zhidao,/ZhouDinner/upper/01.cha,mother,MOT: 你知道为什么吗?,2 CP,,2 second_person,2 CP,,2 second_person,1 polar_question,2 wh_question,1 polar_question,2 wh_question,NA,NA,NA,NA,0 no negation,0 no negation,NA
123,zhidao,/ZhouDinner/upper/01.cha,mother,MOT: 知道了!,0 No,0 No,0 dropped,0 No,0 No,0 dropped,0 declarative,,0 declarative,,NA,NA,NA,NA,0 no negation,0 no negation,NA
124,zhidao,/ZhouDinner/upper/02.cha,mother,"MOT: 好,我知道.",0 No,0 No,1 first_person,0 No,0 No,1 first_person,0 declarative,,0 declarative,,NA,NA,NA,NA,0 no negation,0 no negation,NA
125,zhidao,/ZhouDinner/upper/02.cha,mother,"MOT: 晚上,你知道吗?",0 No,0 No,2 second_person,0 No,0 No,2 second_person,1 polar_question,,1 polar_question,,NA,NA,NA,NA,0 no negation,0 no negation,NA
127,zhidao,/ZhouDinner/upper/02.cha,mother,MOT: 不知道啊!,0 No,0 No,0 dropped,0 No,0 No,0 dropped,0 declarative,,0 declarative,,NA,NA,NA,NA,2 不,2 不,NA
128,zhidao,/ZhouDinner/upper/02.cha,mother,MOT: 我知道了.,0 No,0 No,1 first_person,0 No,0 No,1 first_person,0 declarative,,0 declarative,,NA,NA,NA,NA,0 no negation,0 no negation,NA
129,zhidao,/ZhouDinner/upper/03.cha,mother,"MOT: 好,我知道了.",0 No,0 No,1 first_person,0 No,0 No,1 first_person,0 declarative,,0 declarative,,NA,NA,NA,NA,0 no negation,0 no negation,NA
130,zhidao,/ZhouDinner/upper/03.cha,grandma,GMO: 我知道.,0 No,0 No,1 first_person,0 No,0 No,1 first_person,0 declarative,,0 declarative,,NA,NA,NA,NA,0 no negation,0 no negation,NA
131,zhidao,/ZhouDinner/upper/03.cha,grandma,GMO: 你知道吗?,0 No,0 No,2 second_person,0 No,0 No,2 second_person,1 polar_question,,1 polar_question,,NA,NA,NA,NA,0 no negation,0 no negation,NA
132,zhidao,/ZhouDinner/upper/04.cha,mother,MOT: 我知道了.,0 No,0 No,1 first_person,0 No,0 No,1 first_person,0 declarative,,0 declarative,,NA,NA,NA,NA,0 no negation,0 no negation,NA
133,zhidao,/ZhouDinner/upper/04.cha,mother,MOT: 接下去老师都知道你在家里吃饭什么样子的啦.,2 CP,,3 third/NP,2 CP,,3 third/NP,0 declarative,2 wh_question,0 declarative,2 wh_question,NA,NA,NA,NA,0 no negation,0 no negation,NA
135,zhidao,/ZhouDinner/upper/07.cha,father,FAT: 知道为什么我们吃馒头吗?,2 CP,,0 dropped,2 CP,,0 dropped,1 polar_question,2 wh_question,1 polar_question,2 wh_question,NA,NA,NA,NA,0 no negation,0 no negation,NA
136,zhidao,/ZhouDinner/upper/07.cha,father,"FAT: 我们是北方人,知道吗?",0 No,0 No,0 dropped,0 No,0 No,0 dropped,4 tag_question,0 declarative,4 tag_question,0 declarative,NA,NA,NA,NA,0 no negation,0 no negation,NA
138,zhidao,/ZhouDinner/upper/08.cha,father,"FAT: 蔬菜也要吃一点啊,知道吧?",0 No,0 No,0 dropped,0 No,0 No,0 dropped,4 tag_question,0 declarative,4 tag_question,0 declarative,NA,NA,NA,NA,0 no negation,0 no negation,NA
139,zhidao,/ZhouDinner/upper/08.cha,father,"FAT: 这样对身体不好,知道吧?",0 No,0 No,0 dropped,0 No,0 No,0 dropped,4 tag_question,0 declarative,4 tag_question,0 declarative,NA,NA,NA,NA,0 no negation,0 no negation,NA
141,zhidao,/ZhouDinner/upper/10.cha,father,FAT: 爸爸知道.,0 No,0 No,4 self_reference,0 No,0 No,4 self_reference,0 declarative,,0 declarative,,NA,NA,NA,NA,0 no negation,0 no negation,NA
142,zhidao,/ZhouDinner/upper/10.cha,mother,MOT: 知道吗?,0 No,0 No,0 dropped,0 No,0 No,0 dropped,1 polar_question,,1 polar_question,,NA,NA,NA,NA,0 no negation,0 no negation,NA
144,zhidao,/ZhouDinner/upper/11.cha,mother,"MOT: 中午在学校吃啥,你不知道?",0 No,0 No,2 second_person,0 No,0 No,2 second_person,4 tag_question,2 wh_question,4 tag_question,2 wh_question,NA,NA,NA,NA,2 不,2 不,NA
146,zhidao,/ZhouDinner/upper/17.cha,mother,MOT: 知道了没有?,0 No,0 No,0 dropped,0 No,0 No,0 dropped,1 polar_question,,1 polar_question,,NA,NA,NA,NA,0 no negation,0 no negation,NA
148,zhidao,/ZhouDinner/upper/18.cha,father,FAT: 知道吗?,0 No,0 No,0 dropped,0 No,0 No,0 dropped,1 polar_question,,1 polar_question,,NA,NA,NA,NA,0 no negation,0 no negation,NA
150,zhidao,/ZhouDinner/upper/18.cha,father,"FAT: 我们还有其他的事情可以做,知道吗?",0 No,0 No,0 dropped,0 No,0 No,0 dropped,4 tag_question,0 declarative,4 tag_question,0 declarative,NA,NA,NA,NA,0 no negation,0 no negation,NA
151,zhidao,/ZhouDinner/upper/19.cha,father,"FAT: 好,知道了.",0 No,0 No,0 dropped,0 No,0 No,0 dropped,0 declarative,,0 declarative,,NA,NA,NA,NA,0 no negation,0 no negation,NA
152,zhidao,/ZhouDinner/upper/21.cha,mother,"MOT: 嗯嗯,<知道了>[/]知道了.",0 No,0 No,0 dropped,0 No,0 No,0 dropped,0 declarative,,0 declarative,,NA,NA,NA,NA,0 no negation,0 no negation,NA
154,zhidao,/ZhouDinner/upper/25.cha,mother,MOT: 知道这个为什么这么好吃啊?,2 CP,,0 dropped,2 CP,,0 dropped,1 polar_question,2 wh_question,1 polar_question,2 wh_question,NA,NA,NA,NA,0 no negation,0 no negation,NA
156,zhidao,/ZhouDinner/upper/26.cha,sister,"SIS: 少一点搞,知道吗?",0 No,0 No,0 dropped,0 No,0 No,0 dropped,4 tag_question,0 declarative,4 tag_question,0 declarative,NA,NA,NA,NA,0 no negation,0 no negation,NA
157,zhidao,/ZhouDinner/upper/26.cha,father,FAT: <我知道>[/]我知道为什么昨天吃那么快.,2 CP,,1 first_person,2 CP,,1 first_person,0 declarative,2 wh_question,0 declarative,2 wh_question,NA,NA,NA,NA,0 no negation,0 no negation,NA
158,zhidao,/ZhouDinner/upper/26.cha,sister,SIS: 我不知道.,0 No,0 No,1 first_person,0 No,0 No,1 first_person,0 declarative,,0 declarative,,NA,NA,NA,NA,2 不,2 不,NA
159,zhidao,/ZhouDinner/upper/36.cha,GFA,GFA: 我也不知道多少钱.,2 CP,,1 first_person,2 CP,,1 first_person,0 declarative,2 wh_question,0 declarative,2 wh_question,NA,NA,NA,NA,2 不,2 不,NA
160,zhidao,/ZhouDinner/upper/37.cha,father,FAT: 大家就知道.,0 No,0 No,3 third/NP,0 No,0 No,3 third/NP,0 declarative,,0 declarative,,NA,NA,NA,NA,0 no negation,0 no negation,NA
162,zhidao,/ZhouDinner/upper/38.cha,mother,MOT: 你知道吗?,0 No,0 No,2 second_person,0 No,0 No,2 second_person,1 polar_question,,1 polar_question,,NA,NA,NA,NA,0 no negation,0 no negation,NA
163,zhidao,/ZhouDinner/upper/38.cha,mother,MOT: 不知道啊?,0 No,0 No,0 dropped,0 No,0 No,0 dropped,1 polar_question,,1 polar_question,,NA,NA,NA,NA,2 不,2 不,NA
165,zhidao,/ZhouDinner/upper/38.cha,grandma,"GMO: ""我知道的.",0 No,0 No,1 first_person,0 No,4 RC的,1 first_person,0 declarative,,0 declarative,,NA,NA,NA,NA,0 no negation,0 no negation,NA
167,zhidao,/ZhouDinner/upper/38.cha,mother,MOT: 不知道啊?,0 No,0 No,0 dropped,0 No,0 No,0 dropped,1 polar_question,,1 polar_question,,NA,NA,NA,NA,2 不,2 不,NA
169,zhidao,/ZhouDinner/upper/38.cha,grandma,"GMO: 早知道,昨天不给你烧了.",0 No,0 No,0 dropped,0 No,0 No,0 dropped,0 declarative,0 declarative,0 declarative,,NA,NA,NA,NA,0 no negation,0 no negation,NA
170,zhidao,/ZhouDinner/upper/38.cha,mother,MOT: 我知道的呀.,0 No,0 No,1 first_person,0 No,4 RC的,1 first_person,0 declarative,,0 declarative,,NA,NA,NA,NA,0 no negation,0 no negation,NA
171,zhidao,/ZhouDinner/upper/38.cha,grandma,GMO: 你知道吗?,0 No,0 No,2 second_person,0 No,0 No,2 second_person,1 polar_question,,1 polar_question,,NA,NA,NA,NA,0 no negation,0 no negation,NA
172,zhidao,/ZhouDinner/upper/44.cha,mother,"MOT: 这个,不知道咸不咸.",2 CP,,0 dropped,2 CP,,0 dropped,0 declarative,1 polar_question,0 declarative,1 polar_question,NA,NA,NA,NA,2 不,2 不,NA
173,zhidao,/ZhouDinner/upper/44.cha,mother,"MOT: 一大锅,人家不知道我们吃什么东西.",2 CP,,3 third/NP,2 CP,,3 third/NP,0 declarative,2 wh_question,0 declarative,2 wh_question,NA,NA,NA,NA,2 不,2 不,NA
174,zhidao,/ZhouDinner/upper/44.cha,father,FAT: 不知道呀.,0 No,0 No,0 dropped,0 No,0 No,0 dropped,0 declarative,,0 declarative,,NA,NA,NA,NA,2 不,2 不,NA
175,zhidao,/ZhouDinner/upper/44.cha,father,FAT: 我不知道呀!,0 No,0 No,1 first_person,0 No,0 No,1 first_person,0 declarative,,0 declarative,,NA,NA,NA,NA,2 不,2 不,NA
178,zhidao,/ZhouDinner/upper/45.cha,mother,MOT: 不知道.,0 No,0 No,0 dropped,0 No,0 No,0 dropped,0 declarative,,0 declarative,,NA,NA,NA,NA,2 不,2 不,NA
180,zhidao,/ZhouDinner/upper/46.cha,GFA,"GFA: 不文明的事情,人家看到要批评的,知道吧?",0 No,0 No,0 dropped,0 No,0 No,0 dropped,4 tag_question,0 declarative,4 tag_question,0 declarative,NA,NA,NA,NA,0 no negation,0 no negation,NA
182,zhidao,/ZhouDinner/upper/46.cha,mother,MOT: 为什么你知道是马年啊?,2 CP,,2 second_person,2 CP,,2 second_person,3 how/why,0 declarative,3 how/why,0 declarative,NA,NA,NA,NA,0 no negation,0 no negation,NA
183,zhidao,/ZhouDinner/upper/46.cha,mother,"MOT: 蛇后边就是马,知道吧?",0 No,0 No,0 dropped,0 No,0 No,0 dropped,4 tag_question,0 declarative,4 tag_question,0 declarative,NA,NA,NA,NA,0 no negation,0 no negation,NA
184,zhidao,/ZhouDinner/upper/53.cha,father,FAT: 我不知道啊.,0 No,0 No,1 first_person,0 No,0 No,1 first_person,0 declarative,,0 declarative,,NA,NA,NA,NA,2 不,2 不,NA
185,zhidao,/ZhouDinner/upper/54.cha,mother,"MOT: 这个是什么菜,知道吗?",0 No,0 No,0 dropped,0 No,0 No,0 dropped,4 tag_question,2 wh_question,4 tag_question,2 wh_question,NA,NA,NA,NA,0 no negation,0 no negation,NA
187,zhidao,/ZhouDinner/upper/55.cha,grandma,GMO: 我知道的呀!,0 No,0 No,1 first_person,0 No,4 RC的,1 first_person,0 declarative,,0 declarative,,NA,NA,NA,NA,0 no negation,0 no negation,NA
188,zhidao,/ZhouDinner/upper/60.cha,mother,"MOT: 知道了,要吐血了.",0 No,0 No,0 dropped,0 No,0 No,0 dropped,0 declarative,,0 declarative,,NA,NA,NA,NA,0 no negation,0 no negation,NA
189,zhidao,/ZhouDinner/upper/60.cha,father,FAT: 什么知道了?,0 No,0 No,0 dropped,0 No,0 No,0 dropped,2 wh_question,,2 wh_question,,NA,NA,NA,NA,0 no negation,0 no negation,NA
190,zhidao,/ZhouDinner/upper/60.cha,grandma,"GMO: 知道,你们买了四百个平方的别墅.",0 No,0 No,0 dropped,0 No,0 No,0 dropped,0 declarative,0 declarative,0 declarative,,NA,NA,NA,NA,0 no negation,0 no negation,NA
191,zhidao,/ZhouDinner/upper/60.cha,father,FAT: 他知道了啊?,0 No,0 No,3 third/NP,0 No,0 No,3 third/NP,1 polar_question,,1 polar_question,,NA,NA,NA,NA,0 no negation,0 no negation,NA
192,zhidao,/ZhouDinner/upper/60.cha,mother,MOT: 知道了.,0 No,0 No,0 dropped,0 No,0 No,0 dropped,0 declarative,,0 declarative,,NA,NA,NA,NA,0 no negation,0 no negation,NA
193,zhidao,/ZhouDinner/upper/61.cha,mother,"MOT: 蔬菜是用来干吗的,你知道吗?",0 No,0 No,2 second_person,0 No,0 No,2 second_person,4 tag_question,2 wh_question,4 tag_question,2 wh_question,NA,NA,NA,NA,0 no negation,0 no negation,NA
194,zhidao,/ZhouDinner/upper/61.cha,mother,MOT: 蔬菜是谁种出来的你知道吗?,0 No,0 No,2 second_person,0 No,0 No,2 second_person,4 tag_question,2 wh_question,4 tag_question,2 wh_question,NA,NA,NA,NA,0 no negation,0 no negation,NA
196,zhidao,/ZhouDinner/upper/62.cha,mother,"MOT: 没关系的,知道吧?",0 No,0 No,0 dropped,0 No,0 No,0 dropped,4 tag_question,0 declarative,4 tag_question,0 declarative,NA,NA,NA,NA,0 no negation,0 no negation,NA
197,zhidao,/ZhouDinner/upper/62.cha,mother,"MOT: 这就是半个小时,知道吧?",0 No,0 No,0 dropped,0 No,0 No,0 dropped,4 tag_question,0 declarative,4 tag_question,0 declarative,NA,NA,NA,NA,0 no negation,0 no negation,NA
199,zhidao,/ZhouDinner/upper/68.cha,mother,"MOT: 医生讲过这样吃饭对胃不好的,知道吗?",0 No,0 No,0 dropped,0 No,0 No,0 dropped,4 tag_question,0 declarative,4 tag_question,0 declarative,NA,NA,NA,NA,0 no negation,0 no negation,NA
200,zhidao,/ZhouDinner/upper/68.cha,mother,MOT: 知道吧?,0 No,0 No,0 dropped,0 No,0 No,0 dropped,1 polar_question,,1 polar_question,,NA,NA,NA,NA,0 no negation,0 no negation,NA
780,zhidao,/Zhou2/60/fa06.cha,mother,MOT: 哦妈妈还不知道呢!,0 No,0 No,4 self_reference,0 No,0 No,4 self_reference,0 declarative,,0 declarative,,NA,NA,NA,NA,2 不,2 不,NA
782,zhidao,/Zhou2/60/fa07.cha,mother,MOT: 这个不知道.,0 No,0 No,0 dropped,0 No,0 No,0 dropped,0 declarative,,0 declarative,,NA,NA,NA,NA,2 不,2 不,NA
783,zhidao,/Zhou2/60/fa07.cha,mother,MOT: 还知道啊?,0 No,0 No,0 dropped,0 No,0 No,0 dropped,1 polar_question,,1 polar_question,,NA,NA,NA,NA,0 no negation,0 no negation,NA
786,zhidao,/Zhou2/60/fa08.cha,mother,MOT: 不知道.,0 No,0 No,0 dropped,0 No,0 No,0 dropped,0 declarative,,0 declarative,,NA,NA,NA,NA,2 不,2 不,NA
787,zhidao,/Zhou2/60/fa08.cha,mother,MOT: 你知道什么声音在响呀?,2 CP,,2 second_person,2 CP,,2 second_person,1 polar_question,2 wh_question,1 polar_question,2 wh_question,NA,NA,NA,NA,0 no negation,0 no negation,NA
789,zhidao,/Zhou2/60/fa09.cha,mother,MOT: 我也想知道往哪放呢.,2 CP,,1 first_person,2 CP,,1 first_person,0 declarative,2 wh_question,0 declarative,2 wh_question,NA,NA,NA,NA,0 no negation,0 no negation,NA
794,zhidao,/Zhou2/60/fb17.cha,mother,MOT: 我知道他是铁甲小宝上面的变形人.,2 CP,,1 first_person,2 CP,,1 first_person,0 declarative,0 declarative,0 declarative,0 declarative,NA,NA,NA,NA,0 no negation,0 no negation,NA
795,zhidao,/Zhou2/60/fb17.cha,mother,MOT: 我知道了.,0 No,0 No,1 first_person,0 No,0 No,1 first_person,0 declarative,,0 declarative,,NA,NA,NA,NA,0 no negation,0 no negation,NA
796,zhidao,/Zhou2/60/fb17.cha,mother,MOT: 啊知道啊?,0 No,0 No,0 dropped,0 No,0 No,0 dropped,1 polar_question,,1 polar_question,,NA,NA,NA,NA,0 no negation,0 no negation,NA
797,zhidao,/Zhou2/60/fb18.cha,mother,MOT: 不知道你还能拼起来呀?,2 CP,,0 dropped,2 CP,,0 dropped,0 declarative,0 declarative,0 declarative,0 declarative,NA,NA,NA,NA,2 不,2 不,NA
798,zhidao,/Zhou2/60/fb18.cha,mother,MOT: 我也不知道呀.,0 No,0 No,1 first_person,0 No,0 No,1 first_person,0 declarative,,0 declarative,,NA,NA,NA,NA,2 不,2 不,NA
799,zhidao,/Zhou2/60/fb18.cha,mother,MOT: 打开看一下就知道了.,0 No,0 No,0 dropped,0 No,0 No,0 dropped,0 declarative,,0 declarative,,NA,NA,NA,NA,0 no negation,0 no negation,NA
800,zhidao,/Zhou2/60/fb18.cha,mother,MOT: 知道吗?,0 No,0 No,0 dropped,0 No,0 No,0 dropped,1 polar_question,,1 polar_question,,NA,NA,NA,NA,0 no negation,0 no negation,NA
801,zhidao,/Zhou2/60/fb18.cha,mother,MOT: 不知道.,0 No,0 No,0 dropped,0 No,0 No,0 dropped,0 declarative,,0 declarative,,NA,NA,NA,NA,2 不,2 不,NA
802,zhidao,/Zhou2/60/fb18.cha,mother,MOT: 我不知道呀!,0 No,0 No,1 first_person,0 No,0 No,1 first_person,0 declarative,,0 declarative,,NA,NA,NA,NA,2 不,2 不,NA
806,zhidao,/Zhou2/60/fb20.cha,mother,MOT: 不知道?,0 No,0 No,0 dropped,0 No,0 No,0 dropped,1 polar_question,,1 polar_question,,NA,NA,NA,NA,2 不,2 不,NA
809,zhidao,/Zhou2/60/ma01.cha,mother,MOT: 不知道啊?,0 No,0 No,0 dropped,0 No,0 No,0 dropped,1 polar_question,,1 polar_question,,NA,NA,NA,NA,2 不,2 不,NA
810,zhidao,/Zhou2/60/ma02.cha,mother,MOT: 我就知道.,0 No,0 No,1 first_person,0 No,0 No,1 first_person,0 declarative,,0 declarative,,NA,NA,NA,NA,0 no negation,0 no negation,NA
811,zhidao,/Zhou2/60/ma02.cha,mother,MOT: 我就不知道了.,0 No,0 No,1 first_person,0 No,0 No,1 first_person,0 declarative,,0 declarative,,NA,NA,NA,NA,2 不,2 不,NA
813,zhidao,/Zhou2/60/ma03.cha,mother,MOT: 知道了.,0 No,0 No,0 dropped,0 No,0 No,0 dropped,0 declarative,,0 declarative,,NA,NA,NA,NA,0 no negation,0 no negation,NA
814,zhidao,/Zhou2/60/ma03.cha,mother,MOT: 哦知道了.,0 No,0 No,0 dropped,0 No,0 No,0 dropped,0 declarative,,0 declarative,,NA,NA,NA,NA,0 no negation,0 no negation,NA
816,zhidao,/Zhou2/60/ma03.cha,mother,MOT: 知道为什么?,2 CP,,0 dropped,2 CP,,0 dropped,1 polar_question,2 wh_question,1 polar_question,2 wh_question,NA,NA,NA,NA,0 no negation,0 no negation,NA
818,zhidao,/Zhou2/60/ma04.cha,mother,MOT: 你还知道?,0 No,0 No,2 second_person,0 No,0 No,2 second_person,1 polar_question,,1 polar_question,,NA,NA,NA,NA,0 no negation,0 no negation,NA
819,zhidao,/Zhou2/60/ma04.cha,mother,MOT: 你知道它叫什么名字啊?,2 CP,,2 second_person,2 CP,,2 second_person,1 polar_question,2 wh_question,1 polar_question,2 wh_question,NA,NA,NA,NA,0 no negation,0 no negation,NA
821,zhidao,/Zhou2/60/ma04.cha,mother,MOT: 啊知道?,0 No,0 No,0 dropped,0 No,0 No,0 dropped,1 polar_question,,1 polar_question,,NA,NA,NA,NA,0 no negation,0 no negation,NA
822,zhidao,/Zhou2/60/ma04.cha,mother,MOT: 啊知道?,0 No,0 No,0 dropped,0 No,0 No,0 dropped,1 polar_question,,1 polar_question,,NA,NA,NA,NA,0 no negation,0 no negation,NA
823,zhidao,/Zhou2/60/ma04.cha,mother,MOT: 知道啊?,0 No,0 No,0 dropped,0 No,0 No,0 dropped,1 polar_question,,1 polar_question,,NA,NA,NA,NA,0 no negation,0 no negation,NA
826,zhidao,/Zhou2/60/ma05.cha,mother,MOT: 它们不知道小星星需要什么对吧?,2 CP,,3 third/NP,2 CP,,3 third/NP,4 tag_question,2 wh_question,4 tag_question,2 wh_question,NA,NA,NA,NA,2 不,2 不,NA
829,zhidao,/Zhou2/60/ma05.cha,mother,MOT: 不知道什么机器人啊?,2 CP,,0 dropped,2 CP,,0 dropped,1 polar_question,2 wh_question,1 polar_question,2 wh_question,NA,NA,NA,NA,2 不,2 不,NA
832,zhidao,/Zhou2/60/mb13.cha,mother,"MOT: 知道你就响一点,好吗?",2 CP,,0 dropped,2 CP,,0 dropped,4 tag_question,0 declarative,4 tag_question,0 declarative,NA,NA,NA,NA,0 no negation,0 no negation,NA
833,zhidao,/Zhou2/60/mb13.cha,mother,MOT: 知道了吗?,0 No,0 No,0 dropped,0 No,0 No,0 dropped,1 polar_question,,1 polar_question,,NA,NA,NA,NA,0 no negation,0 no negation,NA
834,zhidao,/Zhou2/60/mb13.cha,mother,MOT: 我知道了.,0 No,0 No,1 first_person,0 No,0 No,1 first_person,0 declarative,,0 declarative,,NA,NA,NA,NA,0 no negation,0 no negation,NA
839,zhidao,/Zhou2/42/fa06.cha,mother,MOT: 他们不知道啊.,0 No,0 No,3 third/NP,0 No,0 No,3 third/NP,0 declarative,,0 declarative,,NA,NA,NA,NA,2 不,2 不,NA
840,zhidao,/Zhou2/42/fa07.cha,mother,MOT: 你知道怎么玩啊?,2 CP,,2 second_person,2 CP,,2 second_person,1 polar_question,2 wh_question,1 polar_question,2 wh_question,NA,NA,NA,NA,0 no negation,0 no negation,NA
841,zhidao,/Zhou2/42/fa07.cha,mother,MOT: 你不知道颜色.,0 No,2 NP,2 second_person,0 No,2 NP,2 second_person,0 declarative,,0 declarative,,NA,NA,NA,NA,2 不,2 不,NA
842,zhidao,/Zhou2/42/fa07.cha,mother,MOT: 不知道是不是在这里.,2 CP,,0 dropped,2 CP,,0 dropped,0 declarative,1 polar_question,0 declarative,1 polar_question,NA,NA,NA,NA,2 不,2 不,NA
843,zhidao,/Zhou2/42/fa07.cha,mother,MOT: 噢你知道这叫老鼠.,2 CP,,2 second_person,2 CP,,2 second_person,0 declarative,0 declarative,0 declarative,0 declarative,NA,NA,NA,NA,0 no negation,0 no negation,NA
845,zhidao,/Zhou2/42/fa09.cha,mother,MOT: 你还知道这是什么?,2 CP,,2 second_person,2 CP,,2 second_person,1 polar_question,2 wh_question,1 polar_question,2 wh_question,NA,NA,NA,NA,0 no negation,0 no negation,NA
846,zhidao,/Zhou2/42/fa10.cha,mother,MOT: 你知道吗?,0 No,0 No,2 second_person,0 No,0 No,2 second_person,1 polar_question,,1 polar_question,,NA,NA,NA,NA,0 no negation,0 no negation,NA
847,zhidao,/Zhou2/42/fb17.cha,mother,MOT: 知道了?,0 No,0 No,0 dropped,0 No,0 No,0 dropped,1 polar_question,,1 polar_question,,NA,NA,NA,NA,0 no negation,0 no negation,NA
851,zhidao,/Zhou2/42/fb18.cha,mother,MOT: 嗯不知道.,0 No,0 No,0 dropped,0 No,0 No,0 dropped,0 declarative,,0 declarative,,NA,NA,NA,NA,2 不,2 不,NA
853,zhidao,/Zhou2/42/fb20.cha,mother,MOT: 你知道这是什么吗?,2 CP,,2 second_person,2 CP,,2 second_person,1 polar_question,2 wh_question,1 polar_question,2 wh_question,NA,NA,NA,NA,0 no negation,0 no negation,NA
855,zhidao,/Zhou2/42/fb20.cha,mother,MOT: 我不知道.,0 No,0 No,1 first_person,0 No,0 No,1 first_person,0 declarative,,0 declarative,,NA,NA,NA,NA,2 不,2 不,NA
858,zhidao,/Zhou2/42/ma03.cha,mother,MOT: 不知道叫什么人来修?,2 CP,,0 dropped,2 CP,,0 dropped,1 polar_question,2 wh_question,1 polar_question,2 wh_question,NA,NA,NA,NA,2 不,2 不,NA
859,zhidao,/Zhou2/42/ma03.cha,mother,MOT: 你知道啊?,0 No,0 No,2 second_person,0 No,0 No,2 second_person,1 polar_question,,1 polar_question,,NA,NA,NA,NA,0 no negation,0 no negation,NA
861,zhidao,/Zhou2/42/ma04.cha,mother,MOT: 孩名知道了吧?,0 No,0 No,3 third/NP,0 No,0 No,0 dropped,1 polar_question,,1 polar_question,,NA,NA,NA,NA,0 no negation,0 no negation,NA
862,zhidao,/Zhou2/42/ma04.cha,mother,MOT: 你怎么知道这是后面的?,2 CP,,0 dropped,2 CP,,2 second_person,3 how/why,0 declarative,3 how/why,0 declarative,NA,NA,NA,NA,0 no negation,0 no negation,NA
868,zhidao,/Zhou2/42/ma05.cha,mother,MOT: 这个不知道.,0 No,0 No,0 dropped,0 No,0 No,0 dropped,0 declarative,,0 declarative,,NA,NA,NA,NA,2 不,2 不,NA
869,zhidao,/Zhou2/42/ma05.cha,mother,MOT: 你知道吗?,0 No,0 No,2 second_person,0 No,0 No,2 second_person,1 polar_question,,1 polar_question,,NA,NA,NA,NA,0 no negation,0 no negation,NA
873,zhidao,/Zhou2/42/mb11.cha,mother,MOT: 还知道啊?,0 No,0 No,0 dropped,0 No,0 No,0 dropped,1 polar_question,,1 polar_question,,NA,NA,NA,NA,0 no negation,0 no negation,NA
874,zhidao,/Zhou2/42/mb11.cha,mother,MOT: 还知道?,0 No,0 No,0 dropped,0 No,0 No,0 dropped,1 polar_question,,1 polar_question,,NA,NA,NA,NA,0 no negation,0 no negation,NA
876,zhidao,/Zhou2/42/mb12.cha,mother,MOT: 我知道你要玩什么.,2 CP,,1 first_person,2 CP,,1 first_person,0 declarative,2 wh_question,0 declarative,2 wh_question,NA,NA,NA,NA,0 no negation,0 no negation,NA
879,zhidao,/Zhou2/42/mb14.cha,mother,MOT: 不知道啊?,0 No,0 No,0 dropped,0 No,0 No,0 dropped,1 polar_question,,1 polar_question,,NA,NA,NA,NA,2 不,2 不,NA
881,zhidao,/Zhou2/42/mb14.cha,mother,MOT: 不知道啊?,0 No,0 No,0 dropped,0 No,0 No,0 dropped,1 polar_question,,1 polar_question,,NA,NA,NA,NA,2 不,2 不,NA
883,zhidao,/Zhou2/42/mb14.cha,mother,MOT: 不知道啊?,0 No,0 No,0 dropped,0 No,0 No,0 dropped,1 polar_question,,1 polar_question,,NA,NA,NA,NA,2 不,2 不,NA
884,zhidao,/Zhou2/42/mb14.cha,mother,MOT: 在家里不是知道的吗?,0 No,0 No,0 dropped,0 No,4 RC的,0 dropped,1 polar_question,,1 polar_question,,NA,NA,NA,NA,5 不是,5 不是,NA
888,zhidao,/Zhou2/42/mb15.cha,mother,MOT: 不知道啊?,0 No,0 No,0 dropped,0 No,0 No,0 dropped,1 polar_question,,1 polar_question,,NA,NA,NA,NA,2 不,2 不,NA
892,zhidao,/Zhou2/72/fa07.cha,mother,MOT: 就是这个形状知道吗?,0 No,0 No,0 dropped,0 No,0 No,0 dropped,4 tag_question,0 declarative,4 tag_question,0 declarative,NA,NA,NA,NA,0 no negation,0 no negation,NA
893,zhidao,/Zhou2/72/fa07.cha,mother,MOT: 这书的名字叫什么你知道吗?,0 No,0 No,2 second_person,0 No,0 No,2 second_person,4 tag_question,2 wh_question,4 tag_question,2 wh_question,NA,NA,NA,NA,0 no negation,0 no negation,NA
894,zhidao,/Zhou2/72/fa07.cha,mother,MOT: 有了这个门字就是问你还知道?,0 No,0 No,2 second_person,0 No,0 No,2 second_person,4 tag_question,0 declarative,0 declarative,,NA,NA,NA,NA,0 no negation,0 no negation,NA
895,zhidao,/Zhou2/72/fa08.cha,mother,MOT: 你这个肯定知道.,0 No,0 No,2 second_person,0 No,0 No,2 second_person,0 declarative,,0 declarative,,NA,NA,NA,NA,0 no negation,0 no negation,NA
896,zhidao,/Zhou2/72/fa08.cha,mother,MOT: 知道吧?,0 No,0 No,0 dropped,0 No,0 No,0 dropped,1 polar_question,,1 polar_question,,NA,NA,NA,NA,0 no negation,0 no negation,NA
897,zhidao,/Zhou2/72/fa08.cha,mother,MOT: 知道吗?,0 No,0 No,0 dropped,0 No,0 No,0 dropped,1 polar_question,,1 polar_question,,NA,NA,NA,NA,0 no negation,0 no negation,NA
898,zhidao,/Zhou2/72/fa08.cha,mother,MOT: 还知道啊?,0 No,0 No,0 dropped,0 No,0 No,0 dropped,1 polar_question,,1 polar_question,,NA,NA,NA,NA,0 no negation,0 no negation,NA
899,zhidao,/Zhou2/72/fa08.cha,mother,MOT: 知道啊?,0 No,0 No,0 dropped,0 No,0 No,0 dropped,1 polar_question,,1 polar_question,,NA,NA,NA,NA,0 no negation,0 no negation,NA
900,zhidao,/Zhou2/72/fa08.cha,mother,MOT: 你知道不足在哪里?,2 CP,,2 second_person,2 CP,,2 second_person,1 polar_question,2 wh_question,1 polar_question,2 wh_question,NA,NA,NA,NA,0 no negation,0 no negation,NA
902,zhidao,/Zhou2/72/fa08.cha,mother,MOT: 你知道不足在哪里?,2 CP,,2 second_person,2 CP,,2 second_person,1 polar_question,2 wh_question,1 polar_question,2 wh_question,NA,NA,NA,NA,0 no negation,0 no negation,NA
903,zhidao,/Zhou2/72/fa08.cha,mother,MOT: 你知道为什么妈妈要你做一颗蒲公英的种子?,2 CP,,2 second_person,2 CP,,2 second_person,1 polar_question,2 wh_question,1 polar_question,2 wh_question,NA,NA,NA,NA,0 no negation,0 no negation,NA
904,zhidao,/Zhou2/72/fa08.cha,mother,MOT: 还知道啊?,0 No,0 No,0 dropped,0 No,0 No,0 dropped,1 polar_question,,1 polar_question,,NA,NA,NA,NA,0 no negation,0 no negation,NA
907,zhidao,/Zhou2/72/fa08.cha,mother,MOT: 知道吗?,0 No,0 No,0 dropped,0 No,0 No,0 dropped,1 polar_question,,1 polar_question,,NA,NA,NA,NA,0 no negation,0 no negation,NA
908,zhidao,/Zhou2/72/fa08.cha,mother,MOT: 知道吗?,0 No,0 No,0 dropped,0 No,0 No,0 dropped,1 polar_question,,1 polar_question,,NA,NA,NA,NA,0 no negation,0 no negation,NA
909,zhidao,/Zhou2/72/fa08.cha,mother,MOT: 你知道吗?,0 No,0 No,2 second_person,0 No,0 No,2 second_person,1 polar_question,,1 polar_question,,NA,NA,NA,NA,0 no negation,0 no negation,NA
910,zhidao,/Zhou2/72/fa08.cha,mother,MOT: 知道吧?,0 No,0 No,0 dropped,0 No,0 No,0 dropped,1 polar_question,,1 polar_question,,NA,NA,NA,NA,0 no negation,0 no negation,NA
911,zhidao,/Zhou2/72/fa08.cha,mother,MOT: 知道吗?,0 No,0 No,0 dropped,0 No,0 No,0 dropped,1 polar_question,,1 polar_question,,NA,NA,NA,NA,0 no negation,0 no negation,NA
912,zhidao,/Zhou2/72/fa08.cha,mother,MOT: 还知道啊?,0 No,0 No,0 dropped,0 No,0 No,0 dropped,1 polar_question,,1 polar_question,,NA,NA,NA,NA,0 no negation,0 no negation,NA
917,zhidao,/Zhou2/72/fa09.cha,mother,MOT: 你还知道的?,0 No,0 No,2 second_person,0 No,4 RC的,2 second_person,1 polar_question,,1 polar_question,,NA,NA,NA,NA,0 no negation,0 no negation,NA
918,zhidao,/Zhou2/72/fa09.cha,mother,MOT: 我也不知道怎么玩.,2 CP,,1 first_person,2 CP,,1 first_person,0 declarative,2 wh_question,0 declarative,2 wh_question,NA,NA,NA,NA,2 不,2 不,NA
919,zhidao,/Zhou2/72/fa09.cha,mother,MOT: 还不知道什么声音.,2 CP,,0 dropped,0 No,2 NP,0 dropped,0 declarative,,0 declarative,2 wh_question,NA,NA,NA,NA,2 不,2 不,NA
920,zhidao,/Zhou2/72/fa10.cha,mother,MOT: 这叫什么故事你知道啊?,0 No,0 No,2 second_person,0 No,0 No,2 second_person,4 tag_question,2 wh_question,4 tag_question,2 wh_question,NA,NA,NA,NA,0 no negation,0 no negation,NA
923,zhidao,/Zhou2/72/fb16.cha,mother,MOT: 你知道.,0 No,0 No,2 second_person,0 No,0 No,2 second_person,0 declarative,,0 declarative,,NA,NA,NA,NA,0 no negation,0 no negation,NA
924,zhidao,/Zhou2/72/fb16.cha,mother,MOT: 你怎么知道的?,0 No,0 No,2 second_person,2 CP,,2 second_person,3 how/why,,3 how/why,,NA,NA,NA,NA,0 no negation,0 no negation,NA
928,zhidao,/Zhou2/72/fb18.cha,mother,MOT: 我知道画的是个小姑娘.,2 CP,,1 first_person,2 CP,,1 first_person,0 declarative,0 declarative,0 declarative,0 declarative,NA,NA,NA,NA,0 no negation,0 no negation,NA
930,zhidao,/Zhou2/72/fb20.cha,mother,MOT: 啊知道啊?,0 No,0 No,0 dropped,0 No,0 No,0 dropped,1 polar_question,,1 polar_question,,NA,NA,NA,NA,0 no negation,0 no negation,NA
931,zhidao,/Zhou2/72/ma01.cha,mother,MOT: 上面这几个字知道了吧?,0 No,0 No,0 dropped,0 No,0 No,0 dropped,1 polar_question,,4 tag_question,0 declarative,NA,NA,NA,NA,0 no negation,0 no negation,NA
932,zhidao,/Zhou2/72/ma01.cha,mother,MOT: 这是外面知道了吗?,0 No,0 No,0 dropped,0 No,0 No,0 dropped,4 tag_question,0 declarative,4 tag_question,0 declarative,NA,NA,NA,NA,0 no negation,0 no negation,NA
933,zhidao,/Zhou2/72/ma01.cha,mother,MOT: 外面还知道了?,0 No,0 No,0 dropped,0 No,0 No,0 dropped,4 tag_question,,1 polar_question,,NA,NA,NA,NA,0 no negation,0 no negation,NA
934,zhidao,/Zhou2/72/ma01.cha,mother,MOT: 他在里面跳知道了吧?,0 No,0 No,0 dropped,0 No,0 No,0 dropped,4 tag_question,0 declarative,4 tag_question,0 declarative,NA,NA,NA,NA,0 no negation,0 no negation,NA
938,zhidao,/Zhou2/72/ma03.cha,mother,MOT: 都不知道这个啊?,0 No,2 NP,0 dropped,0 No,2 NP,0 dropped,1 polar_question,,1 polar_question,,NA,NA,NA,NA,2 不,2 不,NA
940,zhidao,/Zhou2/72/ma03.cha,mother,MOT: 不知道哎.,0 No,0 No,0 dropped,0 No,0 No,0 dropped,0 declarative,,0 declarative,,NA,NA,NA,NA,2 不,2 不,NA
941,zhidao,/Zhou2/72/ma03.cha,mother,MOT: 我不知道.,0 No,0 No,1 first_person,0 No,0 No,1 first_person,0 declarative,,0 declarative,,NA,NA,NA,NA,2 不,2 不,NA
943,zhidao,/Zhou2/72/ma03.cha,mother,MOT: 你天天就知道玩这些东西.,2 CP,,2 second_person,2 CP,,2 second_person,0 declarative,0 declarative,0 declarative,0 declarative,NA,NA,NA,NA,0 no negation,0 no negation,NA
946,zhidao,/Zhou2/72/ma05.cha,mother,MOT: 他都不知道这是小星星.,2 CP,,3 third/NP,2 CP,,3 third/NP,0 declarative,0 declarative,0 declarative,0 declarative,NA,NA,NA,NA,2 不,2 不,NA
949,zhidao,/Zhou2/72/ma05.cha,mother,MOT: 你没试怎么会知道他不能变.,2 CP,,2 second_person,2 CP,,0 dropped,3 how/why,0 declarative,3 how/why,0 declarative,NA,NA,NA,NA,0 no negation,0 no negation,NA
950,zhidao,/Zhou2/72/ma05.cha,mother,MOT: 你要试一试才知道.,0 No,0 No,2 second_person,0 No,0 No,0 dropped,0 declarative,,0 declarative,,NA,NA,NA,NA,0 no negation,0 no negation,NA
952,zhidao,/Zhou2/72/mb12.cha,mother,MOT: 不知道?,0 No,0 No,0 dropped,0 No,0 No,0 dropped,1 polar_question,,1 polar_question,,NA,NA,NA,NA,2 不,2 不,NA
955,zhidao,/Zhou2/72/mb13.cha,mother,MOT: 不看说明书就知道了?,0 No,0 No,0 dropped,0 No,0 No,0 dropped,1 polar_question,,1 polar_question,,NA,NA,NA,NA,0 no negation,0 no negation,NA
956,zhidao,/Zhou2/72/mb14.cha,mother,MOT: 知道啊?,0 No,0 No,0 dropped,0 No,0 No,0 dropped,1 polar_question,,1 polar_question,,NA,NA,NA,NA,0 no negation,0 no negation,NA
960,zhidao,/Zhou2/48/fa06.cha,mother,MOT: 你知道蜜蜂啊?,0 No,2 NP,2 second_person,0 No,2 NP,2 second_person,1 polar_question,,1 polar_question,,NA,NA,NA,NA,0 no negation,0 no negation,NA
961,zhidao,/Zhou2/48/fa06.cha,mother,MOT: 我知道.,0 No,0 No,1 first_person,0 No,0 No,1 first_person,0 declarative,,0 declarative,,NA,NA,NA,NA,0 no negation,0 no negation,NA
963,zhidao,/Zhou2/48/fa06.cha,mother,MOT: 你知道什么?,0 No,2 NP,2 second_person,0 No,2 NP,2 second_person,2 wh_question,,2 wh_question,,NA,NA,NA,NA,0 no negation,0 no negation,NA
965,zhidao,/Zhou2/48/fa06.cha,mother,MOT: 不知道哎.,0 No,0 No,0 dropped,0 No,0 No,0 dropped,0 declarative,,0 declarative,,NA,NA,NA,NA,2 不,2 不,NA
966,zhidao,/Zhou2/48/fa07.cha,mother,MOT: 你还知道啊?,0 No,0 No,2 second_person,0 No,0 No,2 second_person,1 polar_question,,1 polar_question,,NA,NA,NA,NA,0 no negation,0 no negation,NA
968,zhidao,/Zhou2/48/fa08.cha,mother,MOT: 知道吧?,0 No,0 No,0 dropped,0 No,0 No,0 dropped,1 polar_question,,1 polar_question,,NA,NA,NA,NA,0 no negation,0 no negation,NA
971,zhidao,/Zhou2/48/fa10.cha,mother,MOT: 妈妈知道了.,0 No,0 No,4 self_reference,0 No,0 No,4 self_reference,0 declarative,,0 declarative,,NA,NA,NA,NA,0 no negation,0 no negation,NA
972,zhidao,/Zhou2/48/fa10.cha,mother,MOT: 坐下来知道啦.,0 No,0 No,0 dropped,0 No,0 No,0 dropped,0 declarative,,0 declarative,,NA,NA,NA,NA,0 no negation,0 no negation,NA
974,zhidao,/Zhou2/48/fb17.cha,mother,MOT: 你不知道啊.,0 No,0 No,2 second_person,0 No,0 No,2 second_person,1 polar_question,,0 declarative,,NA,NA,NA,NA,2 不,2 不,NA
975,zhidao,/Zhou2/48/fb17.cha,mother,MOT: 我知道了.,0 No,0 No,1 first_person,0 No,0 No,1 first_person,0 declarative,,0 declarative,,NA,NA,NA,NA,0 no negation,0 no negation,NA
976,zhidao,/Zhou2/48/fb17.cha,mother,MOT: 我也不知道是什么.,2 CP,,1 first_person,2 CP,,1 first_person,0 declarative,2 wh_question,0 declarative,2 wh_question,NA,NA,NA,NA,2 不,2 不,NA
978,zhidao,/Zhou2/48/fb18.cha,mother,MOT: 知道吗?,0 No,0 No,0 dropped,0 No,0 No,0 dropped,1 polar_question,,1 polar_question,,NA,NA,NA,NA,0 no negation,0 no negation,NA
980,zhidao,/Zhou2/48/fb18.cha,mother,MOT: 知道了没有?,0 No,0 No,0 dropped,0 No,0 No,0 dropped,1 polar_question,,1 polar_question,,NA,NA,NA,NA,0 no negation,0 no negation,NA
983,zhidao,/Zhou2/48/fb19.cha,mother,MOT: 你知道太阳是什么颜色的吗?,2 CP,,2 second_person,2 CP,,2 second_person,1 polar_question,2 wh_question,1 polar_question,2 wh_question,NA,NA,NA,NA,0 no negation,0 no negation,NA
984,zhidao,/Zhou2/48/fb19.cha,mother,MOT: 你知道吗?,0 No,0 No,2 second_person,0 No,0 No,2 second_person,1 polar_question,,1 polar_question,,NA,NA,NA,NA,0 no negation,0 no negation,NA
986,zhidao,/Zhou2/48/fb19.cha,mother,MOT: 不知道.,0 No,0 No,0 dropped,0 No,0 No,0 dropped,0 declarative,,0 declarative,,NA,NA,NA,NA,2 不,2 不,NA
988,zhidao,/Zhou2/48/fb20.cha,mother,MOT: 妈妈很想知道呀.,0 No,0 No,4 self_reference,0 No,0 No,4 self_reference,0 declarative,,0 declarative,,NA,NA,NA,NA,0 no negation,0 no negation,NA
989,zhidao,/Zhou2/48/fb20.cha,mother,MOT: 妈妈不知道呀.,0 No,0 No,4 self_reference,0 No,0 No,4 self_reference,0 declarative,,0 declarative,,NA,NA,NA,NA,2 不,2 不,NA
991,zhidao,/Zhou2/48/fb20.cha,mother,MOT: 还不知道啊?,0 No,0 No,0 dropped,0 No,0 No,0 dropped,1 polar_question,,1 polar_question,,NA,NA,NA,NA,2 不,2 不,NA
992,zhidao,/Zhou2/48/fb20.cha,mother,MOT: 妈妈就知道.,0 No,0 No,4 self_reference,0 No,0 No,4 self_reference,0 declarative,,0 declarative,,NA,NA,NA,NA,0 no negation,0 no negation,NA
997,zhidao,/Zhou2/48/ma01.cha,mother,MOT: 还知道啊?,0 No,0 No,0 dropped,0 No,0 No,0 dropped,1 polar_question,,1 polar_question,,NA,NA,NA,NA,0 no negation,0 no negation,NA
998,zhidao,/Zhou2/48/ma01.cha,mother,MOT: 还知道啊?,0 No,0 No,0 dropped,0 No,0 No,0 dropped,1 polar_question,,1 polar_question,,NA,NA,NA,NA,0 no negation,0 no negation,NA
999,zhidao,/Zhou2/48/ma01.cha,mother,MOT: 不知道呀.,0 No,0 No,0 dropped,0 No,0 No,0 dropped,0 declarative,,0 declarative,,NA,NA,NA,NA,2 不,2 不,NA
1000,zhidao,/Zhou2/48/ma01.cha,mother,MOT: 你不知道吧.,0 No,0 No,2 second_person,0 No,0 No,2 second_person,1 polar_question,,0 declarative,,NA,NA,NA,NA,2 不,2 不,NA
1003,zhidao,/Zhou2/48/ma03.cha,mother,MOT: 啊知道这叫什么形啊?,2 CP,,0 dropped,2 CP,,0 dropped,1 polar_question,2 wh_question,1 polar_question,2 wh_question,NA,NA,NA,NA,0 no negation,0 no negation,NA
1004,zhidao,/Zhou2/48/ma03.cha,mother,MOT: 你知道这里面.,2 CP,,2 second_person,0 No,2 NP,2 second_person,0 declarative,0 declarative,0 declarative,,NA,NA,NA,NA,0 no negation,0 no negation,NA
1005,zhidao,/Zhou2/48/ma03.cha,mother,MOT: 你还知道三在哪吗?,2 CP,,2 second_person,2 CP,,2 second_person,1 polar_question,2 wh_question,1 polar_question,2 wh_question,NA,NA,NA,NA,0 no negation,0 no negation,NA
1006,zhidao,/Zhou2/48/ma03.cha,mother,MOT: 我知道你的意思.,0 No,2 NP,1 first_person,0 No,2 NP,1 first_person,0 declarative,,0 declarative,,NA,NA,NA,NA,0 no negation,0 no negation,NA
1007,zhidao,/Zhou2/48/ma03.cha,mother,MOT: 我怎么不知道啊!,0 No,0 No,1 first_person,0 No,0 No,1 first_person,3 how/why,,3 how/why,,NA,NA,NA,NA,2 不,2 不,NA
1009,zhidao,/Zhou2/48/ma03.cha,mother,MOT: 那你现在知道几点钟了啊?,2 CP,,2 second_person,2 CP,,2 second_person,1 polar_question,2 wh_question,1 polar_question,2 wh_question,NA,NA,NA,NA,0 no negation,0 no negation,NA
1012,zhidao,/Zhou2/48/mb11.cha,mother,MOT: 你怎么知道?,0 No,0 No,2 second_person,0 No,0 No,2 second_person,3 how/why,,3 how/why,,NA,NA,NA,NA,0 no negation,0 no negation,NA
1013,zhidao,/Zhou2/48/mb11.cha,mother,MOT: 你知道是不是跟这个一样的?,2 CP,,2 second_person,2 CP,,2 second_person,1 polar_question,1 polar_question,1 polar_question,3 base-generated wh/polar,NA,NA,NA,NA,0 no negation,0 no negation,NA
1015,zhidao,/Zhou2/48/mb11.cha,mother,MOT: 不知道怎么玩啊?,2 CP,,0 dropped,2 CP,,0 dropped,1 polar_question,2 wh_question,1 polar_question,2 wh_question,NA,NA,NA,NA,2 不,2 不,NA
1016,zhidao,/Zhou2/48/mb11.cha,mother,MOT: 不知道.,0 No,0 No,0 dropped,0 No,0 No,0 dropped,0 declarative,,0 declarative,,NA,NA,NA,NA,2 不,2 不,NA
1017,zhidao,/Zhou2/48/mb11.cha,mother,MOT: 你知道吗?,0 No,0 No,2 second_person,0 No,0 No,2 second_person,1 polar_question,,1 polar_question,,NA,NA,NA,NA,0 no negation,0 no negation,NA
1020,zhidao,/Zhou2/48/mb11.cha,mother,"MOT: 它羞红了脸,不知道怎么回事.",2 CP,,0 dropped,2 CP,,0 dropped,0 declarative,2 wh_question,0 declarative,2 wh_question,NA,NA,NA,NA,2 不,2 不,NA
1028,zhidao,/Zhou2/48/mb13.cha,mother,MOT: 我也不知道怎么变.,2 CP,,1 first_person,2 CP,,1 first_person,0 declarative,2 wh_question,0 declarative,2 wh_question,NA,NA,NA,NA,2 不,2 不,NA
1030,zhidao,/Zhou2/48/mb13.cha,mother,MOT: 知道了.,0 No,0 No,0 dropped,0 No,0 No,0 dropped,0 declarative,,0 declarative,,NA,NA,NA,NA,0 no negation,0 no negation,NA
1031,zhidao,/Zhou2/48/mb13.cha,mother,MOT: 你啊知道你画得像什么?,2 CP,,2 second_person,2 CP,,2 second_person,1 polar_question,2 wh_question,1 polar_question,2 wh_question,NA,NA,NA,NA,0 no negation,0 no negation,NA
1032,zhidao,/Zhou2/48/mb13.cha,mother,MOT: 你还知道啊?,0 No,0 No,2 second_person,0 No,0 No,2 second_person,1 polar_question,,1 polar_question,,NA,NA,NA,NA,0 no negation,0 no negation,NA
1036,zhidao,/Zhou2/48/mb15.cha,mother,MOT: 还知道了?,0 No,0 No,0 dropped,0 No,0 No,0 dropped,1 polar_question,,1 polar_question,,NA,NA,NA,NA,0 no negation,0 no negation,NA
1037,zhidao,/Zhou2/48/mb15.cha,mother,MOT: 里面就在这个房间里面还知道啊?,0 No,0 No,0 dropped,0 No,0 No,0 dropped,1 polar_question,,4 tag_question,0 declarative,NA,NA,NA,NA,0 no negation,0 no negation,NA
1039,zhidao,/Zhou2/66/fa06.cha,mother,MOT: 哦我知道你这画的是什么意思.,2 CP,,1 first_person,2 CP,,1 first_person,0 declarative,2 wh_question,0 declarative,2 wh_question,NA,NA,NA,NA,0 no negation,0 no negation,NA
1045,zhidao,/Zhou2/66/fa07.cha,mother,MOT: 知道吗?,0 No,0 No,0 dropped,0 No,0 No,0 dropped,1 polar_question,,1 polar_question,,NA,NA,NA,NA,0 no negation,0 no negation,NA
1046,zhidao,/Zhou2/66/fa07.cha,mother,MOT: 知道吗?,0 No,0 No,0 dropped,0 No,0 No,0 dropped,1 polar_question,,1 polar_question,,NA,NA,NA,NA,0 no negation,0 no negation,NA
1048,zhidao,/Zhou2/66/fa07.cha,mother,MOT: 知道吧?,0 No,0 No,0 dropped,0 No,0 No,0 dropped,1 polar_question,,1 polar_question,,NA,NA,NA,NA,0 no negation,0 no negation,NA
1049,zhidao,/Zhou2/66/fa07.cha,mother,MOT: 知道吧?,0 No,0 No,0 dropped,0 No,0 No,0 dropped,1 polar_question,,1 polar_question,,NA,NA,NA,NA,0 no negation,0 no negation,NA
1053,zhidao,/Zhou2/66/fa10.cha,mother,MOT: 妈妈不知道.,0 No,0 No,4 self_reference,0 No,0 No,4 self_reference,0 declarative,,0 declarative,,NA,NA,NA,NA,2 不,2 不,NA
1055,zhidao,/Zhou2/66/fb17.cha,mother,MOT: 我不知道这个是什么.,2 CP,,1 first_person,2 CP,,1 first_person,0 declarative,2 wh_question,0 declarative,2 wh_question,NA,NA,NA,NA,2 不,2 不,NA
1056,zhidao,/Zhou2/66/fb18.cha,mother,MOT: 你知道吗?,0 No,0 No,2 second_person,0 No,0 No,2 second_person,1 polar_question,,1 polar_question,,NA,NA,NA,NA,0 no negation,0 no negation,NA
1058,zhidao,/Zhou2/66/fb18.cha,mother,MOT: 这个是蟑螂你怎么知道?,0 No,0 No,2 second_person,0 No,0 No,2 second_person,3 how/why,0 declarative,3 how/why,0 declarative,NA,NA,NA,NA,0 no negation,0 no negation,NA
1059,zhidao,/Zhou2/66/fb18.cha,mother,MOT: 你知道?,0 No,0 No,2 second_person,0 No,0 No,2 second_person,1 polar_question,,1 polar_question,,NA,NA,NA,NA,0 no negation,0 no negation,NA
1060,zhidao,/Zhou2/66/fb19.cha,mother,MOT: 知道吗?,0 No,0 No,0 dropped,0 No,0 No,0 dropped,1 polar_question,,1 polar_question,,NA,NA,NA,NA,0 no negation,0 no negation,NA
1061,zhidao,/Zhou2/66/fb20.cha,mother,MOT: 妈妈还不知道呢.,0 No,0 No,4 self_reference,0 No,0 No,4 self_reference,0 declarative,,0 declarative,,NA,NA,NA,NA,2 不,2 不,NA
1062,zhidao,/Zhou2/66/fb20.cha,mother,MOT: 呶妈妈才知道是这个样子的.,2 CP,,4 self_reference,2 CP,,4 self_reference,0 declarative,0 declarative,0 declarative,0 declarative,NA,NA,NA,NA,0 no negation,0 no negation,NA
1063,zhidao,/Zhou2/66/fb20.cha,mother,MOT: 怎么玩的你知道吗?,0 No,0 No,2 second_person,0 No,0 No,2 second_person,4 tag_question,2 wh_question,4 tag_question,2 wh_question,NA,NA,NA,NA,0 no negation,0 no negation,NA
1064,zhidao,/Zhou2/66/fb20.cha,mother,MOT: 知道吗?,0 No,0 No,0 dropped,0 No,0 No,0 dropped,1 polar_question,,1 polar_question,,NA,NA,NA,NA,0 no negation,0 no negation,NA
1065,zhidao,/Zhou2/66/fb20.cha,mother,"MOT: 人家不知道,对不对?",0 No,0 No,3 third/NP,0 No,0 No,3 third/NP,4 tag_question,0 declarative,4 tag_question,0 declarative,NA,NA,NA,NA,2 不,2 不,NA
1076,zhidao,/Zhou2/66/ma04.cha,mother,MOT: 嗯我不知道讲了一个什么事情啊?,2 CP,,1 first_person,2 CP,,1 first_person,1 polar_question,2 wh_question,0 declarative,2 wh_question,NA,NA,NA,NA,2 不,2 不,NA
1077,zhidao,/Zhou2/66/ma04.cha,mother,MOT: 不是所有的老鼠的名字叫皮皮鼠知道吧?,0 No,0 No,0 dropped,0 No,0 No,0 dropped,4 tag_question,0 declarative,4 tag_question,0 declarative,NA,NA,NA,NA,0 no negation,0 no negation,NA
1080,zhidao,/Zhou2/66/ma05.cha,mother,MOT: 你不知道.,0 No,0 No,2 second_person,0 No,0 No,2 second_person,0 declarative,,0 declarative,,NA,NA,NA,NA,2 不,2 不,NA
1083,zhidao,/Zhou2/66/ma05.cha,mother,MOT: 知道了闭上眼睛睡觉了.,0 No,0 No,0 dropped,0 No,0 No,0 dropped,0 declarative,0 declarative,0 declarative,,NA,NA,NA,NA,0 no negation,0 no negation,NA
1086,zhidao,/Zhou2/66/mb11.cha,mother,MOT: 哦我知道了!,0 No,0 No,1 first_person,0 No,0 No,1 first_person,0 declarative,,0 declarative,,NA,NA,NA,NA,0 no negation,0 no negation,NA
1088,zhidao,/Zhou2/66/mb11.cha,mother,MOT: 不知道啊?,0 No,0 No,0 dropped,0 No,0 No,0 dropped,1 polar_question,,1 polar_question,,NA,NA,NA,NA,2 不,2 不,NA
1092,zhidao,/Zhou2/66/mb13.cha,mother,MOT: 知道.,0 No,0 No,0 dropped,0 No,0 No,0 dropped,4 tag_question,0 declarative,0 declarative,,NA,NA,NA,NA,0 no negation,0 no negation,NA
1096,zhidao,/Zhou2/66/mb13.cha,mother,MOT: 你知道是这样子搞的啊?,2 CP,,2 second_person,2 CP,,2 second_person,1 polar_question,0 declarative,1 polar_question,0 declarative,NA,NA,NA,NA,0 no negation,0 no negation,NA
1097,zhidao,/Zhou2/66/mb13.cha,mother,MOT: 妈妈也不知道.,0 No,0 No,4 self_reference,0 No,0 No,4 self_reference,0 declarative,,0 declarative,,NA,NA,NA,NA,2 不,2 不,NA
1100,zhidao,/Zhou2/66/mb14.cha,mother,MOT: 红色怎么说你知道吗?,0 No,0 No,2 second_person,0 No,0 No,2 second_person,4 tag_question,2 wh_question,4 tag_question,2 wh_question,NA,NA,NA,NA,0 no negation,0 no negation,NA
1102,zhidao,/Zhou2/66/mb14.cha,mother,MOT: 什么是本体妈妈不知道.,0 No,0 No,4 self_reference,0 No,0 No,4 self_reference,0 declarative,2 wh_question,0 declarative,2 wh_question,NA,NA,NA,NA,2 不,2 不,NA
1103,zhidao,/Zhou2/66/mb14.cha,mother,MOT: 知道了.,0 No,0 No,0 dropped,0 No,0 No,0 dropped,0 declarative,,0 declarative,,NA,NA,NA,NA,0 no negation,0 no negation,NA
1105,zhidao,/Zhou2/36/fa06.cha,mother,MOT: 你还知道这叫什么?,2 CP,,2 second_person,2 CP,,2 second_person,1 polar_question,2 wh_question,1 polar_question,2 wh_question,NA,NA,NA,NA,0 no negation,0 no negation,NA
1107,zhidao,/Zhou2/36/fa06.cha,mother,MOT: 不知道啊?,0 No,0 No,0 dropped,0 No,0 No,0 dropped,1 polar_question,,1 polar_question,,NA,NA,NA,NA,2 不,2 不,NA
1115,zhidao,/Zhou2/36/fa06.cha,mother,MOT: 不知道啊?,0 No,0 No,0 dropped,0 No,0 No,0 dropped,1 polar_question,,1 polar_question,,NA,NA,NA,NA,2 不,2 不,NA
1118,zhidao,/Zhou2/36/fa07.cha,mother,MOT: 还知道怎么拼呀?,2 CP,,0 dropped,2 CP,,0 dropped,1 polar_question,2 wh_question,1 polar_question,2 wh_question,NA,NA,NA,NA,0 no negation,0 no negation,NA
1119,zhidao,/Zhou2/36/fa07.cha,mother,MOT: 不知道是为什么.,2 CP,,0 dropped,2 CP,,0 dropped,0 declarative,2 wh_question,0 declarative,2 wh_question,NA,NA,NA,NA,2 不,2 不,NA
1123,zhidao,/Zhou2/36/fb20.cha,mother,MOT: 还知道怎么拼呀?,2 CP,,0 dropped,2 CP,,0 dropped,1 polar_question,2 wh_question,1 polar_question,2 wh_question,NA,NA,NA,NA,0 no negation,0 no negation,NA
1124,zhidao,/Zhou2/36/fb20.cha,mother,MOT: 不知道是为什么.,2 CP,,0 dropped,2 CP,,0 dropped,0 declarative,2 wh_question,0 declarative,2 wh_question,NA,NA,NA,NA,2 不,2 不,NA
1126,zhidao,/Zhou2/36/ma03.cha,mother,MOT: 你还知道呀?,0 No,0 No,2 second_person,0 No,0 No,2 second_person,1 polar_question,,1 polar_question,,NA,NA,NA,NA,0 no negation,0 no negation,NA
1127,zhidao,/Zhou2/36/ma03.cha,mother,MOT: 还知道啊?,0 No,0 No,0 dropped,0 No,0 No,0 dropped,1 polar_question,,1 polar_question,,NA,NA,NA,NA,0 no negation,0 no negation,NA
1129,zhidao,/Zhou2/36/ma04.cha,mother,MOT: 我不知道哎.,0 No,0 No,1 first_person,0 No,0 No,1 first_person,0 declarative,,0 declarative,,NA,NA,NA,NA,2 不,2 不,NA
1131,zhidao,/Zhou2/36/ma04.cha,mother,MOT: 你不知道啊.,0 No,0 No,2 second_person,0 No,0 No,2 second_person,0 declarative,,0 declarative,,NA,NA,NA,NA,2 不,2 不,NA
1132,zhidao,/Zhou2/36/ma10.cha,mother,MOT: 啊知道哪个没有看过?,2 CP,,0 dropped,2 CP,,0 dropped,1 polar_question,2 wh_question,1 polar_question,2 wh_question,NA,NA,NA,NA,0 no negation,0 no negation,NA
1134,zhidao,/Zhou2/36/mb11.cha,mother,MOT: 你怎么不知道?,0 No,0 No,2 second_person,0 No,0 No,2 second_person,3 how/why,,3 how/why,,NA,NA,NA,NA,2 不,2 不,NA
1135,zhidao,/Zhou2/36/mb11.cha,mother,MOT: 你知道的这是小轿车.,0 No,0 No,2 second_person,0 No,4 RC的,2 second_person,0 declarative,0 declarative,0 declarative,,NA,NA,NA,NA,0 no negation,0 no negation,NA
1137,zhidao,/Zhou2/36/mb11.cha,mother,MOT: 还知道了?,0 No,0 No,0 dropped,0 No,0 No,0 dropped,1 polar_question,,1 polar_question,,NA,NA,NA,NA,0 no negation,0 no negation,NA
1138,zhidao,/Zhou2/36/mb13.cha,mother,MOT: 你怎么知道这里是医院?,2 CP,,2 second_person,2 CP,,2 second_person,3 how/why,0 declarative,3 how/why,0 declarative,NA,NA,NA,NA,0 no negation,0 no negation,NA
1139,zhidao,/Zhou2/36/mb13.cha,mother,MOT: 知道为什么吗?,2 CP,,0 dropped,2 CP,,0 dropped,1 polar_question,2 wh_question,1 polar_question,2 wh_question,NA,NA,NA,NA,0 no negation,0 no negation,NA
1140,zhidao,/Zhou2/36/mb13.cha,mother,MOT: 妈妈也不知道是什么.,2 CP,,0 dropped,2 CP,,4 self_reference,0 declarative,2 wh_question,0 declarative,2 wh_question,NA,NA,NA,NA,2 不,2 不,NA
1141,zhidao,/Zhou2/36/mb13.cha,mother,MOT: 知道吗?,0 No,0 No,0 dropped,0 No,0 No,0 dropped,1 polar_question,,1 polar_question,,NA,NA,NA,NA,0 no negation,0 no negation,NA
1143,zhidao,/Zhou2/36/mb15.cha,mother,MOT: 知道吗?,0 No,0 No,0 dropped,0 No,0 No,0 dropped,1 polar_question,,1 polar_question,,NA,NA,NA,NA,0 no negation,0 no negation,NA
1144,zhidao,/Zhou2/36/mb15.cha,mother,MOT: 知道吗?,0 No,0 No,0 dropped,0 No,0 No,0 dropped,1 polar_question,,1 polar_question,,NA,NA,NA,NA,0 no negation,0 no negation,NA
1147,zhidao,/Zhou2/36/mb15.cha,mother,MOT: 知道吧?,0 No,0 No,0 dropped,0 No,0 No,0 dropped,1 polar_question,,1 polar_question,,NA,NA,NA,NA,0 no negation,0 no negation,NA
1152,zhidao,/Zhou2/54/fa07.cha,mother,MOT: 你还知道应该怎么拼啊?,2 CP,,2 second_person,2 CP,,2 second_person,1 polar_question,2 wh_question,1 polar_question,2 wh_question,NA,NA,NA,NA,0 no negation,0 no negation,NA
1154,zhidao,/Zhou2/54/fa07.cha,mother,MOT: 什么你不知道啊?,0 No,0 No,2 second_person,0 No,0 No,2 second_person,2 wh_question,,2 wh_question,,NA,NA,NA,NA,2 不,2 不,NA
1162,zhidao,/Zhou2/54/fa09.cha,mother,"MOT: 孩名肯定会知道,对不对?",0 No,0 No,3 third/NP,0 No,0 No,0 dropped,4 tag_question,0 declarative,4 tag_question,0 declarative,NA,NA,NA,NA,0 no negation,0 no negation,NA
1165,zhidao,/Zhou2/54/fb16.cha,mother,MOT: 还知道?,0 No,0 No,0 dropped,0 No,0 No,0 dropped,1 polar_question,,1 polar_question,,NA,NA,NA,NA,0 no negation,0 no negation,NA
1166,zhidao,/Zhou2/54/fb16.cha,mother,"MOT: 妈妈知道要喝水,是吧?",2 CP,,4 self_reference,2 CP,,3 third/NP,4 tag_question,0 declarative,4 tag_question,0 declarative,NA,NA,NA,NA,0 no negation,0 no negation,NA
1170,zhidao,/Zhou2/54/fb18.cha,mother,MOT: 我怎么不知道?,0 No,0 No,1 first_person,0 No,0 No,2 second_person,3 how/why,,3 how/why,,NA,NA,NA,NA,2 不,2 不,NA
1172,zhidao,/Zhou2/54/fb19.cha,mother,MOT: 你不知道什么是菱形.,2 CP,,2 second_person,2 CP,,2 second_person,0 declarative,2 wh_question,0 declarative,2 wh_question,NA,NA,NA,NA,2 不,2 不,NA
1173,zhidao,/Zhou2/54/fb19.cha,mother,MOT: 想不想知道这里面是什么东西?,2 CP,,0 dropped,2 CP,,0 dropped,1 polar_question,2 wh_question,1 polar_question,2 wh_question,NA,NA,NA,NA,0 no negation,0 no negation,NA
1175,zhidao,/Zhou2/54/fb19.cha,mother,MOT: 妈妈也不知道怎么玩.,2 CP,,4 self_reference,2 CP,,4 self_reference,0 declarative,2 wh_question,0 declarative,2 wh_question,NA,NA,NA,NA,2 不,2 不,NA
1176,zhidao,/Zhou2/54/fb19.cha,mother,MOT: 妈妈也不知道.,0 No,0 No,4 self_reference,0 No,0 No,4 self_reference,0 declarative,,0 declarative,,NA,NA,NA,NA,2 不,2 不,NA
1177,zhidao,/Zhou2/54/fb19.cha,mother,"MOT: 爸爸,妈妈开始都不知道.",0 No,0 No,3 third/NP,0 No,0 No,3 third/NP,0 declarative,,0 declarative,,NA,NA,NA,NA,2 不,2 不,NA
1178,zhidao,/Zhou2/54/fb20.cha,mother,MOT: 你知道是干什么的?,2 CP,,2 second_person,2 CP,,2 second_person,1 polar_question,2 wh_question,1 polar_question,2 wh_question,NA,NA,NA,NA,0 no negation,0 no negation,NA
1179,zhidao,/Zhou2/54/ma01.cha,mother,MOT: 你还知道怎么玩?,2 CP,,2 second_person,2 CP,,2 second_person,1 polar_question,2 wh_question,1 polar_question,2 wh_question,NA,NA,NA,NA,0 no negation,0 no negation,NA
1182,zhidao,/Zhou2/54/ma01.cha,mother,MOT: 不知道怎么玩.,2 CP,,0 dropped,2 CP,,0 dropped,0 declarative,2 wh_question,0 declarative,2 wh_question,NA,NA,NA,NA,2 不,2 不,NA
1185,zhidao,/Zhou2/54/ma02.cha,mother,MOT: 你也不知道啊?,0 No,0 No,2 second_person,0 No,0 No,2 second_person,1 polar_question,,1 polar_question,,NA,NA,NA,NA,2 不,2 不,NA
1189,zhidao,/Zhou2/54/ma04.cha,mother,MOT: 这个啊知道啊?,0 No,0 No,0 dropped,0 No,0 No,0 dropped,1 polar_question,,1 polar_question,,NA,NA,NA,NA,0 no negation,0 no negation,NA
1191,zhidao,/Zhou2/54/ma04.cha,mother,MOT: 你们都不知道.,0 No,0 No,2 second_person,0 No,0 No,2 second_person,0 declarative,,0 declarative,,NA,NA,NA,NA,2 不,2 不,NA
1193,zhidao,/Zhou2/54/ma05.cha,mother,MOT: 这个也不知道在哪里的.,2 CP,,0 dropped,2 CP,,0 dropped,0 declarative,2 wh_question,0 declarative,2 wh_question,NA,NA,NA,NA,2 不,2 不,NA
1197,zhidao,/Zhou2/54/mb13.cha,mother,MOT: 他们不知道这是什么东西.,2 CP,,3 third/NP,2 CP,,3 third/NP,0 declarative,2 wh_question,0 declarative,2 wh_question,NA,NA,NA,NA,2 不,2 不,NA
1199,zhidao,/Zhou2/54/mb14.cha,mother,MOT: 就知道了噢.,0 No,0 No,0 dropped,0 No,0 No,0 dropped,0 declarative,,0 declarative,,NA,NA,NA,NA,0 no negation,0 no negation,NA
1200,zhidao,/Zhou2/54/mb14.cha,mother,MOT: 你就知道了.,0 No,0 No,2 second_person,0 No,0 No,2 second_person,0 declarative,,0 declarative,,NA,NA,NA,NA,0 no negation,0 no negation,NA
1201,zhidao,/Zhou2/54/mb14.cha,mother,MOT: 你知道嘛!,0 No,0 No,2 second_person,0 No,0 No,2 second_person,0 declarative,,1 polar_question,,NA,NA,NA,NA,0 no negation,0 no negation,NA
1202,zhidao,/Zhou2/54/mb14.cha,mother,MOT: 不知道.,0 No,0 No,0 dropped,0 No,0 No,0 dropped,0 declarative,,0 declarative,,NA,NA,NA,NA,2 不,2 不,NA
1204,zhidao,/Zhou2/54/mb15.cha,mother,MOT: 你怎么知道是画画的?,2 CP,,2 second_person,2 CP,,2 second_person,3 how/why,0 declarative,3 how/why,0 declarative,NA,NA,NA,NA,0 no negation,0 no negation,NA
1205,zhidao,/Zhou3/000108.cha,mother,MOT: 知道啦?,0 No,0 No,0 dropped,0 No,0 No,0 dropped,1 polar_question,,1 polar_question,,NA,NA,NA,NA,0 no negation,0 no negation,NA
1206,zhidao,/Zhou3/000108.cha,mother,MOT: 还知道啊?,0 No,0 No,0 dropped,0 No,0 No,0 dropped,1 polar_question,,1 polar_question,,NA,NA,NA,NA,0 no negation,0 no negation,NA
1207,zhidao,/Zhou3/000108.cha,mother,MOT: 嗯中间要细啊知道啦?,0 No,0 No,0 dropped,0 No,0 No,0 dropped,4 tag_question,0 declarative,4 tag_question,0 declarative,NA,NA,NA,NA,0 no negation,0 no negation,NA
1208,zhidao,/Zhou3/000108.cha,mother,MOT: 知道啊?,0 No,0 No,0 dropped,0 No,0 No,0 dropped,1 polar_question,,1 polar_question,,NA,NA,NA,NA,0 no negation,0 no negation,NA
1209,zhidao,/Zhou3/000108.cha,mother,"MOT: <我知道>[//]你知道这几个字不对,是吧?",0 No,0 No,1 first_person,2 CP,,1 first_person,,,0 declarative,,NA,NA,NA,NA,0 no negation,0 no negation,NA
1209_b,zhidao,/Zhou3/000108.cha,mother,"MOT: <我知道>[//]你知道这几个字不对,是吧?",2 CP,,2 second_person,2 CP,,2 second_person,4 tag_question,0 declarative,4 tag_question,0 declarative,NA,NA,NA,NA,0 no negation,0 no negation,NA
1210,zhidao,/Zhou3/000108.cha,mother,MOT: 你还知道啊?,0 No,0 No,2 second_person,0 No,0 No,2 second_person,1 polar_question,,1 polar_question,,NA,NA,NA,NA,0 no negation,0 no negation,NA
1211,zhidao,/Zhou3/000108.cha,mother,MOT: 嗯知道就好.,1 Adj,1 Adj,0 dropped,0 No,1 Adj,0 dropped,0 declarative,,0 declarative,,NA,NA,NA,NA,0 no negation,0 no negation,NA
1212,zhidao,/Zhou3/000108.cha,mother,MOT: 知道就是好孩子.,2 CP,,0 dropped,2 CP,,0 dropped,0 declarative,0 declarative,0 declarative,0 declarative,NA,NA,NA,NA,0 no negation,0 no negation,NA
1213,zhidao,/Zhou3/000108.cha,mother,MOT: 知道就好.,1 Adj,1 Adj,0 dropped,0 No,1 Adj,0 dropped,0 declarative,,0 declarative,,NA,NA,NA,NA,0 no negation,0 no negation,NA
1214,zhidao,/Zhou3/000108.cha,mother,MOT: 知道就是好孩子.,2 CP,,0 dropped,2 CP,,0 dropped,0 declarative,0 declarative,0 declarative,0 declarative,NA,NA,NA,NA,0 no negation,0 no negation,NA
1215,zhidao,/Zhou3/000108.cha,mother,"MOT: 要不知道啊,那就是什么孩子啊?",0 No,0 No,0 dropped,0 No,0 No,0 dropped,0 declarative,,0 declarative,,NA,NA,NA,NA,2 不,2 不,NA
1216,zhidao,/Zhou3/000108.cha,mother,MOT: 要在旁边顿啊知道啊.,0 No,0 No,0 dropped,0 No,0 No,0 dropped,0 declarative,0 declarative,0 declarative,,NA,NA,NA,NA,0 no negation,0 no negation,NA
1218,zhidao,/Zhou3/000108.cha,mother,MOT: 我知道.,0 No,0 No,1 first_person,0 No,0 No,1 first_person,0 declarative,,0 declarative,,NA,NA,NA,NA,0 no negation,0 no negation,NA
1219,zhidao,/Zhou3/000108.cha,mother,MOT: 我知道是什么意思.,2 CP,,1 first_person,2 CP,,1 first_person,0 declarative,2 wh_question,0 declarative,2 wh_question,NA,NA,NA,NA,0 no negation,0 no negation,NA
1220,zhidao,/Zhou3/000108.cha,mother,MOT: 我知道.,0 No,0 No,1 first_person,0 No,0 No,1 first_person,0 declarative,,0 declarative,,NA,NA,NA,NA,0 no negation,0 no negation,NA
1221,zhidao,/Zhou3/000227.cha,mother,MOT: 你知道这些是什么?,2 CP,,2 second_person,2 CP,,2 second_person,1 polar_question,2 wh_question,1 polar_question,2 wh_question,NA,NA,NA,NA,0 no negation,0 no negation,NA
1223,zhidao,/Zhou3/000227.cha,mother,"MOT: 这个人,你还知道?",0 No,0 No,2 second_person,0 No,0 No,2 second_person,1 polar_question,,1 polar_question,,NA,NA,NA,NA,0 no negation,0 no negation,NA
1227,zhidao,/Zhou3/000227.cha,mother,MOT: 不知道吧.,0 No,0 No,0 dropped,0 No,0 No,0 dropped,1 polar_question,,0 declarative,,NA,NA,NA,NA,2 不,2 不,NA
1228,zhidao,/Zhou3/000227.cha,mother,MOT: 雪儿知道怎么弹.,2 CP,,3 third/NP,2 CP,,3 third/NP,0 declarative,2 wh_question,0 declarative,2 wh_question,NA,NA,NA,NA,0 no negation,0 no negation,NA
1229,zhidao,/Zhou3/000227.cha,mother,MOT: 你知道为什么?,2 CP,,2 second_person,2 CP,,2 second_person,1 polar_question,2 wh_question,1 polar_question,2 wh_question,NA,NA,NA,NA,0 no negation,0 no negation,NA
1232,zhidao,/Zhou3/000326.cha,mother,MOT: 知道啊.,0 No,0 No,0 dropped,0 No,0 No,0 dropped,0 declarative,,0 declarative,,NA,NA,NA,NA,0 no negation,0 no negation,NA
1233,zhidao,/Zhou3/000326.cha,mother,MOT: 我知道.,0 No,0 No,1 first_person,0 No,0 No,1 first_person,0 declarative,,0 declarative,,NA,NA,NA,NA,0 no negation,0 no negation,NA
1234,zhidao,/Zhou3/000326.cha,mother,MOT: 我不知道你忙不忙?,2 CP,,1 first_person,2 CP,,1 first_person,0 declarative,1 polar_question,0 declarative,1 polar_question,NA,NA,NA,NA,2 不,2 不,NA
1236,zhidao,/Zhou3/000326.cha,mother,MOT: 你知道多多是什么意思啊?,2 CP,,2 second_person,2 CP,,2 second_person,1 polar_question,2 wh_question,1 polar_question,2 wh_question,NA,NA,NA,NA,0 no negation,0 no negation,NA
1237,zhidao,/Zhou3/000326.cha,mother,MOT: 你怎么知道的?,0 No,0 No,2 second_person,0 No,4 RC的,2 second_person,3 how/why,,3 how/why,,NA,NA,NA,NA,0 no negation,0 no negation,NA
1238,zhidao,/Zhou3/000326.cha,mother,MOT: 啊知道的?,0 No,0 No,0 dropped,0 No,4 RC的,0 dropped,1 polar_question,,1 polar_question,,NA,NA,NA,NA,0 no negation,0 no negation,NA
1239,zhidao,/Zhou3/000326.cha,mother,MOT: 你知道?,0 No,0 No,2 second_person,0 No,0 No,2 second_person,1 polar_question,,1 polar_question,,NA,NA,NA,NA,0 no negation,0 no negation,NA
1243,zhidao,/Zhou3/000326.cha,mother,MOT: 你知道这个的.,0 No,2 NP,2 second_person,0 No,2 NP,2 second_person,0 declarative,,0 declarative,,NA,NA,NA,NA,0 no negation,0 no negation,NA
1246,zhidao,/Zhou3/000326.cha,mother,MOT: 哟你知道嘛.,0 No,0 No,2 second_person,0 No,0 No,2 second_person,1 polar_question,,1 polar_question,,NA,NA,NA,NA,0 no negation,0 no negation,NA
1249,zhidao,/Zhou3/000506.cha,mother,MOT: 你怎么知道转得快?,2 CP,,2 second_person,2 CP,,2 second_person,3 how/why,0 declarative,3 how/why,0 declarative,NA,NA,NA,NA,0 no negation,0 no negation,NA
1250,zhidao,/Zhou3/000506.cha,mother,MOT: 你怎么知道这个转得是快的?,2 CP,,2 second_person,2 CP,,2 second_person,3 how/why,0 declarative,3 how/why,0 declarative,NA,NA,NA,NA,0 no negation,0 no negation,NA
1251,zhidao,/Zhou3/000506.cha,mother,MOT: 你为什么知道这个转得是快的?,2 CP,,2 second_person,2 CP,,2 second_person,3 how/why,0 declarative,3 how/why,0 declarative,NA,NA,NA,NA,0 no negation,0 no negation,NA
1253,zhidao,/Zhou3/000506.cha,mother,MOT: 还知道这是什么东西啊?,2 CP,,0 dropped,2 CP,,0 dropped,1 polar_question,2 wh_question,1 polar_question,2 wh_question,NA,NA,NA,NA,0 no negation,0 no negation,NA
1254,zhidao,/Zhou3/000506.cha,mother,"MOT: 这个,我知道.",0 No,0 No,1 first_person,0 No,0 No,1 first_person,0 declarative,,0 declarative,,NA,NA,NA,NA,0 no negation,0 no negation,NA
1255,zhidao,/Zhou3/000506.cha,mother,MOT: 你还知道?,0 No,0 No,2 second_person,0 No,0 No,2 second_person,1 polar_question,,1 polar_question,,NA,NA,NA,NA,0 no negation,0 no negation,NA
1256,zhidao,/Zhou3/000506.cha,mother,MOT: 一个叫癞子头的坏蛋知道了这件事.,0 No,2 NP,3 third/NP,0 No,2 NP,3 third/NP,0 declarative,,0 declarative,,NA,NA,NA,NA,0 no negation,0 no negation,NA
1257,zhidao,/Zhou3/000506.cha,mother,MOT: 外婆怎么知道你的声音啊?,0 No,2 NP,3 third/NP,0 No,2 NP,3 third/NP,3 how/why,,3 how/why,,NA,NA,NA,NA,0 no negation,0 no negation,NA
1259,zhidao,/Zhou3/000506.cha,mother,MOT: 那阿姨怎么知道雪儿好不好啊?,2 CP,,3 third/NP,2 CP,,3 third/NP,3 how/why,1 polar_question,3 how/why,1 polar_question,NA,NA,NA,NA,0 no negation,0 no negation,NA
1260,zhidao,/Zhou3/000506.cha,mother,MOT: 知道吗?,0 No,0 No,0 dropped,0 No,0 No,0 dropped,1 polar_question,,1 polar_question,,NA,NA,NA,NA,0 no negation,0 no negation,NA
1261,zhidao,/Zhou3/000610.cha,mother,MOT: 还知道啦?,0 No,0 No,0 dropped,0 No,0 No,0 dropped,1 polar_question,,1 polar_question,,NA,NA,NA,NA,0 no negation,0 no negation,NA
1262,zhidao,/Zhou3/000610.cha,mother,MOT: 还知道啊?,0 No,0 No,0 dropped,0 No,0 No,0 dropped,1 polar_question,,1 polar_question,,NA,NA,NA,NA,0 no negation,0 no negation,NA
1266,zhidao,/Zhou3/000610.cha,mother,MOT: 你还知道?,0 No,0 No,2 second_person,0 No,0 No,2 second_person,1 polar_question,,1 polar_question,,NA,NA,NA,NA,0 no negation,0 no negation,NA
1270,zhidao,/Zhou3/000702.cha,father,FAT: 我知道在那个上面.,2 CP,,1 first_person,2 CP,,1 first_person,0 declarative,0 declarative,0 declarative,0 declarative,NA,NA,NA,NA,0 no negation,0 no negation,NA
1274,zhidao,/Zhou3/000822.cha,mother,MOT: 哎你怎么会不知道呢?,0 No,0 No,2 second_person,0 No,0 No,2 second_person,3 how/why,,3 how/why,,NA,NA,NA,NA,2 不,2 不,NA
1276,zhidao,/Zhou3/000822.cha,mother,MOT: 你还知道企鹅生活在哪儿啊?,2 CP,,2 second_person,2 CP,,2 second_person,1 polar_question,2 wh_question,1 polar_question,2 wh_question,NA,NA,NA,NA,0 no negation,0 no negation,NA
1279,zhidao,/Zhou3/000822.cha,mother,MOT: 你也不知道.,0 No,0 No,2 second_person,0 No,0 No,2 second_person,0 declarative,,0 declarative,,NA,NA,NA,NA,2 不,2 不,NA
1284,zhidao,/Zhou3/001005.cha,mother,MOT: 这个是什么东西你还知道啊?,0 No,0 No,2 second_person,0 No,0 No,2 second_person,4 tag_question,2 wh_question,4 tag_question,2 wh_question,NA,NA,NA,NA,0 no negation,0 no negation,NA
1286,zhidao,/Zhou3/001005.cha,mother,MOT: 你怎么知道这个叫龙珠啊?,2 CP,,2 second_person,2 CP,,2 second_person,3 how/why,0 declarative,3 how/why,0 declarative,NA,NA,NA,NA,0 no negation,0 no negation,NA
1287,zhidao,/Zhou3/001005.cha,mother,MOT: 全是线条画你还知道啊?,0 No,0 No,2 second_person,0 No,0 No,2 second_person,4 tag_question,0 declarative,4 tag_question,0 declarative,NA,NA,NA,NA,0 no negation,0 no negation,NA
1289,zhidao,/Zhou3/001005.cha,mother,MOT: 还知道的?,0 No,0 No,0 dropped,0 No,4 RC的,0 dropped,1 polar_question,,1 polar_question,,NA,NA,NA,NA,0 no negation,0 no negation,NA
1292,zhidao,/Zhou3/001209.cha,mother,MOT: 我请你吃饭你不知道我叫什么名字啊?,2 CP,,2 second_person,2 CP,,2 second_person,1 polar_question,2 wh_question,1 polar_question,2 wh_question,NA,NA,NA,NA,2 不,2 不,NA
1294,zhidao,/Zhou3/001209.cha,mother,MOT: 知道.,0 No,0 No,0 dropped,0 No,0 No,0 dropped,0 declarative,,0 declarative,,NA,NA,NA,NA,0 no negation,0 no negation,NA
1296,zhidao,/Zhou3/001209.cha,mother,MOT: 我不知道.,0 No,0 No,1 first_person,0 No,0 No,1 first_person,0 declarative,,0 declarative,,NA,NA,NA,NA,2 不,2 不,NA
1297,zhidao,/Zhou3/001209.cha,mother,MOT: 不知道.,0 No,0 No,0 dropped,0 No,0 No,0 dropped,0 declarative,,0 declarative,,NA,NA,NA,NA,2 不,2 不,NA
1298,zhidao,/Zhou3/001209.cha,mother,MOT: 不知道.,0 No,0 No,0 dropped,0 No,0 No,0 dropped,0 declarative,,0 declarative,,NA,NA,NA,NA,2 不,2 不,NA
1299,zhidao,/Zhou3/001209.cha,mother,"MOT: 不知道了,老师.",0 No,0 No,0 dropped,0 No,0 No,0 dropped,0 declarative,,0 declarative,,NA,NA,NA,NA,2 不,2 不,NA
1301,zhidao,/Zhou3/001209.cha,mother,"MOT: 我知道了,老师.",0 No,0 No,1 first_person,0 No,0 No,1 first_person,0 declarative,,0 declarative,,NA,NA,NA,NA,0 no negation,0 no negation,NA
1303,zhidao,/Zhou3/010218.cha,mother,MOT: 你知道吗?,0 No,0 No,2 second_person,0 No,0 No,2 second_person,1 polar_question,,1 polar_question,,NA,NA,NA,NA,0 no negation,0 no negation,NA
1306,zhidao,/Zhou3/010218.cha,mother,MOT: 知道这是你几岁时候玩的?,2 CP,,0 dropped,2 CP,,0 dropped,1 polar_question,2 wh_question,1 polar_question,2 wh_question,NA,NA,NA,NA,0 no negation,0 no negation,NA
1307,zhidao,/Zhou3/010218.cha,mother,MOT: 你怎么知道的?,0 No,0 No,2 second_person,0 No,4 RC的,2 second_person,3 how/why,,3 how/why,,NA,NA,NA,NA,0 no negation,0 no negation,NA
1308,zhidao,/Zhou3/010218.cha,mother,MOT: 你还知道啊?,0 No,0 No,2 second_person,0 No,0 No,2 second_person,1 polar_question,,1 polar_question,,NA,NA,NA,NA,0 no negation,0 no negation,NA
1309,zhidao,/Zhou3/010218.cha,mother,MOT: 还知道啦?,0 No,0 No,0 dropped,0 No,0 No,0 dropped,1 polar_question,,1 polar_question,,NA,NA,NA,NA,0 no negation,0 no negation,NA
1310,zhidao,/Zhou3/010218.cha,mother,MOT: 还知道啊?,0 No,0 No,0 dropped,0 No,0 No,0 dropped,1 polar_question,,1 polar_question,,NA,NA,NA,NA,0 no negation,0 no negation,NA
1313,zhidao,/Zhou3/010218.cha,mother,MOT: 你不知道.,0 No,0 No,2 second_person,0 No,0 No,2 second_person,0 declarative,,0 declarative,,NA,NA,NA,NA,2 不,2 不,NA
1315,zhidao,/Zhou3/010218.cha,mother,MOT: 你还知道小鸡站起来是什么样.,2 CP,,2 second_person,2 CP,,2 second_person,0 declarative,2 wh_question,0 declarative,2 wh_question,NA,NA,NA,NA,0 no negation,0 no negation,NA
1318,zhidao,/Zhou3/010421.cha,mother,MOT: 知道往哪边肘?,2 CP,,0 dropped,2 CP,,0 dropped,1 polar_question,2 wh_question,1 polar_question,2 wh_question,NA,NA,NA,NA,0 no negation,0 no negation,NA
1320,zhidao,/Zhou3/010421.cha,mother,MOT: 你也知道的?,0 No,0 No,2 second_person,0 No,4 RC的,2 second_person,1 polar_question,,1 polar_question,,NA,NA,NA,NA,0 no negation,0 no negation,NA
1321,zhidao,/Zhou3/010421.cha,mother,MOT: 我还不知道你会写的字.,0 No,2 NP,1 first_person,0 No,2 NP,1 first_person,0 declarative,,0 declarative,,NA,NA,NA,NA,2 不,2 不,NA
1322,zhidao,/Zhou3/010630.cha,mother,MOT: 我知道.,0 No,0 No,1 first_person,0 No,0 No,1 first_person,0 declarative,,0 declarative,,NA,NA,NA,NA,0 no negation,0 no negation,NA
1323,zhidao,/Zhou3/010630.cha,mother,MOT: 你一讲我就知道了.,0 No,0 No,1 first_person,0 No,0 No,1 first_person,0 declarative,,0 declarative,,NA,NA,NA,NA,0 no negation,0 no negation,NA
1324,zhidao,/Zhou3/010630.cha,mother,MOT: 不知道啊.,0 No,0 No,0 dropped,0 No,0 No,0 dropped,0 declarative,,0 declarative,,NA,NA,NA,NA,2 不,2 不,NA
1329,zhidao,/Zhou3/010805.cha,investigator,SHE: 你不知道开哪里?,2 CP,,2 second_person,2 CP,,2 second_person,1 polar_question,2 wh_question,1 polar_question,2 wh_question,NA,NA,NA,NA,2 不,2 不,NA
1333,zhidao,/Zhou3/010821.cha,mother,MOT: 不知道啦?,0 No,0 No,0 dropped,0 No,0 No,0 dropped,1 polar_question,,1 polar_question,,NA,NA,NA,NA,2 不,2 不,NA
1334,zhidao,/Zhou3/010821.cha,mother,MOT: 不知道啦?,0 No,0 No,0 dropped,0 No,0 No,0 dropped,1 polar_question,,1 polar_question,,NA,NA,NA,NA,2 不,2 不,NA
1335,zhidao,/Zhou3/010821.cha,mother,"MOT: 不知道,雪儿跳会儿舞吧.",0 No,0 No,0 dropped,0 No,0 No,0 dropped,0 declarative,,0 declarative,,NA,NA,NA,NA,2 不,2 不,NA
1337,zhidao,/Zhou3/010821.cha,mother,MOT: 雪儿知道.,0 No,0 No,3 third/NP,0 No,0 No,3 third/NP,0 declarative,,0 declarative,,NA,NA,NA,NA,0 no negation,0 no negation,NA
1338,zhidao,/Zhou3/010821.cha,mother,MOT: 我们雪儿知道这是什么?,2 CP,,3 third/NP,2 CP,,3 third/NP,1 polar_question,2 wh_question,1 polar_question,2 wh_question,NA,NA,NA,NA,0 no negation,0 no negation,NA
1340,zhidao,/Zhou3/010821.cha,mother,MOT: 都不知道啦.,0 No,0 No,0 dropped,0 No,0 No,0 dropped,0 declarative,,0 declarative,,NA,NA,NA,NA,2 不,2 不,NA
1341,zhidao,/Zhou3/010821.cha,mother,MOT: 雪儿知道的这个妈妈在干什么.,0 No,0 No,3 third/NP,0 No,4 RC的,3 third/NP,0 declarative,2 wh_question,0 declarative,,NA,NA,NA,NA,0 no negation,0 no negation,NA
1343,zhidao,/Zhou3/010821.cha,mother,MOT: 又不知道.,0 No,0 No,0 dropped,0 No,0 No,0 dropped,0 declarative,,0 declarative,,NA,NA,NA,NA,2 不,2 不,NA
1344,zhidao,/Zhou3/010821.cha,mother,MOT: 你又不知道啦?,0 No,0 No,2 second_person,0 No,0 No,1 first_person,1 polar_question,,1 polar_question,,NA,NA,NA,NA,2 不,2 不,NA
1347,zhidao,/Zhou3/011030.cha,father,FAT: 哎雪儿不知道小白兔吃什么.,2 CP,,3 third/NP,2 CP,,3 third/NP,0 declarative,2 wh_question,0 declarative,2 wh_question,NA,NA,NA,NA,2 不,2 不,NA
1348,zhidao,/Zhou3/011030.cha,mother,MOT: 知道.,0 No,0 No,0 dropped,0 No,0 No,0 dropped,0 declarative,,0 declarative,,NA,NA,NA,NA,0 no negation,0 no negation,NA
1349,zhidao,/Zhou3/011030.cha,mother,"MOT: 孩名知道,是不是啊?",0 No,0 No,3 third/NP,0 No,0 No,0 dropped,4 tag_question,0 declarative,4 tag_question,0 declarative,NA,NA,NA,NA,0 no negation,0 no negation,NA
1353,zhidao,/Zhou3/011030.cha,mother,"MOT: 那小狗,你知道吃什么呀?",2 CP,,2 second_person,2 CP,,2 second_person,1 polar_question,2 wh_question,1 polar_question,2 wh_question,NA,NA,NA,NA,0 no negation,0 no negation,NA
1355,zhidao,/Zhou3/020030.cha,mother,MOT: 我不知道.,0 No,0 No,1 first_person,0 No,0 No,1 first_person,0 declarative,,0 declarative,,NA,NA,NA,NA,2 不,2 不,NA
1356,zhidao,/Zhou3/020121.cha,mother,MOT: 我知道雪儿很能干的.,2 CP,,1 first_person,2 CP,,1 first_person,0 declarative,0 declarative,0 declarative,0 declarative,NA,NA,NA,NA,0 no negation,0 no negation,NA
1357,zhidao,/Zhou3/020310.cha,mother,MOT: 留下来就知道这边还有一个大瘤.,2 CP,,0 dropped,2 CP,,0 dropped,0 declarative,0 declarative,0 declarative,0 declarative,NA,NA,NA,NA,0 no negation,0 no negation,NA
1358,zhidao,/Zhou3/020310.cha,mother,MOT: 雪儿知道里面有没有老虎.,2 CP,,3 third/NP,2 CP,,3 third/NP,0 declarative,1 polar_question,0 declarative,1 polar_question,NA,NA,NA,NA,0 no negation,0 no negation,NA
1359,zhidao,/Zhou3/020310.cha,mother,MOT: 爸爸知道你要讲给我听.,2 CP,,3 third/NP,2 CP,,3 third/NP,0 declarative,0 declarative,0 declarative,0 declarative,NA,NA,NA,NA,0 no negation,0 no negation,NA
1365,zhidao,/Zhou3/020323.cha,mother,MOT: 还知道啊?,0 No,0 No,0 dropped,0 No,0 No,0 dropped,1 polar_question,,1 polar_question,,NA,NA,NA,NA,0 no negation,0 no negation,NA
1368,zhidao,/Zhou3/020323.cha,mother,MOT: 你也知道对了.,1 Adj,1 Adj,2 second_person,0 No,1 Adj,2 second_person,0 declarative,,0 declarative,,NA,NA,NA,NA,0 no negation,0 no negation,NA
1370,zhidao,/Zhou3/020406.cha,father,FAT: 你知道阿姨需要哪些照啊?,2 CP,,2 second_person,2 CP,,2 second_person,1 polar_question,2 wh_question,1 polar_question,2 wh_question,NA,NA,NA,NA,0 no negation,0 no negation,NA
1371,zhidao,/Zhou3/020406.cha,mother,MOT: 雪儿不知道.,0 No,0 No,3 third/NP,0 No,0 No,3 third/NP,0 declarative,,0 declarative,,NA,NA,NA,NA,2 不,2 不,NA
1372,zhidao,/Zhou3/020406.cha,mother,MOT: 哦她不知道人姓名知道.,0 No,0 No,3 third/NP,0 No,2 NP,3 third/NP,0 declarative,,0 declarative,,NA,NA,NA,NA,2 不,2 不,NA
1372_b,zhidao,/Zhou3/020406.cha,mother,MOT: 哦她不知道人姓名知道.,0 No,0 No,3 third/NP,0 No,0 No,3 third/NP,0 declarative,,0 declarative,,NA,NA,NA,NA,2 不,2 不,NA
1373,zhidao,/Zhou3/020406.cha,mother,MOT: 是不是人姓名知道?,0 No,0 No,0 dropped,0 No,0 No,0 dropped,1 polar_question,,1 polar_question,,NA,NA,NA,NA,0 no negation,0 no negation,NA
1374,zhidao,/Zhou3/020406.cha,mother,MOT: 哦雪儿也知道.,0 No,0 No,3 third/NP,0 No,0 No,3 third/NP,0 declarative,,0 declarative,,NA,NA,NA,NA,0 no negation,0 no negation,NA
1375,zhidao,/Zhou3/020406.cha,mother,MOT: 哦两岁了雪儿知道.,0 No,0 No,3 third/NP,0 No,0 No,3 third/NP,0 declarative,,0 declarative,,NA,NA,NA,NA,0 no negation,0 no negation,NA
1376,zhidao,/Zhou3/020500.cha,mother,MOT: 不知道的问题就避而不答.,0 No,4 RC的,0 dropped,0 No,4 RC的,0 dropped,0 declarative,,0 declarative,,NA,NA,NA,NA,2 不,2 不,NA
1377,zhidao,/Zhou3/020500.cha,mother,MOT: 哎雪儿她自己知道摆.,2 CP,,3 third/NP,0 No,0 No,3 third/NP,0 declarative,,0 declarative,,NA,NA,NA,NA,0 no negation,0 no negation,NA
1378,zhidao,/Zhou3/020500.cha,mother,MOT: 你不知道啊?,0 No,0 No,2 second_person,0 No,0 No,2 second_person,1 polar_question,,1 polar_question,,NA,NA,NA,NA,2 不,2 不,NA
1380,zhidao,/Zhou3/020600.cha,mother,MOT: 知道啊?,0 No,0 No,0 dropped,0 No,0 No,0 dropped,1 polar_question,,1 polar_question,,NA,NA,NA,NA,0 no negation,0 no negation,NA
1381,zhidao,/Zhou3/020800.cha,GRM,GRM: 你还知道垃圾箱在哪里啊?,2 CP,,2 second_person,2 CP,,2 second_person,1 polar_question,2 wh_question,1 polar_question,2 wh_question,NA,NA,NA,NA,0 no negation,0 no negation,NA
1382,zhidao,/Zhou3/020800.cha,GRM,GRM: 你知道垃圾箱在哪里啊?,2 CP,,2 second_person,2 CP,,2 second_person,1 polar_question,2 wh_question,1 polar_question,2 wh_question,NA,NA,NA,NA,0 no negation,0 no negation,NA
1383,zhidao,/Zhou3/020800.cha,investigator,SHE: 她还知道红花油.,0 No,2 NP,3 third/NP,0 No,2 NP,3 third/NP,0 declarative,,0 declarative,,NA,NA,NA,NA,0 no negation,0 no negation,NA
1384,zhidao,/Zhou3/020800.cha,GRM,GRM: 还不知道呢.,0 No,0 No,0 dropped,0 No,0 No,0 dropped,0 declarative,,0 declarative,,NA,NA,NA,NA,2 不,2 不,NA
1389,zhidao,/Zhou3/020800.cha,GRM,GRM: 我知道你会把它拣起来的.,2 CP,,1 first_person,2 CP,,1 first_person,0 declarative,0 declarative,0 declarative,0 declarative,NA,NA,NA,NA,0 no negation,0 no negation,NA
1390,zhidao,/Zhou3/021000.cha,mother,MOT: 哦我知道这个是什么呢?,2 CP,,1 first_person,2 CP,,1 first_person,1 polar_question,2 wh_question,1 polar_question,2 wh_question,NA,NA,NA,NA,0 no negation,0 no negation,NA
1394,zhidao,/Zhou3/021000.cha,mother,MOT: 我知道雪儿最拿手的儿歌就是小猪子的?,2 CP,,1 first_person,2 CP,,1 first_person,0 declarative,0 declarative,1 polar_question,0 declarative,NA,NA,NA,NA,0 no negation,0 no negation,NA
1395,zhidao,/Zhou3/030100.cha,mother,MOT: 雪儿你知道这是干什么用的?,2 CP,,2 second_person,2 CP,,2 second_person,1 polar_question,2 wh_question,1 polar_question,2 wh_question,NA,NA,NA,NA,0 no negation,0 no negation,NA
1396,zhidao,/Zhou3/030100.cha,mother,MOT: 哦你也知道是剪头发呀.,2 CP,,2 second_person,2 CP,,2 second_person,0 declarative,0 declarative,0 declarative,0 declarative,NA,NA,NA,NA,0 no negation,0 no negation,NA
1397,zhidao,/Zhou3/030100.cha,mother,MOT: 哦你也知道是剪头发的呀?,2 CP,,2 second_person,2 CP,,2 second_person,1 polar_question,0 declarative,1 polar_question,0 declarative,NA,NA,NA,NA,0 no negation,0 no negation,NA
1399,zhidao,/Zhou3/030100.cha,mother,MOT: 知道.,0 No,0 No,0 dropped,0 No,0 No,0 dropped,0 declarative,,0 declarative,,NA,NA,NA,NA,0 no negation,0 no negation,NA
1401,zhidao,/Zhou3/030100.cha,mother,MOT: 哦你还知道帮助别人呢.,2 CP,,2 second_person,2 CP,,0 dropped,0 declarative,0 declarative,0 declarative,0 declarative,NA,NA,NA,NA,0 no negation,0 no negation,NA
1404,zhidao,/Zhou3/030200.cha,mother,MOT: 哦我还不知道呢.,0 No,0 No,1 first_person,0 No,0 No,1 first_person,0 declarative,,0 declarative,,NA,NA,NA,NA,2 不,2 不,NA
1406,zhidao,/Zhou3/030200.cha,mother,MOT: 你也知道这个三写得不好啊.,2 CP,,2 second_person,2 CP,,2 second_person,0 declarative,0 declarative,0 declarative,0 declarative,NA,NA,NA,NA,0 no negation,0 no negation,NA
1407,zhidao,/Zhou3/030200.cha,mother,MOT: 我知道.,0 No,0 No,1 first_person,0 No,0 No,1 first_person,0 declarative,,0 declarative,,NA,NA,NA,NA,0 no negation,0 no negation,NA
1408,zhidao,/Zhou3/030200.cha,mother,MOT: 我又不知道它带你写的什么.,2 CP,,1 first_person,2 CP,,1 first_person,0 declarative,2 wh_question,0 declarative,2 wh_question,NA,NA,NA,NA,2 不,2 不,NA
1409,zhidao,/Zhou3/030200.cha,mother,MOT: 我怎么知道他写的是什么字呢?,2 CP,,1 first_person,2 CP,,1 first_person,3 how/why,2 wh_question,3 how/why,2 wh_question,NA,NA,NA,NA,0 no negation,0 no negation,NA
1410,zhidao,/Tong/010822.cha,mother,"MOT: 一,你都不知道啊,同同?",0 No,0 No,2 second_person,0 No,0 No,2 second_person,NA,NA,NA,NA,0 declarative,,1 polar_question,,2 不,2 不,NA
1411,zhidao,/Tong/010822.cha,father,FAT: 你知道吧?,0 No,0 No,2 second_person,0 No,0 No,2 second_person,NA,NA,NA,NA,1 polar_question,,1 polar_question,,0 no negation,0 no negation,NA
1412,zhidao,/Tong/010919.cha,mother,"MOT: 哦,电风扇,你都知道啊,同同?",0 No,0 No,2 second_person,0 No,0 No,2 second_person,NA,NA,NA,NA,0 declarative,,1 polar_question,,0 no negation,0 no negation,NA
1413,zhidao,/Tong/010919.cha,father,FAT: 你来看一看就知道了.,0 No,0 No,2 second_person,0 No,0 No,0 dropped,NA,NA,NA,NA,0 declarative,0 declarative,0 declarative,,0 no negation,0 no negation,NA
1414,zhidao,/Tong/010919.cha,mother,MOT: <这个>[/](.)这个不知道上哪去了.,2 CP,,0 dropped,2 CP,,0 dropped,NA,NA,NA,NA,0 declarative,2 wh_question,0 declarative,2 wh_question,2 不,2 不,NA
1415,zhidao,/Tong/010919.cha,father,"FAT: 同同,就不知道判断还是在碰运气.",2 CP,,0 dropped,2 CP,,0 dropped,NA,NA,NA,NA,0 declarative,1 polar_question,0 declarative,1 polar_question,2 不,2 不,NA
1416,zhidao,/Tong/010919.cha,mother,MOT: 倒到不知道哪去了.,2 CP,,0 dropped,2 CP,,0 dropped,NA,NA,NA,NA,0 declarative,2 wh_question,0 declarative,2 wh_question,2 不,2 不,NA
1417,zhidao,/Tong/010919.cha,father,FAT: 你怎么知道的啊?,0 No,0 No,2 second_person,0 No,4 RC的,2 second_person,NA,NA,NA,NA,3 how/why,,3 how/why,,0 no negation,0 no negation,NA
1418,zhidao,/Tong/010919.cha,father,FAT: 你知道他掏什么?,2 CP,,2 second_person,2 CP,,2 second_person,NA,NA,NA,NA,1 polar_question,2 wh_question,1 polar_question,2 wh_question,0 no negation,0 no negation,NA
1419,zhidao,/Tong/010919.cha,father,FAT: 爸爸不知道怎么走啊.,2 CP,,4 self_reference,2 CP,,4 self_reference,NA,NA,NA,NA,0 declarative,2 wh_question,0 declarative,2 wh_question,2 不,2 不,NA
1420,zhidao,/Tong/011017.cha,mother,MOT: 你知道吗?,0 No,0 No,2 second_person,0 No,0 No,2 second_person,NA,NA,NA,NA,1 polar_question,,1 polar_question,,0 no negation,0 no negation,NA
1423,zhidao,/Tong/011017.cha,GRA,GRA: 你知道吗?,0 No,0 No,2 second_person,0 No,0 No,2 second_person,NA,NA,NA,NA,1 polar_question,,1 polar_question,,0 no negation,0 no negation,NA
1424,zhidao,/Tong/011017.cha,GRA,GRA: 我知道啦.,0 No,0 No,1 first_person,0 No,0 No,1 first_person,NA,NA,NA,NA,0 declarative,,0 declarative,,0 no negation,0 no negation,NA
1425,zhidao,/Tong/011121.cha,mother,"MOT: 这个,<我也>[//]妈妈也不知道什么.",4 NP,2 NP,4 self_reference,0 No,2 NP,4 self_reference,NA,NA,NA,NA,0 declarative,2 wh_question,0 declarative,,2 不,2 不,NA
1426,zhidao,/Tong/011121.cha,mother,"MOT: 嗯,这个,你不知道.",0 No,0 No,2 second_person,0 No,0 No,2 second_person,NA,NA,NA,NA,0 declarative,0 declarative,0 declarative,,2 不,2 不,NA
1427,zhidao,/Tong/011121.cha,mother,MOT: 你还不知道.,0 No,0 No,2 second_person,0 No,0 No,2 second_person,NA,NA,NA,NA,0 declarative,,0 declarative,,2 不,2 不,NA
1428,zhidao,/Tong/011121.cha,mother,MOT: 他还是不知道.,0 No,0 No,3 third/NP,0 No,0 No,2 second_person,NA,NA,NA,NA,0 declarative,,0 declarative,,2 不,2 不,NA
1429,zhidao,/Tong/011121.cha,father,FAT: 谁说不知道.,0 No,0 No,0 dropped,0 No,0 No,3 third/NP,NA,NA,NA,NA,2 wh_question,,2 wh_question,,2 不,2 不,NA
1430,zhidao,/Tong/011121.cha,father,FAT: 知道.,0 No,0 No,0 dropped,0 No,0 No,0 dropped,NA,NA,NA,NA,0 declarative,,0 declarative,,0 no negation,0 no negation,NA
1431,zhidao,/Tong/011121.cha,father,FAT: 看知道了.,0 No,0 No,0 dropped,0 No,0 No,0 dropped,NA,NA,NA,NA,0 declarative,,0 declarative,,0 no negation,0 no negation,NA
1432,zhidao,/Tong/020019.cha,mother,MOT: 你知道吗?,0 No,0 No,2 second_person,0 No,0 No,2 second_person,NA,NA,NA,NA,1 polar_question,,1 polar_question,,0 no negation,0 no negation,NA
1433,zhidao,/Tong/020019.cha,mother,MOT: 不知道啊?,0 No,0 No,0 dropped,0 No,0 No,0 dropped,NA,NA,NA,NA,1 polar_question,,1 polar_question,,2 不,2 不,NA
1434,zhidao,/Tong/020019.cha,mother,MOT: 你知道吗?,0 No,0 No,2 second_person,0 No,0 No,2 second_person,NA,NA,NA,NA,1 polar_question,,1 polar_question,,0 no negation,0 no negation,NA
1435,zhidao,/Tong/020019.cha,mother,MOT: 同同知道还有一张卡片.,2 CP,,3 third/NP,2 CP,,3 third/NP,NA,NA,NA,NA,0 declarative,0 declarative,0 declarative,0 declarative,0 no negation,0 no negation,NA
1436,zhidao,/Tong/020019.cha,mother,MOT: 同同知道有的车是往后退有的车是往前走.,2 CP,,3 third/NP,2 CP,,3 third/NP,NA,NA,NA,NA,0 declarative,0 declarative,0 declarative,0 declarative,0 no negation,0 no negation,NA
1437,zhidao,/Tong/020019.cha,mother,"MOT: 同同,那个(.)爸爸一般每天几点钟回来,你知道吗?",0 No,0 No,2 second_person,0 No,0 No,2 second_person,NA,NA,NA,NA,4 tag_question,2 wh_question,4 tag_question,2 wh_question,0 no negation,0 no negation,NA
1438,zhidao,/Tong/020019.cha,mother,MOT: 不知道.,0 No,0 No,0 dropped,0 No,0 No,0 dropped,NA,NA,NA,NA,0 declarative,,0 declarative,,2 不,2 不,NA
1439,zhidao,/Tong/020019.cha,mother,MOT: 我知道.,0 No,0 No,1 first_person,0 No,0 No,1 first_person,NA,NA,NA,NA,0 declarative,,0 declarative,,0 no negation,0 no negation,NA
1440,zhidao,/Tong/020019.cha,GRA,"GRA: 哦,我知道.",0 No,0 No,1 first_person,0 No,0 No,1 first_person,NA,NA,NA,NA,0 declarative,,0 declarative,,0 no negation,0 no negation,NA
1441,zhidao,/Tong/020117.cha,mother,MOT: 你不知道啊?,0 No,0 No,2 second_person,0 No,0 No,2 second_person,NA,NA,NA,NA,1 polar_question,,1 polar_question,,2 不,2 不,NA
1442,zhidao,/Tong/020117.cha,GRA,GRA: 我不知道.,0 No,0 No,1 first_person,0 No,0 No,1 first_person,NA,NA,NA,NA,0 declarative,,0 declarative,,2 不,2 不,NA
1443,zhidao,/Tong/020117.cha,GRA,GRA: 我不知道...,0 No,0 No,1 first_person,0 No,3 Incomplete,1 first_person,NA,NA,NA,NA,0 declarative,,0 declarative,,2 不,2 不,NA
1445,zhidao,/Tong/020117.cha,mother,MOT: 你还不知道是哪里的.,2 CP,,2 second_person,2 CP,,2 second_person,NA,NA,NA,NA,0 declarative,2 wh_question,0 declarative,2 wh_question,2 不,2 不,NA
1446,zhidao,/Tong/020117.cha,mother,MOT: 我知道.,0 No,0 No,1 first_person,0 No,0 No,1 first_person,NA,NA,NA,NA,0 declarative,,0 declarative,,0 no negation,0 no negation,NA
1448,zhidao,/Tong/020117.cha,mother,"MOT: 哦,你知道呵.",0 No,0 No,2 second_person,0 No,0 No,2 second_person,NA,NA,NA,NA,0 declarative,,0 declarative,,0 no negation,0 no negation,NA
1449,zhidao,/Tong/020117.cha,mother,"MOT: 哦,我知道哪个车里面有t@l了.",2 CP,,1 first_person,2 CP,,1 first_person,NA,NA,NA,NA,0 declarative,2 wh_question,0 declarative,2 wh_question,0 no negation,0 no negation,NA
1450,zhidao,/Tong/020117.cha,mother,"MOT: ""嗯,我不知道.",0 No,0 No,1 first_person,0 No,0 No,1 first_person,NA,NA,NA,NA,0 declarative,,0 declarative,,2 不,2 不,NA
1451,zhidao,/Tong/020117.cha,mother,"MOT: 小兔子怎么捏,你知道吗?",0 No,0 No,2 second_person,0 No,0 No,2 second_person,NA,NA,NA,NA,4 tag_question,2 wh_question,4 tag_question,2 wh_question,0 no negation,0 no negation,NA
1452,zhidao,/Tong/020117.cha,mother,MOT: 还有什么想知道的?,0 No,0 No,0 dropped,0 No,4 RC的,0 dropped,NA,NA,NA,NA,2 wh_question,,2 wh_question,,0 no negation,0 no negation,NA
1454,zhidao,/Tong/020117.cha,mother,"MOT: 哦,想知道剪刀啊.",4 NP,2 NP,0 dropped,0 No,2 NP,0 dropped,NA,NA,NA,NA,0 declarative,,0 declarative,,0 no negation,0 no negation,NA
1456,zhidao,/Tong/020117.cha,mother,MOT: 你直接说我不知道就好嘞.,1 Adj,1 Adj,1 first_person,0 No,1 Adj,1 first_person,NA,NA,NA,NA,0 declarative,0 declarative,0 declarative,,2 不,2 不,NA
1457,zhidao,/Tong/020117.cha,mother,MOT: 你不用说我也不知道.,0 No,0 No,1 first_person,0 No,0 No,1 first_person,NA,NA,NA,NA,0 declarative,0 declarative,0 declarative,,2 不,2 不,NA
1458,zhidao,/Tong/020117.cha,mother,MOT: 因为妈妈知道.,0 No,0 No,4 self_reference,0 No,0 No,4 self_reference,NA,NA,NA,NA,0 declarative,,0 declarative,,0 no negation,0 no negation,NA
1459,zhidao,/Tong/020117.cha,mother,MOT: 只有你一个人不知道而已.,0 No,0 No,2 second_person,2 CP,,2 second_person,NA,NA,NA,NA,0 declarative,0 declarative,0 declarative,,2 不,2 不,NA
1461,zhidao,/Tong/020117.cha,mother,MOT: 你就说我知道.,0 No,0 No,1 first_person,0 No,0 No,1 first_person,NA,NA,NA,NA,0 declarative,,0 declarative,,0 no negation,0 no negation,NA
1463,zhidao,/Tong/020117.cha,mother,"MOT: ""我知道.",0 No,0 No,1 first_person,0 No,0 No,1 first_person,NA,NA,NA,NA,0 declarative,,0 declarative,,0 no negation,0 no negation,NA
1464,zhidao,/Tong/020117.cha,mother,"MOT: ""我不知道.",0 No,0 No,1 first_person,0 No,0 No,1 first_person,NA,NA,NA,NA,0 declarative,,0 declarative,,2 不,2 不,NA
1465,zhidao,/Tong/020117.cha,mother,"MOT: 同同,你知道世界上的国家可多了.",0 No,4 RC的,2 second_person,2 CP,,2 second_person,NA,NA,NA,NA,0 declarative,0 declarative,0 declarative,0 declarative,0 no negation,0 no negation,NA
1466,zhidao,/Tong/020117.cha,mother,"MOT: 美国,你知道吗?",0 No,0 No,2 second_person,0 No,0 No,2 second_person,NA,NA,NA,NA,4 tag_question,,1 polar_question,,0 no negation,0 no negation,NA
1467,zhidao,/Tong/020117.cha,mother,MOT: 知道什么是屋顶吗?,2 CP,,0 dropped,2 CP,,0 dropped,NA,NA,NA,NA,1 polar_question,2 wh_question,1 polar_question,2 wh_question,0 no negation,0 no negation,NA
1468,zhidao,/Tong/020117.cha,mother,MOT: 我怎么知道哪里有啊?,2 CP,,1 first_person,2 CP,,1 first_person,NA,NA,NA,NA,3 how/why,2 wh_question,3 how/why,2 wh_question,0 no negation,0 no negation,NA
1469,zhidao,/Tong/020117.cha,mother,"MOT: 哦,我知道了.",0 No,0 No,1 first_person,0 No,0 No,1 first_person,NA,NA,NA,NA,0 declarative,,0 declarative,,0 no negation,0 no negation,NA
1471,zhidao,/Tong/020117.cha,mother,"MOT: 对,有俩桥不知道上哪去了.",2 CP,,0 dropped,2 CP,,0 dropped,NA,NA,NA,NA,0 declarative,2 wh_question,0 declarative,2 wh_question,2 不,2 不,NA
1473,zhidao,/Tong/020216.cha,mother,MOT: 妈妈都不知道这是什么东西.,2 CP,,4 self_reference,2 CP,,4 self_reference,NA,NA,NA,NA,0 declarative,2 wh_question,0 declarative,2 wh_question,2 不,2 不,NA
1474,zhidao,/Tong/020216.cha,mother,"MOT: 这个,我知道.",0 No,0 No,1 first_person,0 No,0 No,1 first_person,NA,NA,NA,NA,0 declarative,,0 declarative,,0 no negation,0 no negation,NA
1475,zhidao,/Tong/020216.cha,mother,MOT: 我也不知道.,0 No,0 No,1 first_person,0 No,0 No,1 first_person,NA,NA,NA,NA,0 declarative,,0 declarative,,2 不,2 不,NA
1476,zhidao,/Tong/020216.cha,mother,MOT: 妈妈不知道你的校车在哪里.,2 CP,,4 self_reference,2 CP,,4 self_reference,NA,NA,NA,NA,0 declarative,2 wh_question,0 declarative,2 wh_question,2 不,2 不,NA
1477,zhidao,/Tong/020216.cha,mother,MOT: 我不知道.,0 No,0 No,1 first_person,0 No,0 No,1 first_person,NA,NA,NA,NA,0 declarative,,0 declarative,,2 不,2 不,NA
1478,zhidao,/Tong/020216.cha,mother,MOT: 我也不知道.,0 No,0 No,1 first_person,0 No,0 No,1 first_person,NA,NA,NA,NA,0 declarative,,0 declarative,,2 不,2 不,NA
1479,zhidao,/Tong/020216.cha,mother,MOT: 不知道你的杯子在哪?,2 CP,,0 dropped,2 CP,,0 dropped,NA,NA,NA,NA,2 wh_question,3 base-generated wh/polar,1 polar_question,2 wh_question,2 不,2 不,NA
1480,zhidao,/Tong/020216.cha,mother,MOT: 几点钟了我都不知道.,0 No,0 No,1 first_person,0 No,0 No,1 first_person,NA,NA,NA,NA,0 declarative,2 wh_question,0 declarative,,2 不,2 不,NA
1481,zhidao,/Tong/020216.cha,mother,MOT: 爸爸去上水他都知道.,0 No,0 No,3 third/NP,0 No,0 No,3 third/NP,NA,NA,NA,NA,0 declarative,0 declarative,0 declarative,,0 no negation,0 no negation,NA
1482,zhidao,/Tong/020216.cha,father,FAT: 你怎么知道我去上水?,2 CP,,2 second_person,2 CP,,2 second_person,NA,NA,NA,NA,3 how/why,0 declarative,3 how/why,0 declarative,0 no negation,0 no negation,NA
1483,zhidao,/Tong/020216.cha,mother,MOT: 我不知道怎么去[<].,2 CP,,1 first_person,2 CP,,1 first_person,NA,NA,NA,NA,0 declarative,2 wh_question,0 declarative,2 wh_question,2 不,2 不,NA
1484,zhidao,/Tong/020314.cha,mother,MOT: 后来不知道上哪儿去了.,2 CP,,0 dropped,2 CP,,0 dropped,NA,NA,NA,NA,0 declarative,2 wh_question,0 declarative,2 wh_question,2 不,2 不,NA
1485,zhidao,/Tong/020314.cha,mother,MOT: 你还知道荷叶啊!,4 NP,2 NP,2 second_person,0 No,2 NP,2 second_person,NA,NA,NA,NA,0 declarative,,0 declarative,,0 no negation,0 no negation,NA
1486,zhidao,/Tong/020314.cha,mother,MOT: 那你知道这是什么吗?,2 CP,,2 second_person,2 CP,,2 second_person,NA,NA,NA,NA,1 polar_question,2 wh_question,1 polar_question,2 wh_question,0 no negation,0 no negation,NA
1488,zhidao,/Tong/020314.cha,mother,MOT: 看哪个咱们同同知道的.,0 No,0 No,3 third/NP,0 No,4 RC的,3 third/NP,NA,NA,NA,NA,0 declarative,0 declarative,0 declarative,2 wh_question,0 no negation,0 no negation,NA
1490,zhidao,/Tong/020314.cha,mother,"MOT: 同同,这个灯笼是什么时候买的,你知道吗?",0 No,0 No,2 second_person,0 No,0 No,2 second_person,NA,NA,NA,NA,4 tag_question,2 wh_question,4 tag_question,2 wh_question,0 no negation,0 no negation,NA
1493,zhidao,/Tong/020314.cha,mother,MOT: 我知道啊.,0 No,0 No,1 first_person,0 No,0 No,1 first_person,NA,NA,NA,NA,0 declarative,,0 declarative,,0 no negation,0 no negation,NA
1496,zhidao,/Tong/020416.cha,mother,MOT: 不知道到哪里去了?,2 CP,,0 dropped,2 CP,,0 dropped,NA,NA,NA,NA,1 polar_question,2 wh_question,1 polar_question,2 wh_question,2 不,2 不,NA
1497,zhidao,/Tong/020416.cha,mother,MOT: 这个还不知道它是什么东西.,2 CP,,0 dropped,2 CP,,0 dropped,NA,NA,NA,NA,0 declarative,2 wh_question,0 declarative,2 wh_question,2 不,2 不,NA
1498,zhidao,/Tong/020416.cha,mother,"MOT: 二十七,不知道在哪.",2 CP,,0 dropped,2 CP,,0 dropped,NA,NA,NA,NA,0 declarative,2 wh_question,0 declarative,2 wh_question,2 不,2 不,NA
1499,zhidao,/Tong/020416.cha,mother,"MOT: 什么动物鼻子灵,你知道吗?",0 No,0 No,2 second_person,0 No,0 No,2 second_person,NA,NA,NA,NA,4 tag_question,2 wh_question,4 tag_question,2 wh_question,0 no negation,0 no negation,NA
1500,zhidao,/Tong/020416.cha,mother,MOT: 你知道什么动物鼻子灵啊?,2 CP,,2 second_person,2 CP,,2 second_person,NA,NA,NA,NA,1 polar_question,2 wh_question,1 polar_question,2 wh_question,0 no negation,0 no negation,NA
1502,zhidao,/Tong/020416.cha,mother,MOT: 不知道.,0 No,0 No,0 dropped,0 No,0 No,0 dropped,NA,NA,NA,NA,0 declarative,,0 declarative,,2 不,2 不,NA
1504,zhidao,/Tong/020416.cha,mother,"MOT: 哦,不知道了.",0 No,0 No,0 dropped,0 No,0 No,0 dropped,NA,NA,NA,NA,0 declarative,,0 declarative,,2 不,2 不,NA
1505,zhidao,/Tong/020416.cha,mother,MOT: 我也不知道是什么样的火车.,2 CP,,1 first_person,2 CP,,1 first_person,NA,NA,NA,NA,0 declarative,2 wh_question,0 declarative,2 wh_question,2 不,2 不,NA
1509,zhidao,/Tong/020416.cha,mother,MOT: 妈妈不知道画得像不像啊.,2 CP,,4 self_reference,2 CP,,4 self_reference,NA,NA,NA,NA,0 declarative,1 polar_question,0 declarative,1 polar_question,2 不,2 不,NA
1510,zhidao,/Tong/020530.cha,mother,"MOT: 同同,你不知道哪个是最大的,是吗?",2 CP,,2 second_person,2 CP,,2 second_person,NA,NA,NA,NA,4 tag_question,0 declarative,4 tag_question,0 declarative,2 不,2 不,NA
1511,zhidao,/Tong/020530.cha,mother,"MOT: 救护车是什么数字,你知道吗?",0 No,0 No,2 second_person,0 No,0 No,2 second_person,NA,NA,NA,NA,4 tag_question,2 wh_question,4 tag_question,2 wh_question,0 no negation,0 no negation,NA
1513,zhidao,/Tong/020530.cha,mother,"MOT: 它有什么标志,你知道吗?",0 No,0 No,2 second_person,0 No,0 No,2 second_person,NA,NA,NA,NA,4 tag_question,2 wh_question,4 tag_question,2 wh_question,0 no negation,0 no negation,NA
1515,zhidao,/Tong/020530.cha,mother,"MOT: 这小动物,不知道叫什么名字.",2 CP,,0 dropped,2 CP,,0 dropped,NA,NA,NA,NA,0 declarative,2 wh_question,0 declarative,2 wh_question,2 不,2 不,NA
1518,zhidao,/Tong/020530.cha,mother,MOT: 你不知道啊?,0 No,0 No,2 second_person,0 No,0 No,2 second_person,NA,NA,NA,NA,1 polar_question,,1 polar_question,,2 不,2 不,NA
1524,zhidao,/Tong/020530.cha,GRA,GRA: 他知道.,0 No,0 No,3 third/NP,0 No,0 No,3 third/NP,NA,NA,NA,NA,0 declarative,,0 declarative,,0 no negation,0 no negation,NA
1525,zhidao,/Tong/020613.cha,mother,"MOT: 妈妈去哪里,你知道吗?",0 No,0 No,2 second_person,0 No,0 No,2 second_person,NA,NA,NA,NA,4 tag_question,2 wh_question,4 tag_question,2 wh_question,0 no negation,0 no negation,NA
1528,zhidao,/Tong/020613.cha,mother,"MOT: 哎,你怎么不知道.",0 No,0 No,2 second_person,0 No,0 No,2 second_person,NA,NA,NA,NA,3 how/why,,3 how/why,,2 不,2 不,NA
1530,zhidao,/Tong/020613.cha,mother,"MOT: 同同,你知道今天是什么日子吗?",2 CP,,2 second_person,2 CP,,2 second_person,NA,NA,NA,NA,1 polar_question,2 wh_question,1 polar_question,2 wh_question,0 no negation,0 no negation,NA
1537,zhidao,/Tong/020613.cha,mother,MOT: 知道吗?,0 No,0 No,0 dropped,0 No,0 No,0 dropped,NA,NA,NA,NA,1 polar_question,,1 polar_question,,0 no negation,0 no negation,NA
1541,zhidao,/Tong/020613.cha,mother,"MOT: 星星是什么颜色的,你知道吗?",0 No,0 No,2 second_person,0 No,0 No,2 second_person,NA,NA,NA,NA,4 tag_question,2 wh_question,4 tag_question,2 wh_question,0 no negation,0 no negation,NA
1545,zhidao,/Tong/020719.cha,mother,MOT: 你就知道摇床.,2 CP,,2 second_person,0 No,2 NP,2 second_person,NA,NA,NA,NA,0 declarative,,0 declarative,,0 no negation,0 no negation,NA
1546,zhidao,/Tong/020719.cha,mother,MOT: 知道吗?,0 No,0 No,0 dropped,0 No,0 No,0 dropped,NA,NA,NA,NA,1 polar_question,,1 polar_question,,0 no negation,0 no negation,NA
1553,zhidao,/Tong/020719.cha,mother,MOT: 你知道吗?,0 No,0 No,2 second_person,0 No,0 No,0 dropped,NA,NA,NA,NA,1 polar_question,,1 polar_question,,0 no negation,0 no negation,NA
1556,zhidao,/Tong/020719.cha,mother,"MOT: 同同,这个标志,你知道是什么意思吗?",2 CP,,2 second_person,2 CP,,2 second_person,NA,NA,NA,NA,1 polar_question,2 wh_question,1 polar_question,2 wh_question,0 no negation,0 no negation,NA
1558,zhidao,/Tong/020719.cha,mother,"MOT: 同同,这个是干吗用的,你知道吗?",0 No,0 No,2 second_person,0 No,0 No,2 second_person,NA,NA,NA,NA,4 tag_question,2 wh_question,4 tag_question,2 wh_question,0 no negation,0 no negation,NA
1563,zhidao,/Tong/020719.cha,father,FAT: 那个不知道.,0 No,0 No,0 dropped,0 No,0 No,0 dropped,NA,NA,NA,NA,0 declarative,,0 declarative,,2 不,2 不,NA
1564,zhidao,/Tong/020719.cha,mother,MOT: 你都知道西湖公园了.,4 NP,2 NP,2 second_person,2 CP,,2 second_person,NA,NA,NA,NA,0 declarative,,0 declarative,,0 no negation,0 no negation,NA
1566,zhidao,/Tong/020808.cha,mother,MOT: 你还知道体操要下一字啊?,2 CP,,2 second_person,2 CP,,2 second_person,NA,NA,NA,NA,1 polar_question,0 declarative,1 polar_question,0 declarative,0 no negation,0 no negation,NA
1567,zhidao,/Tong/020808.cha,mother,MOT: 你知道磨磨蹭蹭是什么意思吗?,2 CP,,2 second_person,2 CP,,2 second_person,NA,NA,NA,NA,1 polar_question,2 wh_question,1 polar_question,2 wh_question,0 no negation,0 no negation,NA
1568,zhidao,/Tong/020808.cha,mother,MOT: 我知道你.,4 NP,2 NP,1 first_person,0 No,2 NP,1 first_person,NA,NA,NA,NA,0 declarative,,0 declarative,,0 no negation,0 no negation,NA
1569,zhidao,/Tong/020906.cha,GRM,GRM: 同同不知道呀?,0 No,0 No,3 third/NP,0 No,0 No,3 third/NP,NA,NA,NA,NA,1 polar_question,,1 polar_question,,2 不,2 不,NA
1570,zhidao,/Tong/020906.cha,mother,MOT: 同同你怎么<不知>[/]不知道啊?,0 No,0 No,2 second_person,0 No,0 No,2 second_person,NA,NA,NA,NA,3 how/why,,3 how/why,,2 不,2 不,NA
1571,zhidao,/Tong/020906.cha,GRF,GRF: 同同知道好不好吃?,2 CP,,3 third/NP,2 CP,,3 third/NP,NA,NA,NA,NA,1 polar_question,1 polar_question,1 polar_question,1 polar_question,0 no negation,0 no negation,NA
1572,zhidao,/Tong/020906.cha,GRF,"GRF: 哦,我知道了.",0 No,0 No,1 first_person,0 No,0 No,1 first_person,NA,NA,NA,NA,0 declarative,,0 declarative,,0 no negation,0 no negation,NA
1575,zhidao,/Tong/020906.cha,GRF,GRF: 你不知道啊?,0 No,0 No,2 second_person,0 No,0 No,2 second_person,NA,NA,NA,NA,1 polar_question,,1 polar_question,,2 不,2 不,NA
1577,zhidao,/Tong/020906.cha,GRF,GRF: 不知道啊?,0 No,0 No,0 dropped,0 No,0 No,0 dropped,NA,NA,NA,NA,1 polar_question,,1 polar_question,,2 不,2 不,NA
1580,zhidao,/Tong/020906.cha,mother,MOT: 同同你知道专门炒菜的人叫什么吗?,2 CP,,2 second_person,2 CP,,2 second_person,NA,NA,NA,NA,1 polar_question,2 wh_question,1 polar_question,2 wh_question,0 no negation,0 no negation,NA
1581,zhidao,/Tong/020906.cha,mother,MOT: 你知道吗?,0 No,0 No,2 second_person,0 No,0 No,2 second_person,NA,NA,NA,NA,1 polar_question,,1 polar_question,,0 no negation,0 no negation,NA
1582,zhidao,/Tong/020906.cha,GRM,"GRM: 哦,知道了.",0 No,0 No,0 dropped,0 No,0 No,0 dropped,NA,NA,NA,NA,0 declarative,,0 declarative,,0 no negation,0 no negation,NA
1583,zhidao,/Tong/020906.cha,GRM,GRM: 哦你知道啊?,0 No,0 No,2 second_person,0 No,0 No,2 second_person,NA,NA,NA,NA,1 polar_question,,1 polar_question,,0 no negation,0 no negation,NA
1585,zhidao,/Tong/020906.cha,mother,MOT: 你都不知道那没法比了.,2 CP,,2 second_person,2 CP,,2 second_person,NA,NA,NA,NA,0 declarative,0 declarative,0 declarative,,2 不,2 不,NA
1588,zhidao,/Tong/020906.cha,mother,MOT: 知道得真多.,0 No,4 RC的,0 dropped,0 No,1 Adj,0 dropped,NA,NA,NA,NA,0 declarative,,0 declarative,,0 no negation,0 no negation,NA
1590,zhidao,/Tong/020906.cha,mother,"MOT: 要看这个身体上的颜色,你就知道是什么颜色.",2 CP,,2 second_person,2 CP,,2 second_person,NA,NA,NA,NA,0 declarative,2 wh_question,0 declarative,2 wh_question,0 no negation,0 no negation,NA
1591,zhidao,/Tong/020906.cha,mother,MOT: 你看笔[/]笔芯儿就知道了.,0 No,0 No,2 second_person,0 No,0 No,0 dropped,NA,NA,NA,NA,0 declarative,,0 declarative,,0 no negation,0 no negation,NA
1593,zhidao,/Tong/020906.cha,GRM,"GRM: 哦,不知道.",0 No,0 No,0 dropped,0 No,0 No,0 dropped,NA,NA,NA,NA,0 declarative,,0 declarative,,2 不,2 不,NA
1594,zhidao,/Tong/020906.cha,GRF,GRF: 你也不知道.,0 No,0 No,2 second_person,0 No,0 No,2 second_person,NA,NA,NA,NA,0 declarative,,0 declarative,,2 不,2 不,NA
1596,zhidao,/Tong/021006.cha,mother,MOT: 你就知道.,0 No,0 No,2 second_person,0 No,0 No,2 second_person,NA,NA,NA,NA,0 declarative,,0 declarative,,0 no negation,0 no negation,NA
1597,zhidao,/Tong/021006.cha,mother,MOT: 同同你知道这是什么吗?,2 CP,,2 second_person,2 CP,,2 second_person,NA,NA,NA,NA,1 polar_question,2 wh_question,1 polar_question,2 wh_question,0 no negation,0 no negation,NA
1600,zhidao,/Tong/021006.cha,mother,MOT: 你知道吗?,0 No,0 No,2 second_person,0 No,0 No,2 second_person,NA,NA,NA,NA,1 polar_question,,1 polar_question,,0 no negation,0 no negation,NA
1602,zhidao,/Tong/021006.cha,mother,MOT: 我知道你要做坏事儿.,2 CP,,1 first_person,2 CP,,1 first_person,NA,NA,NA,NA,0 declarative,0 declarative,0 declarative,0 declarative,0 no negation,0 no negation,NA
1603,zhidao,/Tong/021006.cha,mother,MOT: 我不知道老师怎么教呀.,2 CP,,1 first_person,2 CP,,1 first_person,NA,NA,NA,NA,0 declarative,2 wh_question,0 declarative,2 wh_question,2 不,2 不,NA
1604,zhidao,/Tong/021108.cha,mother,MOT: 你怎么知道妈妈是懒虫啊?,2 CP,,2 second_person,2 CP,,2 second_person,NA,NA,NA,NA,3 how/why,0 declarative,3 how/why,0 declarative,0 no negation,0 no negation,NA
1608,zhidao,/Tong/021108.cha,mother,"MOT: 哦,你都知道了啊?",0 No,0 No,2 second_person,0 No,0 No,2 second_person,NA,NA,NA,NA,1 polar_question,,1 polar_question,,0 no negation,0 no negation,NA
1615,zhidao,/Tong/021108.cha,mother,"MOT: 哦,我知道了.",0 No,0 No,1 first_person,0 No,0 No,1 first_person,NA,NA,NA,NA,0 declarative,,0 declarative,,0 no negation,0 no negation,NA
1616,zhidao,/Tong/021108.cha,mother,MOT: 我也不知道.,0 No,0 No,1 first_person,0 No,0 No,1 first_person,NA,NA,NA,NA,0 declarative,,0 declarative,,2 不,2 不,NA
1617,zhidao,/Tong/021108.cha,mother,"MOT: 同同,你知道套娃是哪个国家的吗?",2 CP,,2 second_person,2 CP,,2 second_person,NA,NA,NA,NA,1 polar_question,2 wh_question,1 polar_question,2 wh_question,0 no negation,0 no negation,NA
1619,zhidao,/Tong/021108.cha,mother,MOT: 你都知道几个国家了?,2 CP,,2 second_person,2 CP,,2 second_person,NA,NA,NA,NA,1 polar_question,2 wh_question,2 wh_question,,0 no negation,0 no negation,NA
1626,zhidao,/Tong/030012.cha,mother,MOT: 你知道吗?,0 No,0 No,2 second_person,0 No,0 No,2 second_person,NA,NA,NA,NA,1 polar_question,,1 polar_question,,0 no negation,0 no negation,NA
1629,zhidao,/Tong/030012.cha,mother,MOT: 你不知道是什么味道.,2 CP,,2 second_person,2 CP,,2 second_person,NA,NA,NA,NA,0 declarative,2 wh_question,0 declarative,2 wh_question,2 不,2 不,NA
1631,zhidao,/Tong/030012.cha,mother,"MOT: 我们要拍多长时间的录像,你知道吗?",0 No,0 No,2 second_person,0 No,0 No,2 second_person,NA,NA,NA,NA,4 tag_question,2 wh_question,4 tag_question,2 wh_question,0 no negation,0 no negation,NA
1635,zhidao,/Tong/030110.cha,mother,"MOT: 哎呦,都不知道哪个高哪个矮了.",2 CP,,0 dropped,2 CP,,0 dropped,NA,NA,NA,NA,0 declarative,2 wh_question,0 declarative,2 wh_question,2 不,2 不,NA
1638,zhidao,/Tong/030110.cha,mother,MOT: 但我看这里好像不知道被谁画了一道.,2 CP,,0 dropped,2 CP,,0 dropped,NA,NA,NA,NA,0 declarative,2 wh_question,0 declarative,2 wh_question,2 不,2 不,NA
1639,zhidao,/Tong/030110.cha,mother,MOT: 哎呀我也不知道.,0 No,0 No,1 first_person,0 No,0 No,1 first_person,NA,NA,NA,NA,0 declarative,,0 declarative,,2 不,2 不,NA
1641,zhidao,/Tong/030110.cha,mother,MOT: 你怎么知道啊?,0 No,0 No,2 second_person,0 No,0 No,2 second_person,NA,NA,NA,NA,3 how/why,,3 how/why,,0 no negation,0 no negation,NA
1643,zhidao,/Tong/030110.cha,mother,"MOT: 那真正的龙知道这件事,就从天上跑下来找他.",4 NP,2 NP,3 third/NP,0 No,2 NP,3 third/NP,NA,NA,NA,NA,0 declarative,,0 declarative,,0 no negation,0 no negation,NA
1644,zhidao,/Tong/030110.cha,mother,MOT: 不知道龙可不可怕.,2 CP,,0 dropped,2 CP,,0 dropped,NA,NA,NA,NA,0 declarative,1 polar_question,0 declarative,1 polar_question,2 不,2 不,NA
1645,zhidao,/Tong/030208.cha,mother,MOT: 你们知道吗?,0 No,0 No,2 second_person,0 No,0 No,2 second_person,NA,NA,NA,NA,1 polar_question,,1 polar_question,,0 no negation,0 no negation,NA
1649,zhidao,/Tong/030208.cha,mother,"MOT: 因为希希比较大了,她都知道了这里.",4 NP,2 NP,3 third/NP,2 CP,,3 third/NP,NA,NA,NA,NA,0 declarative,,0 declarative,,0 no negation,0 no negation,NA
1650,zhidao,/Tong/030208.cha,mother,MOT: 你好多都不知道哦.,0 No,0 No,2 second_person,0 No,0 No,2 second_person,NA,NA,NA,NA,0 declarative,,0 declarative,,2 不,2 不,NA
1651,zhidao,/Tong/030208.cha,sister,SIS: 我知道.,0 No,0 No,1 first_person,0 No,0 No,1 first_person,NA,NA,NA,NA,0 declarative,,0 declarative,,0 no negation,0 no negation,NA
1652,zhidao,/Tong/030208.cha,sister,SIS: <我我>[/]我知道讲故事了.,2 CP,,1 first_person,2 CP,,1 first_person,NA,NA,NA,NA,0 declarative,0 declarative,0 declarative,,0 no negation,0 no negation,NA
1654,zhidao,/Tong/030208.cha,sister,SIS: 我不知道讲的.,4 NP,2 NP,1 first_person,2 CP,,1 first_person,NA,NA,NA,NA,,,0 declarative,,2 不,2 不,NA
1655,zhidao,/Tong/030208.cha,mother,"MOT: 哦,这个,你知道哦.",0 No,0 No,2 second_person,0 No,0 No,2 second_person,NA,NA,NA,NA,0 declarative,,0 declarative,,0 no negation,0 no negation,NA
1658,zhidao,/Tong/030208.cha,mother,MOT: 你知道吗?,0 No,0 No,2 second_person,0 No,0 No,2 second_person,NA,NA,NA,NA,1 polar_question,,1 polar_question,,0 no negation,0 no negation,NA
1659,zhidao,/Tong/030208.cha,mother,MOT: 你知道?,0 No,0 No,2 second_person,0 No,0 No,2 second_person,NA,NA,NA,NA,1 polar_question,,1 polar_question,,0 no negation,0 no negation,NA
1661,zhidao,/Tong/030208.cha,sister,"SIS: <圣诞老人,我也知道>[<].",0 No,0 No,1 first_person,0 No,0 No,1 first_person,NA,NA,NA,NA,0 declarative,,0 declarative,,0 no negation,0 no negation,NA
1663,zhidao,/Tong/030208.cha,mother,MOT: 同同你怎么不知道?,0 No,0 No,2 second_person,0 No,0 No,2 second_person,NA,NA,NA,NA,3 how/why,,3 how/why,,2 不,2 不,NA
1664,zhidao,/Tong/030208.cha,sister,SIS: 我知道.,0 No,0 No,1 first_person,0 No,0 No,1 first_person,NA,NA,NA,NA,0 declarative,,0 declarative,,0 no negation,0 no negation,NA
1666,zhidao,/Tong/030208.cha,mother,MOT: 你们知道吗?,0 No,0 No,2 second_person,0 No,0 No,2 second_person,NA,NA,NA,NA,1 polar_question,,1 polar_question,,0 no negation,0 no negation,NA
1675,zhidao,/Tong/030208.cha,mother,"MOT: 哦,知道了.",0 No,0 No,0 dropped,0 No,0 No,0 dropped,NA,NA,NA,NA,0 declarative,,0 declarative,,0 no negation,0 no negation,NA
1676,zhidao,/Tong/030208.cha,mother,MOT: 你知道吗?,0 No,0 No,2 second_person,0 No,0 No,2 second_person,NA,NA,NA,NA,1 polar_question,,1 polar_question,,0 no negation,0 no negation,NA
1677,zhidao,/Tong/030208.cha,mother,"MOT: 你这么知道是大熊猫的爸爸,不是大熊猫的妈妈呀?",2 CP,,2 second_person,2 CP,,2 second_person,NA,NA,NA,NA,3 how/why,0 declarative,1 polar_question,0 declarative,0 no negation,0 no negation,NA
1678,zhidao,/Tong/030208.cha,mother,MOT: 你这么知道的?,0 No,0 No,2 second_person,0 No,4 RC的,2 second_person,NA,NA,NA,NA,3 how/why,,1 polar_question,,0 no negation,0 no negation,NA
1679,zhidao,/Tong/030208.cha,sister,SIS: 我也知道呗.,0 No,0 No,1 first_person,0 No,0 No,1 first_person,NA,NA,NA,NA,0 declarative,,0 declarative,,0 no negation,0 no negation,NA
1680,zhidao,/Tong/030208.cha,sister,SIS: 我不知道这个是怎么搞的啊?,2 CP,,1 first_person,2 CP,,1 first_person,NA,NA,NA,NA,1 polar_question,2 wh_question,0 declarative,2 wh_question,2 不,2 不,NA
1681,zhidao,/Tong/030208.cha,mother,"MOT: 歌[//]弟弟在唱什么歌,你知道吗?",0 No,0 No,2 second_person,0 No,0 No,2 second_person,NA,NA,NA,NA,4 tag_question,2 wh_question,4 tag_question,2 wh_question,0 no negation,0 no negation,NA
1682,zhidao,/Tong/030208.cha,mother,"MOT: 同同你唱的,姐姐都不知道你唱什么歌.",2 CP,,3 third/NP,2 CP,,3 third/NP,NA,NA,NA,NA,0 declarative,2 wh_question,0 declarative,2 wh_question,2 不,2 不,NA
1683,zhidao,/Tong/030306.cha,mother,MOT: 轮子都不知道到哪去了.,2 CP,,3 third/NP,2 CP,,0 dropped,NA,NA,NA,NA,0 declarative,2 wh_question,0 declarative,2 wh_question,2 不,2 不,NA
1684,zhidao,/Tong/030306.cha,mother,MOT: 不知道现在还穿不穿得了了.,2 CP,,0 dropped,2 CP,,0 dropped,NA,NA,NA,NA,0 declarative,1 polar_question,0 declarative,1 polar_question,2 不,2 不,NA
1685,zhidao,/Tong/030306.cha,mother,MOT: 同同知道自己有三个名字.,2 CP,,3 third/NP,2 CP,,3 third/NP,NA,NA,NA,NA,0 declarative,0 declarative,0 declarative,0 declarative,0 no negation,0 no negation,NA
1686,zhidao,/Tong/030306.cha,mother,MOT: 也不知道上哪去了.,2 CP,,0 dropped,2 CP,,0 dropped,NA,NA,NA,NA,0 declarative,2 wh_question,0 declarative,2 wh_question,2 不,2 不,NA
1687,zhidao,/Tong/030306.cha,mother,MOT: 我也不知道啊.,0 No,0 No,1 first_person,0 No,0 No,1 first_person,NA,NA,NA,NA,0 declarative,,0 declarative,,2 不,2 不,NA
1692,zhidao,/Tong/030409.cha,mother,"MOT: 哈,我知道有一个同同喜欢吃的东西.",2 CP,,1 first_person,2 CP,,1 first_person,NA,NA,NA,NA,0 declarative,0 declarative,0 declarative,0 declarative,0 no negation,0 no negation,NA
1694,zhidao,/Tong/030409.cha,mother,"MOT: 是讲谁的故事,你知道吗?",0 No,0 No,2 second_person,0 No,0 No,2 second_person,NA,NA,NA,NA,4 tag_question,2 wh_question,4 tag_question,2 wh_question,0 no negation,0 no negation,NA
1699,zhidao,/Tong/030409.cha,mother,MOT: 我知道那里有一块地毯.,2 CP,,1 first_person,2 CP,,1 first_person,NA,NA,NA,NA,0 declarative,0 declarative,0 declarative,0 declarative,0 no negation,0 no negation,NA
1701,zhidao,/Tong/030409.cha,mother,MOT: 谁知道你说什么.,2 CP,,2 second_person,2 CP,,3 third/NP,NA,NA,NA,NA,0 declarative,2 wh_question,2 wh_question,2 wh_question,0 no negation,0 no negation,NA
1708,zhidao,/Tong/030409.cha,mother,"MOT: 哎呦,你什么都不知道.",0 No,0 No,2 second_person,0 No,0 No,2 second_person,NA,NA,NA,NA,0 declarative,,0 declarative,,2 不,2 不,NA
1711,zhidao,/Tong/030409.cha,mother,"MOT: 韩国的,你也知道啊?",0 No,0 No,2 second_person,0 No,0 No,2 second_person,NA,NA,NA,NA,1 polar_question,,1 polar_question,,0 no negation,0 no negation,NA
1712,zhidao,/Tong/030409.cha,mother,"MOT: 那个,我也不知道.",0 No,0 No,1 first_person,0 No,0 No,1 first_person,NA,NA,NA,NA,0 declarative,,0 declarative,,2 不,2 不,NA
1713,zhidao,/Tong/030409.cha,mother,MOT: 你也不知道.,0 No,0 No,2 second_person,0 No,0 No,2 second_person,NA,NA,NA,NA,0 declarative,,0 declarative,,2 不,2 不,NA
1714,zhidao,/Tong/030409.cha,mother,MOT: 爸爸也不知道.,0 No,0 No,3 third/NP,0 No,0 No,3 third/NP,NA,NA,NA,NA,0 declarative,,0 declarative,,2 不,2 不,NA
1715,zhidao,/Tong/030409.cha,mother,MOT: 不知道了.,0 No,0 No,0 dropped,0 No,0 No,0 dropped,NA,NA,NA,NA,0 declarative,,0 declarative,,2 不,2 不,NA
1716,zhidao,/Tong/030409.cha,mother,MOT: 剩下的不知道.,0 No,0 No,0 dropped,0 No,0 No,0 dropped,NA,NA,NA,NA,0 declarative,,0 declarative,,2 不,2 不,NA
1717,zhidao,/Tong/030409.cha,mother,MOT: 你知道不?,0 No,0 No,2 second_person,0 No,0 No,2 second_person,NA,NA,NA,NA,1 polar_question,,1 polar_question,,0 no negation,0 no negation,NA
1718,zhidao,/Zhou1/cs14i.cha,mother,MOT: 知道不知道?,0 No,0 No,0 dropped,0 No,0 No,0 dropped,NA,NA,NA,NA,1 polar_question,,1 polar_question,,0 no negation,0 no negation,NA
1719,zhidao,/Zhou1/cs20e.cha,mother,MOT: 就知道飞机.,4 NP,2 NP,0 dropped,0 No,2 NP,0 dropped,NA,NA,NA,NA,0 declarative,,0 declarative,,0 no negation,0 no negation,NA
1720,zhidao,/Zhou1/cs26c.cha,mother,MOT: 噢不知道.,0 No,0 No,0 dropped,0 No,0 No,0 dropped,NA,NA,NA,NA,0 declarative,,0 declarative,,2 不,2 不,NA
1721,zhidao,/Zhou1/cs26c.cha,mother,MOT: 妈妈不知道你讲的是什么.,2 CP,,4 self_reference,2 CP,,4 self_reference,NA,NA,NA,NA,0 declarative,2 wh_question,0 declarative,2 wh_question,2 不,2 不,NA
1722,zhidao,/Zhou1/cs26c.cha,mother,MOT: 你不知道啊?,0 No,0 No,2 second_person,0 No,0 No,2 second_person,NA,NA,NA,NA,1 polar_question,,1 polar_question,,2 不,2 不,NA
1723,zhidao,/Zhou1/cs26e.cha,mother,MOT: 这个是什么妈妈也不知道.,0 No,0 No,4 self_reference,0 No,0 No,4 self_reference,NA,NA,NA,NA,0 declarative,2 wh_question,0 declarative,2 wh_question,2 不,2 不,NA
1724,zhidao,/Zhou1/cs26e.cha,mother,MOT: 那个你知道是什么东西呀?,2 CP,,2 second_person,2 CP,,2 second_person,NA,NA,NA,NA,1 polar_question,2 wh_question,1 polar_question,2 wh_question,0 no negation,0 no negation,NA
1725,zhidao,/Zhou1/cs26g.cha,mother,MOT: 不知道.,0 No,0 No,0 dropped,0 No,0 No,0 dropped,NA,NA,NA,NA,0 declarative,,0 declarative,,2 不,2 不,NA
1726,zhidao,/Zhou1/cs26g.cha,mother,MOT: 你知道这个盒子里有什么?,2 CP,,2 second_person,2 CP,,2 second_person,NA,NA,NA,NA,1 polar_question,2 wh_question,1 polar_question,2 wh_question,0 no negation,0 no negation,NA
1727,zhidao,/Zhou1/cs26h.cha,mother,MOT: 妈妈也不知道是什么东西.,2 CP,,4 self_reference,2 CP,,4 self_reference,NA,NA,NA,NA,0 declarative,2 wh_question,0 declarative,2 wh_question,2 不,2 不,NA
1728,zhidao,/Zhou1/cs26h.cha,mother,MOT: 这里面是什么妈妈也不知道哎.,0 No,0 No,4 self_reference,0 No,0 No,4 self_reference,NA,NA,NA,NA,0 declarative,2 wh_question,0 declarative,2 wh_question,2 不,2 不,NA
1729,zhidao,/Zhou1/cs26j.cha,mother,MOT: 神仙老爷爷还知道呀?,0 No,0 No,3 third/NP,0 No,0 No,3 third/NP,NA,NA,NA,NA,1 polar_question,,1 polar_question,0 declarative,0 no negation,0 no negation,NA
1730,zhidao,/Zhou1/cs26j.cha,mother,MOT: 这回你知道了吧?,0 No,0 No,2 second_person,0 No,0 No,2 second_person,NA,NA,NA,NA,1 polar_question,,1 polar_question,,0 no negation,0 no negation,NA
1732,zhidao,/Zhou1/cs32b.cha,mother,MOT: 这你也不知道呀.,0 No,0 No,2 second_person,0 No,0 No,2 second_person,NA,NA,NA,NA,0 declarative,,0 declarative,,2 不,2 不,NA
1734,zhidao,/Zhou1/cs32c.cha,mother,MOT: 真的不知道呀?,0 No,0 No,0 dropped,0 No,0 No,0 dropped,NA,NA,NA,NA,1 polar_question,,1 polar_question,,2 不,2 不,NA
1736,zhidao,/Zhou1/cs32c.cha,mother,MOT: 什么都不知道呀.,0 No,0 No,0 dropped,0 No,0 No,0 dropped,NA,NA,NA,NA,0 declarative,,0 declarative,,2 不,2 不,NA
1737,zhidao,/Zhou1/cs32e.cha,mother,MOT: 咖啡色你从来不知道的颜色.,0 No,4 RC的,2 second_person,0 No,4 RC的,2 second_person,NA,NA,NA,NA,0 declarative,,0 declarative,0 declarative,2 不,2 不,NA
1738,zhidao,/Zhou1/cs32e.cha,mother,MOT: 你知道什么叫便秘呀?,2 CP,,2 second_person,2 CP,,2 second_person,NA,NA,NA,NA,1 polar_question,2 wh_question,1 polar_question,2 wh_question,0 no negation,0 no negation,NA
1740,zhidao,/Zhou1/cs32e.cha,mother,MOT: 妈妈也不知道是什么?,2 CP,,4 self_reference,2 CP,,4 self_reference,NA,NA,NA,NA,1 polar_question,2 wh_question,1 polar_question,2 wh_question,2 不,2 不,NA
1741,zhidao,/Zhou1/ld14m.cha,mother,MOT: 这个呢知道吗?,0 No,0 No,0 dropped,0 No,0 No,0 dropped,NA,NA,NA,NA,4 tag_question,,1 polar_question,,0 no negation,0 no negation,NA
1742,zhidao,/Zhou1/ld20m.cha,mother,MOT: 你知道哥哥在干什么?,2 CP,,2 second_person,2 CP,,2 second_person,NA,NA,NA,NA,1 polar_question,2 wh_question,1 polar_question,2 wh_question,0 no negation,0 no negation,NA
2094,zhidao,/Xinjiang/AcadLang/201303/hqx301.cha,adult,ADU: 知道苹果树一般生长在哪里吗?,2 CP,,0 dropped,2 CP,,0 dropped,1 polar_question,2 wh_question,NA,NA,1 polar_question,2 wh_question,NA,NA,0 no negation,0 no negation,NA
2097,zhidao,/Xinjiang/AcadLang/201303/hqx301.cha,adult,"ADU: 现在小羊啊他在幼儿园又碰到了新鲜的东西他从来没有见过,你知道这是什么吗?",2 CP,,2 second_person,2 CP,,2 second_person,1 polar_question,2 wh_question,NA,NA,1 polar_question,2 wh_question,NA,NA,0 no negation,0 no negation,NA
2098,zhidao,/Xinjiang/AcadLang/201303/hqx301.cha,adult,ADU: 小羊很想知道它.,4 NP,2 NP,3 third/NP,0 No,2 NP,3 third/NP,0 declarative,,NA,NA,0 declarative,,NA,NA,0 no negation,0 no negation,NA
2099,zhidao,/Xinjiang/AcadLang/201303/hqx302.cha,adult,ADU: 他不知道是什么东西.,2 CP,,3 third/NP,2 CP,,3 third/NP,0 declarative,2 wh_question,NA,NA,0 declarative,2 wh_question,NA,NA,2 不,2 不,NA
2100,zhidao,/Xinjiang/AcadLang/201303/hqx303.cha,adult,"ADU: 咬一口苹果会有什么样的感觉,知道吗?",0 No,0 No,0 dropped,0 No,0 No,0 dropped,4 tag_question,2 wh_question,NA,NA,4 tag_question,2 wh_question,NA,NA,0 no negation,0 no negation,NA
2101,zhidao,/Xinjiang/AcadLang/201303/hqx303.cha,adult,"ADU: 哦,那你知道我们平时把苹果用来做什么吗?",2 CP,,2 second_person,2 CP,,2 second_person,1 polar_question,2 wh_question,NA,NA,1 polar_question,2 wh_question,NA,NA,0 no negation,0 no negation,NA
2102,zhidao,/Xinjiang/AcadLang/201303/hqx303.cha,adult,"ADU: 礼物啊,那你知道买一个苹果要多少钱吗?",2 CP,,2 second_person,2 CP,,2 second_person,1 polar_question,2 wh_question,NA,NA,1 polar_question,2 wh_question,NA,NA,0 no negation,0 no negation,NA
2103,zhidao,/Xinjiang/AcadLang/201303/hqx303.cha,adult,ADU: 他不知道这是什么.,2 CP,,3 third/NP,2 CP,,3 third/NP,0 declarative,2 wh_question,NA,NA,0 declarative,2 wh_question,NA,NA,2 不,2 不,NA
2105,zhidao,/Xinjiang/AcadLang/201303/hqx304.cha,adult,"ADU: 不知道,那你觉得咬一口苹果会有什么样的感觉呢?",2 CP,,2 second_person,0 No,0 No,0 dropped,0 declarative,,NA,NA,0 declarative,,NA,NA,2 不,2 不,NA
2107,zhidao,/Xinjiang/AcadLang/201303/hqx304.cha,adult,ADU: 不知道啊.,0 No,0 No,0 dropped,0 No,0 No,0 dropped,0 declarative,,NA,NA,0 declarative,,NA,NA,2 不,2 不,NA
2109,zhidao,/Xinjiang/AcadLang/201303/hqx304.cha,adult,ADU: 小羊好想知道的.,0 No,0 No,3 third/NP,0 No,4 RC的,3 third/NP,0 declarative,,NA,NA,0 declarative,,NA,NA,0 no negation,0 no negation,NA
2111,zhidao,/Xinjiang/AcadLang/201303/hqx304.cha,adult,"ADU: 不知道,再想一想嘛.",0 No,0 No,0 dropped,0 No,0 No,0 dropped,0 declarative,,NA,NA,0 declarative,,NA,NA,2 不,2 不,NA
2112_0,zhidao,/Xinjiang/AcadLang/201303/hqx304.cha,adult,ADU: 知不知道啊?,0 No,0 No,0 dropped,0 No,0 No,0 dropped,1 polar_question,,NA,NA,1 polar_question,,NA,NA,0 no negation,0 no negation,NA
2112,zhidao,/Xinjiang/AcadLang/201303/hqx304.cha,adult,ADU: 不知道.,0 No,0 No,0 dropped,0 No,0 No,0 dropped,0 declarative,,NA,NA,0 declarative,,NA,NA,2 不,2 不,NA
2113,zhidao,/Xinjiang/AcadLang/201303/hqx304.cha,adult,ADU: 还是不知道.,0 No,0 No,0 dropped,0 No,0 No,0 dropped,0 declarative,,NA,NA,0 declarative,,NA,NA,2 不,2 不,NA
2115,zhidao,/Xinjiang/AcadLang/201303/hqx306.cha,adult,"ADU: 不知道啊,那你知不知道苹果平常都用来干什么呢?",0 No,0 No,0 dropped,0 No,0 No,0 dropped,0 declarative,,NA,NA,0 declarative,,NA,NA,2 不,2 不,NA
2115_b,zhidao,/Xinjiang/AcadLang/201303/hqx306.cha,adult,"ADU: 不知道啊,那你知不知道苹果平常都用来干什么呢?",2 CP,,2 second_person,2 CP,,2 second_person,1 polar_question,2 wh_question,NA,NA,1 polar_question,2 wh_question,NA,NA,0 no negation,0 no negation,NA
2116,zhidao,/Xinjiang/AcadLang/201303/hqx306.cha,adult,ADU: 也不知道啊?,0 No,0 No,0 dropped,0 No,0 No,0 dropped,1 polar_question,,NA,NA,1 polar_question,,NA,NA,2 不,2 不,NA
2118,zhidao,/Xinjiang/AcadLang/201303/hqx306.cha,adult,ADU: 不知道啊.,0 No,0 No,0 dropped,0 No,0 No,0 dropped,0 declarative,,NA,NA,0 declarative,,NA,NA,2 不,2 不,NA
2119,zhidao,/Xinjiang/AcadLang/201303/hqx307.cha,adult,"ADU: 好,那你知道我们平时把苹果用来干什么吗?",2 CP,,2 second_person,2 CP,,2 second_person,1 polar_question,2 wh_question,NA,NA,1 polar_question,2 wh_question,NA,NA,0 no negation,0 no negation,NA
2121,zhidao,/Xinjiang/AcadLang/201303/hqx308.cha,adult,ADU: 也不知道啊.,0 No,0 No,0 dropped,0 No,0 No,0 dropped,0 declarative,,NA,NA,0 declarative,,NA,NA,2 不,2 不,NA
2122,zhidao,/Xinjiang/AcadLang/201303/hqx308.cha,adult,ADU: 不知道啊!,0 No,0 No,0 dropped,0 No,0 No,0 dropped,0 declarative,,NA,NA,0 declarative,,NA,NA,2 不,2 不,NA
2123,zhidao,/Xinjiang/AcadLang/201303/hqz201.cha,adult,ADU: 你知道它什么东西吗?,2 CP,,2 second_person,2 CP,,2 second_person,1 polar_question,2 wh_question,NA,NA,1 polar_question,2 wh_question,NA,NA,0 no negation,0 no negation,NA
2124,zhidao,/Xinjiang/AcadLang/201303/hqz202.cha,adult,ADU: 不知道了啊?,0 No,0 No,0 dropped,0 No,0 No,0 dropped,1 polar_question,,NA,NA,1 polar_question,,NA,NA,2 不,2 不,NA
2125,zhidao,/Xinjiang/AcadLang/201303/hqz202.cha,adult,ADU: 不知道啊?,0 No,0 No,0 dropped,0 No,0 No,0 dropped,1 polar_question,,NA,NA,1 polar_question,,NA,NA,2 不,2 不,NA
2126,zhidao,/Xinjiang/AcadLang/201303/hqz202.cha,adult,ADU: 他不知道这是什么.,2 CP,,3 third/NP,2 CP,,3 third/NP,0 declarative,2 wh_question,NA,NA,0 declarative,2 wh_question,NA,NA,2 不,2 不,NA
2131,zhidao,/Xinjiang/AcadLang/201303/hqz203.cha,adult,"ADU: 不知道啊,那你觉得闻一闻苹果会有什么样的味道呢?",0 No,0 No,0 dropped,0 No,0 No,0 dropped,0 declarative,,NA,NA,0 declarative,,NA,NA,2 不,2 不,NA
2132,zhidao,/Xinjiang/AcadLang/201303/hqz203.cha,adult,ADU: 知道苹果树一般生长在哪里呢?,2 CP,,0 dropped,2 CP,,0 dropped,1 polar_question,2 wh_question,NA,NA,1 polar_question,2 wh_question,NA,NA,0 no negation,0 no negation,NA
2134,zhidao,/Xinjiang/AcadLang/201303/hqz203.cha,adult,ADU: 再不知道了?,0 No,0 No,0 dropped,0 No,,0 dropped,1 polar_question,,NA,NA,1 polar_question,,NA,NA,2 不,2 不,NA
2137,zhidao,/Xinjiang/AcadLang/201303/hqz205.cha,adult,"ADU: 不知道,那你知道我们平时把苹果用来干什么呢?",0 No,0 No,0 dropped,0 No,0 No,0 dropped,0 declarative,,NA,NA,0 declarative,,NA,NA,2 不,2 不,NA
2137_b,zhidao,/Xinjiang/AcadLang/201303/hqz205.cha,adult,"ADU: 不知道,那你知道我们平时把苹果用来干什么呢?",2 CP,,2 second_person,2 CP,,2 second_person,1 polar_question,2 wh_question,NA,NA,1 polar_question,2 wh_question,NA,NA,0 no negation,0 no negation,NA
2139,zhidao,/Xinjiang/AcadLang/201303/hqz205.cha,adult,ADU: 那你知道买一个苹果多少钱吗?,2 CP,,2 second_person,2 CP,,2 second_person,1 polar_question,2 wh_question,NA,NA,1 polar_question,2 wh_question,NA,NA,0 no negation,0 no negation,NA
2141,zhidao,/Xinjiang/AcadLang/201303/hqz205.cha,adult,ADU: 不知道吗?,0 No,0 No,0 dropped,0 No,0 No,0 dropped,1 polar_question,,NA,NA,1 polar_question,,NA,NA,2 不,2 不,NA
2142,zhidao,/Xinjiang/AcadLang/201303/hqz207.cha,adult,ADU: 你知道苹果树生长在哪里吗?,2 CP,,2 second_person,2 CP,,2 second_person,1 polar_question,2 wh_question,NA,NA,1 polar_question,2 wh_question,NA,NA,0 no negation,0 no negation,NA
2143,zhidao,/Xinjiang/AcadLang/201303/hqz207.cha,adult,"ADU: 哦,那你知道苹果用来干什么吗?",2 CP,,2 second_person,2 CP,,2 second_person,1 polar_question,2 wh_question,NA,NA,1 polar_question,2 wh_question,NA,NA,0 no negation,0 no negation,NA
2144,zhidao,/Xinjiang/AcadLang/201303/hqz207.cha,adult,"ADU: 哦,那你知道买一个苹果多少钱呢?",2 CP,,2 second_person,2 CP,,2 second_person,1 polar_question,2 wh_question,NA,NA,1 polar_question,2 wh_question,NA,NA,0 no negation,0 no negation,NA
2146,zhidao,/Xinjiang/AcadLang/201303/jgd102.cha,adult,"ADU: 哇,知道的真多呀.",0 No,4 RC的,0 dropped,0 No,4 RC的,0 dropped,0 declarative,,NA,NA,0 declarative,0 declarative,NA,NA,0 no negation,0 no negation,NA
2147,zhidao,/Xinjiang/AcadLang/201303/jgd103.cha,adult,ADU: 终于知道了什么是苹果.,2 CP,,0 dropped,2 CP,,0 dropped,0 declarative,2 wh_question,NA,NA,0 declarative,2 wh_question,NA,NA,0 no negation,0 no negation,NA
2148,zhidao,/Xinjiang/AcadLang/201303/jgd103.cha,adult,"ADU: 嗯篮球,知道了.",0 No,0 No,0 dropped,0 No,0 No,0 dropped,0 declarative,,NA,NA,0 declarative,,NA,NA,0 no negation,0 no negation,NA
2149,zhidao,/Xinjiang/AcadLang/201303/jgd105.cha,adult,"ADU: 好,小羊又不知道这是什么,又要让你介绍一下.",2 CP,,3 third/NP,2 CP,,3 third/NP,0 declarative,2 wh_question,NA,NA,0 declarative,2 wh_question,NA,NA,2 不,2 不,NA
2151,zhidao,/Xinjiang/AcadLang/201303/jgd110.cha,adult,"ADU: 好,小羊又不知道这是什么.",2 CP,,3 third/NP,2 CP,,3 third/NP,0 declarative,2 wh_question,NA,NA,0 declarative,2 wh_question,NA,NA,2 不,2 不,NA
2152,zhidao,/Xinjiang/AcadLang/201303/jgd111.cha,adult,ADU: 你知道买一个苹果多少钱吗?,2 CP,,2 second_person,2 CP,,2 second_person,1 polar_question,2 wh_question,NA,NA,1 polar_question,2 wh_question,NA,NA,0 no negation,0 no negation,NA
2154,zhidao,/Xinjiang/AcadLang/201303/jgd201.cha,adult,ADU: 现在呀小羊知道了苹果.,4 NP,2 NP,3 third/NP,0 No,2 NP,3 third/NP,0 declarative,,NA,NA,0 declarative,,NA,NA,0 no negation,0 no negation,NA
2155,zhidao,/Xinjiang/AcadLang/201303/jgd201.cha,adult,"ADU: 对,你知道这是球.",2 CP,,2 second_person,2 CP,,2 second_person,0 declarative,0 declarative,NA,NA,0 declarative,0 declarative,NA,NA,0 no negation,0 no negation,NA
2156,zhidao,/Xinjiang/AcadLang/201303/jgd201.cha,adult,ADU: 小羊可不知道这是什么.,2 CP,,3 third/NP,2 CP,,3 third/NP,0 declarative,2 wh_question,NA,NA,0 declarative,2 wh_question,NA,NA,2 不,2 不,NA
2157,zhidao,/Xinjiang/AcadLang/201303/jgd207.cha,adult,"ADU: 苹果长在哪儿啊,知道吗?",0 No,0 No,0 dropped,0 No,0 No,0 dropped,4 tag_question,2 wh_question,NA,NA,4 tag_question,2 wh_question,NA,NA,0 no negation,0 no negation,NA
2158,zhidao,/Xinjiang/AcadLang/201303/jgm501.cha,adult,ADU: 你知道买一个苹果要多少钱?,2 CP,,2 second_person,2 CP,,2 second_person,1 polar_question,2 wh_question,NA,NA,1 polar_question,2 wh_question,NA,NA,0 no negation,0 no negation,NA
2161,zhidao,/Xinjiang/AcadLang/201303/jgm503.cha,adult,ADU: 不知道了?,0 No,0 No,0 dropped,0 No,0 No,0 dropped,1 polar_question,,NA,NA,1 polar_question,,NA,NA,2 不,2 不,NA
2167,zhidao,/Xinjiang/AcadLang/201303/jgm506.cha,adult,"ADU: 这个,你肯定知道了.",0 No,0 No,2 second_person,0 No,0 No,2 second_person,0 declarative,,NA,NA,0 declarative,,NA,NA,0 no negation,0 no negation,NA
2244,zhidao,/Xinjiang/AcadLang/201303/ykz202.cha,adult,ADU: 你知道吗?,0 No,0 No,2 second_person,0 No,0 No,2 second_person,1 polar_question,,NA,NA,1 polar_question,,NA,NA,0 no negation,0 no negation,NA
2246,zhidao,/Xinjiang/AcadLang/201303/ykz202.cha,adult,"ADU: 不知道,嗯好.",0 No,0 No,0 dropped,0 No,0 No,0 dropped,0 declarative,,NA,NA,0 declarative,,NA,NA,2 不,2 不,NA
2248,zhidao,/Xinjiang/AcadLang/201303/ykz204.cha,adult,ADU: 那你知道我们平时都在哪儿见到苹果呀?,2 CP,,2 second_person,2 CP,,2 second_person,1 polar_question,0 declarative,NA,NA,1 polar_question,2 wh_question,NA,NA,0 no negation,0 no negation,NA
2249,zhidao,/Xinjiang/AcadLang/201303/ykz204.cha,adult,ADU: 刚刚小羊已经知道了什么是苹果.,2 CP,,3 third/NP,2 CP,,3 third/NP,0 declarative,2 wh_question,NA,NA,0 declarative,2 wh_question,NA,NA,0 no negation,0 no negation,NA
2250,zhidao,/Xinjiang/AcadLang/201303/ykz209.cha,adult,"ADU: 这,你都知道啊?",0 No,0 No,2 second_person,0 No,0 No,2 second_person,1 polar_question,,NA,NA,1 polar_question,,NA,NA,0 no negation,0 no negation,NA
2251,zhidao,/Xinjiang/AcadLang/201303/ykz209.cha,adult,ADU: 小羊阿姨已经知道了苹果.,4 NP,2 NP,3 third/NP,0 No,2 NP,3 third/NP,0 declarative,,NA,NA,0 declarative,,NA,NA,0 no negation,0 no negation,NA
2252,zhidao,/Xinjiang/AcadLang/201303/ykz209.cha,adult,"ADU: 哦,还知道奥运会呀.",4 NP,2 NP,0 dropped,2 CP,,0 dropped,0 declarative,,NA,NA,0 declarative,,NA,NA,0 no negation,0 no negation,NA
2265,zhidao,/Xinjiang/AcadLang/201209/dex202.cha,adult,ADU: 他不知道苹果.,4 NP,2 NP,3 third/NP,0 No,2 NP,3 third/NP,0 declarative,,NA,NA,0 declarative,,NA,NA,2 不,2 不,NA
2269,zhidao,/Xinjiang/AcadLang/201209/dex202.cha,adult,"ADU: 那妈妈去哪里买苹果的,你知道啊?",0 No,0 No,2 second_person,0 No,0 No,2 second_person,4 tag_question,2 wh_question,NA,NA,4 tag_question,2 wh_question,NA,NA,0 no negation,0 no negation,NA
2270,zhidao,/Xinjiang/AcadLang/201209/dex202.cha,adult,"ADU: 苹果什么味道的,知道吗?",0 No,0 No,0 dropped,0 No,0 No,0 dropped,4 tag_question,2 wh_question,NA,NA,4 tag_question,2 wh_question,NA,NA,0 no negation,0 no negation,NA
2272,zhidao,/Xinjiang/AcadLang/201209/dex202.cha,adult,ADU: 那你知道苹果营养好不好吗?,2 CP,,2 second_person,2 CP,,2 second_person,1 polar_question,1 polar_question,NA,NA,1 polar_question,1 polar_question,NA,NA,0 no negation,0 no negation,NA
2274,zhidao,/Xinjiang/AcadLang/201209/dex202.cha,adult,"ADU: 嗯,那你知道这个皮球是去哪里买的吗?",2 CP,,2 second_person,2 CP,,2 second_person,1 polar_question,2 wh_question,NA,NA,1 polar_question,2 wh_question,NA,NA,0 no negation,0 no negation,NA
2276,zhidao,/Xinjiang/AcadLang/201209/dex202.cha,adult,"ADU: 嗯,那你知道皮球里面是什么东西啊?",2 CP,,2 second_person,2 CP,,2 second_person,1 polar_question,2 wh_question,NA,NA,1 polar_question,2 wh_question,NA,NA,0 no negation,0 no negation,NA
2278,zhidao,/Xinjiang/AcadLang/201209/dex202.cha,adult,ADU: 那你知道去哪里买皮球吗?,2 CP,,2 second_person,2 CP,,2 second_person,1 polar_question,2 wh_question,NA,NA,1 polar_question,2 wh_question,NA,NA,0 no negation,0 no negation,NA
2280,zhidao,/Xinjiang/AcadLang/201209/dex203.cha,adult,ADU: 那你知道苹果是长在哪里的吗?,2 CP,,2 second_person,2 CP,,2 second_person,1 polar_question,2 wh_question,NA,NA,1 polar_question,2 wh_question,NA,NA,0 no negation,0 no negation,NA
2282,zhidao,/Xinjiang/AcadLang/201209/dex203.cha,adult,"ADU: 那妈妈去超市买苹果的时候,你知道苹果贵不贵啊?",2 CP,,2 second_person,2 CP,,2 second_person,1 polar_question,1 polar_question,NA,NA,1 polar_question,1 polar_question,NA,NA,0 no negation,0 no negation,NA
2283,zhidao,/Xinjiang/AcadLang/201209/dex203.cha,adult,"ADU: 好吃,那你知道苹果(..)是不是很有营养呢?",2 CP,,2 second_person,2 CP,,2 second_person,1 polar_question,1 polar_question,NA,NA,1 polar_question,1 polar_question,NA,NA,0 no negation,0 no negation,NA
2284,zhidao,/Xinjiang/AcadLang/201209/dex203.cha,adult,ADU: 你知道苹果有什么营养吗?,2 CP,,2 second_person,2 CP,,2 second_person,1 polar_question,2 wh_question,NA,NA,1 polar_question,2 wh_question,NA,NA,0 no negation,0 no negation,NA
2286,zhidao,/Xinjiang/AcadLang/201209/dex203.cha,adult,ADU: 那你知道平时你有没有玩过球啊?,2 CP,,2 second_person,2 CP,,2 second_person,1 polar_question,1 polar_question,NA,NA,1 polar_question,1 polar_question,NA,NA,0 no negation,0 no negation,NA
2287,zhidao,/Xinjiang/AcadLang/201209/dex203.cha,adult,ADU: 你知道这个球是哪里买的吗?,2 CP,,2 second_person,2 CP,,2 second_person,1 polar_question,2 wh_question,NA,NA,1 polar_question,2 wh_question,NA,NA,0 no negation,0 no negation,NA
2288,zhidao,/Xinjiang/AcadLang/201209/dex203.cha,adult,ADU: 不知道.,0 No,0 No,0 dropped,0 No,0 No,0 dropped,0 declarative,,NA,NA,0 declarative,,NA,NA,2 不,2 不,NA
2289,zhidao,/Xinjiang/AcadLang/201209/dex203.cha,adult,ADU: 那你知道这个球是什么做的吗?,2 CP,,2 second_person,2 CP,,2 second_person,1 polar_question,2 wh_question,NA,NA,1 polar_question,2 wh_question,NA,NA,0 no negation,0 no negation,NA
2294,zhidao,/Xinjiang/AcadLang/201209/dex204.cha,adult,ADU: <那你知道去哪里买苹果吗?,2 CP,,2 second_person,2 CP,,2 second_person,1 polar_question,2 wh_question,NA,NA,1 polar_question,2 wh_question,NA,NA,0 no negation,0 no negation,NA
2296,zhidao,/Xinjiang/AcadLang/201209/dex204.cha,adult,ADU: 不知道啊.,0 No,0 No,0 dropped,0 No,0 No,0 dropped,0 declarative,,NA,NA,0 declarative,,NA,NA,2 不,2 不,NA
2297,zhidao,/Xinjiang/AcadLang/201209/dex204.cha,adult,ADU: 你不知道啊.,0 No,0 No,2 second_person,0 No,0 No,2 second_person,0 declarative,,NA,NA,0 declarative,,NA,NA,2 不,2 不,NA
2298,zhidao,/Xinjiang/AcadLang/201209/dex204.cha,adult,"ADU: 嗯,你知道苹果是长在哪里的吗?",2 CP,,2 second_person,2 CP,,2 second_person,1 polar_question,2 wh_question,NA,NA,1 polar_question,2 wh_question,NA,NA,0 no negation,0 no negation,NA
2300,zhidao,/Xinjiang/AcadLang/201209/dex204.cha,adult,ADU: 知道苹果是长在哪里的吗?,2 CP,,0 dropped,2 CP,,0 dropped,1 polar_question,2 wh_question,NA,NA,1 polar_question,2 wh_question,NA,NA,0 no negation,0 no negation,NA
2302,zhidao,/Xinjiang/AcadLang/201209/dex204.cha,adult,ADU: 也不知道啊.,0 No,0 No,0 dropped,0 No,0 No,0 dropped,0 declarative,,NA,NA,0 declarative,,NA,NA,2 不,2 不,NA
2303,zhidao,/Xinjiang/AcadLang/201209/dex204.cha,adult,"ADU: 那你还有什么知道的,苹果的?",0 No,0 No,2 second_person,0 No,4 RC的,0 dropped,0 declarative,,NA,NA,2 wh_question,,NA,NA,0 no negation,0 no negation,NA
2304,zhidao,/Xinjiang/AcadLang/201209/dex204.cha,adult,ADU: 你知道什么关于苹果的.,2 CP,,2 second_person,2 CP,,2 second_person,,2 wh_question,NA,NA,1 polar_question,2 wh_question,NA,NA,0 no negation,0 no negation,NA
2306,zhidao,/Xinjiang/AcadLang/201209/dex204.cha,adult,"ADU: 这是什么,知道吗?",0 No,0 No,0 dropped,0 No,0 No,0 dropped,4 tag_question,2 wh_question,NA,NA,4 tag_question,2 wh_question,NA,NA,0 no negation,0 no negation,NA
2308,zhidao,/Xinjiang/AcadLang/201209/dex204.cha,adult,ADU: 你知道皮球是哪里买的吗?,2 CP,,2 second_person,2 CP,,2 second_person,1 polar_question,2 wh_question,NA,NA,1 polar_question,2 wh_question,NA,NA,0 no negation,0 no negation,NA
2311,zhidao,/Xinjiang/AcadLang/201209/dex206.cha,adult,"ADU: 嗯,你知道苹果长在哪里的吗?",2 CP,,2 second_person,2 CP,,2 second_person,1 polar_question,2 wh_question,NA,NA,1 polar_question,2 wh_question,NA,NA,0 no negation,0 no negation,NA
2312,zhidao,/Xinjiang/AcadLang/201209/dex206.cha,adult,ADU: 你知道苹果长在哪里的吗?,2 CP,,2 second_person,2 CP,,2 second_person,1 polar_question,2 wh_question,NA,NA,1 polar_question,2 wh_question,NA,NA,0 no negation,0 no negation,NA
2313,zhidao,/Xinjiang/AcadLang/201209/dex206.cha,adult,ADU: 那你知道苹果是在哪里买的呀?,2 CP,,2 second_person,2 CP,,2 second_person,1 polar_question,2 wh_question,NA,NA,1 polar_question,2 wh_question,NA,NA,0 no negation,0 no negation,NA
2314,zhidao,/Xinjiang/AcadLang/201209/dex206.cha,adult,ADU: 我知道.,0 No,0 No,1 first_person,0 No,0 No,1 first_person,0 declarative,,NA,NA,0 declarative,,NA,NA,0 no negation,0 no negation,NA
2318,zhidao,/Xinjiang/AcadLang/201209/dex207.cha,adult,ADU: <你知道>[//]你见过苹果树吗?,0 No,0 No,2 second_person,2 CP,,2 second_person,1 polar_question,0 declarative,NA,NA,,,NA,NA,0 no negation,0 no negation,NA
2320,zhidao,/Xinjiang/AcadLang/201209/dex207.cha,adult,ADU: 那你知道苹果树生长在什么地方?,2 CP,,2 second_person,2 CP,,2 second_person,1 polar_question,2 wh_question,NA,NA,1 polar_question,2 wh_question,NA,NA,0 no negation,0 no negation,NA
2321,zhidao,/Xinjiang/AcadLang/201209/dex207.cha,adult,ADU: 你知道苹果树多长时间结一次果子吗?,2 CP,,2 second_person,2 CP,,2 second_person,1 polar_question,2 wh_question,NA,NA,1 polar_question,2 wh_question,NA,NA,0 no negation,0 no negation,NA
2324,zhidao,/Xinjiang/AcadLang/201209/dex207.cha,adult,ADU: 不知道.,0 No,0 No,0 dropped,0 No,0 No,0 dropped,0 declarative,,NA,NA,0 declarative,,NA,NA,2 不,2 不,NA
2327,zhidao,/Xinjiang/AcadLang/201209/dex207.cha,adult,ADU: 那你知道一个苹果要多少钱吗?,2 CP,,2 second_person,2 CP,,2 second_person,1 polar_question,2 wh_question,NA,NA,1 polar_question,2 wh_question,NA,NA,0 no negation,0 no negation,NA
2331,zhidao,/Xinjiang/AcadLang/201209/dex208.cha,adult,ADU: 你知道一般苹果树会长在什么地方?,2 CP,,2 second_person,2 CP,,2 second_person,1 polar_question,2 wh_question,NA,NA,1 polar_question,2 wh_question,NA,NA,0 no negation,0 no negation,NA
2332,zhidao,/Xinjiang/AcadLang/201209/dex208.cha,adult,ADU: 你知道平常我们用苹果来干什么?,2 CP,,2 second_person,2 CP,,2 second_person,1 polar_question,2 wh_question,NA,NA,1 polar_question,2 wh_question,NA,NA,0 no negation,0 no negation,NA
2333,zhidao,/Xinjiang/AcadLang/201209/dex208.cha,adult,"ADU: 好,你知道一个苹果要卖多少钱吗?",2 CP,,2 second_person,2 CP,,2 second_person,1 polar_question,2 wh_question,NA,NA,1 polar_question,2 wh_question,NA,NA,0 no negation,0 no negation,NA
2335,zhidao,/Xinjiang/AcadLang/201209/dex208.cha,adult,ADU: 不知道啊.,0 No,0 No,0 dropped,0 No,0 No,0 dropped,0 declarative,,NA,NA,0 declarative,,NA,NA,2 不,2 不,NA
2339,zhidao,/Xinjiang/AcadLang/201209/dez102.cha,adult,ADU: 不知道了?,0 No,0 No,0 dropped,0 No,0 No,0 dropped,1 polar_question,,NA,NA,1 polar_question,,NA,NA,2 不,2 不,NA
2340,zhidao,/Xinjiang/AcadLang/201209/dez103.cha,adult,"ADU: 嗯,好的,你知道苹果是在哪里买的吗?",2 CP,,2 second_person,2 CP,,2 second_person,1 polar_question,2 wh_question,NA,NA,1 polar_question,2 wh_question,NA,NA,0 no negation,0 no negation,NA
2341,zhidao,/Xinjiang/AcadLang/201209/dez103.cha,adult,ADU: 你知道多少钱一个苹果啊?,2 CP,,2 second_person,2 CP,,1 first_person,1 polar_question,2 wh_question,NA,NA,1 polar_question,2 wh_question,NA,NA,0 no negation,0 no negation,NA
2342,zhidao,/Xinjiang/AcadLang/201209/dez105.cha,adult,"ADU: 嗯,你知道哪里可以买到苹果吗?",2 CP,,2 second_person,2 CP,,2 second_person,1 polar_question,2 wh_question,NA,NA,1 polar_question,2 wh_question,NA,NA,0 no negation,0 no negation,NA
2344,zhidao,/Xinjiang/AcadLang/201209/dez106.cha,adult,ADU: 不知道啊.,0 No,0 No,0 dropped,0 No,0 No,0 dropped,0 declarative,,NA,NA,0 declarative,,NA,NA,2 不,2 不,NA
2346,zhidao,/Xinjiang/AcadLang/201209/dez106.cha,adult,"ADU: 不知道啊,那你喜欢吃苹果吗?",0 No,0 No,0 dropped,0 No,0 No,0 dropped,0 declarative,,NA,NA,0 declarative,,NA,NA,2 不,2 不,NA
2347,zhidao,/Xinjiang/AcadLang/201209/dez107.cha,adult,"ADU: 嗯,<苹果一般>[//]苹果[/]苹果是长在哪里的,你知道吗?",0 No,0 No,2 second_person,0 No,0 No,2 second_person,4 tag_question,2 wh_question,NA,NA,4 tag_question,2 wh_question,NA,NA,0 no negation,0 no negation,NA
2348,zhidao,/Xinjiang/AcadLang/201209/dez107.cha,adult,"ADU: &=laughs好的,你知道苹果多少钱一个吗?",2 CP,,2 second_person,2 CP,,2 second_person,1 polar_question,2 wh_question,NA,NA,1 polar_question,2 wh_question,NA,NA,0 no negation,0 no negation,NA
2350,zhidao,/Xinjiang/AcadLang/201209/dez107.cha,adult,"ADU: 嗯,那你知道去哪里买苹果吗?",2 CP,,2 second_person,2 CP,,2 second_person,1 polar_question,2 wh_question,NA,NA,1 polar_question,2 wh_question,NA,NA,0 no negation,0 no negation,NA
2351,zhidao,/Xinjiang/AcadLang/201209/dez107.cha,adult,"ADU: 好的,好,现在小羊知道了这是苹果.",0 No,0 No,3 third/NP,2 CP,,3 third/NP,0 declarative,0 declarative,NA,NA,0 declarative,0 declarative,NA,NA,0 no negation,0 no negation,NA
2352,zhidao,/Xinjiang/AcadLang/201209/dez109.cha,adult,"ADU: 哦,那你知道苹果树一般生长在什么地方吗?",2 CP,,2 second_person,2 CP,,2 second_person,1 polar_question,2 wh_question,NA,NA,1 polar_question,2 wh_question,NA,NA,0 no negation,0 no negation,NA
2353,zhidao,/Xinjiang/AcadLang/201209/dez109.cha,adult,"ADU: 哦,那你知道苹果一年(..)结几次果子吗?",2 CP,,2 second_person,2 CP,,2 second_person,1 polar_question,2 wh_question,NA,NA,1 polar_question,2 wh_question,NA,NA,0 no negation,0 no negation,NA
2354,zhidao,/Xinjiang/AcadLang/201209/dez109.cha,adult,ADU: 那你知道你常常在哪里看到苹果呢?,2 CP,,2 second_person,2 CP,,2 second_person,1 polar_question,2 wh_question,NA,NA,1 polar_question,2 wh_question,NA,NA,0 no negation,0 no negation,NA
2355,zhidao,/Xinjiang/AcadLang/201209/dez109.cha,adult,ADU: 那你知道一个苹果多少钱吗?,2 CP,,2 second_person,2 CP,,2 second_person,1 polar_question,2 wh_question,NA,NA,1 polar_question,2 wh_question,NA,NA,0 no negation,0 no negation,NA
2359,zhidao,/Xinjiang/AcadLang/201209/dez302.cha,adult,ADU: 那你知道多长时间苹果树才能结一次苹果吗?,2 CP,,2 second_person,2 CP,,2 second_person,1 polar_question,2 wh_question,NA,NA,1 polar_question,2 wh_question,NA,NA,0 no negation,0 no negation,NA
2360,zhidao,/Xinjiang/AcadLang/201209/dez302.cha,adult,ADU: 那你知道买一个苹果要多少钱吗?,2 CP,,2 second_person,2 CP,,2 second_person,1 polar_question,2 wh_question,NA,NA,1 polar_question,2 wh_question,NA,NA,0 no negation,0 no negation,NA
2362,zhidao,/Xinjiang/AcadLang/201209/dez302.cha,adult,ADU: 后面就不知道了.,0 No,0 No,0 dropped,0 No,0 No,0 dropped,0 declarative,,NA,NA,0 declarative,,NA,NA,2 不,2 不,NA
2364,zhidao,/Xinjiang/AcadLang/201209/dez305.cha,adult,ADU: 不知道啊.,0 No,0 No,0 dropped,0 No,0 No,0 dropped,0 declarative,,NA,NA,0 declarative,,NA,NA,2 不,2 不,NA
2365,zhidao,/Xinjiang/AcadLang/201209/dez305.cha,adult,"ADU: 哦,那你知道买一个苹果要多少钱吗?",2 CP,,2 second_person,2 CP,,2 second_person,1 polar_question,2 wh_question,NA,NA,1 polar_question,2 wh_question,NA,NA,0 no negation,0 no negation,NA
2366,zhidao,/Xinjiang/AcadLang/201209/dez305.cha,adult,"ADU: 哦,不知道啊.",0 No,0 No,0 dropped,0 No,0 No,0 dropped,0 declarative,,NA,NA,0 declarative,,NA,NA,2 不,2 不,NA
2368,zhidao,/Xinjiang/AcadLang/201209/dez306.cha,adult,"ADU: 不知道,那你平时都是在哪儿能见到苹果?",0 No,0 No,0 dropped,0 No,0 No,0 dropped,0 declarative,,NA,NA,0 declarative,,NA,NA,2 不,2 不,NA
2369,zhidao,/Xinjiang/AcadLang/201209/dez306.cha,adult,ADU: 那你知道买一个苹果需要多少钱吗?,2 CP,,2 second_person,2 CP,,2 second_person,1 polar_question,2 wh_question,NA,NA,1 polar_question,2 wh_question,NA,NA,0 no negation,0 no negation,NA
2371,zhidao,/Xinjiang/AcadLang/201209/dez307.cha,adult,ADU: 你知道吗?,0 No,0 No,2 second_person,0 No,0 No,2 second_person,1 polar_question,,NA,NA,1 polar_question,,NA,NA,0 no negation,0 no negation,NA
2372,zhidao,/Xinjiang/AcadLang/201209/dez307.cha,adult,ADU: 那<你知道>[/]你知道一个苹果大概多少钱吗?,2 CP,,2 second_person,2 CP,,2 second_person,1 polar_question,2 wh_question,NA,NA,1 polar_question,2 wh_question,NA,NA,0 no negation,0 no negation,NA
2373,zhidao,/Xinjiang/AcadLang/201209/dez307.cha,adult,ADU: 你知道一个苹果大概多少钱吗?,2 CP,,2 second_person,2 CP,,2 second_person,1 polar_question,2 wh_question,NA,NA,1 polar_question,2 wh_question,NA,NA,0 no negation,0 no negation,NA
2376,zhidao,/Xinjiang/AcadLang/201209/dez308.cha,adult,"ADU: 不知道啊,那它是什么颜色的,你知不知道?",0 No,0 No,0 dropped,0 No,0 No,0 dropped,0 declarative,,NA,NA,0 declarative,,NA,NA,2 不,2 不,NA
2376_b,zhidao,/Xinjiang/AcadLang/201209/dez308.cha,adult,"ADU: 不知道啊,那它是什么颜色的,你知不知道?",0 No,0 No,2 second_person,0 No,0 No,2 second_person,4 tag_question,2 wh_question,NA,NA,4 tag_question,2 wh_question,NA,NA,0 no negation,0 no negation,NA
2378,zhidao,/Xinjiang/AcadLang/201209/dez308.cha,adult,"ADU: 不知道啊,那你吃过苹果没有?",0 No,0 No,0 dropped,0 No,0 No,0 dropped,0 declarative,,NA,NA,0 declarative,,NA,NA,2 不,2 不,NA
2379,zhidao,/Xinjiang/AcadLang/201209/dez308.cha,adult,ADU: 那你知道买一个苹果要多少钱吗?,2 CP,,2 second_person,2 CP,,2 second_person,1 polar_question,2 wh_question,NA,NA,1 polar_question,2 wh_question,NA,NA,0 no negation,0 no negation,NA
2381,zhidao,/Xinjiang/AcadLang/201209/dez308.cha,adult,ADU: 不知道啊.,0 No,0 No,0 dropped,0 No,0 No,0 dropped,0 declarative,,NA,NA,0 declarative,,NA,NA,2 不,2 不,NA
2382,zhidao,/Xinjiang/AcadLang/201209/dez309.cha,adult,ADU: 那你知道它长在哪里吗?,2 CP,,2 second_person,2 CP,,2 second_person,1 polar_question,2 wh_question,NA,NA,1 polar_question,2 wh_question,NA,NA,0 no negation,0 no negation,NA
2383,zhidao,/Xinjiang/AcadLang/201209/dez309.cha,adult,ADU: 不知道吗?,0 No,0 No,0 dropped,0 No,0 No,0 dropped,1 polar_question,,NA,NA,1 polar_question,,NA,NA,2 不,2 不,NA
2384,zhidao,/Xinjiang/AcadLang/201209/dez309.cha,adult,"ADU: 就是说<你知道它>[//]如果小羊想买一个,你知道它大概多少钱吗?",4 NP,2 NP,2 second_person,0 No,2 NP,2 second_person,0 declarative,,NA,NA,0 declarative,,NA,NA,0 no negation,0 no negation,NA
2384_b,zhidao,/Xinjiang/AcadLang/201209/dez309.cha,adult,"ADU: 就是说<你知道它>[//]如果小羊想买一个,你知道它大概多少钱吗?",2 CP,,2 second_person,2 CP,,2 second_person,1 polar_question,2 wh_question,NA,NA,1 polar_question,2 wh_question,NA,NA,0 no negation,0 no negation,NA
2385,zhidao,/Xinjiang/AcadLang/201209/dez309.cha,adult,"ADU: <xxx大概多少钱,你知道吗?",0 No,0 No,2 second_person,0 No,0 No,2 second_person,4 tag_question,3 base-generated wh/polar,NA,NA,4 tag_question,2 wh_question,NA,NA,0 no negation,0 no negation,NA
2386,zhidao,/Xinjiang/AcadLang/201209/dez309.cha,adult,"ADU: 不知道,好.",0 No,0 No,0 dropped,0 No,0 No,0 dropped,0 declarative,,NA,NA,0 declarative,,NA,NA,2 不,2 不,NA
2390,zhidao,/Xinjiang/AcadLang/201209/dez310.cha,adult,"ADU: 嗯,那你知道它生长在哪里吗?",2 CP,,2 second_person,2 CP,,2 second_person,1 polar_question,2 wh_question,NA,NA,1 polar_question,2 wh_question,NA,NA,0 no negation,0 no negation,NA
2391,zhidao,/Xinjiang/AcadLang/201209/dez310.cha,adult,ADU: 它就知道这个东西是苹果啦.,2 CP,,3 third/NP,2 CP,,3 third/NP,0 declarative,0 declarative,NA,NA,0 declarative,0 declarative,NA,NA,0 no negation,0 no negation,NA
2392,zhidao,/Xinjiang/AcadLang/201209/dsz102.cha,adult,ADU: <那你知道苹果一年结几次果子吗?,2 CP,,2 second_person,2 CP,,2 second_person,1 polar_question,2 wh_question,NA,NA,1 polar_question,2 wh_question,NA,NA,0 no negation,0 no negation,NA
2393,zhidao,/Xinjiang/AcadLang/201209/dsz102.cha,adult,ADU: 那<你在哪>[//]你知道在哪里可以买到苹果吗?,2 CP,,2 second_person,2 CP,,2 second_person,1 polar_question,2 wh_question,NA,NA,1 polar_question,2 wh_question,NA,NA,0 no negation,0 no negation,NA
2394,zhidao,/Xinjiang/AcadLang/201209/dsz102.cha,adult,ADU: 那你知道一个苹果要多少钱吗?,2 CP,,2 second_person,2 CP,,2 second_person,1 polar_question,2 wh_question,NA,NA,1 polar_question,2 wh_question,NA,NA,0 no negation,0 no negation,NA
2395,zhidao,/Xinjiang/AcadLang/201209/dsz103.cha,adult,ADU: 那你知道苹果摸上去是什么感觉吗?,2 CP,,2 second_person,2 CP,,2 second_person,1 polar_question,2 wh_question,NA,NA,1 polar_question,2 wh_question,NA,NA,0 no negation,0 no negation,NA
2396,zhidao,/Xinjiang/AcadLang/201209/dsz103.cha,adult,ADU: 那你知道苹果是什么味道的呢?,2 CP,,2 second_person,2 CP,,2 second_person,1 polar_question,2 wh_question,NA,NA,1 polar_question,2 wh_question,NA,NA,0 no negation,0 no negation,NA
2397,zhidao,/Xinjiang/AcadLang/201209/dsz103.cha,adult,ADU: 那你知道苹果是长在哪里的吗?,2 CP,,2 second_person,2 CP,,2 second_person,1 polar_question,2 wh_question,NA,NA,1 polar_question,2 wh_question,NA,NA,0 no negation,0 no negation,NA
2398,zhidao,/Xinjiang/AcadLang/201209/dsz103.cha,adult,"ADU: <<你知道>[//]噢,你知道这是皮球.",0 No,0 No,2 second_person,0 No,0 No,0 dropped,,,NA,NA,0 declarative,,NA,NA,0 no negation,0 no negation,NA
2398_b,zhidao,/Xinjiang/AcadLang/201209/dsz103.cha,adult,"ADU: <<你知道>[//]噢,你知道这是皮球.",2 CP,,2 second_person,2 CP,,2 second_person,0 declarative,0 declarative,NA,NA,0 declarative,0 declarative,NA,NA,0 no negation,0 no negation,NA
2399,zhidao,/Xinjiang/AcadLang/201209/dsz104.cha,adult,ADU: 你知道在哪里可以买到苹果吗?,2 CP,,2 second_person,2 CP,,2 second_person,1 polar_question,2 wh_question,NA,NA,1 polar_question,2 wh_question,NA,NA,0 no negation,0 no negation,NA
2400,zhidao,/Xinjiang/AcadLang/201209/dsz104.cha,adult,ADU: 那你知道一个苹果要多少钱吗.,2 CP,,2 second_person,2 CP,,2 second_person,1 polar_question,2 wh_question,NA,NA,1 polar_question,2 wh_question,NA,NA,0 no negation,0 no negation,NA
2401,zhidao,/Xinjiang/AcadLang/201209/dsz104.cha,adult,ADU: 那你知道苹果树会长在什么地方吗?,2 CP,,2 second_person,2 CP,,2 second_person,1 polar_question,2 wh_question,NA,NA,1 polar_question,2 wh_question,NA,NA,0 no negation,0 no negation,NA
2402,zhidao,/Xinjiang/AcadLang/201209/dsz104.cha,adult,ADU: 那你知道苹果树一年结几次果子吗?,2 CP,,2 second_person,2 CP,,2 second_person,1 polar_question,2 wh_question,NA,NA,1 polar_question,2 wh_question,NA,NA,0 no negation,0 no negation,NA
2404,zhidao,/Xinjiang/AcadLang/201209/dsz105.cha,adult,ADU: 你知道苹果是长在哪里的吗?,2 CP,,2 second_person,2 CP,,2 second_person,1 polar_question,2 wh_question,NA,NA,1 polar_question,2 wh_question,NA,NA,0 no negation,0 no negation,NA
2405,zhidao,/Xinjiang/AcadLang/201209/dsz105.cha,adult,ADU: 知道苹果是长在树上的啊!,2 CP,,0 dropped,2 CP,,0 dropped,0 declarative,0 declarative,NA,NA,0 declarative,0 declarative,NA,NA,0 no negation,0 no negation,NA
2407,zhidao,/Xinjiang/AcadLang/201209/dsz105.cha,adult,"ADU: 好的,那你知道哪里可以买到苹果吗?",2 CP,,2 second_person,2 CP,,2 second_person,1 polar_question,2 wh_question,NA,NA,1 polar_question,2 wh_question,NA,NA,0 no negation,0 no negation,NA
2408,zhidao,/Xinjiang/AcadLang/201209/dsz105.cha,adult,"ADU: 那你知道爸爸,妈妈喜欢吃苹果吗?",2 CP,,2 second_person,2 CP,,2 second_person,1 polar_question,0 declarative,NA,NA,1 polar_question,0 declarative,NA,NA,0 no negation,0 no negation,NA
2409,zhidao,/Xinjiang/AcadLang/201209/dsz105.cha,adult,ADU: 你知道什么[//]这个是什么吗?,4 NP,2 NP,2 second_person,0 No,2 NP,2 second_person,1 polar_question,2 wh_question,NA,NA,1 polar_question,2 wh_question,NA,NA,0 no negation,0 no negation,NA
2410,zhidao,/Xinjiang/AcadLang/201209/dsz105.cha,adult,ADU: 他也不知道这个是什么.,2 CP,,3 third/NP,2 CP,,3 third/NP,0 declarative,2 wh_question,NA,NA,0 declarative,2 wh_question,NA,NA,2 不,2 不,NA
2411,zhidao,/Xinjiang/AcadLang/201209/dsz106.cha,adult,ADU: 嗯你知道在哪里可以买到苹果吗?,2 CP,,2 second_person,2 CP,,2 second_person,1 polar_question,2 wh_question,NA,NA,1 polar_question,2 wh_question,NA,NA,0 no negation,0 no negation,NA
2412,zhidao,/Xinjiang/AcadLang/201209/dsz106.cha,adult,ADU: 你知道苹果多少钱一个呀?,2 CP,,2 second_person,2 CP,,2 second_person,1 polar_question,2 wh_question,NA,NA,1 polar_question,2 wh_question,NA,NA,0 no negation,0 no negation,NA
2414,zhidao,/Xinjiang/AcadLang/201209/dsz106.cha,adult,"ADU: 好的,现在小羊他知道什么是苹果了.",2 CP,,3 third/NP,2 CP,,3 third/NP,0 declarative,2 wh_question,NA,NA,0 declarative,2 wh_question,NA,NA,0 no negation,0 no negation,NA
2415,zhidao,/Xinjiang/AcadLang/201209/dsz107.cha,adult,ADU: 那你知道苹果长在什么地方?,2 CP,,2 second_person,2 CP,,2 second_person,1 polar_question,2 wh_question,NA,NA,1 polar_question,2 wh_question,NA,NA,0 no negation,0 no negation,NA
2416,zhidao,/Xinjiang/AcadLang/201209/dsz107.cha,adult,ADU: 那你知道苹果一年结几次果子吗?,2 CP,,2 second_person,2 CP,,2 second_person,1 polar_question,2 wh_question,NA,NA,1 polar_question,2 wh_question,NA,NA,0 no negation,0 no negation,NA
2417,zhidao,/Xinjiang/AcadLang/201209/dsz107.cha,adult,ADU: 不知道?,0 No,0 No,0 dropped,0 No,0 No,0 dropped,1 polar_question,,NA,NA,1 polar_question,,NA,NA,2 不,2 不,NA
2418,zhidao,/Xinjiang/AcadLang/201209/dsz107.cha,adult,ADU: 知道啊!,0 No,0 No,0 dropped,0 No,0 No,0 dropped,0 declarative,,NA,NA,0 declarative,,NA,NA,0 no negation,0 no negation,NA
2419,zhidao,/Xinjiang/AcadLang/201209/dsz107.cha,adult,ADU: 那你知道苹果[//]可以在什么地方可以买到苹果吗?,2 CP,,2 second_person,2 CP,,2 second_person,1 polar_question,2 wh_question,NA,NA,1 polar_question,2 wh_question,NA,NA,0 no negation,0 no negation,NA
2420,zhidao,/Xinjiang/AcadLang/201209/dsz107.cha,adult,"ADU: 好的,那你知道一个苹果要多少钱吗?",2 CP,,2 second_person,2 CP,,2 second_person,1 polar_question,2 wh_question,NA,NA,1 polar_question,2 wh_question,NA,NA,0 no negation,0 no negation,NA
2421,zhidao,/Xinjiang/AcadLang/201209/dsz109.cha,adult,ADU: 嗯你知道哪里可以买到苹果吗?,2 CP,,2 second_person,2 CP,,2 second_person,1 polar_question,2 wh_question,NA,NA,1 polar_question,2 wh_question,NA,NA,0 no negation,0 no negation,NA
2422,zhidao,/Xinjiang/AcadLang/201209/dsz109.cha,adult,ADU: 那你知道苹果是不是一种有营养的水果?,2 CP,,2 second_person,2 CP,,2 second_person,1 polar_question,3 base-generated wh/polar,NA,NA,1 polar_question,1 polar_question,NA,NA,0 no negation,0 no negation,NA
2423,zhidao,/Xinjiang/AcadLang/201209/dsz109.cha,adult,ADU: 嗯你知道哪里可以买到皮球吗?,2 CP,,2 second_person,2 CP,,2 second_person,1 polar_question,2 wh_question,NA,NA,1 polar_question,2 wh_question,NA,NA,0 no negation,0 no negation,NA
2424,zhidao,/Xinjiang/AcadLang/201209/dsz109.cha,adult,ADU: 你知道皮球摸上去是什么感觉呀?,2 CP,,2 second_person,2 CP,,2 second_person,1 polar_question,2 wh_question,NA,NA,1 polar_question,2 wh_question,NA,NA,0 no negation,0 no negation,NA
2425,zhidao,/Xinjiang/AcadLang/201209/dsz109.cha,adult,ADU: 嗯你知道皮球鼓鼓的.,2 CP,,2 second_person,2 CP,,2 second_person,0 declarative,0 declarative,NA,NA,0 declarative,0 declarative,NA,NA,0 no negation,0 no negation,NA
2426,zhidao,/Xinjiang/AcadLang/201209/flz301.cha,adult,ADU: 嗯你知道苹果怎么从一个小小的种子变成一个大大的苹果吗?,2 CP,,2 second_person,2 CP,,2 second_person,1 polar_question,2 wh_question,NA,NA,1 polar_question,2 wh_question,NA,NA,0 no negation,0 no negation,NA
2427,zhidao,/Xinjiang/AcadLang/201209/flz301.cha,adult,"ADU: 嗯,知道吗?",0 No,0 No,0 dropped,0 No,0 No,0 dropped,1 polar_question,,NA,NA,1 polar_question,,NA,NA,0 no negation,0 no negation,NA
2429,zhidao,/Xinjiang/AcadLang/201209/flz301.cha,adult,ADU: 你知道吗?,0 No,0 No,2 second_person,0 No,0 No,2 second_person,1 polar_question,,NA,NA,1 polar_question,,NA,NA,0 no negation,0 no negation,NA
2431,zhidao,/Xinjiang/AcadLang/201209/flz301.cha,adult,ADU: 不知道.,0 No,0 No,0 dropped,0 No,0 No,0 dropped,0 declarative,,NA,NA,0 declarative,,NA,NA,2 不,2 不,NA
2432,zhidao,/Xinjiang/AcadLang/201209/flz303.cha,adult,ADU: 你知道吗?,0 No,0 No,2 second_person,0 No,0 No,2 second_person,1 polar_question,,NA,NA,1 polar_question,,NA,NA,0 no negation,0 no negation,NA
2433,zhidao,/Xinjiang/AcadLang/201209/flz303.cha,adult,"ADU: 好的,你知道哪里可以买到苹果吗?",2 CP,,2 second_person,2 CP,,2 second_person,1 polar_question,2 wh_question,NA,NA,1 polar_question,2 wh_question,NA,NA,0 no negation,0 no negation,NA
2435,zhidao,/Xinjiang/AcadLang/201209/flz304.cha,adult,ADU: 你知道苹果是怎么长大的吗?,2 CP,,2 second_person,2 CP,,2 second_person,1 polar_question,2 wh_question,NA,NA,1 polar_question,2 wh_question,NA,NA,0 no negation,0 no negation,NA
2438,zhidao,/Xinjiang/AcadLang/201209/flz304.cha,adult,"ADU: 不知道,说的很好!",0 No,0 No,0 dropped,0 No,0 No,0 dropped,0 declarative,,NA,NA,0 declarative,,NA,NA,2 不,2 不,NA
2440,zhidao,/Xinjiang/AcadLang/201209/flz310.cha,adult,"ADU: 好,那你知道哪里可以买到球吗?",2 CP,,2 second_person,2 CP,,2 second_person,1 polar_question,2 wh_question,NA,NA,1 polar_question,2 wh_question,NA,NA,0 no negation,0 no negation,NA
2441,zhidao,/Xinjiang/AcadLang/201209/hqx301.cha,adult,ADU: 不知道.,0 No,0 No,0 dropped,0 No,0 No,0 dropped,0 declarative,,NA,NA,0 declarative,,NA,NA,2 不,2 不,NA
2442,zhidao,/Xinjiang/AcadLang/201209/hqx301.cha,adult,"ADU: 好,那你知道它生长在哪里吗?",2 CP,,2 second_person,2 CP,,2 second_person,1 polar_question,2 wh_question,NA,NA,1 polar_question,2 wh_question,NA,NA,0 no negation,0 no negation,NA
2443,zhidao,/Xinjiang/AcadLang/201209/hqx301.cha,adult,ADU: 也不知道啊.,0 No,0 No,0 dropped,0 No,0 No,0 dropped,0 declarative,,NA,NA,0 declarative,,NA,NA,2 不,2 不,NA
2444,zhidao,/Xinjiang/AcadLang/201209/hqx301.cha,adult,ADU: 你知道多少钱吗?,2 CP,,2 second_person,2 CP,,2 second_person,1 polar_question,2 wh_question,NA,NA,1 polar_question,2 wh_question,NA,NA,0 no negation,0 no negation,NA
2445,zhidao,/Xinjiang/AcadLang/201209/hqx301.cha,adult,ADU: 也不知道么.,0 No,0 No,0 dropped,0 No,2 NP,0 dropped,1 polar_question,,NA,NA,1 polar_question,,NA,NA,2 不,2 不,NA
2446,zhidao,/Xinjiang/AcadLang/201209/hqx301.cha,adult,ADU: 它光知道这是气球.,2 CP,,3 third/NP,2 CP,,3 third/NP,0 declarative,0 declarative,NA,NA,0 declarative,0 declarative,NA,NA,0 no negation,0 no negation,NA
2447,zhidao,/Xinjiang/AcadLang/201209/hqx302.cha,adult,ADU: 他都不知道.,0 No,0 No,3 third/NP,0 No,0 No,3 third/NP,0 declarative,,NA,NA,0 declarative,,NA,NA,2 不,2 不,NA
2449,zhidao,/Xinjiang/AcadLang/201209/hqx302.cha,adult,"ADU: 不知道,好.",0 No,0 No,0 dropped,0 No,0 No,0 dropped,0 declarative,,NA,NA,0 declarative,,NA,NA,2 不,2 不,NA
2451,zhidao,/Xinjiang/AcadLang/201209/hqx302.cha,adult,"ADU: 啊,不知道啊.",0 No,0 No,0 dropped,0 No,0 No,0 dropped,0 declarative,,NA,NA,0 declarative,,NA,NA,2 不,2 不,NA
2452,zhidao,/Xinjiang/AcadLang/201209/hqx305.cha,adult,"ADU: 哦,那你知道一个苹果多少钱吗?",2 CP,,2 second_person,2 CP,,2 second_person,1 polar_question,2 wh_question,NA,NA,1 polar_question,2 wh_question,NA,NA,0 no negation,0 no negation,NA
2453,zhidao,/Xinjiang/AcadLang/201209/hqx305.cha,adult,ADU: 小球[//]小羊它不知道这是球啊.,2 CP,,3 third/NP,2 CP,,3 third/NP,0 declarative,0 declarative,NA,NA,0 declarative,0 declarative,NA,NA,2 不,2 不,NA
2454,zhidao,/Xinjiang/AcadLang/201209/hqx306.cha,adult,ADU: 你知道苹果<能用来>[//]都[/]都用来干什么啊?,2 CP,,2 second_person,2 CP,,2 second_person,1 polar_question,2 wh_question,NA,NA,1 polar_question,2 wh_question,NA,NA,0 no negation,0 no negation,NA
2455,zhidao,/Xinjiang/AcadLang/201209/hqx307.cha,adult,ADU: 但是呢小羊<不知道这是>[//]从来没有见过这个东西啊.,3 Incomplete,3 Incomplete,3 third/NP,2 CP,,3 third/NP,0 declarative,0 declarative,NA,NA,,,NA,NA,2 不,2 不,NA
2456,zhidao,/Xinjiang/AcadLang/201209/hqx307.cha,adult,"ADU: 哦,那[/]那[/]&=sighs那你知道它<生长在哪里吗>[//]长在哪里呢?",2 CP,,2 second_person,2 CP,,2 second_person,1 polar_question,2 wh_question,NA,NA,1 polar_question,2 wh_question,NA,NA,0 no negation,0 no negation,NA
2457,zhidao,/Xinjiang/AcadLang/201209/hqx307.cha,adult,ADU: <你知道它>[/]g你知道它贵不贵啊?,4 NP,2 NP,2 second_person,0 No,2 NP,2 second_person,,,NA,NA,,,NA,NA,0 no negation,0 no negation,NA
2457_b,zhidao,/Xinjiang/AcadLang/201209/hqx307.cha,adult,ADU: <你知道它>[/]g你知道它贵不贵啊?,2 CP,,2 second_person,2 CP,,2 second_person,1 polar_question,1 polar_question,NA,NA,1 polar_question,1 polar_question,NA,NA,0 no negation,0 no negation,NA
2458,zhidao,/Xinjiang/AcadLang/201209/hqx307.cha,adult,"ADU: 知道吗,你喜欢吃吗?",0 No,0 No,0 dropped,0 No,0 No,0 dropped,1 polar_question,,NA,NA,1 polar_question,,NA,NA,0 no negation,0 no negation,NA
2459,zhidao,/Xinjiang/AcadLang/201209/hqx307.cha,adult,ADU: 小羊就知道这是苹果了.,2 CP,,3 third/NP,2 CP,,3 third/NP,0 declarative,0 declarative,NA,NA,0 declarative,0 declarative,NA,NA,0 no negation,0 no negation,NA
2461,zhidao,/Xinjiang/AcadLang/201209/hqx307.cha,adult,"ADU: 好,知道吗?",0 No,0 No,0 dropped,0 No,0 No,0 dropped,1 polar_question,,NA,NA,1 polar_question,,NA,NA,0 no negation,0 no negation,NA
2462,zhidao,/Xinjiang/AcadLang/201209/hqx307.cha,adult,ADU: 不知道啦.,0 No,0 No,0 dropped,0 No,0 No,0 dropped,0 declarative,,NA,NA,0 declarative,,NA,NA,2 不,2 不,NA
2463,zhidao,/Xinjiang/AcadLang/201209/hqx308.cha,adult,ADU: <知道吗>[/]<知道吗>[/]知道吗?,0 No,0 No,0 dropped,0 No,0 No,0 dropped,1 polar_question,,NA,NA,1 polar_question,,NA,NA,0 no negation,0 no negation,NA
2463_b,zhidao,/Xinjiang/AcadLang/201209/hqx308.cha,adult,ADU: <知道吗>[/]<知道吗>[/]知道吗?,0 No,0 No,0 dropped,0 No,0 No,0 dropped,1 polar_question,,NA,NA,1 polar_question,,NA,NA,0 no negation,0 no negation,NA
2463_c,zhidao,/Xinjiang/AcadLang/201209/hqx308.cha,adult,ADU: <知道吗>[/]<知道吗>[/]知道吗?,0 No,0 No,0 dropped,0 No,0 No,0 dropped,1 polar_question,,NA,NA,1 polar_question,,NA,NA,0 no negation,0 no negation,NA
2464,zhidao,/Xinjiang/AcadLang/201209/hqx308.cha,adult,"ADU: 嗯,那你知道它生长在哪里吗?",2 CP,,2 second_person,2 CP,,2 second_person,1 polar_question,2 wh_question,NA,NA,1 polar_question,2 wh_question,NA,NA,0 no negation,0 no negation,NA
2465,zhidao,/Xinjiang/AcadLang/201209/hqx308.cha,adult,ADU: 也不知道.,0 No,0 No,0 dropped,0 No,0 No,0 dropped,0 declarative,,NA,NA,0 declarative,,NA,NA,2 不,2 不,NA
2466,zhidao,/Xinjiang/AcadLang/201209/hqx308.cha,adult,ADU: 你知道苹果还可以干什么呀?,2 CP,,2 second_person,2 CP,,2 second_person,1 polar_question,2 wh_question,NA,NA,1 polar_question,2 wh_question,NA,NA,0 no negation,0 no negation,NA
2467,zhidao,/Xinjiang/AcadLang/201209/hqx308.cha,adult,ADU: 知道吗?,0 No,0 No,0 dropped,0 No,0 No,0 dropped,1 polar_question,,NA,NA,1 polar_question,,NA,NA,0 no negation,0 no negation,NA
2468,zhidao,/Xinjiang/AcadLang/201209/hqx308.cha,adult,ADU: 小羊非常想知道这是什么东西.,2 CP,,3 third/NP,2 CP,,3 third/NP,0 declarative,2 wh_question,NA,NA,0 declarative,2 wh_question,NA,NA,0 no negation,0 no negation,NA
2469,zhidao,/Xinjiang/AcadLang/201209/hqx308.cha,adult,ADU: 知道吗?,0 No,0 No,0 dropped,0 No,0 No,0 dropped,1 polar_question,,NA,NA,1 polar_question,,NA,NA,0 no negation,0 no negation,NA
2470,zhidao,/Xinjiang/AcadLang/201209/hqx308.cha,adult,ADU: 不知道.,0 No,0 No,0 dropped,0 No,0 No,0 dropped,0 declarative,,NA,NA,0 declarative,,NA,NA,2 不,2 不,NA
2473,zhidao,/Xinjiang/AcadLang/201209/hqz203.cha,adult,"ADU: 啊,那你知道苹果它是生长在什么地方吗?",2 CP,,2 second_person,2 CP,,2 second_person,1 polar_question,2 wh_question,NA,NA,1 polar_question,2 wh_question,NA,NA,0 no negation,0 no negation,NA
2475,zhidao,/Xinjiang/AcadLang/201209/hqz203.cha,adult,ADU: <不知道.,0 No,0 No,0 dropped,0 No,0 No,0 dropped,0 declarative,,NA,NA,0 declarative,,NA,NA,2 不,2 不,NA
2477,zhidao,/Xinjiang/AcadLang/201209/hqz203.cha,adult,"ADU: 不知道啊,好.",0 No,0 No,0 dropped,0 No,0 No,0 dropped,0 declarative,,NA,NA,0 declarative,,NA,NA,2 不,2 不,NA
2478,zhidao,/Xinjiang/AcadLang/201209/hqz205.cha,adult,ADU: 不知道啊.,0 No,0 No,0 dropped,0 No,0 No,0 dropped,0 declarative,,NA,NA,0 declarative,,NA,NA,2 不,2 不,NA
2479,zhidao,/Xinjiang/AcadLang/201209/hqz205.cha,adult,ADU: 不知道啊.,0 No,0 No,0 dropped,0 No,0 No,0 dropped,0 declarative,,NA,NA,0 declarative,,NA,NA,2 不,2 不,NA
2480,zhidao,/Xinjiang/AcadLang/201209/hqz205.cha,adult,ADU: 不知道.,0 No,0 No,0 dropped,0 No,0 No,0 dropped,0 declarative,,NA,NA,0 declarative,,NA,NA,2 不,2 不,NA
2481,zhidao,/Xinjiang/AcadLang/201209/hqz205.cha,adult,ADU: 不知道.,0 No,0 No,0 dropped,0 No,0 No,0 dropped,0 declarative,,NA,NA,0 declarative,,NA,NA,2 不,2 不,NA
2482,zhidao,/Xinjiang/AcadLang/201209/hqz205.cha,adult,ADU: 那你知道买一个苹果要多少钱吗?,2 CP,,2 second_person,2 CP,,2 second_person,1 polar_question,2 wh_question,NA,NA,1 polar_question,2 wh_question,NA,NA,0 no negation,0 no negation,NA
2483,zhidao,/Xinjiang/AcadLang/201209/hqz205.cha,adult,ADU: 不知道啊.,0 No,0 No,0 dropped,0 No,0 No,0 dropped,0 declarative,,NA,NA,0 declarative,,NA,NA,2 不,2 不,NA
2485,zhidao,/Xinjiang/AcadLang/201209/hqz205.cha,adult,"ADU: 哦,你只知道它是球.",2 CP,,2 second_person,2 CP,,2 second_person,0 declarative,0 declarative,NA,NA,0 declarative,0 declarative,NA,NA,0 no negation,0 no negation,NA
2487,zhidao,/Xinjiang/AcadLang/201209/hqz206.cha,adult,ADU: 不知道啊.,0 No,0 No,0 dropped,0 No,0 No,0 dropped,0 declarative,,NA,NA,0 declarative,,NA,NA,2 不,2 不,NA
2489,zhidao,/Xinjiang/AcadLang/201209/hqz206.cha,adult,"ADU: 哦,小羊不知道苹果是什么.",2 CP,,3 third/NP,2 CP,,3 third/NP,0 declarative,2 wh_question,NA,NA,0 declarative,2 wh_question,NA,NA,2 不,2 不,NA
2491,zhidao,/Xinjiang/AcadLang/201209/hqz206.cha,adult,ADU: 不知道啊.,0 No,0 No,0 dropped,0 No,0 No,0 dropped,0 declarative,,NA,NA,0 declarative,,NA,NA,2 不,2 不,NA
2492,zhidao,/Xinjiang/AcadLang/201209/hqz206.cha,adult,ADU: 那<你知道>[//]你看到过苹果树吗?,0 No,0 No,2 second_person,0 No,0 No,2 second_person,0 declarative,,NA,NA,,,NA,NA,0 no negation,0 no negation,NA
2493,zhidao,/Xinjiang/AcadLang/201209/hqz206.cha,adult,"ADU: 哦,那你知道苹果树多长时间结一次苹果吗?",2 CP,,2 second_person,2 CP,,2 second_person,1 polar_question,2 wh_question,NA,NA,1 polar_question,2 wh_question,NA,NA,0 no negation,0 no negation,NA
2496,zhidao,/Xinjiang/AcadLang/201209/hqz208.cha,adult,"ADU: 哦,那你知道呃你平时在哪可以见到过苹果?",2 CP,,2 second_person,2 CP,,2 second_person,1 polar_question,2 wh_question,NA,NA,1 polar_question,2 wh_question,NA,NA,0 no negation,0 no negation,NA
2497,zhidao,/Xinjiang/AcadLang/201209/hqz208.cha,adult,ADU: 那你知道买一个苹果多少钱啊?,2 CP,,2 second_person,2 CP,,2 second_person,1 polar_question,2 wh_question,NA,NA,1 polar_question,2 wh_question,NA,NA,0 no negation,0 no negation,NA
2498,zhidao,/Xinjiang/AcadLang/201209/jgd111.cha,adult,"ADU: 草莓味,那你知道苹果生长在什么地方吗?",2 CP,,2 second_person,2 CP,,2 second_person,1 polar_question,2 wh_question,NA,NA,1 polar_question,2 wh_question,NA,NA,0 no negation,0 no negation,NA
2499,zhidao,/Xinjiang/AcadLang/201209/jgd111.cha,adult,ADU: 那你知道买一个苹果需要多少钱吗?,2 CP,,2 second_person,2 CP,,2 second_person,1 polar_question,2 wh_question,NA,NA,1 polar_question,2 wh_question,NA,NA,0 no negation,0 no negation,NA
2501,zhidao,/Xinjiang/AcadLang/201209/jgd111.cha,adult,"ADU: 不知道,嗯还有没有什么告诉小羊的,关于球?",0 No,0 No,0 dropped,0 No,0 No,0 dropped,0 declarative,,NA,NA,0 declarative,,NA,NA,2 不,2 不,NA
2502,zhidao,/Xinjiang/AcadLang/201209/jgd203.cha,adult,ADU: 那你知道苹果它是怎么长大的吗?,2 CP,,2 second_person,2 CP,,2 second_person,1 polar_question,2 wh_question,NA,NA,1 polar_question,2 wh_question,NA,NA,0 no negation,0 no negation,NA
2503,zhidao,/Xinjiang/AcadLang/201209/jgd203.cha,adult,ADU: 嗯你知道苹果多少钱一个吗?,2 CP,,2 second_person,2 CP,,2 second_person,1 polar_question,2 wh_question,NA,NA,1 polar_question,2 wh_question,NA,NA,0 no negation,0 no negation,NA
2504,zhidao,/Xinjiang/AcadLang/201209/jgd203.cha,adult,ADU: 嗯那你知道苹果是用来干什么的吗?,2 CP,,2 second_person,2 CP,,2 second_person,1 polar_question,2 wh_question,NA,NA,1 polar_question,2 wh_question,NA,NA,0 no negation,0 no negation,NA
2505,zhidao,/Xinjiang/AcadLang/201209/jgd203.cha,adult,"ADU: 圆形,那你知道球是用来干什么的吗?",2 CP,,2 second_person,2 CP,,2 second_person,1 polar_question,2 wh_question,NA,NA,1 polar_question,2 wh_question,NA,NA,0 no negation,0 no negation,NA
2506,zhidao,/Xinjiang/AcadLang/201209/jgd204.cha,adult,ADU: 玩着玩着他又不知道这是什么了呀.,2 CP,,3 third/NP,2 CP,,3 third/NP,0 declarative,2 wh_question,NA,NA,0 declarative,2 wh_question,NA,NA,2 不,2 不,NA
2507,zhidao,/Xinjiang/AcadLang/201209/jgd205.cha,adult,"ADU: 玩着玩着吧,他又不知道这是什么东西了啊.",2 CP,,3 third/NP,2 CP,,3 third/NP,0 declarative,2 wh_question,NA,NA,0 declarative,2 wh_question,NA,NA,2 不,2 不,NA
2509,zhidao,/Xinjiang/AcadLang/201209/jgd206.cha,adult,ADU: 不知道.,0 No,0 No,0 dropped,0 No,0 No,0 dropped,0 declarative,,NA,NA,0 declarative,,NA,NA,2 不,2 不,NA
2510,zhidao,/Xinjiang/AcadLang/201209/jgd206.cha,adult,ADU: 可是他还是不知道这是什么东西.,2 CP,,3 third/NP,2 CP,,3 third/NP,0 declarative,2 wh_question,NA,NA,0 declarative,2 wh_question,NA,NA,2 不,2 不,NA
2512,zhidao,/Xinjiang/AcadLang/201209/jgd207.cha,adult,"ADU: 玩着玩着,他不知道这是什么东西.",2 CP,,3 third/NP,2 CP,,3 third/NP,0 declarative,2 wh_question,NA,NA,0 declarative,2 wh_question,NA,NA,2 不,2 不,NA
2514,zhidao,/Xinjiang/AcadLang/201209/jgd209.cha,adult,"ADU: 玩着玩着,他又不知道这是什么了.",2 CP,,3 third/NP,2 CP,,3 third/NP,0 declarative,2 wh_question,NA,NA,0 declarative,2 wh_question,NA,NA,2 不,2 不,NA
2516,zhidao,/Xinjiang/AcadLang/201209/jgd210.cha,adult,"ADU: 没有啊,嗯那你知道苹果是怎么长大的么?",2 CP,,2 second_person,2 CP,,2 second_person,1 polar_question,2 wh_question,NA,NA,1 polar_question,2 wh_question,NA,NA,0 no negation,0 no negation,NA
2518,zhidao,/Xinjiang/AcadLang/201209/jgd210.cha,adult,ADU: 嗯<你在>[//]你知道苹果多少钱一个吗?,2 CP,,2 second_person,2 CP,,2 second_person,1 polar_question,2 wh_question,NA,NA,1 polar_question,2 wh_question,NA,NA,0 no negation,0 no negation,NA
2520,zhidao,/Xinjiang/AcadLang/201209/jgd210.cha,adult,"ADU: 不知道,那你知道苹果是用来干什么的吗?",0 No,0 No,0 dropped,0 No,0 No,0 dropped,0 declarative,,NA,NA,0 declarative,,NA,NA,2 不,2 不,NA
2520_b,zhidao,/Xinjiang/AcadLang/201209/jgd210.cha,adult,"ADU: 不知道,那你知道苹果是用来干什么的吗?",2 CP,,2 second_person,2 CP,,2 second_person,1 polar_question,2 wh_question,NA,NA,1 polar_question,2 wh_question,NA,NA,0 no negation,0 no negation,NA
2521,zhidao,/Xinjiang/AcadLang/201209/jgd210.cha,adult,ADU: 嗯那你知道球是用来干什么的吗?,2 CP,,2 second_person,2 CP,,2 second_person,1 polar_question,2 wh_question,NA,NA,1 polar_question,2 wh_question,NA,NA,0 no negation,0 no negation,NA
2522,zhidao,/Xinjiang/AcadLang/201209/jgm501.cha,adult,ADU: 可是他还是不知道这是什么东西.,2 CP,,3 third/NP,2 CP,,3 third/NP,0 declarative,2 wh_question,NA,NA,0 declarative,2 wh_question,NA,NA,2 不,2 不,NA
2523,zhidao,/Xinjiang/AcadLang/201209/jgm502.cha,adult,ADU: 不知道这是什么东西.,2 CP,,0 dropped,2 CP,,0 dropped,0 declarative,2 wh_question,NA,NA,0 declarative,2 wh_question,NA,NA,2 不,2 不,NA
2524,zhidao,/Xinjiang/AcadLang/201209/jgm503.cha,adult,ADU: 可他还是不知道这是什么东西?,2 CP,,3 third/NP,2 CP,,3 third/NP,1 polar_question,2 wh_question,NA,NA,1 polar_question,2 wh_question,NA,NA,2 不,2 不,NA
2525,zhidao,/Xinjiang/AcadLang/201209/jgm505.cha,adult,ADU: 可是他不知道这是什么.,2 CP,,3 third/NP,2 CP,,3 third/NP,0 declarative,2 wh_question,NA,NA,0 declarative,2 wh_question,NA,NA,2 不,2 不,NA
2527,zhidao,/Xinjiang/AcadLang/201209/jgm505.cha,adult,ADU: 可是他还是不知道这是什么东西呀.,2 CP,,3 third/NP,2 CP,,3 third/NP,0 declarative,2 wh_question,NA,NA,0 declarative,2 wh_question,NA,NA,2 不,2 不,NA
2530,zhidao,/Xinjiang/AcadLang/201209/jgm506.cha,adult,ADU: 小羊不知道.,0 No,0 No,3 third/NP,0 No,0 No,3 third/NP,0 declarative,,NA,NA,0 declarative,,NA,NA,2 不,2 不,NA
2533,zhidao,/Xinjiang/AcadLang/201209/jgm506.cha,adult,ADU: 他不知道这是什么东西呀?,2 CP,,3 third/NP,2 CP,,3 third/NP,1 polar_question,2 wh_question,NA,NA,1 polar_question,2 wh_question,NA,NA,2 不,2 不,NA
2534,zhidao,/Xinjiang/AcadLang/201209/jgm507.cha,adult,ADU: 小羊不知道这是什么.,2 CP,,3 third/NP,2 CP,,3 third/NP,0 declarative,2 wh_question,NA,NA,0 declarative,2 wh_question,NA,NA,2 不,2 不,NA
2536,zhidao,/Xinjiang/AcadLang/201209/jgm507.cha,adult,ADU: 可是他又不知道这是什么东西.,2 CP,,3 third/NP,2 CP,,3 third/NP,0 declarative,2 wh_question,NA,NA,0 declarative,2 wh_question,NA,NA,2 不,2 不,NA
2537,zhidao,/Xinjiang/AcadLang/201209/jgm508.cha,adult,"ADU: 啊,他现在不知道这是什么东西.",2 CP,,3 third/NP,2 CP,,3 third/NP,0 declarative,2 wh_question,NA,NA,0 declarative,2 wh_question,NA,NA,2 不,2 不,NA
2538,zhidao,/Xinjiang/AcadLang/201209/jgm508.cha,adult,ADU: 那你知道苹果多少钱?,2 CP,,2 second_person,2 CP,,2 second_person,1 polar_question,2 wh_question,NA,NA,1 polar_question,2 wh_question,NA,NA,0 no negation,0 no negation,NA
2539,zhidao,/Xinjiang/AcadLang/201209/jgm508.cha,adult,ADU: 小羊知道这是苹果了.,2 CP,,3 third/NP,2 CP,,3 third/NP,0 declarative,0 declarative,NA,NA,0 declarative,0 declarative,NA,NA,0 no negation,0 no negation,NA
2540,zhidao,/Xinjiang/AcadLang/201209/jgm508.cha,adult,ADU: 你知道小羊想问小朋友这个怎么玩儿呀?,2 CP,,2 second_person,2 CP,,2 second_person,1 polar_question,0 declarative,NA,NA,1 polar_question,2 wh_question,NA,NA,0 no negation,0 no negation,NA
2541,zhidao,/Xinjiang/AcadLang/201209/jgm509.cha,adult,"ADU: 可是他不知道这个是什么,也不知道怎么玩儿.",2 CP,,3 third/NP,2 CP,,3 third/NP,0 declarative,2 wh_question,NA,NA,0 declarative,2 wh_question,NA,NA,2 不,2 不,NA
2541_b,zhidao,/Xinjiang/AcadLang/201209/jgm509.cha,adult,"ADU: 可是他不知道这个是什么,也不知道怎么玩儿.",2 CP,,3 third/NP,2 CP,,0 dropped,0 declarative,2 wh_question,NA,NA,0 declarative,2 wh_question,NA,NA,2 不,2 不,NA
2542,zhidao,/Xinjiang/AcadLang/201209/jgm509.cha,adult,ADU: 小羊不知道.,0 No,0 No,3 third/NP,0 No,0 No,3 third/NP,0 declarative,,NA,NA,0 declarative,,NA,NA,2 不,2 不,NA
2543,zhidao,/Xinjiang/AcadLang/201209/jgz104.cha,adult,ADU: 可是他不知道这是什么东西.,2 CP,,3 third/NP,2 CP,,3 third/NP,0 declarative,2 wh_question,NA,NA,0 declarative,2 wh_question,NA,NA,2 不,2 不,NA
2544,zhidao,/Xinjiang/AcadLang/201209/jgz105.cha,adult,ADU: 小羊走着走着又不知道这是什么东西了!,2 CP,,3 third/NP,2 CP,,3 third/NP,0 declarative,2 wh_question,NA,NA,0 declarative,2 wh_question,NA,NA,2 不,2 不,NA
2545,zhidao,/Xinjiang/AcadLang/201209/jgz106.cha,adult,ADU: 可他还是不知道这是什么.,2 CP,,3 third/NP,2 CP,,3 third/NP,0 declarative,2 wh_question,NA,NA,0 declarative,2 wh_question,NA,NA,2 不,2 不,NA
2546,zhidao,/Xinjiang/AcadLang/201209/jgz107.cha,adult,"ADU: 玩着玩着,他又不知道这是什么东西了.",2 CP,,3 third/NP,2 CP,,3 third/NP,0 declarative,2 wh_question,NA,NA,0 declarative,2 wh_question,NA,NA,2 不,2 不,NA
2547,zhidao,/Xinjiang/AcadLang/201209/jgz109.cha,adult,ADU: 他又不知道这是什么了呀.,2 CP,,3 third/NP,2 CP,,3 third/NP,0 declarative,2 wh_question,NA,NA,0 declarative,2 wh_question,NA,NA,2 不,2 不,NA
2548,zhidao,/Xinjiang/AcadLang/201209/sdfydb01.cha,adult,"ADU: 嗯,那你知道苹果是怎么长大的.",2 CP,,2 second_person,2 CP,,2 second_person,0 declarative,2 wh_question,NA,NA,0 declarative,2 wh_question,NA,NA,0 no negation,0 no negation,NA
2549,zhidao,/Xinjiang/AcadLang/201209/sdfydb01.cha,adult,"ADU: 苹果怎么长大的,知道吗?",0 No,0 No,0 dropped,0 No,0 No,0 dropped,4 tag_question,2 wh_question,NA,NA,4 tag_question,2 wh_question,NA,NA,0 no negation,0 no negation,NA
2550,zhidao,/Xinjiang/AcadLang/201209/sdfydb03.cha,adult,"ADU: 没见过啊,那你知道苹果是怎么长大的吗?",2 CP,,2 second_person,2 CP,,2 second_person,1 polar_question,2 wh_question,NA,NA,1 polar_question,2 wh_question,NA,NA,0 no negation,0 no negation,NA
2551,zhidao,/Xinjiang/AcadLang/201209/sdfydb03.cha,adult,"ADU: 要多少钱一个苹果,知道吗?",0 No,0 No,0 dropped,0 No,0 No,0 dropped,4 tag_question,2 wh_question,NA,NA,4 tag_question,2 wh_question,NA,NA,0 no negation,0 no negation,NA
2553,zhidao,/Xinjiang/AcadLang/201209/sdfydb09.cha,adult,"ADU: 不知道,是吧?",0 No,0 No,0 dropped,0 No,0 No,0 dropped,4 tag_question,0 declarative,NA,NA,4 tag_question,0 declarative,NA,NA,2 不,2 不,NA
2554,zhidao,/Xinjiang/AcadLang/201209/sdfydb09.cha,adult,ADU: 那<你知道>[/](..)你知道苹果是怎么从小小的苹果长成一个大大的苹果呢?,0 No,0 No,2 second_person,0 No,0 No,2 second_person,,,NA,NA,,,NA,NA,0 no negation,0 no negation,NA
2554_b,zhidao,/Xinjiang/AcadLang/201209/sdfydb09.cha,adult,ADU: 那<你知道>[/](..)你知道苹果是怎么从小小的苹果长成一个大大的苹果呢?,2 CP,,2 second_person,2 CP,,2 second_person,1 polar_question,2 wh_question,NA,NA,1 polar_question,2 wh_question,NA,NA,0 no negation,0 no negation,NA
2556,zhidao,/Xinjiang/AcadLang/201209/sdfydb09.cha,adult,ADU: 你知道吗这是什么颜色?,0 No,0 No,2 second_person,0 No,0 No,2 second_person,1 polar_question,,NA,NA,1 polar_question,2 wh_question,NA,NA,0 no negation,0 no negation,NA
2558,zhidao,/Xinjiang/AcadLang/201209/sdfydb09.cha,adult,"ADU: 它什么形状,知道吗?",0 No,0 No,0 dropped,0 No,0 No,0 dropped,4 tag_question,2 wh_question,NA,NA,4 tag_question,2 wh_question,NA,NA,0 no negation,0 no negation,NA
2560,zhidao,/Xinjiang/AcadLang/201209/sdfydb10.cha,adult,ADU: 摸起来不知道.,0 No,0 No,0 dropped,2 CP,,0 dropped,0 declarative,,NA,NA,0 declarative,,NA,NA,2 不,2 不,NA
2561,zhidao,/Xinjiang/AcadLang/201209/sdfydb10.cha,adult,"ADU: 好吃,是什么味道的,知道吗?",0 No,0 No,0 dropped,0 No,0 No,0 dropped,4 tag_question,2 wh_question,NA,NA,4 tag_question,2 wh_question,NA,NA,0 no negation,0 no negation,NA
2562,zhidao,/Xinjiang/AcadLang/201209/sdfydb10.cha,adult,"ADU: 好,那你知道苹果是怎么长大的吗?",2 CP,,2 second_person,2 CP,,2 second_person,1 polar_question,2 wh_question,NA,NA,1 polar_question,2 wh_question,NA,NA,0 no negation,0 no negation,NA
2564,zhidao,/Xinjiang/AcadLang/201209/sdfyxb01.cha,adult,ADU: 那你知道苹果是怎么长大的吗?,2 CP,,2 second_person,2 CP,,2 second_person,1 polar_question,2 wh_question,NA,NA,1 polar_question,2 wh_question,NA,NA,0 no negation,0 no negation,NA
2566,zhidao,/Xinjiang/AcadLang/201209/sdfyxb01.cha,adult,"ADU: 多少钱一个,知道吗?",0 No,0 No,0 dropped,0 No,0 No,0 dropped,4 tag_question,2 wh_question,NA,NA,4 tag_question,2 wh_question,NA,NA,0 no negation,0 no negation,NA
2567,zhidao,/Xinjiang/AcadLang/201209/sdfyxb08.cha,adult,"ADU: 嗯,知道吗?",0 No,0 No,0 dropped,0 No,0 No,0 dropped,1 polar_question,,NA,NA,1 polar_question,,NA,NA,0 no negation,0 no negation,NA
2568,zhidao,/Xinjiang/AcadLang/201209/sdfyxb08.cha,adult,ADU: 不知道.,0 No,0 No,0 dropped,0 No,0 No,0 dropped,0 declarative,,NA,NA,0 declarative,,NA,NA,2 不,2 不,NA
2569,zhidao,/Xinjiang/AcadLang/201209/sdfyxb08.cha,adult,"ADU: 哦,那你知道苹果是怎么长大的吗?",2 CP,,2 second_person,2 CP,,2 second_person,1 polar_question,2 wh_question,NA,NA,1 polar_question,2 wh_question,NA,NA,0 no negation,0 no negation,NA
2570,zhidao,/Xinjiang/AcadLang/201209/sdfyxb09.cha,adult,"ADU: 那你知道苹果是怎么长大的,知道吗?",2 CP,,2 second_person,2 CP,,2 second_person,0 declarative,2 wh_question,NA,NA,0 declarative,2 wh_question,NA,NA,0 no negation,0 no negation,NA
2570_b,zhidao,/Xinjiang/AcadLang/201209/sdfyxb09.cha,adult,"ADU: 那你知道苹果是怎么长大的,知道吗?",0 No,0 No,0 dropped,0 No,0 No,0 dropped,4 tag_question,0 declarative,NA,NA,4 tag_question,0 declarative,NA,NA,0 no negation,0 no negation,NA
2572,zhidao,/Xinjiang/AcadLang/201209/sdfyxb09.cha,adult,"ADU: 不知道,是不是?",0 No,0 No,0 dropped,0 No,0 No,0 dropped,4 tag_question,,NA,NA,4 tag_question,0 declarative,NA,NA,2 不,2 不,NA
2573,zhidao,/Xinjiang/AcadLang/201209/sdfyxb09.cha,adult,ADU: 小羊知道这是苹果了.,2 CP,,3 third/NP,2 CP,,3 third/NP,0 declarative,0 declarative,NA,NA,0 declarative,0 declarative,NA,NA,0 no negation,0 no negation,NA
2705,zhidao,/Xinjiang/ENNI/201209/hqx301.cha,adult,"ADU: 不知道啊,这个呢.",0 No,0 No,0 dropped,0 No,0 No,0 dropped,0 declarative,,NA,NA,0 declarative,,NA,NA,2 不,2 不,NA
2706,zhidao,/Xinjiang/ENNI/201209/hqx301.cha,adult,ADU: 不知道.,0 No,0 No,0 dropped,0 No,0 No,0 dropped,0 declarative,,NA,NA,0 declarative,,NA,NA,2 不,2 不,NA
2709,zhidao,/Xinjiang/ENNI/201209/hqx302.cha,adult,ADU: 这也不知道.,0 No,0 No,0 dropped,0 No,0 No,0 dropped,0 declarative,,NA,NA,0 declarative,,NA,NA,2 不,2 不,NA
2712,zhidao,/Xinjiang/ENNI/201209/hqx302.cha,adult,"ADU: 不知道,好.",0 No,0 No,0 dropped,0 No,0 No,0 dropped,0 declarative,,NA,NA,0 declarative,,NA,NA,2 不,2 不,NA
2714,zhidao,/Xinjiang/ENNI/201209/hqx302.cha,adult,ADU: 不知道.,0 No,0 No,0 dropped,0 No,0 No,0 dropped,0 declarative,,NA,NA,0 declarative,,NA,NA,2 不,2 不,NA
2715,zhidao,/Xinjiang/ENNI/201209/hqx305.cha,adult,ADU: 哦不知道这页呢.,4 NP,2 NP,0 dropped,0 No,2 NP,0 dropped,0 declarative,,NA,NA,0 declarative,,NA,NA,2 不,2 不,NA
2716,zhidao,/Xinjiang/ENNI/201209/hqx308.cha,adult,"ADU: 你要说出来,知道吗.",0 No,0 No,0 dropped,0 No,0 No,0 dropped,4 tag_question,0 declarative,NA,NA,4 tag_question,0 declarative,NA,NA,0 no negation,0 no negation,NA
2724,zhidao,/Xinjiang/ENNI/201209/hqz208.cha,adult,ADU: 嗯不知道啊.,0 No,0 No,0 dropped,0 No,0 No,0 dropped,1 polar_question,,NA,NA,0 declarative,,NA,NA,2 不,2 不,NA
2767,zhidao,/Xinjiang/ENNI/201209/tkxz107.cha,adult,ADU: 知道吗.,0 No,0 No,0 dropped,0 No,0 No,0 dropped,1 polar_question,,NA,NA,1 polar_question,,NA,NA,0 no negation,0 no negation,NA
2769,zhidao,/Xinjiang/ENNI/201209/tkxz107.cha,adult,ADU: 这是什么知道吗.,0 No,0 No,0 dropped,0 No,0 No,0 dropped,4 tag_question,2 wh_question,NA,NA,4 tag_question,2 wh_question,NA,NA,0 no negation,0 no negation,NA
2770,zhidao,/Xinjiang/ENNI/201209/tkxz107.cha,adult,ADU: 他们在哪里知道吗.,0 No,0 No,3 third/NP,0 No,0 No,3 third/NP,4 tag_question,2 wh_question,NA,NA,4 tag_question,2 wh_question,NA,NA,0 no negation,0 no negation,NA
2772,zhidao,/Xinjiang/ENNI/201209/tkxz107.cha,adult,ADU: 不知道啊.,0 No,0 No,0 dropped,0 No,0 No,0 dropped,1 polar_question,,NA,NA,0 declarative,,NA,NA,2 不,2 不,NA
2773,zhidao,/Xinjiang/ENNI/201209/tkxz107.cha,adult,ADU: 这里你知道吗.,0 No,0 No,2 second_person,0 No,0 No,2 second_person,1 polar_question,,NA,NA,1 polar_question,,NA,NA,0 no negation,0 no negation,NA
2775,zhidao,/Xinjiang/ENNI/201209/tkxz107.cha,adult,"ADU: 没关系,不知道,我们就往后翻.",0 No,0 No,0 dropped,0 No,0 No,0 dropped,0 declarative,,NA,NA,0 declarative,,NA,NA,2 不,2 不,NA
2776,zhidao,/Xinjiang/ENNI/201209/tkxz107.cha,adult,ADU: 不知道.,0 No,0 No,0 dropped,0 No,0 No,0 dropped,0 declarative,,NA,NA,0 declarative,,NA,NA,2 不,2 不,NA
2777,zhidao,/Xinjiang/ENNI/201209/tkxz107.cha,adult,ADU: 不知道就翻页.,2 CP,,0 dropped,0 No,2 NP,0 dropped,0 declarative,,NA,NA,0 declarative,,NA,NA,2 不,2 不,NA
2779,zhidao,/Xinjiang/ENNI/201209/tkxz107.cha,adult,"ADU: 不知道,没关系.",0 No,0 No,0 dropped,0 No,0 No,0 dropped,0 declarative,,NA,NA,0 declarative,,NA,NA,2 不,2 不,NA
2790,zhidao,/Xinjiang/ENNI/201209/ysd209.cha,adult,"ADU: 哦这个,你知道是什么吗.",2 CP,,2 second_person,2 CP,,2 second_person,1 polar_question,2 wh_question,NA,NA,1 polar_question,2 wh_question,NA,NA,0 no negation,0 no negation,NA
2796,zhidao,/Xinjiang/ENNI/201209/ysz101.cha,adult,ADU: 知道吗.,0 No,0 No,0 dropped,0 No,0 No,0 dropped,1 polar_question,,NA,NA,1 polar_question,,NA,NA,0 no negation,0 no negation,NA
2797,zhidao,/Xinjiang/ENNI/201209/ysz101.cha,adult,ADU: 不知道.,0 No,0 No,0 dropped,0 No,0 No,0 dropped,0 declarative,,NA,NA,0 declarative,,NA,NA,2 不,2 不,NA
2798,zhidao,/Xinjiang/ENNI/201209/ysz101.cha,adult,"ADU: 发生了什么事情,知道吗.",0 No,0 No,0 dropped,0 No,0 No,0 dropped,4 tag_question,2 wh_question,NA,NA,4 tag_question,2 wh_question,NA,NA,0 no negation,0 no negation,NA
2801,zhidao,/Xinjiang/ENNI/201209/ysz101.cha,adult,"ADU: 不知道,会说故事吗.",0 No,0 No,0 dropped,0 No,0 No,0 dropped,0 declarative,,NA,NA,0 declarative,,NA,NA,2 不,2 不,NA
2803,zhidao,/Xinjiang/ENNI/201209/ysz101.cha,adult,ADU: 不知道.,0 No,0 No,0 dropped,0 No,0 No,0 dropped,0 declarative,,NA,NA,0 declarative,,NA,NA,2 不,2 不,NA
2805,zhidao,/Xinjiang/ENNI/201209/ysz101.cha,adult,ADU: 不知道哦.,0 No,0 No,0 dropped,0 No,0 No,0 dropped,0 declarative,,NA,NA,0 declarative,,NA,NA,2 不,2 不,NA
2861,zhidao,/Xinjiang/ENNI/201204/dez301.cha,adult,ADU: 不知道.,0 No,0 No,0 dropped,0 No,0 No,0 dropped,0 declarative,,NA,NA,0 declarative,,NA,NA,2 不,2 不,NA
2928,zhidao,/TCCM/pan/010700.cha,investigator,EXA: 不知道要做什么?,2 CP,,0 dropped,2 CP,,0 dropped,1 polar_question,2 wh_question,NA,NA,1 polar_question,2 wh_question,NA,NA,2 不,2 不,NA
2929,zhidao,/TCCM/pan/010700.cha,GRA,"GRA: 吃牛奶0conj,不知道怎么样.",2 CP,,0 dropped,2 CP,,0 dropped,2 wh_question,,NA,NA,0 declarative,2 wh_question,NA,NA,2 不,2 不,NA
2930,zhidao,/TCCM/pan/010700.cha,investigator,EXA: 他也知道这个...,3 Incomplete,3 Incomplete,3 third/NP,0 No,2 NP,3 third/NP,,,NA,NA,0 declarative,,NA,NA,0 no negation,0 no negation,NA
2931,zhidao,/TCCM/pan/010900.cha,investigator,EXA: 知道哼.,0 No,0 No,0 dropped,0 No,0 No,0 dropped,0 declarative,,NA,NA,0 declarative,,NA,NA,0 no negation,0 no negation,NA
2933,zhidao,/TCCM/pan/020000.cha,mother,MOT: 你怎么知道?,0 No,0 No,2 second_person,0 No,0 No,2 second_person,3 how/why,,NA,NA,3 how/why,,NA,NA,0 no negation,0 no negation,NA
2936,zhidao,/TCCM/pan/020000.cha,investigator,EXA: 他知道现在要打.,2 CP,,3 third/NP,2 CP,,3 third/NP,0 declarative,0 declarative,NA,NA,0 declarative,0 declarative,NA,NA,0 no negation,0 no negation,NA
2937,zhidao,/TCCM/pan/020000.cha,investigator,EXA: 我知道你要弄这个.,2 CP,,1 first_person,2 CP,,1 first_person,0 declarative,0 declarative,NA,NA,0 declarative,0 declarative,NA,NA,0 no negation,0 no negation,NA
2938,zhidao,/TCCM/pan/020100.cha,investigator,"EXA: 哦鲜奶,阿姨知道了.",0 No,0 No,3 third/NP,0 No,0 No,3 third/NP,0 declarative,,NA,NA,0 declarative,,NA,NA,0 no negation,0 no negation,NA
2939,zhidao,/TCCM/pan/020400.cha,investigator,EXA: 他不知道为什么是什么?,2 CP,,3 third/NP,2 CP,,3 third/NP,1 polar_question,2 wh_question,NA,NA,1 polar_question,2 wh_question,NA,NA,2 不,2 不,NA
2940,zhidao,/TCCM/pan/020600.cha,investigator,"EXA: 这,你不知道这0v什么?",2 CP,,2 second_person,0 No,0 No,2 second_person,1 polar_question,2 wh_question,NA,NA,1 polar_question,2 wh_question,NA,NA,2 不,2 不,NA
2941,zhidao,/TCCM/pan/020800.cha,GRA,GRA: 不知道拿到哪里了?,2 CP,,0 dropped,2 CP,,0 dropped,1 polar_question,2 wh_question,NA,NA,1 polar_question,2 wh_question,NA,NA,2 不,2 不,NA
2942,zhidao,/TCCM/pan/020800.cha,investigator,EXA: 他知道.,0 No,0 No,3 third/NP,0 No,3 Incomplete,3 third/NP,0 declarative,,NA,NA,0 declarative,,NA,NA,0 no negation,0 no negation,NA
2943,zhidao,/TCCM/pan/020800.cha,GRA,GRA: 还不知道.,0 No,0 No,0 dropped,0 No,0 No,0 dropped,0 declarative,,NA,NA,0 declarative,,NA,NA,2 不,2 不,NA
2945,zhidao,/TCCM/pan/021000.cha,investigator,"EXA: 哦好[/]好,阿姨知道了.",0 No,0 No,3 third/NP,0 No,0 No,3 third/NP,0 declarative,,NA,NA,0 declarative,,NA,NA,0 no negation,0 no negation,NA
2946,zhidao,/TCCM/pan/021000.cha,investigator,"EXA: 然后他们知道老鼠以后,就不害怕了,对不对?",4 NP,2 NP,3 third/NP,0 No,2 NP,3 third/NP,4 tag_question,0 declarative,NA,NA,4 tag_question,0 declarative,NA,NA,0 no negation,0 no negation,NA
2947,zhidao,/TCCM/pan/021000.cha,investigator,EXA: 他们就知道了.,0 No,0 No,3 third/NP,0 No,0 No,3 third/NP,0 declarative,,NA,NA,0 declarative,,NA,NA,0 no negation,0 no negation,NA
2948,zhidao,/TCCM/pan/030000.cha,investigator,EXA: 你知道鱼什么样子?,2 CP,,2 second_person,2 CP,,2 second_person,1 polar_question,2 wh_question,NA,NA,1 polar_question,2 wh_question,NA,NA,0 no negation,0 no negation,NA
2949,zhidao,/TCCM/pan/030000.cha,investigator,EXA: 还不知道样子.,4 NP,2 NP,0 dropped,0 No,2 NP,0 dropped,0 declarative,,NA,NA,0 declarative,,NA,NA,2 不,2 不,NA
2950,zhidao,/TCCM/pan/030100.cha,investigator,EXA: 不知道诶.,0 No,0 No,0 dropped,0 No,0 No,0 dropped,0 declarative,,NA,NA,0 declarative,,NA,NA,2 不,2 不,NA
2951,zhidao,/TCCM/pan/030100.cha,investigator,EXA: 要打开才知道.,0 No,0 No,0 dropped,0 No,0 No,0 dropped,0 declarative,,NA,NA,0 declarative,,NA,NA,0 no negation,0 no negation,NA
2952,zhidao,/TCCM/pan/030100.cha,investigator,EXA: 你怎么知道会不会破?,2 CP,,2 second_person,2 CP,,2 second_person,3 how/why,1 polar_question,NA,NA,3 how/why,1 polar_question,NA,NA,0 no negation,0 no negation,NA
2953,zhidao,/TCCM/pan/030100.cha,ANO,ANO: 你知道妈妈办公室在哪里吗?,2 CP,,2 second_person,2 CP,,2 second_person,1 polar_question,2 wh_question,NA,NA,1 polar_question,2 wh_question,NA,NA,0 no negation,0 no negation,NA
2955,zhidao,/TCCM/pan/030100.cha,ANO,ANO: 你怎么知道他没有吃饭?,2 CP,,2 second_person,2 CP,,2 second_person,3 how/why,0 declarative,NA,NA,3 how/why,0 declarative,NA,NA,0 no negation,0 no negation,NA
2956,zhidao,/TCCM/pan/030200.cha,investigator,EXA: 怎知道...,0 No,0 No,0 dropped,0 No,3 Incomplete,0 dropped,,,NA,NA,3 how/why,,NA,NA,0 no negation,0 no negation,NA
2957,zhidao,/TCCM/pan/030200.cha,investigator,"EXA: 你知道这有穿,是不是?",2 CP,,2 second_person,2 CP,,2 second_person,4 tag_question,0 declarative,NA,NA,4 tag_question,0 declarative,NA,NA,0 no negation,0 no negation,NA
2958,zhidao,/TCCM/pan/030200.cha,investigator,EXA: 你知道要穿鞋啦.,2 CP,,2 second_person,2 CP,,2 second_person,1 polar_question,0 declarative,NA,NA,0 declarative,0 declarative,NA,NA,0 no negation,0 no negation,NA
2959,zhidao,/TCCM/pan/030200.cha,investigator,EXA: 我不知道.,0 No,0 No,1 first_person,0 No,0 No,1 first_person,0 declarative,,NA,NA,0 declarative,,NA,NA,2 不,2 不,NA
2960,zhidao,/TCCM/pan/030300.cha,investigator,EXA: 你知道吗?,0 No,0 No,2 second_person,0 No,0 No,2 second_person,1 polar_question,,NA,NA,1 polar_question,,NA,NA,0 no negation,0 no negation,NA
2961,zhidao,/TCCM/pan/030300.cha,investigator,EXA: 你知道这是什么虫子吗?,2 CP,,2 second_person,2 CP,,2 second_person,1 polar_question,2 wh_question,NA,NA,1 polar_question,2 wh_question,NA,NA,0 no negation,0 no negation,NA
2962,zhidao,/TCCM/pan/030300.cha,investigator,"EXA: 嗯剪虫子之后,你知道要干什么吗哈?",2 CP,,2 second_person,2 CP,,2 second_person,1 polar_question,2 wh_question,NA,NA,1 polar_question,2 wh_question,NA,NA,0 no negation,0 no negation,NA
2963,zhidao,/TCCM/pan/030300.cha,investigator,EXA: 你知道这叫什么了吗?,2 CP,,2 second_person,2 CP,,2 second_person,1 polar_question,2 wh_question,NA,NA,1 polar_question,2 wh_question,NA,NA,0 no negation,0 no negation,NA
2964,zhidao,/TCCM/pan/030300.cha,investigator,EXA: 你知道外面<有没有沙>[/]有没有沙?,2 CP,,2 second_person,2 CP,,2 second_person,1 polar_question,1 polar_question,NA,NA,1 polar_question,1 polar_question,NA,NA,0 no negation,0 no negation,NA
2965,zhidao,/TCCM/pan/030300.cha,investigator,EXA: 我也不知道.,0 No,0 No,1 first_person,0 No,0 No,1 first_person,0 declarative,,NA,NA,0 declarative,,NA,NA,2 不,2 不,NA
2966,zhidao,/TCCM/pan/030500.cha,investigator,EXA: 喔啊就知道这里有多重了.,2 CP,,0 dropped,2 CP,,0 dropped,0 declarative,0 declarative,NA,NA,0 declarative,2 wh_question,NA,NA,0 no negation,0 no negation,NA
2967,zhidao,/TCCM/pan/030500.cha,investigator,EXA: 你知道你会碰到谁吗?,2 CP,,2 second_person,2 CP,,2 second_person,1 polar_question,2 wh_question,NA,NA,1 polar_question,2 wh_question,NA,NA,0 no negation,0 no negation,NA
2968,zhidao,/TCCM/pan/030500.cha,investigator,EXA: 你知道吗?,0 No,0 No,2 second_person,0 No,0 No,2 second_person,1 polar_question,,NA,NA,1 polar_question,,NA,NA,0 no negation,0 no negation,NA
2970,zhidao,/TCCM/pan/030500.cha,investigator,EXA: 你怎么又不知道.,0 No,0 No,2 second_person,0 No,0 No,2 second_person,3 how/why,,NA,NA,3 how/why,,NA,NA,2 不,2 不,NA
2971,zhidao,/TCCM/pan/030500.cha,investigator,EXA: 你还不知道?,0 No,0 No,2 second_person,0 No,0 No,2 second_person,1 polar_question,,NA,NA,1 polar_question,,NA,NA,2 不,2 不,NA
2975,zhidao,/TCCM/pan/030500.cha,investigator,EXA: 你不知道啊<这个>[/]这个啊?,0 No,0 No,2 second_person,0 No,2 NP,2 second_person,1 polar_question,,NA,NA,1 polar_question,,NA,NA,2 不,2 不,NA
2977,zhidao,/TCCM/pan/030500.cha,GRA,GRA: 玩得都不知道了.,0 No,0 No,0 dropped,0 No,0 No,0 dropped,0 declarative,,NA,NA,0 declarative,,NA,NA,2 不,2 不,NA
2978,zhidao,/TCCM/pan/030500.cha,GRA,GRA: Sei妈妈知道这个.,4 NP,2 NP,3 third/NP,0 No,2 NP,3 third/NP,0 declarative,,NA,NA,0 declarative,,NA,NA,0 no negation,0 no negation,NA
2979,zhidao,/TCCM/pan/030500.cha,GRA,GRA: 你不知道!,0 No,0 No,2 second_person,0 No,0 No,2 second_person,0 declarative,,NA,NA,0 declarative,,NA,NA,2 不,2 不,NA
2981,zhidao,/TCCM/pan/030500.cha,GRA,GRA: 唉唷给[//]你知道了.,0 No,0 No,2 second_person,0 No,0 No,2 second_person,0 declarative,,NA,NA,0 declarative,,NA,NA,0 no negation,0 no negation,NA
2982,zhidao,/TCCM/pan/030500.cha,GRA,GRA: 妹妹才知道.,0 No,0 No,3 third/NP,0 No,0 No,3 third/NP,0 declarative,,NA,NA,0 declarative,,NA,NA,0 no negation,0 no negation,NA
2983,zhidao,/TCCM/pan/030500.cha,GRA,GRA: 你叫什么你知道了.,0 No,0 No,2 second_person,0 No,0 No,2 second_person,0 declarative,,NA,NA,0 declarative,,NA,NA,0 no negation,0 no negation,NA
2984,zhidao,/TCCM/pan/030500.cha,investigator,EXA: 妹妹已经知道了哦.,0 No,0 No,3 third/NP,0 No,0 No,3 third/NP,0 declarative,,NA,NA,0 declarative,,NA,NA,0 no negation,0 no negation,NA
2985,zhidao,/TCCM/pan/030500.cha,GRA,GRA: 嗯妹妹会知道这个什么东西.,2 CP,,3 third/NP,2 CP,,3 third/NP,0 declarative,2 wh_question,NA,NA,0 declarative,,NA,NA,0 no negation,0 no negation,NA
2987,zhidao,/TCCM/pan/030700.cha,investigator,EXA: 不知道啊?,0 No,0 No,0 dropped,0 No,0 No,0 dropped,1 polar_question,,NA,NA,1 polar_question,,NA,NA,2 不,2 不,NA
2988,zhidao,/TCCM/pan/030700.cha,investigator,EXA: 你知道你现在说话.,2 CP,,2 second_person,2 CP,,2 second_person,0 declarative,0 declarative,NA,NA,0 declarative,0 declarative,NA,NA,0 no negation,0 no negation,NA
2991,zhidao,/TCCM/pan/030700.cha,investigator,EXA: 你不知道一个伯伯么?,4 NP,2 NP,2 second_person,0 No,2 NP,2 second_person,1 polar_question,,NA,NA,1 polar_question,,NA,NA,2 不,2 不,NA
2996,zhidao,/TCCM/pan/030700.cha,investigator,EXA: 你不知道这个啊?,4 NP,2 NP,2 second_person,0 No,2 NP,2 second_person,1 polar_question,,NA,NA,1 polar_question,,NA,NA,2 不,2 不,NA
2998,zhidao,/TCCM/pan/030900.cha,investigator,EXA: 我也不知道诶.,0 No,0 No,1 first_person,0 No,0 No,1 first_person,0 declarative,,NA,NA,0 declarative,,NA,NA,2 不,2 不,NA
3000,zhidao,/TCCM/pan/030900.cha,investigator,EXA: 你也不知道.,0 No,0 No,2 second_person,0 No,0 No,2 second_person,0 declarative,,NA,NA,0 declarative,,NA,NA,2 不,2 不,NA
3001,zhidao,/TCCM/pan/030900.cha,investigator,EXA: 我也不知道诶.,0 No,0 No,1 first_person,0 No,0 No,1 first_person,0 declarative,,NA,NA,0 declarative,,NA,NA,2 不,2 不,NA
3004,zhidao,/TCCM/pan/030900.cha,investigator,EXA: 你怎么会不知道?,0 No,0 No,2 second_person,0 No,0 No,2 second_person,3 how/why,,NA,NA,3 how/why,,NA,NA,2 不,2 不,NA
3006,zhidao,/TCCM/pan/030900.cha,investigator,EXA: 你怎么好多东西都不知道呢?,0 No,0 No,2 second_person,0 No,0 No,2 second_person,3 how/why,,NA,NA,3 how/why,,NA,NA,2 不,2 不,NA
3008,zhidao,/TCCM/pan/030900.cha,investigator,EXA: 我也不知道诶.,0 No,0 No,1 first_person,0 No,0 No,1 first_person,0 declarative,,NA,NA,0 declarative,,NA,NA,2 不,2 不,NA
3009,zhidao,/TCCM/pan/030900.cha,investigator,EXA: 我不知道啊你要去问做这个的叔叔啊!,0 No,0 No,1 first_person,0 No,0 No,1 first_person,0 declarative,,NA,NA,0 declarative,,NA,NA,2 不,2 不,NA
3011,zhidao,/TCCM/pan/030900.cha,investigator,EXA: 好像会诶我也不知道你动动看.,0 No,0 No,1 first_person,0 No,0 No,1 first_person,0 declarative,,NA,NA,0 declarative,,NA,NA,2 不,2 不,NA
3012,zhidao,/TCCM/cheng/030100.cha,adult,ADU: 你一定知道.,0 No,0 No,2 second_person,0 No,0 No,2 second_person,0 declarative,,NA,NA,0 declarative,,NA,NA,0 no negation,0 no negation,NA
3013,zhidao,/TCCM/cheng/030200.cha,adult,ADU: 阿姨不知道欸!,2 CP,,3 third/NP,0 No,0 No,0 dropped,0 declarative,,NA,NA,0 declarative,,NA,NA,2 不,2 不,NA
3014,zhidao,/TCCM/cheng/030200.cha,mother,MOT: <他就>[/]他就不知道该怎么办.,2 CP,,3 third/NP,2 CP,,3 third/NP,0 declarative,2 wh_question,NA,NA,0 declarative,2 wh_question,NA,NA,2 不,2 不,NA
3015,zhidao,/TCCM/cheng/030300.cha,adult,ADU: 你怎么知道?,0 No,0 No,2 second_person,0 No,0 No,2 second_person,3 how/why,,NA,NA,3 how/why,,NA,NA,0 no negation,0 no negation,NA
3016,zhidao,/TCCM/cheng/030300.cha,adult,ADU: 你怎么知道?,0 No,0 No,2 second_person,0 No,0 No,2 second_person,3 how/why,,NA,NA,3 how/why,,NA,NA,0 no negation,0 no negation,NA
3018,zhidao,/TCCM/cheng/030300.cha,adult,"ADU: 对,你怎么知道啊?",0 No,0 No,2 second_person,0 No,0 No,2 second_person,3 how/why,,NA,NA,3 how/why,,NA,NA,0 no negation,0 no negation,NA
3019,zhidao,/TCCM/cheng/030300.cha,adult,ADU: 你怎么知道?,0 No,0 No,2 second_person,0 No,0 No,2 second_person,3 how/why,,NA,NA,3 how/why,,NA,NA,0 no negation,0 no negation,NA
3020,zhidao,/TCCM/cheng/030300.cha,adult,ADU: 你怎么知道?,0 No,0 No,2 second_person,0 No,0 No,2 second_person,3 how/why,,NA,NA,3 how/why,,NA,NA,0 no negation,0 no negation,NA
3021,zhidao,/TCCM/cheng/030400.cha,adult,ADU: 你怎么知道?,0 No,0 No,2 second_person,0 No,0 No,2 second_person,3 how/why,,NA,NA,3 how/why,,NA,NA,0 no negation,0 no negation,NA
3022,zhidao,/TCCM/cheng/030400.cha,mother,MOT: 不知道是什么车.,2 CP,,0 dropped,2 CP,,0 dropped,0 declarative,2 wh_question,NA,NA,0 declarative,2 wh_question,NA,NA,2 不,2 不,NA
3024,zhidao,/TCCM/cheng/030500.cha,mother,MOT: 你知道紫色啊?,4 NP,2 NP,2 second_person,0 No,2 NP,2 second_person,1 polar_question,,NA,NA,1 polar_question,,NA,NA,0 no negation,0 no negation,NA
3025,zhidao,/TCCM/cheng/030500.cha,adult,ADU: 知道在哪里.,2 CP,,0 dropped,2 CP,,0 dropped,0 declarative,2 wh_question,NA,NA,0 declarative,2 wh_question,NA,NA,0 no negation,0 no negation,NA
3027,zhidao,/TCCM/cheng/030500.cha,mother,MOT: 妈妈不知道.,0 No,0 No,4 self_reference,0 No,0 No,4 self_reference,0 declarative,,NA,NA,0 declarative,,NA,NA,2 不,2 不,NA
3028,zhidao,/TCCM/cheng/030500.cha,adult,ADU: 你知道啊?,0 No,0 No,2 second_person,0 No,0 No,2 second_person,1 polar_question,,NA,NA,1 polar_question,,NA,NA,0 no negation,0 no negation,NA
3029,zhidao,/TCCM/cheng/030600.cha,adult,ADU: 你也不知道啦!,0 No,0 No,2 second_person,0 No,0 No,2 second_person,0 declarative,,NA,NA,0 declarative,,NA,NA,2 不,2 不,NA
3033,zhidao,/TCCM/cheng/030700.cha,adult,ADU: 你不知道这什么?,2 CP,,2 second_person,2 CP,,2 second_person,1 polar_question,2 wh_question,NA,NA,1 polar_question,2 wh_question,NA,NA,2 不,2 不,NA
3034,zhidao,/TCCM/cheng/030700.cha,adult,ADU: 怎么我不知道?,0 No,0 No,1 first_person,0 No,0 No,1 first_person,3 how/why,,NA,NA,3 how/why,,NA,NA,2 不,2 不,NA
3038,zhidao,/TCCM/cheng/030800.cha,adult,ADU: 他已经不知道讲到哪里去了.,2 CP,,3 third/NP,2 CP,,3 third/NP,0 declarative,2 wh_question,NA,NA,0 declarative,2 wh_question,NA,NA,2 不,2 不,NA
3039,zhidao,/TCCM/cheng/030900.cha,adult,"ADU: 你做好0prep,就知道.",0 No,0 No,0 dropped,0 No,0 No,0 dropped,0 declarative,,NA,NA,0 declarative,,NA,NA,0 no negation,0 no negation,NA
3040,zhidao,/TCCM/cheng/030900.cha,mother,MOT: 他现在知道那个东西装到那个下半身了喔!,2 CP,,3 third/NP,2 CP,,3 third/NP,0 declarative,0 declarative,NA,NA,0 declarative,0 declarative,NA,NA,0 no negation,0 no negation,NA
3043,zhidao,/TCCM/cheng/030900.cha,adult,ADU: 你怎么知道的?,0 No,0 No,2 second_person,0 No,4 RC的,2 second_person,3 how/why,,NA,NA,3 how/why,,NA,NA,0 no negation,0 no negation,NA
3045,zhidao,/TCCM/cheng/031000.cha,adult,ADU: 欸不知道欸!,0 No,0 No,0 dropped,0 No,0 No,0 dropped,0 declarative,,NA,NA,0 declarative,,NA,NA,2 不,2 不,NA
3049,zhidao,/TCCM/cheng/031100.cha,adult,ADU: 你也不知道.,0 No,0 No,2 second_person,0 No,0 No,2 second_person,0 declarative,,NA,NA,0 declarative,,NA,NA,2 不,2 不,NA
3052,zhidao,/TCCM/cheng/031100.cha,adult,ADU: 你怎么知道?,0 No,0 No,2 second_person,0 No,0 No,2 second_person,3 how/why,,NA,NA,3 how/why,,NA,NA,0 no negation,0 no negation,NA
3054,zhidao,/TCCM/cheng/031100.cha,adult,"ADU: 对,你知道啊!",0 No,0 No,2 second_person,0 No,0 No,2 second_person,0 declarative,,NA,NA,0 declarative,,NA,NA,0 no negation,0 no negation,NA
3057,zhidao,/TCCM/jc/020200.cha,investigator,EXA: 不知道喔?,0 No,0 No,0 dropped,0 No,0 No,0 dropped,1 polar_question,,NA,NA,1 polar_question,,NA,NA,2 不,2 不,NA
3058,zhidao,/TCCM/jc/020200.cha,investigator,EXA: 不知道喔?,0 No,0 No,0 dropped,0 No,0 No,0 dropped,1 polar_question,,NA,NA,1 polar_question,,NA,NA,2 不,2 不,NA
3060,zhidao,/TCCM/jc/020200.cha,mother,MOT: 我就不知道怎么唱.,2 CP,,1 first_person,2 CP,,1 first_person,0 declarative,2 wh_question,NA,NA,0 declarative,2 wh_question,NA,NA,2 不,2 不,NA
3061,zhidao,/TCCM/jc/020200.cha,investigator,EXA: 不知道喔.,0 No,0 No,0 dropped,0 No,0 No,0 dropped,0 declarative,,NA,NA,0 declarative,,NA,NA,2 不,2 不,NA
3063,zhidao,/TCCM/jc/020200.cha,investigator,EXA: 不知道喔.,0 No,0 No,0 dropped,0 No,0 No,0 dropped,0 declarative,,NA,NA,0 declarative,,NA,NA,2 不,2 不,NA
3065,zhidao,/TCCM/jc/020300.cha,investigator,EXA: 不知道啊.,0 No,0 No,0 dropped,0 No,0 No,0 dropped,0 declarative,,NA,NA,0 declarative,,NA,NA,2 不,2 不,NA
3066,zhidao,/TCCM/jc/020400.cha,investigator,EXA: 不知道喔?,0 No,0 No,0 dropped,0 No,0 No,0 dropped,1 polar_question,,NA,NA,1 polar_question,,NA,NA,2 不,2 不,NA
3069,zhidao,/TCCM/jc/020600.cha,investigator,EXA: 不知道喔?,0 No,0 No,0 dropped,0 No,0 No,0 dropped,1 polar_question,,NA,NA,1 polar_question,,NA,NA,2 不,2 不,NA
3070,zhidao,/TCCM/jc/020800.cha,investigator,EXA: 不知道.,0 No,0 No,0 dropped,0 No,0 No,0 dropped,0 declarative,,NA,NA,0 declarative,,NA,NA,2 不,2 不,NA
3071,zhidao,/TCCM/jc/020800.cha,investigator,EXA: 不知道.,0 No,0 No,0 dropped,0 No,0 No,0 dropped,0 declarative,,NA,NA,0 declarative,,NA,NA,2 不,2 不,NA
3073,zhidao,/TCCM/jc/030000.cha,investigator,EXA: 不知道啰?,0 No,0 No,0 dropped,0 No,0 No,0 dropped,1 polar_question,,NA,NA,1 polar_question,,NA,NA,2 不,2 不,NA
3075,zhidao,/TCCM/jc/030100.cha,investigator,EXA: 巫婆[/]巫婆怎么会知道白雪公主在哪里?,2 CP,,3 third/NP,2 CP,,3 third/NP,3 how/why,2 wh_question,NA,NA,3 how/why,2 wh_question,NA,NA,0 no negation,0 no negation,NA
3077,zhidao,/TCCM/jc/030100.cha,investigator,EXA: 你不知道.,0 No,0 No,2 second_person,0 No,0 No,2 second_person,0 declarative,,NA,NA,0 declarative,,NA,NA,2 不,2 不,NA
3081,zhidao,/TCCM/jc/030200.cha,investigator,EXA: 我不知道要看那一本啊.,2 CP,,1 first_person,2 CP,,1 first_person,0 declarative,0 declarative,NA,NA,0 declarative,0 declarative,NA,NA,2 不,2 不,NA
3083,zhidao,/TCCM/jc/030200.cha,investigator,EXA: 不知道叫什么.,2 CP,,0 dropped,2 CP,,0 dropped,0 declarative,2 wh_question,NA,NA,0 declarative,2 wh_question,NA,NA,2 不,2 不,NA
3084,zhidao,/TCCM/jc/030300.cha,investigator,EXA: 那你怎么知道石头可以吃?,2 CP,,2 second_person,2 CP,,2 second_person,3 how/why,0 declarative,NA,NA,3 how/why,0 declarative,NA,NA,0 no negation,0 no negation,NA
3087,zhidao,/TCCM/jc/030300.cha,investigator,EXA: 怎么不知道咧?,0 No,0 No,0 dropped,0 No,0 No,0 dropped,3 how/why,,NA,NA,1 polar_question,,NA,NA,2 不,2 不,NA
3094,zhidao,/TCCM/jc/030300.cha,investigator,EXA: 不知道耶.,0 No,0 No,0 dropped,0 No,0 No,0 dropped,0 declarative,,NA,NA,0 declarative,,NA,NA,2 不,2 不,NA
3099,zhidao,/TCCM/jc/030300.cha,investigator,EXA: 不知道耶.,0 No,0 No,0 dropped,0 No,0 No,0 dropped,0 declarative,,NA,NA,0 declarative,,NA,NA,2 不,2 不,NA
3102,zhidao,/TCCM/jc/030400.cha,investigator,EXA: 你不知道喔?,0 No,0 No,2 second_person,0 No,0 No,2 second_person,1 polar_question,,NA,NA,1 polar_question,,NA,NA,2 不,2 不,NA
3105,zhidao,/TCCM/jc/030400.cha,investigator,EXA: 你不知道.,0 No,0 No,2 second_person,0 No,0 No,2 second_person,0 declarative,,NA,NA,0 declarative,,NA,NA,2 不,2 不,NA
3109,zhidao,/TCCM/jc/030500.cha,investigator,EXA: 你不知道.,0 No,0 No,2 second_person,0 No,0 No,2 second_person,0 declarative,,NA,NA,0 declarative,,NA,NA,2 不,2 不,NA
3113,zhidao,/TCCM/jc/030500.cha,investigator,EXA: 哦我知道了.,0 No,0 No,1 first_person,0 No,0 No,1 first_person,0 declarative,,NA,NA,0 declarative,,NA,NA,0 no negation,0 no negation,NA
3114,zhidao,/TCCM/wang/020500.cha,mother,MOT: 我知道了.,0 No,0 No,1 first_person,0 No,0 No,1 first_person,0 declarative,,NA,NA,0 declarative,,NA,NA,0 no negation,0 no negation,NA
3115,zhidao,/TCCM/wang/020500.cha,mother,MOT: 我知道了.,0 No,0 No,1 first_person,0 No,0 No,1 first_person,0 declarative,,NA,NA,0 declarative,,NA,NA,0 no negation,0 no negation,NA
3116,zhidao,/TCCM/wang/020500.cha,mother,MOT: 我不知道啊.,0 No,0 No,1 first_person,0 No,0 No,1 first_person,0 declarative,,NA,NA,0 declarative,,NA,NA,2 不,2 不,NA
3117,zhidao,/TCCM/wang/020500.cha,mother,MOT: 我不知道啊.,0 No,0 No,1 first_person,0 No,0 No,1 first_person,0 declarative,,NA,NA,0 declarative,,NA,NA,2 不,2 不,NA
3118,zhidao,/TCCM/wang/020500.cha,mother,MOT: 我知道你喵喵叫啦.,2 CP,,1 first_person,2 CP,,1 first_person,0 declarative,0 declarative,NA,NA,0 declarative,0 declarative,NA,NA,0 no negation,0 no negation,NA
3119,zhidao,/TCCM/wang/020500.cha,mother,MOT: 我不知道耶!,0 No,0 No,1 first_person,0 No,0 No,1 first_person,0 declarative,,NA,NA,0 declarative,,NA,NA,2 不,2 不,NA
3120,zhidao,/TCCM/wang/020500.cha,mother,MOT: 你知道吗?,0 No,0 No,2 second_person,0 No,0 No,2 second_person,1 polar_question,,NA,NA,1 polar_question,,NA,NA,0 no negation,0 no negation,NA
3121,zhidao,/TCCM/wang/020500.cha,mother,MOT: 我怎么不知道?,0 No,0 No,1 first_person,0 No,0 No,1 first_person,3 how/why,,NA,NA,3 how/why,,NA,NA,2 不,2 不,NA
3122,zhidao,/TCCM/wang/020600.cha,mother,MOT: 你知道吗?,0 No,0 No,2 second_person,0 No,0 No,2 second_person,1 polar_question,,NA,NA,1 polar_question,,NA,NA,0 no negation,0 no negation,NA
3123,zhidao,/TCCM/wang/020600.cha,mother,MOT: 我知道怎么坐.,2 CP,,1 first_person,2 CP,,1 first_person,0 declarative,2 wh_question,NA,NA,0 declarative,2 wh_question,NA,NA,0 no negation,0 no negation,NA
3124,zhidao,/TCCM/wang/020700.cha,mother,MOT: 我不知道啊?,0 No,0 No,1 first_person,0 No,0 No,1 first_person,1 polar_question,,NA,NA,1 polar_question,,NA,NA,2 不,2 不,NA
3125,zhidao,/TCCM/wang/020700.cha,grandma,GMO: 谁知道?,0 No,0 No,3 third/NP,0 No,0 No,3 third/NP,2 wh_question,,NA,NA,2 wh_question,,NA,NA,0 no negation,0 no negation,NA
3126,zhidao,/TCCM/wang/020700.cha,mother,MOT: 知道吗?,0 No,0 No,0 dropped,0 No,0 No,0 dropped,1 polar_question,,NA,NA,1 polar_question,,NA,NA,0 no negation,0 no negation,NA
3128,zhidao,/TCCM/wang/020700.cha,mother,MOT: 不知道啊!,0 No,0 No,0 dropped,0 No,0 No,0 dropped,0 declarative,,NA,NA,0 declarative,,NA,NA,2 不,2 不,NA
3129,zhidao,/TCCM/wang/020700.cha,mother,MOT: 你不知道是你啊?,2 CP,,2 second_person,2 CP,,2 second_person,1 polar_question,0 declarative,NA,NA,1 polar_question,0 declarative,NA,NA,2 不,2 不,NA
3130,zhidao,/TCCM/wang/020700.cha,mother,MOT: 你知道吗?,0 No,0 No,2 second_person,0 No,0 No,2 second_person,1 polar_question,,NA,NA,1 polar_question,,NA,NA,0 no negation,0 no negation,NA
3133,zhidao,/TCCM/wang/020700.cha,mother,MOT: 你知道吗.,0 No,0 No,2 second_person,0 No,0 No,2 second_person,1 polar_question,,NA,NA,1 polar_question,,NA,NA,0 no negation,0 no negation,NA
3134,zhidao,/TCCM/wang/020800.cha,mother,MOT: 这样子知道吗?,0 No,0 No,0 dropped,0 No,0 No,0 dropped,1 polar_question,,NA,NA,1 polar_question,,NA,NA,0 no negation,0 no negation,NA
3135,zhidao,/TCCM/wang/020800.cha,mother,MOT: 我也不知道啊.,0 No,0 No,1 first_person,0 No,0 No,1 first_person,0 declarative,,NA,NA,0 declarative,,NA,NA,2 不,2 不,NA
3137,zhidao,/TCCM/wang/020900.cha,mother,MOT: 我都不知道!,0 No,0 No,1 first_person,0 No,0 No,1 first_person,0 declarative,,NA,NA,0 declarative,,NA,NA,2 不,2 不,NA
3138,zhidao,/TCCM/wang/020900.cha,mother,MOT: 我不知道啊?,0 No,0 No,1 first_person,0 No,0 No,1 first_person,1 polar_question,,NA,NA,1 polar_question,,NA,NA,2 不,2 不,NA
3139,zhidao,/TCCM/wang/021000.cha,mother,MOT: 你不知道啊?,0 No,0 No,2 second_person,0 No,0 No,2 second_person,1 polar_question,,NA,NA,1 polar_question,,NA,NA,2 不,2 不,NA
3140,zhidao,/TCCM/wang/021000.cha,mother,MOT: 你怎么知道.,0 No,0 No,2 second_person,0 No,0 No,2 second_person,3 how/why,,NA,NA,3 how/why,,NA,NA,0 no negation,0 no negation,NA
3141,zhidao,/TCCM/wang/021000.cha,mother,MOT: 你怎么知道是G阿姨买的?,2 CP,,2 second_person,2 CP,,2 second_person,3 how/why,1 polar_question,NA,NA,3 how/why,0 declarative,NA,NA,0 no negation,0 no negation,NA
3142,zhidao,/TCCM/wang/021000.cha,mother,MOT: 我知道有糖糖.,2 CP,,1 first_person,2 CP,,1 first_person,0 declarative,0 declarative,NA,NA,0 declarative,0 declarative,NA,NA,0 no negation,0 no negation,NA
3143,zhidao,/TCCM/wang/021000.cha,mother,MOT: 你知道他为什么吃掉了吗?,2 CP,,2 second_person,2 CP,,2 second_person,1 polar_question,2 wh_question,NA,NA,1 polar_question,2 wh_question,NA,NA,0 no negation,0 no negation,NA
3144,zhidao,/TCCM/wang/021100.cha,mother,MOT: 我不知道耶.,0 No,0 No,1 first_person,0 No,0 No,1 first_person,0 declarative,,NA,NA,0 declarative,,NA,NA,2 不,2 不,NA
3145,zhidao,/TCCM/wang/021100.cha,mother,MOT: 开了才知道!,0 No,0 No,0 dropped,0 No,0 No,0 dropped,0 declarative,,NA,NA,0 declarative,,NA,NA,0 no negation,0 no negation,NA
3146,zhidao,/TCCM/wang/021100.cha,mother,MOT: 你怎么知道的?,0 No,0 No,2 second_person,0 No,4 RC的,2 second_person,3 how/why,,NA,NA,3 how/why,,NA,NA,0 no negation,0 no negation,NA
3147,zhidao,/TCCM/wang/021100.cha,mother,MOT: 你知道我要干嘛吗?,2 CP,,2 second_person,2 CP,,2 second_person,1 polar_question,2 wh_question,NA,NA,1 polar_question,2 wh_question,NA,NA,0 no negation,0 no negation,NA
3148,zhidao,/TCCM/wang/021100.cha,mother,MOT: 你知道cheese是什么吗?,2 CP,,2 second_person,2 CP,,2 second_person,1 polar_question,2 wh_question,NA,NA,1 polar_question,2 wh_question,NA,NA,0 no negation,0 no negation,NA
3151,zhidao,/TCCM/wang/021100.cha,mother,MOT: 我不知道耶.,0 No,0 No,1 first_person,0 No,0 No,1 first_person,0 declarative,,NA,NA,0 declarative,,NA,NA,2 不,2 不,NA
3152,zhidao,/TCCM/wang/021100.cha,mother,MOT: 我只知道hotdog.,4 NP,2 NP,1 first_person,0 No,2 NP,1 first_person,0 declarative,,NA,NA,0 declarative,,NA,NA,0 no negation,0 no negation,NA
3153,zhidao,/TCCM/wang/030000.cha,mother,MOT: 我不知道啊?,0 No,0 No,1 first_person,0 No,0 No,1 first_person,1 polar_question,,NA,NA,1 polar_question,,NA,NA,2 不,2 不,NA
3154,zhidao,/TCCM/wang/030000.cha,mother,MOT: 你知道吗?,0 No,0 No,2 second_person,0 No,0 No,2 second_person,1 polar_question,,NA,NA,1 polar_question,,NA,NA,0 no negation,0 no negation,NA
3156,zhidao,/TCCM/wang/030000.cha,mother,MOT: 你知道吗?,0 No,0 No,2 second_person,0 No,0 No,2 second_person,1 polar_question,,NA,NA,1 polar_question,,NA,NA,0 no negation,0 no negation,NA
3158,zhidao,/TCCM/wang/030000.cha,mother,MOT: 你知道为什么要烧火?,2 CP,,2 second_person,2 CP,,2 second_person,1 polar_question,2 wh_question,NA,NA,1 polar_question,2 wh_question,NA,NA,0 no negation,0 no negation,NA
3160,zhidao,/TCCM/wang/030000.cha,mother,MOT: 你知道他是谁吗?,2 CP,,2 second_person,2 CP,,2 second_person,1 polar_question,2 wh_question,NA,NA,1 polar_question,,NA,NA,0 no negation,0 no negation,NA
3162,zhidao,/TCCM/wang/030000.cha,mother,"MOT: 娄大爷要是知道了,怎么办呢?",0 No,0 No,3 third/NP,0 No,0 No,3 third/NP,0 declarative,,NA,NA,0 declarative,,NA,NA,0 no negation,0 no negation,NA
3164,zhidao,/TCCM/wang/030000.cha,mother,MOT: 我就知道.,0 No,0 No,1 first_person,0 No,0 No,1 first_person,0 declarative,,NA,NA,0 declarative,,NA,NA,0 no negation,0 no negation,NA
3165,zhidao,/TCCM/wang/030000.cha,mother,MOT: 我就知道你没安好心眼!,2 CP,,1 first_person,2 CP,,1 first_person,0 declarative,0 declarative,NA,NA,0 declarative,0 declarative,NA,NA,0 no negation,0 no negation,NA
3166,zhidao,/TCCM/wang/030000.cha,mother,MOT: 我怎么知道你鼻子怎么了.,2 CP,,1 first_person,2 CP,,1 first_person,3 how/why,2 wh_question,NA,NA,3 how/why,2 wh_question,NA,NA,0 no negation,0 no negation,NA
3168,zhidao,/TCCM/wang/030000.cha,mother,MOT: 那你知道我这是什么吗?,2 CP,,2 second_person,2 CP,,2 second_person,1 polar_question,2 wh_question,NA,NA,1 polar_question,2 wh_question,NA,NA,0 no negation,0 no negation,NA
3169,zhidao,/TCCM/wang/030100.cha,mother,MOT: 我不知道耶!,0 No,0 No,1 first_person,0 No,0 No,1 first_person,0 declarative,,NA,NA,0 declarative,,NA,NA,2 不,2 不,NA
3172,zhidao,/TCCM/wang/030200.cha,mother,MOT: 不知道!,0 No,0 No,0 dropped,0 No,0 No,0 dropped,0 declarative,,NA,NA,0 declarative,,NA,NA,2 不,2 不,NA
3173,zhidao,/TCCM/wang/030200.cha,mother,MOT: 我怎么知道!,0 No,0 No,1 first_person,0 No,0 No,1 first_person,3 how/why,,NA,NA,3 how/why,,NA,NA,0 no negation,0 no negation,NA
3174,zhidao,/TCCM/wang/030200.cha,mother,MOT: 我怎么知道!,0 No,0 No,1 first_person,0 No,0 No,1 first_person,3 how/why,,NA,NA,3 how/why,,NA,NA,0 no negation,0 no negation,NA
3177,zhidao,/TCCM/wang/030300.cha,mother,MOT: 不知道耶!,0 No,0 No,0 dropped,0 No,0 No,0 dropped,0 declarative,,NA,NA,0 declarative,,NA,NA,2 不,2 不,NA
3178,zhidao,/TCCM/wang/030400.cha,mother,MOT: 知道吗?,0 No,0 No,0 dropped,0 No,0 No,0 dropped,1 polar_question,,NA,NA,1 polar_question,,NA,NA,0 no negation,0 no negation,NA
3181,zhidao,/TCCM/wang/030400.cha,mother,MOT: 你不知道啊!,0 No,0 No,2 second_person,0 No,0 No,2 second_person,0 declarative,,NA,NA,0 declarative,,NA,NA,2 不,2 不,NA
3182,zhidao,/TCCM/wang/030400.cha,mother,MOT: 你都不知道呢?,0 No,0 No,2 second_person,0 No,0 No,2 second_person,1 polar_question,,NA,NA,1 polar_question,,NA,NA,2 不,2 不,NA
3183,zhidao,/TCCM/wu/010700.cha,mother,MOT: 我也不知道什么意思.,2 CP,,1 first_person,2 CP,,1 first_person,0 declarative,2 wh_question,NA,NA,0 declarative,2 wh_question,NA,NA,2 不,2 不,NA
3184,zhidao,/TCCM/wu/010700.cha,FRE,FRE: 他也知道弄不到.,2 CP,,3 third/NP,2 CP,,3 third/NP,0 declarative,0 declarative,NA,NA,0 declarative,0 declarative,NA,NA,2 不,0 no negation,NA
3185,zhidao,/TCCM/wu/010700.cha,investigator,TSA: 我不知道这是什么耶.,2 CP,,1 first_person,2 CP,,1 first_person,0 declarative,2 wh_question,NA,NA,0 declarative,2 wh_question,NA,NA,2 不,2 不,NA
3186,zhidao,/TCCM/wu/010800.cha,investigator,TSA: 啊我知道.,0 No,0 No,1 first_person,0 No,0 No,1 first_person,0 declarative,,NA,NA,0 declarative,,NA,NA,0 no negation,0 no negation,NA
3187,zhidao,/TCCM/wu/010800.cha,mother,MOT: 他知道这个东西.,4 NP,2 NP,3 third/NP,0 No,2 NP,3 third/NP,0 declarative,,NA,NA,0 declarative,,NA,NA,0 no negation,0 no negation,NA
3188,zhidao,/TCCM/wu/010800.cha,investigator,TSA: 他知道啊?,0 No,0 No,3 third/NP,0 No,0 No,3 third/NP,1 polar_question,,NA,NA,1 polar_question,,NA,NA,0 no negation,0 no negation,NA
3189,zhidao,/TCCM/wu/010800.cha,investigator,TSA: 不知道啊?,0 No,0 No,0 dropped,0 No,0 No,0 dropped,1 polar_question,,NA,NA,1 polar_question,,NA,NA,2 不,2 不,NA
3190,zhidao,/TCCM/wu/010900.cha,adult,ADU: 他知道他要去念.,2 CP,,3 third/NP,2 CP,,3 third/NP,0 declarative,0 declarative,NA,NA,0 declarative,0 declarative,NA,NA,0 no negation,0 no negation,NA
3191,zhidao,/TCCM/wu/010900.cha,adult,ADU: 他还不知道这个是炮.,2 CP,,3 third/NP,2 CP,,3 third/NP,0 declarative,0 declarative,NA,NA,0 declarative,0 declarative,NA,NA,2 不,2 不,NA
3192,zhidao,/TCCM/wu/010900.cha,mother,MOT: 你怎么知道?,0 No,0 No,2 second_person,0 No,0 No,2 second_person,3 how/why,,NA,NA,3 how/why,,NA,NA,0 no negation,0 no negation,NA
3193,zhidao,/TCCM/wu/011000.cha,mother,MOT: 我不知道.,0 No,0 No,1 first_person,0 No,0 No,1 first_person,0 declarative,,NA,NA,0 declarative,,NA,NA,2 不,2 不,NA
3196,zhidao,/TCCM/wu/020100.cha,mother,MOT: 我不知道.,0 No,0 No,1 first_person,0 No,0 No,1 first_person,0 declarative,,NA,NA,0 declarative,,NA,NA,2 不,2 不,NA
3197,zhidao,/TCCM/wu/020100.cha,mother,MOT: 都用不知道.,0 No,0 No,0 dropped,0 No,0 No,0 dropped,0 declarative,,NA,NA,0 declarative,,NA,NA,2 不,2 不,NA
3199,zhidao,/TCCM/wu/020100.cha,investigator,TSA: 什么都不知道.,0 No,0 No,0 dropped,0 No,0 No,0 dropped,0 declarative,,NA,NA,0 declarative,,NA,NA,2 不,2 不,NA
3201,zhidao,/TCCM/wu/020100.cha,mother,MOT: 他都用不知道.,0 No,0 No,3 third/NP,0 No,0 No,3 third/NP,0 declarative,,NA,NA,0 declarative,,NA,NA,2 不,2 不,NA
3202,zhidao,/TCCM/wu/020100.cha,investigator,TSA: 你知道他为什么不要睡吗?,2 CP,,2 second_person,2 CP,,2 second_person,1 polar_question,2 wh_question,NA,NA,1 polar_question,2 wh_question,NA,NA,2 不,0 no negation,NA
3203,zhidao,/TCCM/wu/020100.cha,investigator,TSA: 你知道他在做什么吗?,2 CP,,2 second_person,2 CP,,2 second_person,1 polar_question,2 wh_question,NA,NA,1 polar_question,2 wh_question,NA,NA,0 no negation,0 no negation,NA
3204,zhidao,/TCCM/wu/020100.cha,mother,MOT: 我也不知道他从那里学来的.,2 CP,,1 first_person,2 CP,,1 first_person,0 declarative,0 declarative,NA,NA,0 declarative,0 declarative,NA,NA,2 不,2 不,NA
3208,zhidao,/TCCM/wu/020100.cha,investigator,TSA: 我不知道.,0 No,0 No,1 first_person,0 No,0 No,1 first_person,0 declarative,,NA,NA,0 declarative,,NA,NA,2 不,2 不,NA
3210,zhidao,/TCCM/wu/020100.cha,investigator,TSA: 你什么都不知道.,0 No,0 No,2 second_person,0 No,0 No,2 second_person,0 declarative,,NA,NA,0 declarative,,NA,NA,2 不,2 不,NA
3213,zhidao,/TCCM/wu/020200.cha,investigator,TSA: 不知道.,0 No,0 No,0 dropped,0 No,0 No,0 dropped,0 declarative,,NA,NA,0 declarative,,NA,NA,2 不,2 不,NA
3214,zhidao,/TCCM/wu/020200.cha,mother,MOT: 那天不知道吐几次.,2 CP,,0 dropped,2 CP,,0 dropped,0 declarative,2 wh_question,NA,NA,0 declarative,2 wh_question,NA,NA,2 不,2 不,NA
3217,zhidao,/TCCM/wu/020400.cha,mother,MOT: 知道怎么一直在那里叮当叮当的?,2 CP,,0 dropped,2 CP,,0 dropped,1 polar_question,2 wh_question,NA,NA,1 polar_question,2 wh_question,NA,NA,0 no negation,0 no negation,NA
3219,zhidao,/TCCM/wu/020400.cha,mother,MOT: 你知道路啊.,4 NP,2 NP,2 second_person,0 No,2 NP,2 second_person,0 declarative,,NA,NA,0 declarative,,NA,NA,0 no negation,0 no negation,NA
3220,zhidao,/TCCM/wu/020400.cha,mother,MOT: 你知道那里的路?,2 CP,,2 second_person,2 CP,,2 second_person,1 polar_question,,NA,NA,1 polar_question,,NA,NA,0 no negation,0 no negation,NA
3222,zhidao,/TCCM/wu/020400.cha,mother,MOT: 你知道路!,4 NP,2 NP,2 second_person,0 No,2 NP,2 second_person,0 declarative,,NA,NA,0 declarative,,NA,NA,0 no negation,0 no negation,NA
3223,zhidao,/TCCM/wu/020400.cha,mother,MOT: 那你怎么知道?,0 No,0 No,2 second_person,0 No,0 No,2 second_person,3 how/why,,NA,NA,3 how/why,,NA,NA,0 no negation,0 no negation,NA
3224,zhidao,/TCCM/wu/020400.cha,mother,MOT: 你都不知道你很讨厌.,2 CP,,2 second_person,2 CP,,2 second_person,0 declarative,0 declarative,NA,NA,0 declarative,0 declarative,NA,NA,2 不,2 不,NA
3225,zhidao,/TCCM/wu/020400.cha,mother,MOT: 你不知道.,0 No,0 No,2 second_person,0 No,0 No,2 second_person,0 declarative,,NA,NA,0 declarative,,NA,NA,2 不,2 不,NA
3226,zhidao,/TCCM/wu/020400.cha,mother,MOT: 你不知道小熊会哭啊?,2 CP,,2 second_person,2 CP,,2 second_person,1 polar_question,0 declarative,NA,NA,1 polar_question,0 declarative,NA,NA,2 不,2 不,NA
3227,zhidao,/TCCM/wu/020500.cha,mother,MOT: 他也不知道什么是调(羹).,2 CP,,3 third/NP,2 CP,,3 third/NP,0 declarative,2 wh_question,NA,NA,0 declarative,2 wh_question,NA,NA,2 不,2 不,NA
3228,zhidao,/TCCM/wu/020500.cha,mother,MOT: 他只知道人家说调羹调羹啊.,2 CP,,3 third/NP,2 CP,,3 third/NP,0 declarative,0 declarative,NA,NA,0 declarative,0 declarative,NA,NA,0 no negation,0 no negation,NA
3229,zhidao,/TCCM/wu/020500.cha,investigator,TSA: 他也不知道肉羹是什么.,2 CP,,3 third/NP,2 CP,,3 third/NP,0 declarative,2 wh_question,NA,NA,0 declarative,2 wh_question,NA,NA,2 不,2 不,NA
3230,zhidao,/TCCM/wu/020500.cha,mother,MOT: 他知道那是谁的爸爸.,2 CP,,3 third/NP,2 CP,,3 third/NP,0 declarative,2 wh_question,NA,NA,0 declarative,2 wh_question,NA,NA,0 no negation,0 no negation,NA
3231,zhidao,/TCCM/wu/020500.cha,mother,MOT: 你看就知道了吗.,0 No,0 No,2 second_person,0 No,0 No,2 second_person,0 declarative,,NA,NA,1 polar_question,,NA,NA,0 no negation,0 no negation,NA
3232,zhidao,/TCCM/wu/020500.cha,mother,MOT: 我说你怎么知道?,0 No,0 No,2 second_person,0 No,0 No,2 second_person,3 how/why,,NA,NA,3 how/why,,NA,NA,0 no negation,0 no negation,NA
3233,zhidao,/TCCM/wu/020500.cha,investigator,TSA: 我以为他知道要叫你把他弄.,2 CP,,3 third/NP,2 CP,,3 third/NP,0 declarative,0 declarative,NA,NA,0 declarative,0 declarative,NA,NA,0 no negation,0 no negation,NA
3235,zhidao,/TCCM/wu/020600.cha,mother,MOT: 什么你不知道.,0 No,0 No,2 second_person,0 No,0 No,2 second_person,2 wh_question,,NA,NA,2 wh_question,,NA,NA,2 不,2 不,NA
3236,zhidao,/TCCM/wu/020600.cha,mother,MOT: 你不知道.,0 No,0 No,2 second_person,0 No,0 No,2 second_person,0 declarative,,NA,NA,0 declarative,,NA,NA,2 不,2 不,NA
3237,zhidao,/TCCM/wu/020600.cha,mother,MOT: 我也不知道.,0 No,0 No,1 first_person,0 No,0 No,1 first_person,0 declarative,,NA,NA,0 declarative,,NA,NA,2 不,2 不,NA
3239,zhidao,/TCCM/wu/020600.cha,mother,MOT: 小达计程车知道你家哦.,4 NP,2 NP,3 third/NP,0 No,2 NP,3 third/NP,0 declarative,,NA,NA,0 declarative,,NA,NA,0 no negation,0 no negation,NA
3241,zhidao,/TCCM/wu/020600.cha,mother,MOT: 你也不知道啊.,0 No,0 No,2 second_person,0 No,0 No,2 second_person,0 declarative,,NA,NA,0 declarative,,NA,NA,2 不,2 不,NA
3244,zhidao,/TCCM/wu/020600.cha,mother,MOT: 你什么都不知道.,0 No,0 No,2 second_person,0 No,0 No,2 second_person,0 declarative,,NA,NA,0 declarative,,NA,NA,2 不,2 不,NA
3245,zhidao,/TCCM/wu/020600.cha,mother,MOT: 你知道.,0 No,0 No,2 second_person,0 No,0 No,2 second_person,0 declarative,,NA,NA,0 declarative,,NA,NA,0 no negation,0 no negation,NA
3246,zhidao,/TCCM/wu/020600.cha,mother,MOT: 为什么说你不知道.,0 No,0 No,2 second_person,0 No,0 No,2 second_person,0 declarative,,NA,NA,2 wh_question,0 declarative,NA,NA,2 不,2 不,NA
3248,zhidao,/TCCM/wu/020700.cha,mother,MOT: 你不知道.,0 No,0 No,2 second_person,0 No,0 No,2 second_person,0 declarative,,NA,NA,0 declarative,,NA,NA,2 不,2 不,NA
3249,zhidao,/TCCM/wu/020700.cha,mother,MOT: 都不知道.,0 No,0 No,0 dropped,0 No,0 No,0 dropped,0 declarative,,NA,NA,0 declarative,,NA,NA,2 不,2 不,NA
3250,zhidao,/TCCM/wu/020700.cha,investigator,TSA: 我知道这样已经在下雨.,2 CP,,1 first_person,2 CP,,1 first_person,0 declarative,0 declarative,NA,NA,0 declarative,0 declarative,NA,NA,0 no negation,0 no negation,NA
3252,zhidao,/TCCM/wu/020700.cha,mother,MOT: 你不知道.,0 No,0 No,2 second_person,0 No,0 No,2 second_person,0 declarative,,NA,NA,0 declarative,,NA,NA,2 不,2 不,NA
3253,zhidao,/TCCM/wu/020700.cha,investigator,TSA: 我知道.,0 No,0 No,1 first_person,0 No,0 No,1 first_person,0 declarative,,NA,NA,0 declarative,,NA,NA,0 no negation,0 no negation,NA
3254,zhidao,/TCCM/wu/020700.cha,mother,MOT: 今天就知道.,0 No,0 No,0 dropped,0 No,0 No,0 dropped,0 declarative,,NA,NA,0 declarative,,NA,NA,0 no negation,0 no negation,NA
3256,zhidao,/TCCM/wu/020700.cha,investigator,TSA: 你什么都不知道.,0 No,0 No,2 second_person,0 No,0 No,2 second_person,0 declarative,,NA,NA,0 declarative,,NA,NA,2 不,2 不,NA
3257,zhidao,/TCCM/wu/021000.cha,SHO,SHO: 才知道.,0 No,0 No,0 dropped,0 No,0 No,0 dropped,0 declarative,,NA,NA,0 declarative,,NA,NA,0 no negation,0 no negation,NA
3259,zhidao,/TCCM/yang/010600.cha,investigator,EXA: 你知道吗?,0 No,0 No,2 second_person,0 No,0 No,2 second_person,1 polar_question,,NA,NA,1 polar_question,,NA,NA,0 no negation,0 no negation,NA
3260,zhidao,/TCCM/yang/010600.cha,investigator,EXA: 他不知道一拔0prep拔到哪里去了.,2 CP,,3 third/NP,2 CP,,3 third/NP,0 declarative,2 wh_question,NA,NA,0 declarative,2 wh_question,NA,NA,2 不,2 不,NA
3261,zhidao,/TCCM/yang/010800.cha,investigator,EXA: 我不知道啊.,0 No,0 No,1 first_person,0 No,0 No,1 first_person,0 declarative,,NA,NA,0 declarative,,NA,NA,2 不,2 不,NA
3262,zhidao,/TCCM/yang/010800.cha,investigator,EXA: 阿姨不知道你要什么啊.,2 CP,,3 third/NP,2 CP,,3 third/NP,0 declarative,2 wh_question,NA,NA,0 declarative,2 wh_question,NA,NA,2 不,2 不,NA
3263,zhidao,/TCCM/yang/010900.cha,investigator,EXA: 不知道是什么?,2 CP,,0 dropped,2 CP,,0 dropped,1 polar_question,2 wh_question,NA,NA,1 polar_question,2 wh_question,NA,NA,2 不,2 不,NA
3264,zhidao,/TCCM/yang/011000.cha,investigator,"EXA: 灯把,他不知道.",0 No,0 No,3 third/NP,0 No,0 No,3 third/NP,0 declarative,,NA,NA,0 declarative,,NA,NA,2 不,2 不,NA
3265,zhidao,/TCCM/yang/020000.cha,investigator,EXA: 你不知道小猴子是什么?,2 CP,,2 second_person,2 CP,,2 second_person,1 polar_question,2 wh_question,NA,NA,1 polar_question,2 wh_question,NA,NA,2 不,2 不,NA
3266,zhidao,/TCCM/yang/020000.cha,investigator,EXA: 你知道吗?,0 No,0 No,2 second_person,0 No,0 No,2 second_person,1 polar_question,,NA,NA,1 polar_question,,NA,NA,0 no negation,0 no negation,NA
3267,zhidao,/TCCM/yang/020000.cha,investigator,EXA: 哼玩了两次就知道猜另外一手.,2 CP,,0 dropped,2 CP,,0 dropped,0 declarative,0 declarative,NA,NA,0 declarative,0 declarative,NA,NA,0 no negation,0 no negation,NA
3268,zhidao,/TCCM/yang/020100.cha,investigator,EXA: 不知道啊?,0 No,0 No,0 dropped,0 No,0 No,0 dropped,1 polar_question,,NA,NA,1 polar_question,,NA,NA,2 不,2 不,NA
3269,zhidao,/TCCM/yang/020100.cha,investigator,EXA: 阿姨也不知道啊.,0 No,0 No,3 third/NP,0 No,0 No,3 third/NP,0 declarative,,NA,NA,0 declarative,,NA,NA,2 不,2 不,NA
3270,zhidao,/TCCM/yang/020100.cha,investigator,EXA: 阿姨不知道啊.,0 No,0 No,3 third/NP,0 No,0 No,3 third/NP,0 declarative,,NA,NA,0 declarative,,NA,NA,2 不,2 不,NA
3271,zhidao,/TCCM/yang/020600.cha,investigator,EXA: 我也不知道啊.,0 No,0 No,1 first_person,0 No,0 No,1 first_person,0 declarative,,NA,NA,0 declarative,,NA,NA,2 不,2 不,NA
3272,zhidao,/TCCM/yang/020600.cha,investigator,EXA: 阿姨不知道啊.,0 No,0 No,3 third/NP,0 No,0 No,3 third/NP,0 declarative,,NA,NA,0 declarative,,NA,NA,2 不,2 不,NA
3275,zhidao,/TCCM/yang/020600.cha,investigator,EXA: 阿公才知道有别人来了.,2 CP,,3 third/NP,2 CP,,3 third/NP,0 declarative,0 declarative,NA,NA,0 declarative,0 declarative,NA,NA,0 no negation,0 no negation,NA
3279,zhidao,/TCCM/yang/020600.cha,investigator,EXA: 阿公知道别人来了.,2 CP,,3 third/NP,2 CP,,3 third/NP,0 declarative,0 declarative,NA,NA,0 declarative,0 declarative,NA,NA,0 no negation,0 no negation,NA
3280,zhidao,/TCCM/yang/020600.cha,investigator,EXA: 知道别人来了.,2 CP,,0 dropped,2 CP,,0 dropped,0 declarative,0 declarative,NA,NA,0 declarative,0 declarative,NA,NA,0 no negation,0 no negation,NA
3282,zhidao,/TCCM/yang/020800.cha,mother,"MOT: 这个,你不知道.",0 No,0 No,2 second_person,0 No,0 No,2 second_person,0 declarative,,NA,NA,0 declarative,,NA,NA,2 不,2 不,NA
3284,zhidao,/TCCM/yang/020800.cha,mother,MOT: 我不知道啊.,0 No,0 No,1 first_person,0 No,0 No,1 first_person,0 declarative,,NA,NA,0 declarative,,NA,NA,2 不,2 不,NA
3285,zhidao,/TCCM/yang/020800.cha,mother,MOT: 娃[//]你现在还不知道是娃娃.,2 CP,,2 second_person,2 CP,,2 second_person,0 declarative,0 declarative,NA,NA,0 declarative,0 declarative,NA,NA,2 不,2 不,NA
3287,zhidao,/TCCM/yang/020800.cha,mother,MOT: 你怎么不知道.,0 No,0 No,2 second_person,0 No,0 No,2 second_person,3 how/why,,NA,NA,3 how/why,,NA,NA,2 不,2 不,NA
3288,zhidao,/TCCM/yang/020800.cha,mother,MOT: 你还不知道.,0 No,0 No,2 second_person,0 No,0 No,2 second_person,0 declarative,,NA,NA,0 declarative,,NA,NA,2 不,2 不,NA
3291,zhidao,/TCCM/yang/020800.cha,mother,MOT: 我当然不知道啊.,0 No,0 No,1 first_person,0 No,0 No,1 first_person,0 declarative,,NA,NA,0 declarative,,NA,NA,2 不,2 不,NA
3295,zhidao,/TCCM/yang/020900.cha,mother,MOT: 你知道吗?,0 No,0 No,2 second_person,0 No,0 No,2 second_person,1 polar_question,,NA,NA,1 polar_question,,NA,NA,0 no negation,0 no negation,NA
3297,zhidao,/TCCM/chou/020100.cha,investigator,EXA: 他怎么都知道?,0 No,0 No,3 third/NP,0 No,0 No,3 third/NP,3 how/why,,NA,NA,3 how/why,,NA,NA,0 no negation,0 no negation,NA
3298,zhidao,/TCCM/chou/020100.cha,mother,MOT: 我比较知道.,0 No,0 No,1 first_person,0 No,0 No,1 first_person,0 declarative,,NA,NA,0 declarative,,NA,NA,0 no negation,0 no negation,NA
3299,zhidao,/TCCM/chou/020100.cha,mother,"MOT: 那周c_c他是必需有差不多知道他在做什么的时候,他才听得清楚他在讲什么.",2 CP,,3 third/NP,2 CP,,3 third/NP,0 declarative,2 wh_question,NA,NA,0 declarative,2 wh_question,NA,NA,0 no negation,0 no negation,NA
3300,zhidao,/TCCM/chou/020100.cha,mother,MOT: 而且知道他在做什么.,2 CP,,0 dropped,2 CP,,0 dropped,0 declarative,2 wh_question,NA,NA,0 declarative,2 wh_question,NA,NA,0 no negation,0 no negation,NA
3301,zhidao,/TCCM/chou/020100.cha,mother,"MOT: 那我们听到之后,我们就知道他醒了.",2 CP,,1 first_person,2 CP,,1 first_person,0 declarative,0 declarative,NA,NA,0 declarative,0 declarative,NA,NA,0 no negation,0 no negation,NA
3302,zhidao,/TCCM/chou/020100.cha,mother,MOT: 你知道他为什么变这样吗?,2 CP,,2 second_person,2 CP,,2 second_person,1 polar_question,2 wh_question,NA,NA,1 polar_question,2 wh_question,NA,NA,0 no negation,0 no negation,NA
3303,zhidao,/TCCM/chou/020200.cha,mother,MOT: 他知道啊.,0 No,0 No,3 third/NP,0 No,0 No,3 third/NP,0 declarative,,NA,NA,0 declarative,,NA,NA,0 no negation,0 no negation,NA
3304,zhidao,/TCCM/chou/020200.cha,mother,"MOT: 可是你放进去的时候,他就知道.",0 No,0 No,3 third/NP,0 No,0 No,3 third/NP,0 declarative,,NA,NA,0 declarative,,NA,NA,0 no negation,0 no negation,NA
3305,zhidao,/TCCM/chou/020200.cha,mother,MOT: 他不知道.,0 No,0 No,3 third/NP,0 No,0 No,3 third/NP,0 declarative,,NA,NA,0 declarative,,NA,NA,2 不,2 不,NA
3306,zhidao,/TCCM/chou/020200.cha,investigator,EXA: 你还知道要剥皮诶.,2 CP,,2 second_person,2 CP,,2 second_person,0 declarative,0 declarative,NA,NA,0 declarative,0 declarative,NA,NA,0 no negation,0 no negation,NA
3307,zhidao,/TCCM/chou/020200.cha,investigator,EXA: 你知道我是J阿姨啊?,2 CP,,2 second_person,2 CP,,2 second_person,1 polar_question,0 declarative,NA,NA,1 polar_question,0 declarative,NA,NA,0 no negation,0 no negation,NA
3308,zhidao,/TCCM/chou/020300.cha,investigator,EXA: 我怎么不知道动物园有nene[:牛奶]?,2 CP,,1 first_person,2 CP,,1 first_person,3 how/why,0 declarative,NA,NA,3 how/why,0 declarative,NA,NA,2 不,2 不,NA
3309,zhidao,/TCCM/chou/020300.cha,investigator,EXA: 我知道了.,0 No,0 No,1 first_person,0 No,0 No,1 first_person,0 declarative,,NA,NA,0 declarative,,NA,NA,0 no negation,0 no negation,NA
3310,zhidao,/TCCM/chou/020300.cha,investigator,EXA: 我知道了.,0 No,0 No,1 first_person,0 No,0 No,1 first_person,0 declarative,,NA,NA,0 declarative,,NA,NA,0 no negation,0 no negation,NA
3311,zhidao,/TCCM/chou/020300.cha,mother,MOT: 知道吗?,0 No,0 No,0 dropped,0 No,0 No,0 dropped,1 polar_question,,NA,NA,1 polar_question,,NA,NA,0 no negation,0 no negation,NA
3313,zhidao,/TCCM/chou/020400.cha,investigator,EXA: 你知道吗?,0 No,0 No,2 second_person,0 No,0 No,2 second_person,1 polar_question,,NA,NA,1 polar_question,,NA,NA,0 no negation,0 no negation,NA
3314,zhidao,/TCCM/chou/020500.cha,investigator,EXA: 我不知道你放在哪里诶.,2 CP,,1 first_person,2 CP,,1 first_person,0 declarative,2 wh_question,NA,NA,0 declarative,2 wh_question,NA,NA,2 不,2 不,NA
3315,zhidao,/TCCM/chou/020500.cha,investigator,EXA: 我不知道你放在/.,3 Incomplete,3 Incomplete,1 first_person,0 No,3 Incomplete,1 first_person,0 declarative,,NA,NA,,,NA,NA,2 不,2 不,NA
3316,zhidao,/TCCM/chou/020500.cha,investigator,EXA: J阿姨知道了.,0 No,0 No,3 third/NP,0 No,0 No,3 third/NP,0 declarative,,NA,NA,0 declarative,,NA,NA,0 no negation,0 no negation,NA
3317,zhidao,/TCCM/chou/020500.cha,investigator,EXA: 啊我知道了.,0 No,0 No,1 first_person,0 No,0 No,1 first_person,0 declarative,,NA,NA,0 declarative,,NA,NA,0 no negation,0 no negation,NA
3319,zhidao,/TCCM/chou/020500.cha,investigator,EXA: 不知道诶.,0 No,0 No,0 dropped,0 No,0 No,0 dropped,0 declarative,,NA,NA,0 declarative,,NA,NA,2 不,2 不,NA
3321,zhidao,/TCCM/chou/020500.cha,investigator,EXA: 知道啊?,0 No,0 No,0 dropped,0 No,0 No,0 dropped,1 polar_question,,NA,NA,1 polar_question,,NA,NA,0 no negation,0 no negation,NA
3322,zhidao,/TCCM/chou/020500.cha,investigator,EXA: 这下子连我也不知道礼宾车在哪里了.,2 CP,,1 first_person,2 CP,,1 first_person,0 declarative,2 wh_question,NA,NA,0 declarative,2 wh_question,NA,NA,2 不,2 不,NA
3323,zhidao,/TCCM/chou/020600.cha,investigator,EXA: 我怎么知道怎么这么多玩具呢?,2 CP,,1 first_person,2 CP,,1 first_person,3 how/why,2 wh_question,NA,NA,3 how/why,2 wh_question,NA,NA,0 no negation,0 no negation,NA
3324,zhidao,/TCCM/chou/020600.cha,investigator,EXA: 不知道诶.,0 No,0 No,0 dropped,0 No,0 No,0 dropped,0 declarative,,NA,NA,0 declarative,,NA,NA,2 不,2 不,NA
3325,zhidao,/TCCM/chou/020700.cha,investigator,EXA: 我知道了.,0 No,0 No,1 first_person,0 No,0 No,1 first_person,0 declarative,,NA,NA,0 declarative,,NA,NA,0 no negation,0 no negation,NA
3326,zhidao,/TCCM/chou/020700.cha,investigator,EXA: 我知道了.,0 No,0 No,1 first_person,0 No,0 No,1 first_person,0 declarative,,NA,NA,0 declarative,,NA,NA,0 no negation,0 no negation,NA
3328,zhidao,/TCCM/chou/020700.cha,investigator,EXA: 不知道啊?,0 No,0 No,0 dropped,0 No,0 No,0 dropped,1 polar_question,,NA,NA,1 polar_question,,NA,NA,2 不,2 不,NA
3331,zhidao,/TCCM/chou/020700.cha,investigator,EXA: 你怎么什么都不知道?,0 No,0 No,2 second_person,0 No,0 No,2 second_person,3 how/why,,NA,NA,3 how/why,,NA,NA,2 不,2 不,NA
3333,zhidao,/TCCM/chou/020800.cha,investigator,EXA: 知道嚯.,0 No,0 No,0 dropped,0 No,0 No,0 dropped,0 declarative,,NA,NA,0 declarative,,NA,NA,0 no negation,0 no negation,NA
3335,zhidao,/TCCM/chou/020800.cha,investigator,EXA: 知道嚯.,0 No,0 No,0 dropped,0 No,0 No,0 dropped,0 declarative,,NA,NA,0 declarative,,NA,NA,0 no negation,0 no negation,NA
3336,zhidao,/TCCM/chou/020800.cha,investigator,EXA: 你知道这个叫什么吗?,2 CP,,2 second_person,2 CP,,2 second_person,1 polar_question,2 wh_question,NA,NA,1 polar_question,2 wh_question,NA,NA,0 no negation,0 no negation,NA
3337,zhidao,/TCCM/chou/020800.cha,investigator,EXA: 你怎么知道是爸爸?,2 CP,,2 second_person,2 CP,,2 second_person,3 how/why,0 declarative,NA,NA,3 how/why,0 declarative,NA,NA,0 no negation,0 no negation,NA
3340,zhidao,/TCCM/chou/020800.cha,investigator,EXA: 还不知道!,0 No,0 No,0 dropped,0 No,,0 dropped,0 declarative,,NA,NA,0 declarative,,NA,NA,2 不,2 不,NA
3341,zhidao,/TCCM/chou/020900.cha,mother,MOT: 那我也不知道了.,0 No,0 No,1 first_person,0 No,,1 first_person,0 declarative,,NA,NA,0 declarative,,NA,NA,2 不,2 不,NA
3342,zhidao,/TCCM/chou/020900.cha,investigator,EXA: 我知道了.,0 No,0 No,1 first_person,0 No,,1 first_person,0 declarative,,NA,NA,0 declarative,,NA,NA,0 no negation,0 no negation,NA
3343,zhidao,/TCCM/chou/021100.cha,investigator,EXA: 知道吗.,0 No,0 No,0 dropped,0 No,,0 dropped,1 polar_question,,NA,NA,0 declarative,,NA,NA,0 no negation,0 no negation,NA
3345,zhidao,/TCCM/chou/021100.cha,investigator,EXA: 知道嚯.,0 No,0 No,0 dropped,0 No,,0 dropped,1 polar_question,,NA,NA,0 declarative,,NA,NA,0 no negation,0 no negation,NA
3346,zhidao,/TCCM/chou/021100.cha,investigator,EXA: 我也不知道怎么会这样ohoh诶.,2 CP,,1 first_person,2 CP,,1 first_person,0 declarative,2 wh_question,NA,NA,0 declarative,2 wh_question,NA,NA,2 不,2 不,NA
3348,zhidao,/TCCM/chou/021100.cha,investigator,EXA: 知道吗.,0 No,0 No,0 dropped,0 No,,0 dropped,1 polar_question,,NA,NA,1 polar_question,,NA,NA,0 no negation,0 no negation,NA
3350,zhidao,/TCCM/chou/021100.cha,investigator,EXA: 知道嚯.,0 No,0 No,0 dropped,0 No,,0 dropped,0 declarative,,NA,NA,0 declarative,,NA,NA,0 no negation,0 no negation,NA
3351,zhidao,/TCCM/chou/030100.cha,mother,MOT: 我常常排所以知道.,0 No,0 No,1 first_person,0 No,,1 first_person,0 declarative,,NA,NA,0 declarative,,NA,NA,0 no negation,0 no negation,NA
3352,zhidao,/TCCM/chou/030100.cha,investigator,EXA: 就知道.,0 No,0 No,0 dropped,0 No,,0 dropped,0 declarative,,NA,NA,0 declarative,,NA,NA,0 no negation,0 no negation,NA
3353,zhidao,/TCCM/chou/030200.cha,investigator,EXA: 乖乖知道颜色了诶.,4 NP,2 NP,3 third/NP,0 No,,3 third/NP,0 declarative,,NA,NA,0 declarative,,NA,NA,0 no negation,0 no negation,NA
3354,zhidao,/TCCM/chou/030200.cha,investigator,EXA: 还知道什么.,4 NP,2 NP,0 dropped,0 No,,0 dropped,2 wh_question,,NA,NA,1 polar_question,,NA,NA,0 no negation,0 no negation,NA
3356,zhidao,/TCCM/chou/030200.cha,investigator,EXA: 不知道诶.,0 No,0 No,0 dropped,0 No,,0 dropped,0 declarative,,NA,NA,0 declarative,,NA,NA,2 不,2 不,NA
3357,zhidao,/TCCM/chou/030200.cha,investigator,EXA: 我也不知道什么叫小鸟狗狗诶.,2 CP,,1 first_person,0 No,,1 first_person,0 declarative,2 wh_question,NA,NA,0 declarative,2 wh_question,NA,NA,2 不,2 不,NA
3358,zhidao,/TCCM/chou/030200.cha,investigator,EXA: 我也不知道诶.,2 CP,,1 first_person,0 No,,1 first_person,0 declarative,,NA,NA,0 declarative,,NA,NA,2 不,2 不,NA
3359,zhidao,/TCCM/chou/030200.cha,GRA,GRA: 知道吗?,0 No,0 No,0 dropped,0 No,,0 dropped,1 polar_question,,NA,NA,1 polar_question,,NA,NA,0 no negation,0 no negation,NA
3360,zhidao,/TCCM/chou/030300.cha,investigator,"EXA: 讲一遍0prep,我才能知道那个.",4 NP,2 NP,1 first_person,0 No,,1 first_person,0 declarative,,NA,NA,0 declarative,,NA,NA,0 no negation,0 no negation,NA
3361,zhidao,/TCCM/chou/030300.cha,investigator,EXA: 我知道了.,0 No,0 No,1 first_person,0 No,,1 first_person,0 declarative,,NA,NA,0 declarative,,NA,NA,0 no negation,0 no negation,NA
3362,zhidao,/TCCM/chou/030400.cha,investigator,EXA: 我还是不知道.,0 No,0 No,1 first_person,0 No,,1 first_person,0 declarative,,NA,NA,0 declarative,,NA,NA,2 不,2 不,NA
3363,zhidao,/TCCM/chou/030400.cha,investigator,EXA: 我怎么知道你为什么要跑来跑去?,2 CP,,1 first_person,2 CP,,1 first_person,3 how/why,2 wh_question,NA,NA,3 how/why,2 wh_question,NA,NA,0 no negation,0 no negation,NA
3364,zhidao,/TCCM/chou/030400.cha,investigator,EXA: 我怎么知道你为什么要跑来跑去?,2 CP,,1 first_person,2 CP,,1 first_person,3 how/why,2 wh_question,NA,NA,3 how/why,2 wh_question,NA,NA,0 no negation,0 no negation,NA
3365,zhidao,/TCCM/chw/030600.cha,investigator,INV: 我还有知道你的秘密.,4 NP,2 NP,1 first_person,0 No,,1 first_person,0 declarative,,NA,NA,0 declarative,,NA,NA,0 no negation,0 no negation,NA
3366,zhidao,/TCCM/chw/030600.cha,investigator,INV: 不知道?,0 No,0 No,0 dropped,0 No,,0 dropped,1 polar_question,,NA,NA,1 polar_question,,NA,NA,2 不,2 不,NA
3367,zhidao,/TCCM/chw/030600.cha,investigator,INV: 不知道蛋糕还我.,2 CP,,0 dropped,2 CP,,0 dropped,0 declarative,,NA,NA,0 declarative,0 declarative,NA,NA,2 不,2 不,NA
3368,zhidao,/TCCM/chw/030600.cha,investigator,INV: 不知道蛋糕还我.,2 CP,,0 dropped,2 CP,,0 dropped,0 declarative,,NA,NA,0 declarative,0 declarative,NA,NA,2 不,2 不,NA
3370,zhidao,/TCCM/chw/030600.cha,investigator,INV: 你看我都知道.,0 No,0 No,1 first_person,0 No,,1 first_person,0 declarative,,NA,NA,0 declarative,,NA,NA,0 no negation,0 no negation,NA
3371,zhidao,/TCCM/chw/030600.cha,investigator,"INV: 对啊,我当然知道是你的.",2 CP,,1 first_person,2 CP,,1 first_person,0 declarative,0 declarative,NA,NA,0 declarative,0 declarative,NA,NA,0 no negation,0 no negation,NA
3372,zhidao,/TCCM/chw/030600.cha,investigator,INV: 我只会让你知道很痛苦.,1 Adj,1 Adj,2 second_person,0 No,,2 second_person,0 declarative,0 declarative,NA,NA,0 declarative,0 declarative,NA,NA,0 no negation,0 no negation,NA
3378,zhidao,/TCCM/chw/030600.cha,investigator,INV: 知道啦.,0 No,0 No,0 dropped,0 No,,0 dropped,0 declarative,,NA,NA,0 declarative,,NA,NA,0 no negation,0 no negation,NA
3379,zhidao,/TCCM/chw/030600.cha,investigator,INV: 我告诉你就知道啦!,0 No,0 No,0 dropped,0 No,,2 second_person,0 declarative,,NA,NA,0 declarative,,NA,NA,0 no negation,0 no negation,NA
3380,zhidao,/TCCM/chw/030600.cha,investigator,INV: 你怎么知道?,0 No,0 No,2 second_person,0 No,,2 second_person,3 how/why,,NA,NA,3 how/why,,NA,NA,0 no negation,0 no negation,NA
3381,zhidao,/TCCM/chw/030600.cha,investigator,INV: 你给我知道了.,0 No,0 No,1 first_person,0 No,,1 first_person,0 declarative,,NA,NA,0 declarative,,NA,NA,0 no negation,0 no negation,NA
3385,zhidao,/TCCM/chw/030600.cha,investigator,INV: 你怎么知道?,0 No,0 No,2 second_person,0 No,,2 second_person,3 how/why,,NA,NA,3 how/why,,NA,NA,0 no negation,0 no negation,NA
3386,zhidao,/TCCM/chw/030800.cha,investigator,INV: 我不知道要放哪里啊.,2 CP,,1 first_person,2 CP,,1 first_person,0 declarative,2 wh_question,NA,NA,0 declarative,2 wh_question,NA,NA,2 不,2 不,NA
3388,zhidao,/TCCM/chw/030900.cha,investigator,INV: 喔你知道啦.,0 No,0 No,2 second_person,0 No,,2 second_person,0 declarative,,NA,NA,0 declarative,,NA,NA,0 no negation,0 no negation,NA
3395,zhidao,/TCCM/chw/040000.cha,investigator,INV: 我知道...,0 No,0 No,1 first_person,0 No,,1 first_person,,,NA,NA,0 declarative,,NA,NA,0 no negation,0 no negation,NA
3400,zhidao,/TCCM/chw/040000.cha,investigator,INV: 你知道什么.,4 NP,2 NP,2 second_person,0 No,,2 second_person,2 wh_question,,NA,NA,2 wh_question,,NA,NA,0 no negation,0 no negation,NA
3403,zhidao,/TCCM/chw/040100.cha,investigator,INV: 你都不知道!,0 No,0 No,2 second_person,0 No,,2 second_person,0 declarative,,NA,NA,0 declarative,,NA,NA,2 不,2 不,NA
3404,zhidao,/TCCM/chw/040200.cha,investigator,INV: 你知道这要做什么的吗?,2 CP,,2 second_person,2 CP,,2 second_person,1 polar_question,2 wh_question,NA,NA,1 polar_question,2 wh_question,NA,NA,0 no negation,0 no negation,NA
3405,zhidao,/TCCM/chw/040200.cha,investigator,INV: 你知道这要做什么的吗?,2 CP,,2 second_person,2 CP,,2 second_person,1 polar_question,2 wh_question,NA,NA,1 polar_question,2 wh_question,NA,NA,0 no negation,0 no negation,NA
3407,zhidao,/TCCM/chw/040200.cha,investigator,INV: 我都知道喔!,0 No,0 No,1 first_person,0 No,,1 first_person,0 declarative,,NA,NA,0 declarative,,NA,NA,0 no negation,0 no negation,NA
3408,zhidao,/TCCM/chw/040200.cha,investigator,INV: 你都头脑都不知道在想什么!,2 CP,,0 dropped,2 CP,,0 dropped,0 declarative,2 wh_question,NA,NA,0 declarative,2 wh_question,NA,NA,2 不,2 不,NA
3412,zhidao,/TCCM/chw/040300.cha,investigator,INV: 你知道吗!,0 No,0 No,2 second_person,0 No,,2 second_person,1 polar_question,,NA,NA,1 polar_question,,NA,NA,0 no negation,0 no negation,NA
3413,zhidao,/TCCM/chw/040300.cha,investigator,INV: 我知道!,0 No,0 No,1 first_person,0 No,,1 first_person,0 declarative,,NA,NA,0 declarative,,NA,NA,0 no negation,0 no negation,NA
3414,zhidao,/TCCM/wuys/021000.cha,investigator,EXA: 他知道是这样.,2 CP,,3 third/NP,2 CP,,3 third/NP,0 declarative,,NA,NA,0 declarative,0 declarative,NA,NA,0 no negation,0 no negation,NA
3415,zhidao,/TCCM/wuys/021000.cha,AEX,AEX: 你知道意思吧.,4 NP,2 NP,2 second_person,0 No,,2 second_person,1 polar_question,,NA,NA,0 declarative,,NA,NA,0 no negation,0 no negation,NA
3419,zhidao,/TCCM/wuys/030000.cha,mother,MOT: 不知道真痛还假痛.,2 CP,,0 dropped,0 No,,0 dropped,0 declarative,1 polar_question,NA,NA,1 polar_question,1 polar_question,NA,NA,2 不,2 不,NA
3420,zhidao,/TCCM/wuys/030000.cha,mother,MOT: 我也不知道.,0 No,0 No,1 first_person,0 No,,1 first_person,0 declarative,,NA,NA,0 declarative,,NA,NA,2 不,2 不,NA
3421,zhidao,/TCCM/wuys/030000.cha,investigator,EXA: 他知道要.,3 Incomplete,3 Incomplete,3 third/NP,0 No,,3 third/NP,,,NA,NA,,,NA,NA,0 no negation,0 no negation,NA
3422,zhidao,/TCCM/wuys/030000.cha,investigator,EXA: 他知道损人了哼.,2 CP,,3 third/NP,2 CP,,3 third/NP,0 declarative,,NA,NA,0 declarative,0 declarative,NA,NA,0 no negation,0 no negation,NA
3423,zhidao,/TCCM/wuys/030000.cha,mother,MOT: 他就知道说.,3 Incomplete,3 Incomplete,3 third/NP,0 No,,3 third/NP,,,NA,NA,0 declarative,,NA,NA,0 no negation,0 no negation,NA
3428,zhidao,/TCCM/wuys/030100.cha,adult,ADU: 不知道啊.,0 No,0 No,0 dropped,0 No,,0 dropped,0 declarative,,NA,NA,0 declarative,,NA,NA,2 不,2 不,NA
3431,zhidao,/TCCM/wuys/030100.cha,adult,ADU: 不知道啊.,0 No,0 No,0 dropped,0 No,,0 dropped,0 declarative,,NA,NA,0 declarative,,NA,NA,2 不,2 不,NA
3434,zhidao,/TCCM/wuys/030100.cha,adult,ADU: 不知道啊.,0 No,0 No,0 dropped,0 No,,0 dropped,0 declarative,,NA,NA,0 declarative,,NA,NA,2 不,2 不,NA
3438,zhidao,/TCCM/wuys/030100.cha,adult,ADU: 不知道.,0 No,0 No,0 dropped,0 No,,0 dropped,0 declarative,,NA,NA,0 declarative,,NA,NA,2 不,2 不,NA
3440,zhidao,/TCCM/wuys/030200.cha,investigator,EXA: 阿姨知道就很危险了.,2 CP,,3 third/NP,0 No,,3 third/NP,0 declarative,0 declarative,NA,NA,0 declarative,0 declarative,NA,NA,0 no negation,0 no negation,NA
3441,zhidao,/TCCM/wuys/030200.cha,investigator,EXA: 你看看就知道了.,0 No,0 No,2 second_person,0 No,,2 second_person,0 declarative,,NA,NA,0 declarative,,NA,NA,0 no negation,0 no negation,NA
3442,zhidao,/TCCM/wuys/030200.cha,investigator,EXA: 你[/]你不知道啦.,0 No,0 No,2 second_person,0 No,,2 second_person,0 declarative,,NA,NA,0 declarative,,NA,NA,2 不,2 不,NA
3444,zhidao,/TCCM/wuys/030200.cha,investigator,EXA: 不知道啊.,0 No,0 No,0 dropped,0 No,,0 dropped,0 declarative,,NA,NA,0 declarative,,NA,NA,2 不,2 不,NA
3445,zhidao,/TCCM/wuys/030300.cha,mother,MOT: 你知道.,0 No,0 No,2 second_person,0 No,,2 second_person,0 declarative,,NA,NA,0 declarative,,NA,NA,0 no negation,0 no negation,NA
3446,zhidao,/TCCM/wuys/030300.cha,mother,MOT: 我不知道.,0 No,0 No,1 first_person,0 No,,1 first_person,0 declarative,,NA,NA,0 declarative,,NA,NA,2 不,2 不,NA
3447,zhidao,/TCCM/wuys/030900.cha,mother,MOT: 我怎么不知道.,0 No,0 No,1 first_person,0 No,,1 first_person,3 how/why,,NA,NA,3 how/why,,NA,NA,2 不,2 不,NA
3448,zhidao,/TCCM/wuys/030900.cha,mother,MOT: 知道吗?,0 No,0 No,0 dropped,0 No,,0 dropped,1 polar_question,,NA,NA,1 polar_question,,NA,NA,0 no negation,0 no negation,NA
3450,zhidao,/TCCM/wuys/030900.cha,mother,MOT: 不知道.,0 No,0 No,0 dropped,0 No,,0 dropped,0 declarative,,NA,NA,0 declarative,,NA,NA,2 不,2 不,NA
3451,zhidao,/TCCM/wuys/031000.cha,mother,MOT: 你知道吗?,0 No,0 No,2 second_person,0 No,,2 second_person,2 wh_question,,NA,NA,1 polar_question,,NA,NA,0 no negation,0 no negation,NA
3453,zhidao,/TCCM/wuys/031000.cha,mother,MOT: 不知道.,0 No,0 No,0 dropped,0 No,,0 dropped,0 declarative,,NA,NA,0 declarative,,NA,NA,2 不,2 不,NA
3454,zhidao,/TCCM/wuys/031000.cha,mother,MOT: 不知道.,0 No,0 No,0 dropped,0 No,,0 dropped,0 declarative,,NA,NA,0 declarative,,NA,NA,2 不,2 不,NA
3455,zhidao,/TCCM/wuys/031000.cha,mother,MOT: 你怎么知道吃不完?,2 CP,,2 second_person,2 CP,,2 second_person,3 how/why,0 declarative,NA,NA,3 how/why,0 declarative,NA,NA,0 no negation,0 no negation,NA
3456,zhidao,/TCCM/xu/010600.cha,mother,MOT: 不知道你在录.,2 CP,,0 dropped,2 CP,,0 dropped,0 declarative,0 declarative,NA,NA,0 declarative,0 declarative,NA,NA,2 不,2 不,NA
3457,zhidao,/TCCM/xu/010600.cha,mother,MOT: 你知道我意思吗?,2 CP,,2 second_person,0 No,,2 second_person,1 polar_question,,NA,NA,1 polar_question,,NA,NA,0 no negation,0 no negation,NA
3458,zhidao,/TCCM/xu/010600.cha,mother,MOT: 你知道小孩子喔每次都重复那个字.,2 CP,,2 second_person,2 CP,,2 second_person,0 declarative,0 declarative,NA,NA,0 declarative,0 declarative,NA,NA,0 no negation,0 no negation,NA
3459,zhidao,/TCCM/xu/010600.cha,mother,MOT: 你也知道.,0 No,0 No,2 second_person,0 No,,2 second_person,0 declarative,,NA,NA,0 declarative,,NA,NA,0 no negation,0 no negation,NA
3460,zhidao,/TCCM/xu/010600.cha,mother,MOT: 你知道这样子吗?,2 CP,,2 second_person,0 No,,2 second_person,1 polar_question,,NA,NA,1 polar_question,,NA,NA,0 no negation,0 no negation,NA
3461,zhidao,/TCCM/xu/010600.cha,mother,MOT: 我不知道.,0 No,0 No,1 first_person,0 No,,1 first_person,0 declarative,,NA,NA,0 declarative,,NA,NA,2 不,2 不,NA
3462,zhidao,/TCCM/xu/010600.cha,investigator,INV: 他知道这可以按了.,2 CP,,3 third/NP,2 CP,,3 third/NP,0 declarative,0 declarative,NA,NA,0 declarative,0 declarative,NA,NA,0 no negation,0 no negation,NA
3463,zhidao,/TCCM/xu/010600.cha,mother,MOT: 他知道放哪里放好.,2 CP,,3 third/NP,2 CP,,3 third/NP,0 declarative,2 wh_question,NA,NA,0 declarative,2 wh_question,NA,NA,0 no negation,0 no negation,NA
3464,zhidao,/TCCM/xu/010600.cha,investigator,INV: 他以经知道...,0 No,0 No,3 third/NP,0 No,,3 third/NP,,,NA,NA,,,NA,NA,0 no negation,0 no negation,NA
3465,zhidao,/TCCM/xu/010600.cha,mother,MOT: 他知道人的正反.,4 NP,2 NP,3 third/NP,0 No,,3 third/NP,0 declarative,,NA,NA,0 declarative,,NA,NA,0 no negation,0 no negation,NA
3466,zhidao,/TCCM/xu/010600.cha,mother,MOT: 他不知道屁股要怎么摆.,2 CP,,3 third/NP,2 CP,,3 third/NP,0 declarative,2 wh_question,NA,NA,0 declarative,2 wh_question,NA,NA,2 不,2 不,NA
3467,zhidao,/TCCM/xu/010600.cha,mother,MOT: 不知道要不要带.,2 CP,,0 dropped,2 CP,,0 dropped,0 declarative,1 polar_question,NA,NA,0 declarative,1 polar_question,NA,NA,2 不,2 不,NA
3468,zhidao,/TCCM/xu/010600.cha,mother,MOT: 可是我知道.,0 No,0 No,1 first_person,0 No,,1 first_person,0 declarative,,NA,NA,0 declarative,,NA,NA,0 no negation,0 no negation,NA
3469,zhidao,/TCCM/xu/010600.cha,mother,MOT: 这不知道是nini还是bibi的.,2 CP,,0 dropped,2 CP,,0 dropped,0 declarative,1 polar_question,NA,NA,0 declarative,1 polar_question,NA,NA,2 不,2 不,NA
3470,zhidao,/TCCM/xu/010600.cha,mother,MOT: 你知道要怎么样跟他沟通了.,2 CP,,2 second_person,2 CP,,2 second_person,0 declarative,2 wh_question,NA,NA,0 declarative,2 wh_question,NA,NA,0 no negation,0 no negation,NA
3471,zhidao,/TCCM/xu/011100.cha,investigator,INV: 不知道!,0 No,0 No,0 dropped,0 No,,0 dropped,0 declarative,,NA,NA,0 declarative,,NA,NA,2 不,2 不,NA
3473,zhidao,/TCCM/xu/011100.cha,investigator,INV: 啊你不知道啊!,0 No,0 No,2 second_person,0 No,,2 second_person,0 declarative,,NA,NA,0 declarative,,NA,NA,2 不,2 不,NA
3476,zhidao,/TCCM/xu/020100.cha,investigator,INV: 他啊不知道!,0 No,0 No,3 third/NP,0 No,,3 third/NP,0 declarative,,NA,NA,0 declarative,,NA,NA,2 不,2 不,NA
3477,zhidao,/TCCM/xu/020100.cha,investigator,INV: 我也不知道!,0 No,0 No,1 first_person,0 No,,1 first_person,0 declarative,,NA,NA,0 declarative,,NA,NA,2 不,2 不,NA
3478,zhidao,/TCCM/xu/020100.cha,investigator,INV: 不知道?,0 No,0 No,0 dropped,0 No,,0 dropped,1 polar_question,,NA,NA,1 polar_question,,NA,NA,2 不,2 不,NA
3479,zhidao,/TCCM/xu/020100.cha,investigator,INV: 不知道耶!,0 No,0 No,0 dropped,0 No,,0 dropped,0 declarative,,NA,NA,0 declarative,,NA,NA,2 不,2 不,NA
3481,zhidao,/TCCM/xu/020100.cha,investigator,"INV: 你知道告诉我,好不好?",2 CP,,2 second_person,2 CP,,2 second_person,4 tag_question,0 declarative,NA,NA,4 tag_question,0 declarative,NA,NA,0 no negation,0 no negation,NA
3482,zhidao,/TCCM/xu/020100.cha,investigator,"INV: 你不知道,是不是?",0 No,0 No,2 second_person,0 No,,2 second_person,4 tag_question,,NA,NA,4 tag_question,0 declarative,NA,NA,2 不,2 不,NA
3483,zhidao,/TCCM/xu/020100.cha,investigator,INV: 哦我知道吗?,0 No,0 No,1 first_person,0 No,,1 first_person,1 polar_question,,NA,NA,1 polar_question,,NA,NA,0 no negation,0 no negation,NA
3485,zhidao,/TCCM/xu/020100.cha,investigator,INV: 我知道啊?,0 No,0 No,1 first_person,0 No,,1 first_person,1 polar_question,,NA,NA,1 polar_question,,NA,NA,0 no negation,0 no negation,NA
3486,zhidao,/TCCM/xu/020100.cha,investigator,INV: 我不知道.,0 No,0 No,1 first_person,0 No,,1 first_person,0 declarative,,NA,NA,0 declarative,,NA,NA,2 不,2 不,NA
3487,zhidao,/TCCM/xu/020200.cha,investigator,INV: 不知道啊?,0 No,0 No,0 dropped,0 No,,0 dropped,1 polar_question,,NA,NA,1 polar_question,,NA,NA,2 不,2 不,NA
3488,zhidao,/TCCM/xu/020200.cha,investigator,INV: 你说不知道.,0 No,0 No,0 dropped,0 No,,2 second_person,0 declarative,,NA,NA,0 declarative,,NA,NA,2 不,2 不,NA
3490,zhidao,/TCCM/xu/020200.cha,investigator,INV: 你知道他是谁?,2 CP,,2 second_person,2 CP,,2 second_person,1 polar_question,2 wh_question,NA,NA,1 polar_question,2 wh_question,NA,NA,0 no negation,0 no negation,NA
3491,zhidao,/TCCM/xu/020200.cha,investigator,INV: 我不知道你说呢?,2 CP,,1 first_person,2 CP,,1 first_person,1 polar_question,0 declarative,NA,NA,0 declarative,,NA,NA,2 不,2 不,NA
3492,zhidao,/TCCM/xu/020300.cha,investigator,"INV: 对,你知道啦.",0 No,0 No,2 second_person,0 No,,2 second_person,0 declarative,,NA,NA,0 declarative,,NA,NA,0 no negation,0 no negation,NA
3493,zhidao,/TCCM/xu/020300.cha,investigator,INV: 我还以为你不知道!,0 No,0 No,2 second_person,0 No,,2 second_person,0 declarative,,NA,NA,0 declarative,,NA,NA,2 不,2 不,NA
3494,zhidao,/TCCM/xu/020400.cha,investigator,INV: 知道啊!,0 No,0 No,0 dropped,0 No,,0 dropped,0 declarative,,NA,NA,0 declarative,,NA,NA,0 no negation,0 no negation,NA
3495,zhidao,/TCCM/xu/020400.cha,investigator,INV: 你你不知道?,0 No,0 No,2 second_person,0 No,,2 second_person,0 declarative,,NA,NA,1 polar_question,,NA,NA,2 不,2 不,NA
3496,zhidao,/TCCM/xu/020400.cha,investigator,INV: 你知道在哪里吗?,2 CP,,2 second_person,2 CP,,2 second_person,1 polar_question,2 wh_question,NA,NA,1 polar_question,2 wh_question,NA,NA,0 no negation,0 no negation,NA
3497,zhidao,/TCCM/xu/020400.cha,investigator,INV: 他是什么你知道吗?,0 No,0 No,2 second_person,0 No,,2 second_person,4 tag_question,2 wh_question,NA,NA,4 tag_question,2 wh_question,NA,NA,0 no negation,0 no negation,NA
3498,zhidao,/TCCM/xu/020400.cha,investigator,INV: 这是什么你知道吗?,0 No,0 No,2 second_person,0 No,,2 second_person,4 tag_question,2 wh_question,NA,NA,4 tag_question,2 wh_question,NA,NA,0 no negation,0 no negation,NA
3500,zhidao,/TCCM/xu/020500.cha,investigator,INV: 不知道吗?,0 No,0 No,0 dropped,0 No,,0 dropped,1 polar_question,,NA,NA,1 polar_question,,NA,NA,2 不,2 不,NA
3501,zhidao,/TCCM/xu/020500.cha,investigator,"INV: 不知道0conj,我告诉你.",0 No,0 No,0 dropped,0 No,,0 dropped,0 declarative,,NA,NA,0 declarative,,NA,NA,2 不,2 不,NA
3505,zhidao,/NSCtoys/3-6/c01_3.cha,father,FAT: 我知道在哪里.,2 CP,,1 first_person,2 CP,,1 first_person,NA,NA,0 declarative,2 wh_question,NA,NA,0 declarative,2 wh_question,0 no negation,0 no negation,NA
3506,zhidao,/NSCtoys/3-6/c01_3.cha,father,"FAT: 不知道,就先放旁边嘛!",0 No,0 No,0 dropped,0 No,,0 dropped,NA,NA,0 declarative,,NA,NA,0 declarative,,2 不,2 不,NA
3507,zhidao,/NSCtoys/3-6/c01_3.cha,father,FAT: 不知道.,0 No,0 No,0 dropped,0 No,,0 dropped,NA,NA,0 declarative,,NA,NA,0 declarative,,2 不,2 不,NA
3508,zhidao,/NSCtoys/3-6/c02_1.cha,father,FAT: 知道吗?,0 No,0 No,0 dropped,0 No,,0 dropped,NA,NA,1 polar_question,,NA,NA,1 polar_question,,0 no negation,0 no negation,NA
3509,zhidao,/NSCtoys/3-6/c02_1.cha,father,FAT: 你怎么知道有没有发烧?,2 CP,,2 second_person,2 CP,,2 second_person,NA,NA,3 how/why,1 polar_question,NA,NA,3 how/why,1 polar_question,0 no negation,0 no negation,NA
3510,zhidao,/NSCtoys/3-6/c02_1.cha,father,FAT: 你是看哪里才知道有发烧?,2 CP,,2 second_person,2 CP,,0 dropped,NA,NA,2 wh_question,0 declarative,NA,NA,2 wh_question,0 declarative,0 no negation,0 no negation,NA
3511,zhidao,/NSCtoys/3-6/c02_1.cha,father,FAT: 你看哪里有[//]才知道有发烧?,2 CP,,2 second_person,2 CP,,0 dropped,NA,NA,2 wh_question,0 declarative,NA,NA,2 wh_question,0 declarative,0 no negation,0 no negation,NA
3512,zhidao,/NSCtoys/3-6/c02_2.cha,father,FAT: 还不知道吗?,0 No,0 No,0 dropped,0 No,,0 dropped,NA,NA,1 polar_question,,NA,NA,1 polar_question,,2 不,2 不,NA
3513,zhidao,/NSCtoys/3-6/c02_2.cha,father,FAT: 知道为什么会倒吗?,2 CP,,0 dropped,2 CP,,0 dropped,NA,NA,1 polar_question,2 wh_question,NA,NA,1 polar_question,2 wh_question,0 no negation,0 no negation,NA
3516,zhidao,/NSCtoys/3-6/c03_1.cha,father,FAT: 那你知道怎么盖最高的吗?,2 CP,,2 second_person,2 CP,,2 second_person,NA,NA,1 polar_question,2 wh_question,NA,NA,1 polar_question,2 wh_question,0 no negation,0 no negation,NA
3518,zhidao,/NSCtoys/3-6/c03_2.cha,father,FAT: 你知道这是什么吗?,2 CP,,2 second_person,2 CP,,2 second_person,NA,NA,1 polar_question,2 wh_question,NA,NA,1 polar_question,2 wh_question,0 no negation,0 no negation,NA
3520,zhidao,/NSCtoys/3-6/c03_2.cha,father,FAT: 那你知道这是什么吗?,2 CP,,2 second_person,2 CP,,2 second_person,NA,NA,1 polar_question,2 wh_question,NA,NA,1 polar_question,2 wh_question,0 no negation,0 no negation,NA
3522,zhidao,/NSCtoys/3-6/c03_2.cha,father,FAT: 你知道吗?,0 No,0 No,2 second_person,0 No,,2 second_person,NA,NA,1 polar_question,,NA,NA,1 polar_question,,0 no negation,0 no negation,NA
3529,zhidao,/NSCtoys/3-6/c04_1.cha,mother,MOT: 不知道.,0 No,0 No,0 dropped,0 No,,0 dropped,NA,NA,0 declarative,,NA,NA,0 declarative,,2 不,2 不,NA
3531,zhidao,/NSCtoys/3-6/c04_3.cha,mother,MOT: 你怎么知道啊?,0 No,0 No,2 second_person,0 No,,2 second_person,NA,NA,3 how/why,,NA,NA,3 how/why,,0 no negation,0 no negation,NA
3534,zhidao,/NSCtoys/3-6/c05_2.cha,mother,MOT: 那[/]那(.)我不知道啊.,0 No,0 No,1 first_person,0 No,,1 first_person,NA,NA,0 declarative,,NA,NA,0 declarative,,2 不,2 不,NA
3535,zhidao,/NSCtoys/3-6/c05_2.cha,mother,MOT: 你怎么知道是不是hellokitty.,2 CP,,2 second_person,2 CP,,2 second_person,NA,NA,3 how/why,1 polar_question,NA,NA,3 how/why,1 polar_question,0 no negation,0 no negation,NA
3539,zhidao,/NSCtoys/3-6/c05_2.cha,mother,MOT: 我也不知道剪什么.,2 CP,,1 first_person,2 CP,,1 first_person,NA,NA,0 declarative,2 wh_question,NA,NA,0 declarative,2 wh_question,2 不,2 不,NA
3541,zhidao,/NSCtoys/3-6/c05_3.cha,mother,MOT: 什么不知道.,0 No,0 No,0 dropped,0 No,,0 dropped,NA,NA,2 wh_question,,NA,NA,2 wh_question,,2 不,2 不,NA
3542,zhidao,/NSCtoys/3-6/c05_3.cha,mother,MOT: 你什么都不知道.,0 No,0 No,2 second_person,0 No,,2 second_person,NA,NA,0 declarative,,NA,NA,0 declarative,,2 不,2 不,NA
3546,zhidao,/NSCtoys/3-6/c06_1.cha,mother,MOT: 哦你知道要放进去喔!,2 CP,,2 second_person,2 CP,,2 second_person,NA,NA,0 declarative,0 declarative,NA,NA,0 declarative,0 declarative,0 no negation,0 no negation,NA
3547,zhidao,/NSCtoys/3-6/c06_1.cha,mother,MOT: 你知道怎么用吗?,2 CP,,2 second_person,2 CP,,2 second_person,NA,NA,1 polar_question,2 wh_question,NA,NA,1 polar_question,2 wh_question,0 no negation,0 no negation,NA
3548,zhidao,/NSCtoys/3-6/c06_1.cha,mother,MOT: 你知道吗?,0 No,0 No,2 second_person,0 No,,2 second_person,NA,NA,1 polar_question,,NA,NA,1 polar_question,,0 no negation,0 no negation,NA
3549,zhidao,/NSCtoys/3-6/c06_1.cha,mother,MOT: 你知道这怎么用吗?,2 CP,,2 second_person,2 CP,,2 second_person,NA,NA,1 polar_question,2 wh_question,NA,NA,1 polar_question,2 wh_question,,0 no negation,NA
3551,zhidao,/NSCtoys/3-6/c06_1.cha,mother,MOT: <几>[//]不知道.,0 No,0 No,0 dropped,0 No,,0 dropped,NA,NA,0 declarative,,NA,NA,0 declarative,,2 不,2 不,NA
3552,zhidao,/NSCtoys/3-6/c06_1.cha,mother,MOT: 然后他就会知道你有没有生病.,2 CP,,3 third/NP,2 CP,,3 third/NP,NA,NA,0 declarative,1 polar_question,NA,NA,0 declarative,1 polar_question,0 no negation,0 no negation,NA
3554,zhidao,/NSCtoys/3-6/c06_2.cha,mother,MOT: 哇你知道喔!,0 No,0 No,2 second_person,0 No,,2 second_person,NA,NA,0 declarative,,NA,NA,0 declarative,,0 no negation,0 no negation,NA
3560,zhidao,/NSCtoys/3-6/c07_2.cha,father,FAT: 我都不知道!,0 No,0 No,1 first_person,0 No,,1 first_person,NA,NA,0 declarative,,NA,NA,0 declarative,,2 不,2 不,NA
3561,zhidao,/NSCtoys/3-6/c07_3.cha,father,FAT: 啊我知道了這樣子<hsiuhsiu>[=!soundeffect]!,0 No,0 No,1 first_person,2 CP,,1 first_person,NA,NA,0 declarative,0 declarative,NA,NA,0 declarative,0 declarative,0 no negation,0 no negation,NA
3567,zhidao,/NSCtoys/3-6/c08_1.cha,mother,MOT: 其实我也不知道欸.,0 No,0 No,1 first_person,0 No,,1 first_person,NA,NA,0 declarative,,NA,NA,0 declarative,,2 不,2 不,NA
3570,zhidao,/NSCtoys/3-6/c08_1.cha,mother,MOT: 不知道?,0 No,0 No,0 dropped,0 No,,0 dropped,NA,NA,1 polar_question,,NA,NA,1 polar_question,,2 不,2 不,NA
3573,zhidao,/NSCtoys/3-6/c08_3.cha,mother,MOT: 你不知道.,0 No,0 No,2 second_person,0 No,,2 second_person,NA,NA,0 declarative,,NA,NA,0 declarative,,2 不,2 不,NA
3574,zhidao,/NSCtoys/3-6/c09_1.cha,mother,MOT: 不知道欸.,0 No,0 No,0 dropped,0 No,,0 dropped,NA,NA,0 declarative,,NA,NA,0 declarative,,2 不,2 不,NA
3579,zhidao,/NSCtoys/3-6/c09_2.cha,mother,MOT: 但是我知道他是维尼熊很好的朋友.,2 CP,,1 first_person,2 CP,,1 first_person,NA,NA,0 declarative,0 declarative,NA,NA,0 declarative,0 declarative,0 no negation,0 no negation,NA
3590,zhidao,/NSCtoys/3-6/c09_2.cha,mother,MOT: 我知道了.,0 No,0 No,1 first_person,0 No,,1 first_person,NA,NA,0 declarative,,NA,NA,0 declarative,,0 no negation,0 no negation,NA
3591,zhidao,/NSCtoys/3-6/c09_2.cha,mother,MOT: 你不知道!,0 No,0 No,2 second_person,0 No,,2 second_person,NA,NA,0 declarative,,NA,NA,0 declarative,,2 不,2 不,NA
3604,zhidao,/NSCtoys/3-6/c12_2.cha,mother,MOT: 這是什麼形狀你知道嗎?,0 No,0 No,2 second_person,0 No,,2 second_person,NA,NA,4 tag_question,2 wh_question,NA,NA,1 polar_question,2 wh_question,0 no negation,0 no negation,NA
3606,zhidao,/NSCtoys/3-6/c12_2.cha,mother,MOT: 我知道啊玩積木都會<bingbingbiangbiang>[=!soundeffect].,0 No,0 No,1 first_person,2 CP,,1 first_person,NA,NA,0 declarative,,NA,NA,0 declarative,0 declarative,0 no negation,0 no negation,NA
3608,zhidao,/NSCtoys/3-6/c12_2.cha,mother,MOT: 喔不知道喔?,0 No,0 No,0 dropped,0 No,,0 dropped,NA,NA,1 polar_question,,NA,NA,1 polar_question,,2 不,2 不,NA
3610,zhidao,/NSCtoys/3-6/c12_2.cha,mother,MOT: 又不知道.,0 No,0 No,0 dropped,0 No,,0 dropped,NA,NA,0 declarative,,NA,NA,0 declarative,,2 不,2 不,NA
3611,zhidao,/NSCtoys/3-6/c12_2.cha,mother,MOT: 你知道地震是什麼樣子嗎?,2 CP,,2 second_person,2 CP,,2 second_person,NA,NA,1 polar_question,2 wh_question,NA,NA,1 polar_question,2 wh_question,0 no negation,0 no negation,NA
3614,zhidao,/NSCtoys/3-6/c12_3.cha,mother,MOT: 你知道黑白斑紋是什麼嗎?,2 CP,,2 second_person,2 CP,,2 second_person,NA,NA,1 polar_question,2 wh_question,NA,NA,1 polar_question,2 wh_question,0 no negation,0 no negation,NA
3616,zhidao,/NSCtoys/3-6/c12_3.cha,mother,MOT: 不知道喔?,0 No,0 No,0 dropped,0 No,,0 dropped,NA,NA,1 polar_question,,NA,NA,1 polar_question,,2 不,2 不,NA
3618,zhidao,/NSCtoys/3-6/c12_3.cha,mother,MOT: 不知道喔?,0 No,0 No,0 dropped,0 No,,0 dropped,NA,NA,1 polar_question,,NA,NA,1 polar_question,,2 不,2 不,NA
3621,zhidao,/NSCtoys/3-6/c13_2.cha,mother,MOT: 不知道啊?,0 No,0 No,0 dropped,0 No,,0 dropped,NA,NA,1 polar_question,,NA,NA,1 polar_question,,2 不,2 不,NA
3622,zhidao,/NSCtoys/3-6/c13_2.cha,mother,MOT: 你知道嗎?,0 No,0 No,2 second_person,0 No,,2 second_person,NA,NA,1 polar_question,,NA,NA,1 polar_question,,0 no negation,0 no negation,NA
3624,zhidao,/NSCtoys/3-6/c13_2.cha,mother,MOT: 不知道.,0 No,0 No,0 dropped,0 No,,0 dropped,NA,NA,0 declarative,,NA,NA,0 declarative,,2 不,2 不,NA
3625,zhidao,/NSCtoys/3-6/c13_3.cha,mother,MOT: 我也不知道.,0 No,0 No,1 first_person,0 No,,1 first_person,NA,NA,0 declarative,,NA,NA,0 declarative,,2 不,2 不,NA
3627,zhidao,/NSCtoys/3-6/c13_3.cha,mother,MOT: 不知道?,0 No,0 No,0 dropped,0 No,,0 dropped,NA,NA,1 polar_question,,NA,NA,1 polar_question,,2 不,2 不,NA
3628,zhidao,/NSCtoys/3-6/c14_2.cha,mother,MOT: 我不知道怎麼做.,2 CP,,1 first_person,2 CP,,1 first_person,NA,NA,0 declarative,2 wh_question,NA,NA,0 declarative,,2 不,2 不,NA
3629,zhidao,/NSCtoys/3-6/c15_1.cha,mother,MOT: 知道嗎?,0 No,0 No,0 dropped,0 No,,0 dropped,NA,NA,1 polar_question,,NA,NA,1 polar_question,,0 no negation,0 no negation,NA
3631,zhidao,/NSCtoys/3-6/c15_2.cha,mother,MOT: 你知道嗎?,0 No,0 No,2 second_person,0 No,,2 second_person,NA,NA,1 polar_question,,NA,NA,1 polar_question,,0 no negation,0 no negation,NA
3636,zhidao,/NSCtoys/3-6/c17_2.cha,mother,"MOT: ""我不知道耶.",0 No,0 No,1 first_person,0 No,,1 first_person,NA,NA,0 declarative,,NA,NA,0 declarative,,2 不,2 不,NA
3646,zhidao,/NSCtoys/3-6/c19_3.cha,father,FAT: 才知道拼哪裡.,2 CP,,0 dropped,0 No,,0 dropped,NA,NA,0 declarative,2 wh_question,NA,NA,0 declarative,2 wh_question,0 no negation,0 no negation,NA
3649,zhidao,/NSCtoys/3-6/c20_3.cha,mother,MOT: 你知道他頭低低.,2 CP,,2 second_person,2 CP,,2 second_person,NA,NA,0 declarative,0 declarative,NA,NA,0 declarative,0 declarative,0 no negation,0 no negation,NA
3650,zhidao,/NSCtoys/5/b01_2.cha,mother,MOT: 你知道我很不喜欢打针.,2 CP,,2 second_person,2 CP,,2 second_person,NA,NA,0 declarative,0 declarative,NA,NA,0 declarative,0 declarative,0 no negation,0 no negation,NA
3652,zhidao,/NSCtoys/5/b02_1.cha,mother,MOT: 你知道<他的名>[//]他们两个是好朋友.,0 No,0 No,2 second_person,2 CP,,2 second_person,NA,NA,0 declarative,,NA,NA,0 declarative,0 declarative,0 no negation,0 no negation,NA
3656,zhidao,/NSCtoys/5/b02_3.cha,mother,MOT: 不知道.,0 No,0 No,0 dropped,0 No,,0 dropped,NA,NA,0 declarative,,NA,NA,0 declarative,,2 不,2 不,NA
3666,zhidao,/NSCtoys/5/b05_1.cha,mother,MOT: 不知道.,0 No,0 No,0 dropped,0 No,,0 dropped,NA,NA,0 declarative,,NA,NA,0 declarative,,2 不,2 不,NA
3669,zhidao,/NSCtoys/5/b05_2.cha,mother,MOT: 你知道什么是自费吗?,2 CP,,2 second_person,2 CP,,2 second_person,NA,NA,1 polar_question,2 wh_question,NA,NA,1 polar_question,2 wh_question,0 no negation,0 no negation,NA
3672,zhidao,/NSCtoys/5/b05_3.cha,mother,MOT: 你知道的.,0 No,0 No,2 second_person,0 No,,2 second_person,NA,NA,0 declarative,,NA,NA,0 declarative,,0 no negation,0 no negation,NA
3673,zhidao,/NSCtoys/5/b06_1.cha,mother,MOT: 你不知道他是谁?,2 CP,,2 second_person,2 CP,,2 second_person,NA,NA,1 polar_question,2 wh_question,NA,NA,1 polar_question,2 wh_question,2 不,2 不,NA
3675,zhidao,/NSCtoys/5/b06_1.cha,mother,MOT: 不知道.,0 No,0 No,0 dropped,0 No,,0 dropped,NA,NA,0 declarative,,NA,NA,0 declarative,,2 不,2 不,NA
3677,zhidao,/NSCtoys/5/b06_1.cha,mother,MOT: 不知道喔.,0 No,0 No,0 dropped,0 No,,0 dropped,NA,NA,0 declarative,,NA,NA,0 declarative,,2 不,2 不,NA
3679,zhidao,/NSCtoys/5/b06_1.cha,mother,MOT: 不知道喔&=laughs.,0 No,0 No,0 dropped,0 No,,0 dropped,NA,NA,0 declarative,,NA,NA,0 declarative,,2 不,2 不,NA
3681,zhidao,/NSCtoys/5/b06_1.cha,mother,MOT: 不知道&=laughs.,0 No,0 No,0 dropped,0 No,,0 dropped,NA,NA,0 declarative,,NA,NA,0 declarative,,2 不,2 不,NA
3683,zhidao,/NSCtoys/5/b06_1.cha,mother,MOT: 不知道&=laughs.,0 No,0 No,0 dropped,0 No,,0 dropped,NA,NA,0 declarative,,NA,NA,0 declarative,,2 不,2 不,NA
3685,zhidao,/NSCtoys/5/b06_1.cha,mother,MOT: 不知道.,0 No,0 No,0 dropped,0 No,,0 dropped,NA,NA,0 declarative,,NA,NA,0 declarative,,2 不,2 不,NA
3687,zhidao,/NSCtoys/5/b06_2.cha,mother,MOT: 不知道.,0 No,0 No,0 dropped,0 No,,0 dropped,NA,NA,0 declarative,,NA,NA,0 declarative,,2 不,2 不,NA
3688,zhidao,/NSCtoys/5/b06_2.cha,mother,MOT: 啊我知道!,0 No,0 No,1 first_person,0 No,,1 first_person,NA,NA,0 declarative,,NA,NA,0 declarative,,0 no negation,0 no negation,NA
3691,zhidao,/NSCtoys/5/b06_2.cha,mother,MOT: 不知道.,0 No,0 No,0 dropped,0 No,,0 dropped,NA,NA,0 declarative,,NA,NA,0 declarative,,2 不,2 不,NA
3693,zhidao,/NSCtoys/5/b06_2.cha,mother,MOT: 不知道喔.,0 No,0 No,0 dropped,0 No,,0 dropped,NA,NA,0 declarative,,NA,NA,0 declarative,,2 不,2 不,NA
3694,zhidao,/NSCtoys/5/b07_1.cha,mother,MOT: 我也不知道.,0 No,0 No,1 first_person,0 No,,1 first_person,NA,NA,0 declarative,,NA,NA,0 declarative,,2 不,2 不,NA
3695,zhidao,/NSCtoys/5/b07_1.cha,mother,MOT: 喔我知道了.,0 No,0 No,1 first_person,0 No,,1 first_person,NA,NA,0 declarative,,NA,NA,0 declarative,,0 no negation,0 no negation,NA
3696,zhidao,/NSCtoys/5/b07_2.cha,mother,MOT: 欸<我知道它叫>[>]什么名字了!,2 CP,,1 first_person,2 CP,,1 first_person,NA,NA,0 declarative,2 wh_question,NA,NA,0 declarative,2 wh_question,0 no negation,0 no negation,NA
3697,zhidao,/NSCtoys/5/b07_2.cha,mother,MOT: 我知道啊这只咧?,0 No,0 No,1 first_person,0 No,,1 first_person,NA,NA,0 declarative,,NA,NA,0 declarative,,0 no negation,0 no negation,NA
3703,zhidao,/NSCtoys/5/b09_1.cha,mother,MOT: 讓你知道他有多少形狀.,2 CP,,2 second_person,2 CP,,2 second_person,NA,NA,0 declarative,0 declarative,NA,NA,0 declarative,2 wh_question,0 no negation,0 no negation,NA
3705,zhidao,/NSCtoys/5/b09_3.cha,mother,MOT: 你還知道他是長頸鹿.,2 CP,,2 second_person,2 CP,,2 second_person,NA,NA,0 declarative,0 declarative,NA,NA,0 declarative,0 declarative,0 no negation,0 no negation,NA
3706,zhidao,/NSCtoys/5/b10_1.cha,mother,MOT: 我是護士不知道.,0 No,0 No,0 dropped,0 No,,0 dropped,NA,NA,0 declarative,,NA,NA,0 declarative,,2 不,2 不,NA
3707,zhidao,/NSCtoys/5/b10_1.cha,mother,MOT: <知道嗎>[<]?,0 No,0 No,0 dropped,0 No,,0 dropped,NA,NA,1 polar_question,,NA,NA,1 polar_question,,0 no negation,0 no negation,NA
3711,zhidao,/NSCtoys/5/b10_3.cha,mother,MOT: 這樣你才會知道怎麼拼.,2 CP,,2 second_person,2 CP,,2 second_person,NA,NA,0 declarative,2 wh_question,NA,NA,0 declarative,2 wh_question,0 no negation,0 no negation,NA
3714,zhidao,/NSCtoys/5/b11_1.cha,mother,MOT: 那我哪裡不舒服你知道嗎?,0 No,0 No,2 second_person,0 No,,2 second_person,NA,NA,1 polar_question,2 wh_question,NA,NA,1 polar_question,2 wh_question,0 no negation,0 no negation,NA
3715,zhidao,/NSCtoys/5/b11_1.cha,mother,MOT: 不知道欸!,0 No,0 No,0 dropped,0 No,,0 dropped,NA,NA,0 declarative,,NA,NA,0 declarative,,2 不,2 不,NA
3718,zhidao,/NSCtoys/5/b11_2.cha,mother,MOT: 你不知道喔!,0 No,0 No,2 second_person,0 No,,2 second_person,NA,NA,0 declarative,,NA,NA,0 declarative,,2 不,2 不,NA
3719,zhidao,/NSCtoys/5/b11_2.cha,mother,MOT: 可是我不知道公主城堡長怎樣.,2 CP,,1 first_person,2 CP,,1 first_person,NA,NA,0 declarative,2 wh_question,NA,NA,0 declarative,2 wh_question,2 不,2 不,NA
3720,zhidao,/NSCtoys/5/b12_1.cha,father,"FAT: ""可是你又知道我是谁吗?",2 CP,,2 second_person,2 CP,,2 second_person,NA,NA,1 polar_question,2 wh_question,NA,NA,1 polar_question,2 wh_question,0 no negation,0 no negation,NA
3729,zhidao,/NSCtoys/5/b14_3.cha,mother,MOT: 嗯我也不知道.,0 No,0 No,1 first_person,0 No,,1 first_person,NA,NA,0 declarative,,NA,NA,0 declarative,,2 不,2 不,NA
3734,zhidao,/NSCtoys/5/b16_3.cha,mother,MOT: 都还不知道[=!laughs].,0 No,0 No,0 dropped,0 No,,0 dropped,NA,NA,0 declarative,,NA,NA,0 declarative,,2 不,2 不,NA
3735,zhidao,/NSCtoys/5/b17_1.cha,mother,MOT: <啊我知道>[<].,0 No,0 No,1 first_person,0 No,,1 first_person,NA,NA,0 declarative,,NA,NA,0 declarative,,0 no negation,0 no negation,NA
3736,zhidao,/NSCtoys/5/b17_1.cha,mother,MOT: 我知道了.,0 No,0 No,1 first_person,0 No,,1 first_person,NA,NA,0 declarative,,NA,NA,0 declarative,,0 no negation,0 no negation,NA
3737,zhidao,/NSCtoys/5/b17_1.cha,mother,"MOT: 好,我知道.",0 No,0 No,1 first_person,0 No,,1 first_person,NA,NA,0 declarative,,NA,NA,0 declarative,,0 no negation,0 no negation,NA
3738,zhidao,/NSCtoys/5/b17_1.cha,mother,"MOT: 好,我知道.",0 No,0 No,1 first_person,0 No,,1 first_person,NA,NA,0 declarative,,NA,NA,0 declarative,,0 no negation,0 no negation,NA
3739,zhidao,/NSCtoys/5/b17_2.cha,mother,"MOT: 喔我知道这样,好不好?",2 CP,,1 first_person,0 No,,1 first_person,NA,NA,4 tag_question,0 declarative,NA,NA,4 tag_question,0 declarative,0 no negation,0 no negation,NA
3741,zhidao,/NSCtoys/5/b17_3.cha,mother,MOT: 因为我知道你自己是okay的.,2 CP,,1 first_person,2 CP,,1 first_person,NA,NA,0 declarative,0 declarative,NA,NA,0 declarative,0 declarative,0 no negation,0 no negation,NA
3742,zhidao,/NSCtoys/5/b17_3.cha,mother,MOT: 你[/]你[/]你一看就知道是农场喔?,2 CP,,2 second_person,2 CP,,2 second_person,NA,NA,1 polar_question,0 declarative,NA,NA,1 polar_question,0 declarative,0 no negation,0 no negation,NA
3744,zhidao,/NSCtoys/5/b19_2.cha,mother,MOT: 你知道这什么?,2 CP,,2 second_person,2 CP,,2 second_person,NA,NA,1 polar_question,2 wh_question,NA,NA,1 polar_question,2 wh_question,0 no negation,0 no negation,NA
3745,zhidao,/NSCtoys/5/b20_1.cha,father,FAT: 他妈妈想要知道说小猪他怎么了?,2 CP,,3 third/NP,2 CP,,3 third/NP,NA,NA,0 declarative,,NA,NA,0 declarative,2 wh_question,0 no negation,0 no negation,NA
3746,zhidao,/NSCtoys/5/b20_2.cha,father,FAT: 那你怎么知道是...,3 Incomplete,3 Incomplete,2 second_person,0 No,,2 second_person,NA,NA,3 how/why,,NA,NA,3 how/why,0 declarative,0 no negation,0 no negation,NA
3747,zhidao,/NSCtoys/5/b20_2.cha,father,"FAT: ,你(.)怎么知道是什么口味的?",2 CP,,2 second_person,2 CP,,2 second_person,NA,NA,3 how/why,2 wh_question,NA,NA,3 how/why,2 wh_question,0 no negation,0 no negation,NA
3749,zhidao,/NSCtoys/5/b20_3.cha,father,FAT: 不知道啊.,0 No,0 No,0 dropped,0 No,,0 dropped,NA,NA,0 declarative,,NA,NA,0 declarative,,2 不,2 不,NA
3750,zhidao,/NSCtoys/5/b21_2.cha,mother,MOT: 不知道.,0 No,0 No,0 dropped,0 No,,0 dropped,NA,NA,0 declarative,,NA,NA,0 declarative,,2 不,2 不,NA
3751,zhidao,/NSCtoys/5/b21_2.cha,mother,MOT: 啊你知道怎麼開刀嗎?,2 CP,,2 second_person,2 CP,,2 second_person,NA,NA,1 polar_question,2 wh_question,NA,NA,1 polar_question,2 wh_question,0 no negation,0 no negation,NA
3752,zhidao,/NSCtoys/5/b21_2.cha,mother,MOT: 不知道可不可以開欸.,2 CP,,0 dropped,2 CP,,0 dropped,NA,NA,0 declarative,1 polar_question,NA,NA,0 declarative,1 polar_question,2 不,2 不,NA
3756,zhidao,/NSCtoys/5/b22_1.cha,mother,MOT: 不知道喔!,0 No,0 No,0 dropped,0 No,,0 dropped,NA,NA,0 declarative,,NA,NA,0 declarative,,2 不,2 不,NA
3760,zhidao,/NSCtoys/5/b22_2.cha,mother,"MOT: 这个我不知道齁,好,来!",0 No,0 No,1 first_person,0 No,,1 first_person,NA,NA,0 declarative,,NA,NA,0 declarative,,2 不,2 不,NA
3761,zhidao,/NSCtoys/5/b22_2.cha,mother,MOT: 哦我知道啦.,0 No,0 No,1 first_person,0 No,,1 first_person,NA,NA,0 declarative,,NA,NA,0 declarative,,0 no negation,0 no negation,NA
3763,zhidao,/NSCtoys/5/b22_2.cha,mother,"MOT: 我知道你要这一个,对不对?",2 CP,,1 first_person,2 CP,,1 first_person,NA,NA,4 tag_question,0 declarative,NA,NA,4 tag_question,0 declarative,0 no negation,0 no negation,NA
3766,zhidao,/NSCtoys/5/b22_2.cha,mother,MOT: 蛤又不知道了!,2 CP,,3 third/NP,0 No,,3 third/NP,NA,NA,0 declarative,,NA,NA,0 declarative,,2 不,2 不,NA
3767,zhidao,/NSCtoys/5/b22_2.cha,mother,MOT: 不知道.,0 No,0 No,0 dropped,0 No,,0 dropped,NA,NA,0 declarative,,NA,NA,0 declarative,,2 不,2 不,NA
3769,zhidao,/NSCtoys/5/b22_3.cha,mother,MOT: 我不知道.,0 No,0 No,1 first_person,0 No,,1 first_person,NA,NA,0 declarative,,NA,NA,0 declarative,,2 不,2 不,NA
3772,zhidao,/NSCtoys/5/b23_1.cha,father,FAT: <姐姐又不知道>[>].,0 No,0 No,3 third/NP,0 No,,3 third/NP,NA,NA,0 declarative,,NA,NA,0 declarative,,2 不,2 不,NA
3773,zhidao,/NSCtoys/5/b23_1.cha,father,FAT: 你不知道吗?,0 No,0 No,2 second_person,0 No,,2 second_person,NA,NA,1 polar_question,,NA,NA,1 polar_question,,2 不,2 不,NA
3775,zhidao,/NSCtoys/5/b23_2.cha,father,FAT: 你早就知道了!,0 No,0 No,2 second_person,0 No,,2 second_person,NA,NA,0 declarative,,NA,NA,0 declarative,,0 no negation,0 no negation,NA
3779,zhidao,/NSCtoys/5/b23_2.cha,father,FAT: 早就知道了?,0 No,0 No,0 dropped,0 No,,0 dropped,NA,NA,1 polar_question,,NA,NA,0 declarative,,0 no negation,0 no negation,NA
3781,zhidao,/NSCtoys/5/b23_2.cha,father,FAT: 你怎么知道?,0 No,0 No,2 second_person,0 No,,2 second_person,NA,NA,3 how/why,,NA,NA,3 how/why,,0 no negation,0 no negation,NA
3782,zhidao,/NSCtoys/5/b23_2.cha,father,FAT: 你怎么知道?,0 No,0 No,2 second_person,0 No,,2 second_person,NA,NA,3 how/why,,NA,NA,3 how/why,,0 no negation,0 no negation,NA
3785,zhidao,/NSCtoys/5/b23_3.cha,father,FAT: 我也不知道在哪边.,2 CP,,1 first_person,2 CP,,1 first_person,NA,NA,0 declarative,2 wh_question,NA,NA,0 declarative,2 wh_question,2 不,2 不,NA
3786,zhidao,/NSCtoys/5/b25_3.cha,mother,MOT: <不知道>[<].,0 No,0 No,0 dropped,0 No,,0 dropped,NA,NA,0 declarative,,NA,NA,0 declarative,,2 不,2 不,NA
3787,zhidao,/NSCtoys/5/b25_3.cha,mother,MOT: <不知道在哪>[<].,2 CP,,0 dropped,2 CP,,0 dropped,NA,NA,0 declarative,2 wh_question,NA,NA,0 declarative,2 wh_question,2 不,2 不,NA
3788,zhidao,/NSCtoys/5/b25_3.cha,mother,MOT: <不>[<]知道.,0 No,0 No,0 dropped,0 No,,0 dropped,NA,NA,0 declarative,,NA,NA,0 declarative,,2 不,2 不,NA
3789,zhidao,/NSCtoys/5/b25_3.cha,mother,MOT: 我不知道.,0 No,0 No,1 first_person,0 No,,1 first_person,NA,NA,0 declarative,,NA,NA,0 declarative,,2 不,2 不,NA
3790,zhidao,/NSCtoys/5/b26_1.cha,mother,MOT: 不知道.,0 No,0 No,0 dropped,0 No,,0 dropped,NA,NA,0 declarative,,NA,NA,0 declarative,,2 不,2 不,NA
3792,zhidao,/NSCtoys/5/b26_3.cha,mother,MOT: 不知道是哪里的.,2 CP,,0 dropped,2 CP,,0 dropped,NA,NA,0 declarative,2 wh_question,NA,NA,0 declarative,2 wh_question,2 不,2 不,NA
3793,zhidao,/NSCtoys/5/b27_1.cha,mother,MOT: 可是我不知道迪士尼有几层.,2 CP,,1 first_person,2 CP,,1 first_person,NA,NA,0 declarative,2 wh_question,NA,NA,0 declarative,2 wh_question,2 不,2 不,NA
3794,zhidao,/NSCtoys/5/b28_3.cha,father,FAT: 知道吗?,0 No,0 No,0 dropped,0 No,,0 dropped,NA,NA,1 polar_question,,NA,NA,1 polar_question,,0 no negation,0 no negation,NA
3795,zhidao,/NSCtoys/5/b28_3.cha,father,FAT: 可是你不知道在那个角落呀.,2 CP,,2 second_person,2 CP,,2 second_person,NA,NA,0 declarative,0 declarative,NA,NA,0 declarative,2 wh_question,2 不,2 不,NA
3796,zhidao,/NSCtoys/5/b28_3.cha,father,"FAT: 那你知道他在左上还是右上,还是什么?",2 CP,,2 second_person,2 CP,,2 second_person,NA,NA,1 polar_question,3 base-generated wh/polar,NA,NA,2 wh_question,3 base-generated wh/polar,0 no negation,0 no negation,NA
3797,zhidao,/NSCtoys/5/b28_3.cha,father,"FAT: 都不知道,对不对?",0 No,0 No,0 dropped,0 No,,0 dropped,NA,NA,4 tag_question,0 declarative,NA,NA,4 tag_question,0 declarative,2 不,2 不,NA
3798,zhidao,/NSCtoys/5/b28_3.cha,father,FAT: 我也不知道.,0 No,0 No,1 first_person,0 No,,1 first_person,NA,NA,0 declarative,,NA,NA,0 declarative,,2 不,2 不,NA
3799,zhidao,/NSCtoys/5/b28_3.cha,father,FAT: 还不知道.,0 No,0 No,0 dropped,0 No,,0 dropped,NA,NA,0 declarative,,NA,NA,0 declarative,,2 不,2 不,NA
3800,zhidao,/NSCtoys/5/b28_3.cha,father,"FAT: 我们不知道他放那里,对不对?",2 CP,,1 first_person,0 No,,1 first_person,NA,NA,4 tag_question,0 declarative,NA,NA,4 tag_question,0 declarative,2 不,2 不,NA
3801,zhidao,/NSCtoys/5/b28_3.cha,father,"FAT: 这样就知道位置了,对不对?",4 NP,2 NP,0 dropped,0 No,,0 dropped,NA,NA,4 tag_question,0 declarative,NA,NA,4 tag_question,0 declarative,0 no negation,0 no negation,NA
3805,zhidao,/NSCtoys/5/b29_3.cha,mother,MOT: 不知道.,0 No,0 No,0 dropped,0 No,,0 dropped,NA,NA,0 declarative,,NA,NA,0 declarative,,2 不,2 不,NA
3806,zhidao,/NSCtoys/5/b29_3.cha,mother,MOT: 拼起来不知道是不是犀牛?,2 CP,,0 dropped,2 CP,,0 dropped,NA,NA,1 polar_question,1 polar_question,NA,NA,1 polar_question,3 base-generated wh/polar,2 不,2 不,NA
3810,zhidao,/NSCtoys/5/b30_2.cha,mother,MOT: 你也不知道.,0 No,0 No,2 second_person,0 No,,2 second_person,NA,NA,0 declarative,,NA,NA,0 declarative,,2 不,2 不,NA
3812,zhidao,/NSCtoys/5/b30_3.cha,mother,MOT: 就先把他都翻過來啊你就知道圖案是哪一個.,2 CP,,2 second_person,2 CP,,2 second_person,NA,NA,0 declarative,2 wh_question,NA,NA,0 declarative,2 wh_question,0 no negation,0 no negation,NA
3815,zhidao,/NSCtoys/5/b31_1.cha,mother,MOT: 我不知道啊.,0 No,0 No,1 first_person,0 No,,1 first_person,NA,NA,0 declarative,,NA,NA,0 declarative,,2 不,2 不,NA
3817,zhidao,/NSCtoys/5/b32_1.cha,mother,MOT: 不知道.,0 No,0 No,0 dropped,0 No,,0 dropped,NA,NA,0 declarative,,NA,NA,0 declarative,,2 不,2 不,NA
3818,zhidao,/NSCtoys/5/b32_1.cha,mother,MOT: 你不知道.,0 No,0 No,2 second_person,0 No,,2 second_person,NA,NA,0 declarative,,NA,NA,0 declarative,,2 不,2 不,NA
3819,zhidao,/NSCtoys/5/b32_1.cha,mother,MOT: 我也不知道.,0 No,0 No,1 first_person,0 No,,1 first_person,NA,NA,0 declarative,,NA,NA,0 declarative,,2 不,2 不,NA
3821,zhidao,/NSCtoys/5/b32_1.cha,mother,MOT: 你不知道?,0 No,0 No,2 second_person,0 No,,2 second_person,NA,NA,1 polar_question,,NA,NA,1 polar_question,,2 不,2 不,NA
3822,zhidao,/NSCtoys/5/b32_3.cha,mother,MOT: 不知道这是什么.,2 CP,,0 dropped,0 No,,0 dropped,NA,NA,0 declarative,2 wh_question,NA,NA,0 declarative,2 wh_question,2 不,2 不,NA
3823,zhidao,/NSCtoys/5/b34_1.cha,mother,MOT: 你看哪裡知道他有發燒?,2 CP,,2 second_person,2 CP,,0 dropped,NA,NA,2 wh_question,0 declarative,NA,NA,2 wh_question,0 declarative,0 no negation,0 no negation,NA
3824,zhidao,/NSCtoys/5/b34_2.cha,mother,MOT: 你知道要挑大一點的.,2 CP,,2 second_person,2 CP,,2 second_person,NA,NA,0 declarative,0 declarative,NA,NA,0 declarative,0 declarative,0 no negation,0 no negation,NA
3825,zhidao,/NSCtoys/5/b34_3.cha,mother,MOT: 我知道你<打開得>[=打得開].,2 CP,,1 first_person,2 CP,,1 first_person,NA,NA,0 declarative,0 declarative,NA,NA,0 declarative,0 declarative,0 no negation,0 no negation,NA
3826,zhidao,/NSCtoys/5/b34_3.cha,mother,MOT: 我超想知道他是什麼的.,2 CP,,1 first_person,2 CP,,1 first_person,NA,NA,0 declarative,2 wh_question,NA,NA,0 declarative,2 wh_question,0 no negation,0 no negation,NA
3827,zhidao,/NSCtoys/5/b34_3.cha,mother,MOT: 我不知道耶.,0 No,0 No,1 first_person,0 No,,1 first_person,NA,NA,0 declarative,,NA,NA,0 declarative,,2 不,2 不,NA
3828,zhidao,/NSCtoys/5/b34_3.cha,mother,MOT: 我知道你的意思了.,4 NP,2 NP,1 first_person,0 No,,1 first_person,NA,NA,0 declarative,,NA,NA,0 declarative,,0 no negation,0 no negation,NA
3829,zhidao,/NSCtoys/5/b34_3.cha,mother,MOT: 我也不知道.,0 No,0 No,1 first_person,0 No,,1 first_person,NA,NA,0 declarative,,NA,NA,0 declarative,,2 不,2 不,NA
3830,zhidao,/NSCtoys/5/b34_3.cha,mother,MOT: 我知道那個...,3 Incomplete,3 Incomplete,1 first_person,0 No,,1 first_person,NA,NA,0 declarative,,NA,NA,0 declarative,,0 no negation,0 no negation,NA
3831,zhidao,/NSCtoys/5/b34_3.cha,mother,MOT: 我想知道這個是什麼.,2 CP,,1 first_person,2 CP,,1 first_person,NA,NA,0 declarative,2 wh_question,NA,NA,0 declarative,2 wh_question,0 no negation,0 no negation,NA
3832,zhidao,/NSCtoys/5/b34_3.cha,mother,MOT: 這裡有一隻這不知道是什麼動物.,2 CP,,0 dropped,2 CP,,0 dropped,NA,NA,0 declarative,2 wh_question,NA,NA,0 declarative,2 wh_question,2 不,2 不,NA
3833,zhidao,/NSCtoys/5/b34_3.cha,mother,MOT: 你不知道?,0 No,0 No,2 second_person,0 No,,2 second_person,NA,NA,1 polar_question,,NA,NA,1 polar_question,,2 不,2 不,NA
3834,zhidao,/NSCtoys/5/b34_3.cha,mother,MOT: 這不知道是誰的肚子喔?,2 CP,,0 dropped,2 CP,,0 dropped,NA,NA,1 polar_question,2 wh_question,NA,NA,1 polar_question,2 wh_question,2 不,2 不,NA
3836,zhidao,/NSCtoys/5/b35_1.cha,mother,MOT: 你知道怎麼蓋.,2 CP,,2 second_person,2 CP,,2 second_person,NA,NA,0 declarative,2 wh_question,NA,NA,0 declarative,,0 no negation,0 no negation,NA
3839,zhidao,/NSCtoys/5/b35_2.cha,mother,MOT: 媽媽也不知道耶.,0 No,0 No,4 self_reference,0 No,,4 self_reference,NA,NA,0 declarative,,NA,NA,0 declarative,,2 不,2 不,NA
3840,zhidao,/NSCtoys/5/b35_3.cha,mother,MOT: 不知道喔.,0 No,0 No,0 dropped,0 No,,0 dropped,NA,NA,0 declarative,,NA,NA,0 declarative,,2 不,2 不,NA
3843,zhidao,/NSCtoys/5/b35_3.cha,mother,MOT: <不知道>[>]?,0 No,0 No,0 dropped,0 No,,0 dropped,NA,NA,0 declarative,,NA,NA,0 declarative,,2 不,2 不,NA
3845,zhidao,/NSCtoys/5/b36_1.cha,mother,MOT: 你可以跟我講我都不知道...,0 No,0 No,1 first_person,0 No,,1 first_person,NA,NA,0 declarative,,NA,NA,0 declarative,,2 不,2 不,NA
3849,zhidao,/NSCtoys/5/b37_1.cha,mother,MOT: 你怎么知道?,0 No,0 No,2 second_person,0 No,,2 second_person,NA,NA,3 how/why,,NA,NA,3 how/why,,0 no negation,0 no negation,NA
3850,zhidao,/NSCtoys/5/b37_1.cha,mother,MOT: 你怎么知道?,0 No,0 No,2 second_person,0 No,,2 second_person,NA,NA,3 how/why,,NA,NA,3 how/why,,0 no negation,0 no negation,NA
3851,zhidao,/NSCtoys/5/b37_1.cha,mother,MOT: <我知道了>[/]我知道了.,0 No,0 No,1 first_person,0 No,,1 first_person,NA,NA,0 declarative,,NA,NA,0 declarative,,0 no negation,0 no negation,NA
3852,zhidao,/NSCtoys/5/b37_1.cha,mother,MOT: 啊我知道了.,0 No,0 No,1 first_person,0 No,,1 first_person,NA,NA,0 declarative,,NA,NA,0 declarative,,0 no negation,0 no negation,NA
3853,zhidao,/NSCtoys/5/b37_2.cha,mother,MOT: 你知道为什么吗?,2 CP,,2 second_person,2 CP,,2 second_person,NA,NA,1 polar_question,2 wh_question,NA,NA,1 polar_question,2 wh_question,0 no negation,0 no negation,NA
3854,zhidao,/NSCtoys/5/b37_2.cha,mother,MOT: 我怎么知道哪边应该要受伤.,2 CP,,1 first_person,2 CP,,1 first_person,NA,NA,3 how/why,2 wh_question,NA,NA,3 how/why,2 wh_question,0 no negation,0 no negation,NA
3856,zhidao,/NSCtoys/5/b38_3.cha,father,FAT: 我不知道.,0 No,0 No,1 first_person,0 No,,1 first_person,NA,NA,0 declarative,,NA,NA,0 declarative,,2 不,2 不,NA
3857,zhidao,/NSCtoys/5/b38_3.cha,father,"FAT: 好,赶快不知道喔.",0 No,0 No,0 dropped,0 No,,0 dropped,NA,NA,0 declarative,,NA,NA,0 declarative,,2 不,2 不,NA
3858,zhidao,/NSCtoys/5/b38_3.cha,father,FAT: 那我知道了.,0 No,0 No,1 first_person,0 No,,1 first_person,NA,NA,0 declarative,,NA,NA,0 declarative,,0 no negation,0 no negation,NA
3859,zhidao,/NSCtoys/5/b38_3.cha,father,FAT: <因为不>[<]知道<哪个在上面>[>].,2 CP,,0 dropped,2 CP,,0 dropped,NA,NA,0 declarative,2 wh_question,NA,NA,0 declarative,2 wh_question,2 不,2 不,NA
3860,zhidao,/NSCtoys/5/b38_3.cha,father,FAT: 我知道了.,0 No,0 No,1 first_person,0 No,,1 first_person,NA,NA,0 declarative,,NA,NA,0 declarative,,0 no negation,0 no negation,NA
3862,zhidao,/NSCtoys/5/b38_3.cha,father,"FAT: ^对啊,你都早就知道是长颈鹿.",2 CP,,2 second_person,2 CP,,2 second_person,NA,NA,0 declarative,,NA,NA,0 declarative,0 declarative,0 no negation,0 no negation,NA
3863,zhidao,/NSCtoys/5/b39_1.cha,mother,MOT: 不然他怎么知道他就在干嘛.,2 CP,,3 third/NP,2 CP,,0 dropped,NA,NA,3 how/why,2 wh_question,NA,NA,3 how/why,2 wh_question,0 no negation,0 no negation,NA
3864,zhidao,/NSCtoys/5/b39_1.cha,mother,"MOT: 下一个,不知道.",0 No,0 No,0 dropped,0 No,,0 dropped,NA,NA,0 declarative,,NA,NA,0 declarative,,2 不,2 不,NA
3867,zhidao,/NSCtoys/5/b39_2.cha,mother,"MOT: ""<啊我知道>[<]你吃太多.",0 No,0 No,1 first_person,2 CP,,1 first_person,NA,NA,0 declarative,0 declarative,NA,NA,0 declarative,0 declarative,0 no negation,0 no negation,NA
3868,zhidao,/NSCtoys/5/b39_3.cha,mother,MOT: 你怎么都知道可以这样拼啊.,2 CP,,2 second_person,2 CP,,2 second_person,NA,NA,3 how/why,0 declarative,NA,NA,3 how/why,0 declarative,0 no negation,0 no negation,NA
3869,zhidao,/NSCtoys/5/b39_3.cha,mother,MOT: 那你怎么知道要先拼边边?,2 CP,,2 second_person,2 CP,,2 second_person,NA,NA,0 declarative,0 declarative,NA,NA,3 how/why,0 declarative,0 no negation,0 no negation,NA
3870,zhidao,/NSCtoys/5/b39_3.cha,mother,MOT: 不知道是什么.,2 CP,,0 dropped,2 CP,,0 dropped,NA,NA,0 declarative,2 wh_question,NA,NA,0 declarative,2 wh_question,2 不,2 不,NA
3871,zhidao,/NSCtoys/5/b39_3.cha,mother,"MOT: 这,不知道是什么东西欸.",2 CP,,0 dropped,2 CP,,0 dropped,NA,NA,0 declarative,2 wh_question,NA,NA,0 declarative,2 wh_question,2 不,2 不,NA
3873,zhidao,/NSCtoys/5/b39_3.cha,mother,MOT: 喔我<知道了>[>].,0 No,0 No,1 first_person,0 No,,1 first_person,NA,NA,0 declarative,,NA,NA,0 declarative,,0 no negation,0 no negation,NA
3875,zhidao,/NSCtoys/5/b40_3.cha,father,FAT: 因為你也不知道哪邊是哪邊.,2 CP,,2 second_person,2 CP,,2 second_person,NA,NA,0 declarative,2 wh_question,NA,NA,0 declarative,2 wh_question,2 不,2 不,NA
3877,zhidao,/NSCtoys/5/b41_2.cha,mother,"MOT: ""不知道哪裡不舒服喔.",2 CP,,0 dropped,2 CP,,0 dropped,NA,NA,0 declarative,2 wh_question,NA,NA,0 declarative,2 wh_question,2 不,2 不,NA
3878,zhidao,/NSCtoys/5/b41_3.cha,mother,MOT: 先翻開來才知道啊.,0 No,0 No,0 dropped,0 No,,0 dropped,NA,NA,0 declarative,,NA,NA,0 declarative,,0 no negation,0 no negation,NA
3879,zhidao,/NSCtoys/5/b41_3.cha,mother,MOT: 你先全部翻過來才知道啊.,0 No,0 No,0 dropped,0 No,,2 second_person,NA,NA,0 declarative,,NA,NA,0 declarative,,0 no negation,0 no negation,NA
3880,zhidao,/NSCtoys/5/b41_3.cha,mother,MOT: 不過我知道他是角落.,2 CP,,1 first_person,2 CP,,1 first_person,NA,NA,0 declarative,0 declarative,NA,NA,0 declarative,0 declarative,0 no negation,0 no negation,NA
3882,zhidao,/NSCtoys/5/b41_3.cha,mother,MOT: 反過來就知道了.,0 No,0 No,0 dropped,0 No,,0 dropped,NA,NA,0 declarative,,NA,NA,0 declarative,,0 no negation,0 no negation,NA
3886,zhidao,/NSCtoys/5/b42_2.cha,mother,MOT: 知道嗎?,0 No,0 No,0 dropped,0 No,,0 dropped,NA,NA,1 polar_question,,NA,NA,1 polar_question,,0 no negation,0 no negation,NA
3888,zhidao,/NSCtoys/5/b42_3.cha,mother,MOT: 哇你知道這是什麼嗎?,2 CP,,2 second_person,2 CP,,2 second_person,NA,NA,1 polar_question,2 wh_question,NA,NA,1 polar_question,2 wh_question,0 no negation,0 no negation,NA
3892,zhidao,/NSCtoys/5/b42_3.cha,mother,MOT: 沒關係我們先找長頸鹿因為我也不知道那個大象在哪裡.,2 CP,,1 first_person,2 CP,,1 first_person,NA,NA,0 declarative,2 wh_question,NA,NA,0 declarative,2 wh_question,2 不,2 不,NA
3896,zhidao,/NSCtoys/5-6_2/b03_1.cha,father,FAT: 那你知道我怎麼用這個shape疊高嗎?,2 CP,,2 second_person,2 CP,,2 second_person,NA,NA,1 polar_question,2 wh_question,NA,NA,1 polar_question,2 wh_question,0 no negation,0 no negation,NA
3897,zhidao,/NSCtoys/5-6_2/b03_1.cha,father,FAT: 還有一種一塊你知道哪種一塊嗎?,2 CP,,2 second_person,2 CP,,2 second_person,NA,NA,1 polar_question,2 wh_question,NA,NA,1 polar_question,2 wh_question,0 no negation,0 no negation,NA
3900,zhidao,/NSCtoys/5-6_2/b03_2.cha,father,FAT: 你知道那是什麼嗎?,2 CP,,2 second_person,2 CP,,2 second_person,NA,NA,1 polar_question,2 wh_question,NA,NA,1 polar_question,2 wh_question,0 no negation,0 no negation,NA
3901,zhidao,/NSCtoys/5-6_2/b03_2.cha,father,FAT: 欸他不是蓋子啊那是什麼我知道那是藥膏.,2 CP,,1 first_person,2 CP,,1 first_person,NA,NA,0 declarative,0 declarative,NA,NA,0 declarative,0 declarative,0 no negation,0 no negation,NA
3906,zhidao,/NSCtoys/5-6_2/b06_1.cha,GRM,"GRM: ""好好知道了.",0 No,0 No,0 dropped,0 No,,0 dropped,NA,NA,0 declarative,,NA,NA,0 declarative,,0 no negation,0 no negation,NA
3913,zhidao,/NSCtoys/5-6_2/b08_1.cha,mother,MOT: 不知道怎么玩还是不想玩.,2 CP,,0 dropped,2 CP,,0 dropped,NA,NA,1 polar_question,2 wh_question,NA,NA,0 declarative,1 polar_question,2 不,2 不,NA
3918,zhidao,/NSCtoys/5-6_2/b10_1.cha,mother,MOT: <我>[/]我也不知道我怎麼了耶.,2 CP,,1 first_person,2 CP,,1 first_person,NA,NA,0 declarative,2 wh_question,NA,NA,0 declarative,2 wh_question,2 不,2 不,NA
3920,zhidao,/NSCtoys/5-6_2/b12_2.cha,father,"FAT: 你知道嚯,好.",0 No,0 No,2 second_person,0 No,,2 second_person,NA,NA,0 declarative,,NA,NA,0 declarative,,0 no negation,0 no negation,NA
3921,zhidao,/NSCtoys/5-6_2/b12_3.cha,father,FAT: 我们先把周围相关联先找出来才知道.,0 No,0 No,0 dropped,0 No,,0 dropped,NA,NA,0 declarative,,NA,NA,0 declarative,,0 no negation,0 no negation,NA
3922,zhidao,/NSCtoys/5-6_2/b13_1.cha,mother,MOT: 啊知道了.,0 No,0 No,0 dropped,0 No,,0 dropped,NA,NA,0 declarative,,NA,NA,0 declarative,,0 no negation,0 no negation,NA
3923,zhidao,/NSCtoys/5-6_2/b13_3.cha,mother,"MOT: 斑马的,我不知道欸.",0 No,0 No,1 first_person,0 No,,1 first_person,NA,NA,0 declarative,,NA,NA,0 declarative,,2 不,2 不,NA
3924,zhidao,/NSCtoys/5-6_2/b13_3.cha,mother,MOT: 不知道欸.,0 No,0 No,0 dropped,0 No,,0 dropped,NA,NA,0 declarative,,NA,NA,0 declarative,,2 不,2 不,NA
3926,zhidao,/NSCtoys/5-6_2/b15_2.cha,mother,"MOT: 对啊,我知道你肚子痛.",2 CP,,1 first_person,2 CP,,1 first_person,NA,NA,0 declarative,0 declarative,NA,NA,0 declarative,0 declarative,0 no negation,0 no negation,NA
3929,zhidao,/NSCtoys/5-6_2/b15_2.cha,mother,MOT: 我们都不知道怎么玩.,2 CP,,1 first_person,2 CP,,1 first_person,NA,NA,0 declarative,2 wh_question,NA,NA,0 declarative,2 wh_question,2 不,2 不,NA
3931,zhidao,/NSCtoys/5-6_2/b16_1.cha,mother,MOT: <喔你知道>[<]那你跟我一起好了.,0 No,0 No,2 second_person,0 No,,2 second_person,NA,NA,0 declarative,,NA,NA,0 declarative,0 declarative,0 no negation,0 no negation,NA
3932,zhidao,/NSCtoys/5-6_2/b16_3.cha,mother,MOT: 我也不知道啊.,0 No,0 No,1 first_person,0 No,,1 first_person,NA,NA,0 declarative,,NA,NA,0 declarative,,2 不,2 不,NA
3933,zhidao,/NSCtoys/5-6_2/b16_3.cha,mother,MOT: 你就知道旁邊是什麽動物了.,2 CP,,2 second_person,2 CP,,1 first_person,NA,NA,0 declarative,2 wh_question,NA,NA,0 declarative,2 wh_question,0 no negation,0 no negation,NA
3934,zhidao,/NSCtoys/5-6_2/b20_2.cha,mother,"MOT: <我知道>[/]<我知道>[/]我知道这样子吗,okay.",0 No,0 No,1 first_person,0 No,0 No,1 first_person,NA,NA,0 declarative,,NA,NA,0 declarative,,0 no negation,0 no negation,NA
3934_b,zhidao,/NSCtoys/5-6_2/b20_2.cha,mother,"MOT: <我知道>[/]<我知道>[/]我知道这样子吗,okay.",0 No,0 No,1 first_person,0 No,0 No,1 first_person,NA,NA,0 declarative,,NA,NA,0 declarative,,0 no negation,0 no negation,NA
3934_c,zhidao,/NSCtoys/5-6_2/b20_2.cha,mother,"MOT: <我知道>[/]<我知道>[/]我知道这样子吗,okay.",0 No,0 No,1 first_person,0 No,2 NP,1 first_person,NA,NA,0 declarative,,NA,NA,0 declarative,,0 no negation,0 no negation,NA
3935,zhidao,/NSCtoys/5-6_2/b21_1.cha,mother,MOT: 你知道<会掉下来>[>].,2 CP,,2 second_person,2 CP,,2 second_person,NA,NA,0 declarative,0 declarative,NA,NA,0 declarative,0 declarative,0 no negation,0 no negation,NA
3939,zhidao,/NSCtoys/5-6_2/b21_3.cha,mother,MOT: 因为不知道他原来的图案.,4 NP,2 NP,0 dropped,2 CP,,0 dropped,NA,NA,0 declarative,,NA,NA,0 declarative,,2 不,2 不,NA
3940,zhidao,/NSCtoys/5-6_2/b21_3.cha,mother,MOT: 我知道.,0 No,0 No,1 first_person,0 No,,1 first_person,NA,NA,0 declarative,,NA,NA,0 declarative,,0 no negation,0 no negation,NA
3941,zhidao,/NSCtoys/5-6_2/b24_1.cha,mother,MOT: 啊我知道這是退熱貼吧.,2 CP,,1 first_person,2 CP,,1 first_person,NA,NA,0 declarative,0 declarative,NA,NA,0 declarative,0 declarative,0 no negation,0 no negation,NA
3942,zhidao,/NSCtoys/5-6_2/b24_1.cha,mother,MOT: 你知道我最想要得到什麼嗎?,2 CP,,2 second_person,2 CP,,2 second_person,NA,NA,1 polar_question,2 wh_question,NA,NA,1 polar_question,2 wh_question,0 no negation,0 no negation,NA
3944,zhidao,/NSCtoys/5-6_2/b24_1.cha,mother,MOT: 啊怎麼知道.,0 No,0 No,0 dropped,0 No,,0 dropped,NA,NA,3 how/why,,NA,NA,3 how/why,,0 no negation,0 no negation,NA
3945,zhidao,/NSCtoys/5-6_2/b24_1.cha,mother,MOT: 你知道我叫什麼名字嗎?,2 CP,,2 second_person,2 CP,,2 second_person,NA,NA,1 polar_question,2 wh_question,NA,NA,1 polar_question,2 wh_question,0 no negation,0 no negation,NA
3948,zhidao,/NSCtoys/5-6_2/b24_2.cha,mother,MOT: 其實你知道對不對?,2 CP,,2 second_person,2 CP,,2 second_person,NA,NA,4 tag_question,0 declarative,NA,NA,4 tag_question,0 declarative,0 no negation,0 no negation,NA
3949,zhidao,/NSCtoys/5-6_2/b24_2.cha,mother,MOT: 好想知道喔.,0 No,0 No,0 dropped,0 No,,0 dropped,NA,NA,0 declarative,,NA,NA,0 declarative,,0 no negation,0 no negation,NA
3950,zhidao,/NSCtoys/5-6_2/b24_2.cha,mother,MOT: 你知道如果拱門你沒講好會被人家誤會以為你講什麼嗎?,2 CP,,2 second_person,2 CP,,2 second_person,NA,NA,1 polar_question,0 declarative,NA,NA,1 polar_question,0 declarative,0 no negation,0 no negation,NA
3956,zhidao,/NSCtoys/5-6_2/b25_1.cha,mother,MOT: 那你知道這個是什麼嗎?,2 CP,,2 second_person,2 CP,,2 second_person,NA,NA,1 polar_question,2 wh_question,NA,NA,1 polar_question,2 wh_question,0 no negation,0 no negation,NA
3958,zhidao,/NSCtoys/5-6_2/b25_1.cha,mother,MOT: 不知道.,0 No,0 No,0 dropped,0 No,,0 dropped,NA,NA,0 declarative,,NA,NA,0 declarative,,2 不,2 不,NA
3960,zhidao,/NSCtoys/5-6_2/b25_1.cha,mother,MOT: 不知道.,0 No,0 No,0 dropped,0 No,,0 dropped,NA,NA,0 declarative,,NA,NA,0 declarative,,2 不,2 不,NA
3962,zhidao,/NSCtoys/5-6_2/b26_1.cha,mother,MOT: <我>[/]我不知道為什麼會流鼻血欸.,2 CP,,1 first_person,2 CP,,1 first_person,NA,NA,0 declarative,2 wh_question,NA,NA,0 declarative,2 wh_question,2 不,2 不,NA
3963,zhidao,/NSCtoys/5-6_2/b26_1.cha,mother,MOT: 不知道為什麼都<吃飽不>[=吃不飽].,2 CP,,0 dropped,2 CP,,0 dropped,NA,NA,0 declarative,2 wh_question,NA,NA,0 declarative,2 wh_question,2 不,2 不,NA
3965,zhidao,/NSCtoys/5-6_2/b26_2.cha,mother,MOT: 可是這個不知道是什麼耶?,2 CP,,0 dropped,2 CP,,0 dropped,NA,NA,0 declarative,2 wh_question,NA,NA,1 polar_question,0 declarative,2 不,2 不,NA
3966,zhidao,/NSCtoys/5-6_2/b26_2.cha,mother,MOT: 不知道欸.,0 No,0 No,0 dropped,0 No,,0 dropped,NA,NA,0 declarative,,NA,NA,0 declarative,,2 不,2 不,NA
3967,zhidao,/NSCtoys/5-6_2/b26_3.cha,mother,MOT: 不知道是哪一個.,2 CP,,0 dropped,2 CP,,0 dropped,NA,NA,0 declarative,2 wh_question,NA,NA,0 declarative,2 wh_question,2 不,2 不,NA
3968,zhidao,/NSCtoys/5-6_2/b26_3.cha,mother,MOT: 現在還不知道是哪一個.,2 CP,,0 dropped,2 CP,,0 dropped,NA,NA,0 declarative,2 wh_question,NA,NA,0 declarative,2 wh_question,2 不,2 不,NA
3969,zhidao,/NSCtoys/5-6_2/b26_3.cha,mother,MOT: 也還不知道是不是這一邊.,2 CP,,0 dropped,2 CP,,0 dropped,NA,NA,0 declarative,1 polar_question,NA,NA,0 declarative,1 polar_question,2 不,2 不,NA
3976,zhidao,/NSCtoys/5-6_2/b29_3.cha,mother,MOT: 你就知道哪裡有問題了.,2 CP,,2 second_person,2 CP,,2 second_person,NA,NA,0 declarative,2 wh_question,NA,NA,0 declarative,2 wh_question,0 no negation,0 no negation,NA
3977,zhidao,/NSCtoys/5-6_2/b30_1.cha,mother,MOT: 你知道什麼是拆線嗎?,2 CP,,2 second_person,2 CP,,2 second_person,NA,NA,1 polar_question,2 wh_question,NA,NA,1 polar_question,2 wh_question,0 no negation,0 no negation,NA
3978,zhidao,/NSCtoys/5-6_2/b30_2.cha,mother,MOT: <啊我怎麼知道我要>[<]怎麼幫你?,2 CP,,1 first_person,2 CP,,1 first_person,NA,NA,3 how/why,2 wh_question,NA,NA,3 how/why,2 wh_question,0 no negation,0 no negation,NA
3980,zhidao,/NSCtoys/5-6_2/b32_1.cha,mother,"MOT: ""不知道!",0 No,0 No,0 dropped,0 No,,0 dropped,NA,NA,0 declarative,,NA,NA,0 declarative,,2 不,2 不,NA
3981,zhidao,/NSCtoys/5-6_2/b32_1.cha,mother,"MOT: ""你要知道<你是我>[//]你是...",2 CP,,2 second_person,0 No,,2 second_person,NA,NA,0 declarative,,NA,NA,0 declarative,0 declarative,0 no negation,0 no negation,NA
3983,zhidao,/NSCtoys/5-6_2/b32_1.cha,mother,MOT: 不知道喔?,0 No,0 No,0 dropped,0 No,,0 dropped,NA,NA,1 polar_question,,NA,NA,1 polar_question,,2 不,2 不,NA
3984,zhidao,/NSCtoys/5-6_2/b32_1.cha,mother,MOT: 不知道什麼可以治療他.,2 CP,,0 dropped,2 CP,,0 dropped,NA,NA,0 declarative,2 wh_question,NA,NA,0 declarative,2 wh_question,2 不,2 不,NA
3986,zhidao,/NSCtoys/5-6_2/b32_1.cha,mother,"MOT: ""喔我開的藥水你不知道啊?",0 No,0 No,2 second_person,0 No,,2 second_person,NA,NA,1 polar_question,,NA,NA,1 polar_question,,2 不,2 不,NA
3989,zhidao,/NSCtoys/5-6_2/b32_2.cha,mother,MOT: 不知道.,0 No,0 No,0 dropped,0 No,,0 dropped,NA,NA,0 declarative,,NA,NA,0 declarative,,2 不,2 不,NA
3990,zhidao,/NSCtoys/5-6_2/b34_1.cha,mother,MOT: 你不能放嘴巴知道嗎?,0 No,0 No,0 dropped,0 No,,0 dropped,NA,NA,4 tag_question,0 declarative,NA,NA,0 declarative,1 polar_question,0 no negation,0 no negation,NA
3991,zhidao,/NSCtoys/5-6_2/b34_3.cha,mother,MOT: 我不知道.,0 No,0 No,1 first_person,0 No,,1 first_person,NA,NA,0 declarative,,NA,NA,0 declarative,,2 不,2 不,NA
3994,zhidao,/NSCtoys/5-6_2/b34_3.cha,mother,MOT: 弟弟要拼完才知道.,0 No,0 No,0 dropped,0 No,,0 dropped,NA,NA,0 declarative,,NA,NA,0 declarative,,0 no negation,0 no negation,NA
3996,zhidao,/NSCtoys/5-6_2/b35_1.cha,father,FAT: 還不知道.,0 No,0 No,0 dropped,0 No,,0 dropped,NA,NA,0 declarative,,NA,NA,0 declarative,,2 不,2 不,NA
3999,zhidao,/NSCtoys/5-6_2/b35_3.cha,father,FAT: 看知道我們...,3 Incomplete,3 Incomplete,0 dropped,0 No,,0 dropped,NA,NA,0 declarative,,NA,NA,0 declarative,0 declarative,0 no negation,0 no negation,NA
4000,zhidao,/NSCtoys/5-6_2/b35_3.cha,father,FAT: 你知道嗎?,0 No,0 No,2 second_person,0 No,,2 second_person,NA,NA,1 polar_question,,NA,NA,1 polar_question,,0 no negation,0 no negation,NA
4002,zhidao,/NSCtoys/5-6_2/b35_3.cha,father,FAT: 你不是知道嗎?,0 No,0 No,2 second_person,0 No,,2 second_person,NA,NA,1 polar_question,,NA,NA,1 polar_question,,5 不是,5 不是,NA
4004,zhidao,/NSCtoys/5-6_2/b35_3.cha,father,FAT: 你現在就裝不知道.,0 No,0 No,0 dropped,0 No,,0 dropped,NA,NA,0 declarative,,NA,NA,0 declarative,,2 不,2 不,NA
4007,zhidao,/NSCtoys/5-6_2/b36_3.cha,mother,MOT: 我也<不知道>[>].,0 No,0 No,1 first_person,0 No,,1 first_person,NA,NA,0 declarative,,NA,NA,0 declarative,,2 不,2 不,NA
4008,zhidao,/NSCtoys/5-6_2/b37_1.cha,mother,MOT: 你知道為什麼這樣就固定了嗎?,2 CP,,2 second_person,2 CP,,1 first_person,NA,NA,1 polar_question,2 wh_question,NA,NA,1 polar_question,2 wh_question,0 no negation,0 no negation,NA
4009,zhidao,/NSCtoys/5-6_2/b37_1.cha,mother,MOT: 你知道嗎?,0 No,0 No,2 second_person,0 No,,2 second_person,NA,NA,1 polar_question,,NA,NA,1 polar_question,,0 no negation,0 no negation,NA
4010,zhidao,/NSCtoys/5-6_2/b37_1.cha,mother,MOT: 那你怎麼知道夠?,1 Adj,1 Adj,2 second_person,0 No,,2 second_person,NA,NA,3 how/why,0 declarative,NA,NA,3 how/why,,0 no negation,0 no negation,NA
4011,zhidao,/NSCtoys/5-6_2/b37_1.cha,mother,MOT: 有多幾個你知道嗎?,0 No,0 No,2 second_person,0 No,,2 second_person,NA,NA,4 tag_question,2 wh_question,NA,NA,1 polar_question,2 wh_question,0 no negation,0 no negation,NA
4012,zhidao,/NSCtoys/5-6_2/b37_1.cha,mother,MOT: 你真的知道我在講什麼喔?,2 CP,,2 second_person,2 CP,,2 second_person,NA,NA,1 polar_question,2 wh_question,NA,NA,1 polar_question,2 wh_question,0 no negation,0 no negation,NA
4013,zhidao,/NSCtoys/5-6_2/b37_2.cha,mother,MOT: 你只知道這兩個角色.,2 CP,,2 second_person,0 No,,2 second_person,NA,NA,0 declarative,,NA,NA,0 declarative,,0 no negation,0 no negation,NA
4014,zhidao,/NSCtoys/5-6_2/b37_2.cha,mother,MOT: 你怎麼知道輪到你了?,2 CP,,2 second_person,2 CP,,2 second_person,NA,NA,3 how/why,0 declarative,NA,NA,3 how/why,0 declarative,0 no negation,0 no negation,NA
4016,zhidao,/NSCtoys/5-6_2/b37_2.cha,mother,MOT: 你知道他們是好朋友嗎?,2 CP,,2 second_person,2 CP,,2 second_person,NA,NA,1 polar_question,0 declarative,NA,NA,1 polar_question,0 declarative,0 no negation,0 no negation,NA
4018,zhidao,/NSCtoys/5-6_2/b37_2.cha,mother,MOT: 你知道我們小時候有給你打過三針.,2 CP,,2 second_person,2 CP,,2 second_person,NA,NA,0 declarative,0 declarative,NA,NA,0 declarative,0 declarative,0 no negation,0 no negation,NA
4019,zhidao,/NSCtoys/5-6_2/b37_3.cha,mother,MOT: 那你怎麼知道(.)你不是第一名?,2 CP,,2 second_person,0 No,,2 second_person,NA,NA,3 how/why,0 declarative,NA,NA,3 how/why,0 declarative,0 no negation,0 no negation,NA
4020,zhidao,/NSCtoys/5-6_2/b37_3.cha,mother,MOT: 你怎麼知道你不是第一快?,2 CP,,2 second_person,2 CP,,2 second_person,NA,NA,3 how/why,0 declarative,NA,NA,3 how/why,0 declarative,0 no negation,0 no negation,NA
4022,zhidao,/NSCtoys/5-6_2/b37_3.cha,mother,MOT: 我怎麼知道?,0 No,0 No,1 first_person,0 No,,1 first_person,NA,NA,3 how/why,,NA,NA,3 how/why,,0 no negation,0 no negation,NA
4023,zhidao,/NSCtoys/5-6_2/b37_3.cha,mother,MOT: 我怎麼不知道?,0 No,0 No,1 first_person,0 No,,1 first_person,NA,NA,3 how/why,,NA,NA,3 how/why,,2 不,2 不,NA
4024,zhidao,/NSCtoys/5-6_2/b37_3.cha,mother,MOT: 你還有什麼毛我不知道?,0 No,0 No,1 first_person,0 No,,1 first_person,NA,NA,2 wh_question,,NA,NA,,,2 不,2 不,NA
4025,zhidao,/NSCtoys/5-6_2/b37_3.cha,mother,MOT: 這樣你就知道這是什麼動物了嗎?,2 CP,,2 second_person,2 CP,,2 second_person,NA,NA,1 polar_question,2 wh_question,NA,NA,1 polar_question,2 wh_question,0 no negation,0 no negation,NA
4026,zhidao,/NSCtoys/5-6_2/b37_3.cha,mother,MOT: 唉呦真的知道.,0 No,0 No,0 dropped,0 No,,0 dropped,NA,NA,0 declarative,,NA,NA,0 declarative,,0 no negation,0 no negation,NA
4027,zhidao,/NSCtoys/5-6_2/b37_3.cha,mother,MOT: 那中文你知道嗎?,0 No,0 No,2 second_person,0 No,,2 second_person,NA,NA,1 polar_question,,NA,NA,1 polar_question,,0 no negation,0 no negation,NA
4028,zhidao,/NSCtoys/5-6_2/b37_3.cha,mother,MOT: 你怎麼知道沒有?,0 No,0 No,2 second_person,0 No,,2 second_person,NA,NA,3 how/why,0 declarative,NA,NA,3 how/why,0 declarative,0 no negation,0 no negation,NA
4029,zhidao,/NSCtoys/5-6_2/b37_3.cha,mother,MOT: 你怎麼知道的?,0 No,0 No,2 second_person,0 No,,2 second_person,NA,NA,2 wh_question,,NA,NA,3 how/why,,0 no negation,0 no negation,NA
4031,zhidao,/NSCtoys/5-6_2/b37_3.cha,mother,MOT: 雖然(.)你不知道你第幾名.,2 CP,,2 second_person,2 CP,,2 second_person,NA,NA,0 declarative,2 wh_question,NA,NA,0 declarative,2 wh_question,2 不,2 不,NA
4033,zhidao,/NSCtoys/5-6_2/b37_3.cha,mother,MOT: 你怎麼知道?,0 No,0 No,2 second_person,0 No,,2 second_person,NA,NA,3 how/why,,NA,NA,3 how/why,,0 no negation,0 no negation,NA
4036,zhidao,/NSCtoys/5-6_2/b39_2.cha,mother,"MOT: ""不知道?",0 No,0 No,0 dropped,0 No,,0 dropped,NA,NA,1 polar_question,,NA,NA,1 polar_question,,2 不,2 不,NA
4037,zhidao,/NSCtoys/5-6_2/b39_2.cha,mother,"MOT: ""噢我知道.",0 No,0 No,1 first_person,0 No,,1 first_person,NA,NA,0 declarative,,NA,NA,0 declarative,,0 no negation,0 no negation,NA
4038,zhidao,/NSCtoys/5-6_2/b39_3.cha,mother,MOT: <你現在好像都知道要怎麼找對不對>[>]?,2 CP,,2 second_person,2 CP,,1 first_person,NA,NA,4 tag_question,2 wh_question,NA,NA,4 tag_question,0 declarative,0 no negation,0 no negation,NA
4039,zhidao,/NSCtoys/5-6_2/b39_3.cha,mother,MOT: 不知道.,0 No,0 No,0 dropped,0 No,,0 dropped,NA,NA,0 declarative,,NA,NA,0 declarative,,2 不,2 不,NA
4041,zhidao,/NSCtoys/5-6_2/b40_1.cha,mother,MOT: 醫生你不知道.,0 No,0 No,2 second_person,0 No,,2 second_person,NA,NA,0 declarative,,NA,NA,0 declarative,,2 不,2 不,NA
4045,zhidao,/NSCtoys/5-6_2/b40_3.cha,mother,MOT: 我不知道.,0 No,0 No,1 first_person,0 No,,1 first_person,NA,NA,0 declarative,,NA,NA,0 declarative,,2 不,2 不,NA
4046,zhidao,/NSCtoys/2/d02_1.cha,mother,MOT: 你怎么知道?,0 No,0 No,2 second_person,2 CP,,2 second_person,NA,NA,3 how/why,,NA,NA,3 how/why,,0 no negation,0 no negation,NA
4047,zhidao,/NSCtoys/2/d02_1.cha,mother,MOT: 啊我知道了.,0 No,0 No,1 first_person,0 No,,1 first_person,NA,NA,0 declarative,,NA,NA,0 declarative,,0 no negation,0 no negation,NA
4048,zhidao,/NSCtoys/2/d02_2.cha,mother,MOT: 我也不知道耶.,0 No,0 No,1 first_person,0 No,,1 first_person,NA,NA,0 declarative,,NA,NA,0 declarative,,2 不,2 不,NA
4049,zhidao,/NSCtoys/2/d02_3.cha,mother,MOT: 你知道吗?,0 No,0 No,2 second_person,0 No,,2 second_person,NA,NA,1 polar_question,,NA,NA,1 polar_question,,0 no negation,0 no negation,NA
4050,zhidao,/NSCtoys/2/d03_2.cha,mother,MOT: 你知道谁生日吗?,2 CP,,2 second_person,2 CP,,2 second_person,NA,NA,1 polar_question,2 wh_question,NA,NA,1 polar_question,2 wh_question,0 no negation,0 no negation,NA
4051,zhidao,/NSCtoys/2/d05_1.cha,mother,MOT: 你知道吗?,0 No,0 No,2 second_person,0 No,,2 second_person,NA,NA,1 polar_question,,NA,NA,1 polar_question,,0 no negation,0 no negation,NA
4052,zhidao,/NSCtoys/2/d05_1.cha,mother,MOT: 你知道小猪吗?,2 CP,,2 second_person,0 No,,2 second_person,NA,NA,1 polar_question,,NA,NA,1 polar_question,,0 no negation,0 no negation,NA
4053,zhidao,/NSCtoys/2/d05_3.cha,mother,MOT: <妈妈也不知道>[<].,0 No,0 No,4 self_reference,0 No,,4 self_reference,NA,NA,0 declarative,,NA,NA,0 declarative,,2 不,2 不,NA
4054,zhidao,/NSCtoys/2/d07_3.cha,father,FAT: 你怎么知道要放那里.,2 CP,,2 second_person,2 CP,,2 second_person,NA,NA,3 how/why,0 declarative,NA,NA,3 how/why,0 declarative,0 no negation,0 no negation,NA
4055,zhidao,/NSCtoys/2/d08_2.cha,mother,MOT: 你知道吗?,0 No,0 No,2 second_person,0 No,,2 second_person,NA,NA,1 polar_question,,NA,NA,1 polar_question,,0 no negation,0 no negation,NA
4057,zhidao,/NSCtoys/2/d09_3.cha,father,"FAT: <你拿>[//]你要拿出来,才知道怎么拼啊.",2 CP,,0 dropped,2 CP,,0 dropped,NA,NA,0 declarative,2 wh_question,NA,NA,0 declarative,2 wh_question,0 no negation,0 no negation,NA
4058,zhidao,/NSCtoys/2/d09_3.cha,father,"FAT: 你没有拿出来,怎么知道怎么拼.",2 CP,,0 dropped,2 CP,,0 dropped,NA,NA,3 how/why,2 wh_question,NA,NA,3 how/why,2 wh_question,0 no negation,0 no negation,NA
4060,zhidao,/NSCtoys/2/d09_3.cha,father,"FAT: 对啊,你不放怎么知道对不对嗯?",2 CP,,0 dropped,2 CP,,0 dropped,NA,NA,3 how/why,1 polar_question,NA,NA,3 how/why,1 polar_question,0 no negation,0 no negation,NA
4063,zhidao,/NSCtoys/2/d10_1.cha,father,"FAT: 有起司,知道吗?",0 No,0 No,0 dropped,0 No,,0 dropped,NA,NA,4 tag_question,0 declarative,NA,NA,1 polar_question,0 declarative,0 no negation,0 no negation,NA
4064,zhidao,/NSCtoys/2/d10_1.cha,father,FAT: 我不知道喔.,0 No,0 No,1 first_person,0 No,,1 first_person,NA,NA,0 declarative,,NA,NA,0 declarative,,2 不,2 不,NA
4065,zhidao,/NSCtoys/2/d10_1.cha,father,FAT: 喔我知道了.,0 No,0 No,1 first_person,0 No,,1 first_person,NA,NA,0 declarative,,NA,NA,0 declarative,,0 no negation,0 no negation,NA
4066,zhidao,/NSCtoys/2/d10_1.cha,father,"FAT: 不要,你知道这是什么吗?",2 CP,,2 second_person,2 CP,,2 second_person,NA,NA,1 polar_question,2 wh_question,NA,NA,1 polar_question,2 wh_question,0 no negation,0 no negation,NA
4067,zhidao,/NSCtoys/2/d10_2.cha,father,FAT: 你知道吗?,0 No,0 No,2 second_person,0 No,,2 second_person,NA,NA,1 polar_question,,NA,NA,1 polar_question,,0 no negation,0 no negation,NA
4068,zhidao,/NSCtoys/2/d10_2.cha,father,FAT: 我不知道.,0 No,0 No,1 first_person,0 No,,1 first_person,NA,NA,0 declarative,,NA,NA,0 declarative,,2 不,2 不,NA
4069,zhidao,/NSCtoys/2/d10_3.cha,father,FAT: 我也不知道那我们先把剩下的角拼完.,2 CP,,1 first_person,0 No,,1 first_person,NA,NA,0 declarative,,NA,NA,0 declarative,,2 不,2 不,NA
4071,zhidao,/NSCtoys/2/d10_3.cha,father,FAT: 你也不知道.,0 No,0 No,2 second_person,0 No,,2 second_person,NA,NA,0 declarative,,NA,NA,0 declarative,,2 不,2 不,NA
4072,zhidao,/NSCtoys/2/d11_2.cha,mother,MOT: 你知道吗?,0 No,0 No,2 second_person,0 No,,2 second_person,NA,NA,1 polar_question,,NA,NA,1 polar_question,,0 no negation,0 no negation,NA
4073,zhidao,/NSCtoys/2/d11_2.cha,mother,MOT: 你知道吃饭也要用到叉子.,2 CP,,2 second_person,2 CP,,2 second_person,NA,NA,0 declarative,0 declarative,NA,NA,0 declarative,0 declarative,0 no negation,0 no negation,NA
4074,zhidao,/NSCtoys/2/d11_2.cha,mother,MOT: 你知道吗?,0 No,0 No,2 second_person,0 No,,2 second_person,NA,NA,1 polar_question,,NA,NA,1 polar_question,,0 no negation,0 no negation,NA
4076,zhidao,/NSCtoys/2/d11_3.cha,mother,MOT: 可是我还不知道拼图是什么图案欸.,2 CP,,1 first_person,2 CP,,1 first_person,NA,NA,0 declarative,2 wh_question,NA,NA,0 declarative,2 wh_question,2 不,2 不,NA
4077,zhidao,/NSCtoys/2/d12_1.cha,mother,MOT: 你怎么知道这是玉米的.,2 CP,,2 second_person,2 CP,,2 second_person,NA,NA,3 how/why,0 declarative,NA,NA,3 how/why,0 declarative,0 no negation,0 no negation,NA
4078,zhidao,/NSCtoys/2/d12_2.cha,mother,MOT: 你知道你的名字是什么吗?,2 CP,,2 second_person,2 CP,,2 second_person,NA,NA,1 polar_question,2 wh_question,NA,NA,1 polar_question,2 wh_question,0 no negation,0 no negation,NA
4082,zhidao,/NSCtoys/2/d12_2.cha,mother,MOT: 你不知道.,0 No,0 No,2 second_person,0 No,,2 second_person,NA,NA,0 declarative,,NA,NA,0 declarative,,2 不,2 不,NA
4083,zhidao,/NSCtoys/2/d12_3.cha,mother,MOT: 我不知道.,0 No,0 No,1 first_person,0 No,,1 first_person,NA,NA,0 declarative,,NA,NA,0 declarative,,2 不,2 不,NA
4084,zhidao,/NSCtoys/2/d12_3.cha,mother,MOT: 知道吗?,0 No,0 No,0 dropped,0 No,,0 dropped,NA,NA,1 polar_question,,NA,NA,1 polar_question,,0 no negation,0 no negation,NA
4085,zhidao,/NSCtoys/2/d12_3.cha,mother,MOT: 不知道.,0 No,0 No,0 dropped,0 No,,0 dropped,NA,NA,0 declarative,,NA,NA,0 declarative,,2 不,2 不,NA
4087,zhidao,/NSCtoys/2/d14_3.cha,mother,MOT: 我知道了.,0 No,0 No,1 first_person,0 No,,1 first_person,NA,NA,0 declarative,,NA,NA,0 declarative,,0 no negation,0 no negation,NA
4088,zhidao,/NSCtoys/2/d14_3.cha,mother,MOT: 我知道了.,0 No,0 No,1 first_person,0 No,,1 first_person,NA,NA,0 declarative,,NA,NA,0 declarative,,0 no negation,0 no negation,NA
4090,zhidao,/NSCtoys/2/d14_3.cha,mother,MOT: 我知道了.,0 No,0 No,1 first_person,0 No,,1 first_person,NA,NA,0 declarative,,NA,NA,0 declarative,,0 no negation,0 no negation,NA
4091,zhidao,/NSCtoys/2/d14_3.cha,mother,MOT: 这样知道他大概长哪里.,2 CP,,0 dropped,2 CP,,0 dropped,NA,NA,0 declarative,2 wh_question,NA,NA,0 declarative,2 wh_question,0 no negation,0 no negation,NA
4093,zhidao,/NSCtoys/2/d15_1.cha,mother,MOT: 啊我知道了.,0 No,0 No,1 first_person,0 No,,1 first_person,NA,NA,0 declarative,,NA,NA,0 declarative,,0 no negation,0 no negation,NA
4094,zhidao,/NSCtoys/2/d16_1.cha,mother,MOT: 你知道这是什么吗?,2 CP,,2 second_person,2 CP,,2 second_person,NA,NA,1 polar_question,2 wh_question,NA,NA,1 polar_question,2 wh_question,0 no negation,0 no negation,NA
4095,zhidao,/NSCtoys/2/d16_2.cha,mother,MOT: 你知道吗?,0 No,0 No,2 second_person,0 No,,2 second_person,NA,NA,1 polar_question,,NA,NA,1 polar_question,,0 no negation,0 no negation,NA
4096,zhidao,/NSCtoys/2/d17_2.cha,mother,MOT: 我知道这个怎么弄了.,2 CP,,1 first_person,2 CP,,1 first_person,NA,NA,0 declarative,2 wh_question,NA,NA,0 declarative,2 wh_question,0 no negation,0 no negation,NA
4097,zhidao,/NSCtoys/2/d17_2.cha,mother,MOT: 你看我知道这个要怎么玩了.,2 CP,,1 first_person,2 CP,,1 first_person,NA,NA,0 declarative,2 wh_question,NA,NA,0 declarative,2 wh_question,0 no negation,0 no negation,NA
4098,zhidao,/NSCtoys/2/d18_2.cha,mother,MOT: <我知道啊.,0 No,0 No,1 first_person,0 No,,1 first_person,NA,NA,0 declarative,,NA,NA,0 declarative,,0 no negation,0 no negation,NA
4099,zhidao,/NSCtoys/2/d18_3.cha,mother,MOT: 我知道啊.,0 No,0 No,1 first_person,0 No,,1 first_person,NA,NA,0 declarative,,NA,NA,0 declarative,,0 no negation,0 no negation,NA
4100,zhidao,/NSCtoys/2/d19_3.cha,mother,MOT: 啊我知道了.,0 No,0 No,1 first_person,0 No,,1 first_person,NA,NA,0 declarative,,NA,NA,0 declarative,,0 no negation,0 no negation,NA
4101,zhidao,/NSCtoys/2/d19_3.cha,mother,MOT: 我知道了.,0 No,0 No,1 first_person,0 No,,1 first_person,NA,NA,0 declarative,,NA,NA,0 declarative,,0 no negation,0 no negation,NA
4102,zhidao,/NSCtoys/2/d20_1.cha,mother,MOT: 我也不知道那是什么耶!,2 CP,,1 first_person,2 CP,,1 first_person,NA,NA,0 declarative,2 wh_question,NA,NA,0 declarative,2 wh_question,2 不,2 不,NA
4104,zhidao,/NSCtoys/2/d21_2.cha,mother,MOT: 这样怎么才知道啊.,0 No,0 No,0 dropped,0 No,,0 dropped,NA,NA,3 how/why,,NA,NA,3 how/why,,0 no negation,0 no negation,NA
4106,zhidao,/NSCtoys/4/a01_1.cha,mother,MOT: 啊不知道几个倒齁!,2 CP,,0 dropped,2 CP,,0 dropped,NA,NA,0 declarative,2 wh_question,NA,NA,0 declarative,2 wh_question,2 不,2 不,NA
4107,zhidao,/NSCtoys/4/a01_1.cha,mother,MOT: 不知道几个倒.,2 CP,,0 dropped,2 CP,,0 dropped,NA,NA,0 declarative,2 wh_question,NA,NA,0 declarative,2 wh_question,2 不,2 不,NA
4108,zhidao,/NSCtoys/4/a01_2.cha,mother,"MOT: 对欸,你怎么知道?",0 No,0 No,2 second_person,0 No,,2 second_person,NA,NA,3 how/why,,NA,NA,3 how/why,,0 no negation,0 no negation,NA
4109,zhidao,/NSCtoys/4/a01_2.cha,mother,MOT: 我也不知道他是夹什么的欸.,2 CP,,1 first_person,2 CP,,1 first_person,NA,NA,0 declarative,2 wh_question,NA,NA,0 declarative,2 wh_question,2 不,2 不,NA
4113,zhidao,/NSCtoys/4/a02_1.cha,mother,MOT: 不知道喔.,0 No,0 No,0 dropped,0 No,,0 dropped,NA,NA,0 declarative,,NA,NA,0 declarative,,2 不,2 不,NA
4117,zhidao,/NSCtoys/4/a02_1.cha,mother,MOT: 不知道喔.,0 No,0 No,0 dropped,0 No,,0 dropped,NA,NA,0 declarative,,NA,NA,0 declarative,,2 不,2 不,NA
4125,zhidao,/NSCtoys/4/a03_2.cha,mother,MOT: 不知道?,0 No,0 No,0 dropped,0 No,,0 dropped,NA,NA,1 polar_question,,NA,NA,1 polar_question,,2 不,2 不,NA
4127,zhidao,/NSCtoys/4/a03_2.cha,mother,MOT: 啊我知道了!,0 No,0 No,1 first_person,0 No,,1 first_person,NA,NA,0 declarative,,NA,NA,0 declarative,,0 no negation,0 no negation,NA
4130,zhidao,/NSCtoys/4/a04_1.cha,mother,MOT: 不知道?,0 No,0 No,0 dropped,0 No,,0 dropped,NA,NA,1 polar_question,,NA,NA,1 polar_question,,2 不,2 不,NA
4135,zhidao,/NSCtoys/4/a05_2.cha,mother,MOT: 那你知道怎么用吗?,2 CP,,2 second_person,2 CP,,2 second_person,NA,NA,1 polar_question,2 wh_question,NA,NA,1 polar_question,2 wh_question,0 no negation,0 no negation,NA
4137,zhidao,/NSCtoys/4/a05_2.cha,mother,MOT: 你知道吗?,0 No,0 No,2 second_person,0 No,,2 second_person,NA,NA,1 polar_question,,NA,NA,1 polar_question,,0 no negation,0 no negation,NA
4138,zhidao,/NSCtoys/4/a07_2.cha,mother,MOT: 你知道嗎?,0 No,0 No,2 second_person,0 No,,2 second_person,NA,NA,1 polar_question,,NA,NA,1 polar_question,,0 no negation,0 no negation,NA
4139,zhidao,/NSCtoys/4/a07_2.cha,mother,MOT: <你知道他們兩>[//]那你覺得他們兩個見面的時候會說什麼?,4 NP,2 NP,2 second_person,0 No,,2 second_person,NA,NA,0 declarative,,NA,NA,0 declarative,,0 no negation,0 no negation,NA
4144,zhidao,/NSCtoys/4/a09_1.cha,mother,"MOT: 没有[/]&=laughs没有量,你怎么知道我没有发烧?",2 CP,,2 second_person,2 CP,,2 second_person,NA,NA,3 how/why,0 declarative,NA,NA,3 how/why,0 declarative,0 no negation,0 no negation,NA
4146,zhidao,/NSCtoys/4/a09_1.cha,mother,"MOT: 真的你用看的,就知道我没有发烧喔?",2 CP,,0 dropped,2 CP,,0 dropped,NA,NA,0 declarative,0 declarative,NA,NA,1 polar_question,0 declarative,0 no negation,0 no negation,NA
4147,zhidao,/NSCtoys/4/a09_1.cha,mother,MOT: 我就知道我吃坏了喔?,2 CP,,1 first_person,2 CP,,1 first_person,NA,NA,0 declarative,0 declarative,NA,NA,1 polar_question,0 declarative,0 no negation,0 no negation,NA
4151,zhidao,/NSCtoys/4/a09_2.cha,mother,MOT: 不知道.,0 No,0 No,0 dropped,0 No,,0 dropped,NA,NA,0 declarative,,NA,NA,0 declarative,,2 不,2 不,NA
4153,zhidao,/NSCtoys/4/a10_1.cha,mother,MOT: 啊我知道了.,0 No,0 No,1 first_person,0 No,,1 first_person,NA,NA,0 declarative,,NA,NA,0 declarative,,0 no negation,0 no negation,NA
4156,zhidao,/NSCtoys/4/a10_1.cha,mother,MOT: 我知道了!,0 No,0 No,1 first_person,0 No,,1 first_person,NA,NA,0 declarative,,NA,NA,0 declarative,,0 no negation,0 no negation,NA
4157,zhidao,/NSCtoys/4/a10_2.cha,mother,MOT: 这样子才知道我总共有哪些积木可以玩.,2 CP,,0 dropped,2 CP,,0 dropped,NA,NA,0 declarative,2 wh_question,NA,NA,0 declarative,2 wh_question,0 no negation,0 no negation,NA
4158,zhidao,/NSCtoys/4/a10_2.cha,mother,MOT: 我不知道欸.,0 No,0 No,1 first_person,0 No,,1 first_person,NA,NA,0 declarative,,NA,NA,0 declarative,,2 不,2 不,NA
4160,zhidao,/NSCtoys/4/a10_2.cha,mother,MOT: 我知道!,0 No,0 No,1 first_person,0 No,,1 first_person,NA,NA,0 declarative,,NA,NA,0 declarative,,0 no negation,0 no negation,NA
4161,zhidao,/NSCtoys/4/a10_2.cha,mother,MOT: <我知道>[<].,0 No,0 No,1 first_person,0 No,,1 first_person,NA,NA,0 declarative,,NA,NA,0 declarative,,0 no negation,0 no negation,NA
4162,zhidao,/NSCtoys/4/a10_2.cha,mother,MOT: 等一下就知道了.,0 No,0 No,0 dropped,0 No,,0 dropped,NA,NA,0 declarative,,NA,NA,0 declarative,,0 no negation,0 no negation,NA
4163,zhidao,/NSCtoys/4/a10_2.cha,mother,MOT: 我才知道要怎么加工努力.,2 CP,,1 first_person,2 CP,,1 first_person,NA,NA,0 declarative,2 wh_question,NA,NA,0 declarative,2 wh_question,0 no negation,0 no negation,NA
4164,zhidao,/NSCtoys/4/a10_3.cha,mother,MOT: 就可以知道他的位子了.,4 NP,2 NP,0 dropped,0 No,,0 dropped,NA,NA,0 declarative,,NA,NA,0 declarative,,0 no negation,0 no negation,NA
4165,zhidao,/NSCtoys/4/a10_3.cha,mother,MOT: 你知道为什么吗?,2 CP,,2 second_person,2 CP,,2 second_person,NA,NA,1 polar_question,2 wh_question,NA,NA,1 polar_question,2 wh_question,0 no negation,0 no negation,NA
4166,zhidao,/NSCtoys/4/a11_1.cha,mother,MOT: 迪士尼在法国不知道有没有耶.,2 CP,,0 dropped,2 CP,,0 dropped,NA,NA,0 declarative,1 polar_question,NA,NA,0 declarative,1 polar_question,2 不,2 不,NA
4168,zhidao,/NSCtoys/4/a11_1.cha,mother,MOT: 不知道分钟喔.,4 NP,2 NP,0 dropped,0 No,,0 dropped,NA,NA,0 declarative,,NA,NA,0 declarative,,2 不,2 不,NA
4169,zhidao,/NSCtoys/4/a11_1.cha,mother,MOT: 我也不知道我几分钟可以完成.,2 CP,,1 first_person,2 CP,,1 first_person,NA,NA,0 declarative,2 wh_question,NA,NA,0 declarative,2 wh_question,2 不,2 不,NA
4170,zhidao,/NSCtoys/4/a12_1.cha,mother,MOT: 妈妈好想知道喔.,0 No,0 No,4 self_reference,0 No,,4 self_reference,NA,NA,0 declarative,,NA,NA,0 declarative,,0 no negation,0 no negation,NA
4171,zhidao,/NSCtoys/4/a12_2.cha,mother,MOT: 你知道要放哪里吗?,2 CP,,2 second_person,2 CP,,2 second_person,NA,NA,1 polar_question,2 wh_question,NA,NA,1 polar_question,2 wh_question,0 no negation,0 no negation,NA
4172,zhidao,/NSCtoys/4/a12_3.cha,mother,MOT: 不知道他能不能.,2 CP,,0 dropped,2 CP,,0 dropped,NA,NA,0 declarative,1 polar_question,NA,NA,0 declarative,1 polar_question,2 不,2 不,NA
4175,zhidao,/NSCtoys/4/a13_2.cha,mother,MOT: 不知道?,0 No,0 No,0 dropped,0 No,,0 dropped,NA,NA,1 polar_question,,NA,NA,1 polar_question,,2 不,2 不,NA
4177,zhidao,/NSCtoys/4/a13_2.cha,mother,"MOT: 不知道,你还放我嘴巴!",0 No,0 No,0 dropped,0 No,,0 dropped,NA,NA,0 declarative,,NA,NA,0 declarative,,2 不,2 不,NA
4179,zhidao,/NSCtoys/4/a13_3.cha,mother,"MOT: 你这样,你才看得<知道>[/]知道有什么东西.",2 CP,,2 second_person,2 CP,,0 dropped,NA,NA,0 declarative,2 wh_question,NA,NA,0 declarative,2 wh_question,0 no negation,0 no negation,NA
4180,zhidao,/NSCtoys/4/a13_3.cha,mother,MOT: 妈妈建议你把每一个拼图都翻起来才知道有什么.,2 CP,,0 dropped,2 CP,,0 dropped,NA,NA,0 declarative,2 wh_question,NA,NA,0 declarative,2 wh_question,0 no negation,0 no negation,NA
4181,zhidao,/NSCtoys/4/a13_3.cha,mother,"MOT: 对,你这样才知道有什么东西啊!",2 CP,,2 second_person,2 CP,,2 second_person,NA,NA,0 declarative,2 wh_question,NA,NA,0 declarative,2 wh_question,0 no negation,0 no negation,NA
4182,zhidao,/NSCtoys/4/a13_3.cha,mother,MOT: 这样子知不知道?,0 No,0 No,0 dropped,0 No,,0 dropped,NA,NA,4 tag_question,0 declarative,NA,NA,1 polar_question,,0 no negation,0 no negation,NA
4183,zhidao,/NSCtoys/4/a13_3.cha,mother,MOT: 你才知道有什么东西.,2 CP,,2 second_person,2 CP,,2 second_person,NA,NA,0 declarative,2 wh_question,NA,NA,0 declarative,2 wh_question,0 no negation,0 no negation,NA
4185,zhidao,/NSCtoys/4/a13_3.cha,mother,MOT: 蛤不知道?,0 No,0 No,3 third/NP,0 No,,0 dropped,NA,NA,1 polar_question,,NA,NA,1 polar_question,,2 不,2 不,NA
4186,zhidao,/NSCtoys/4/a13_3.cha,mother,"MOT: 那个这个,不知道在哪里.",2 CP,,0 dropped,2 CP,,0 dropped,NA,NA,0 declarative,2 wh_question,NA,NA,0 declarative,2 wh_question,2 不,2 不,NA
4187,zhidao,/NSCtoys/4/a14_2.cha,father,FAT: 你怎么知道是积木?,2 CP,,2 second_person,2 CP,,2 second_person,NA,NA,3 how/why,0 declarative,NA,NA,3 how/why,0 declarative,0 no negation,0 no negation,NA
4189,zhidao,/NSCtoys/4/a14_2.cha,father,FAT: 等一下就知道了喔!,0 No,0 No,0 dropped,0 No,,0 dropped,NA,NA,0 declarative,,NA,NA,0 declarative,,0 no negation,0 no negation,NA
4194,zhidao,/NSCtoys/4/a15_2.cha,father,FAT: 你就知道为什么会这样.,2 CP,,2 second_person,2 CP,,2 second_person,NA,NA,0 declarative,2 wh_question,NA,NA,0 declarative,2 wh_question,0 no negation,0 no negation,NA
4195,zhidao,/NSCtoys/4/a15_2.cha,father,FAT: 知道吗?,0 No,0 No,0 dropped,0 No,,0 dropped,NA,NA,1 polar_question,,NA,NA,1 polar_question,,0 no negation,0 no negation,NA
4199,zhidao,/NSCtoys/4/a15_3.cha,father,"FAT: <好>[/]好,<知道>[/]知道.",0 No,0 No,0 dropped,0 No,,0 dropped,NA,NA,0 declarative,,NA,NA,0 declarative,,0 no negation,0 no negation,NA
4199_b,zhidao,/NSCtoys/4/a15_3.cha,father,"FAT: <好>[/]好,<知道>[/]知道.",0 No,0 No,0 dropped,0 No,,0 dropped,NA,NA,0 declarative,,NA,NA,0 declarative,,0 no negation,0 no negation,NA
4206,zhidao,/NSCtoys/4/a17_2.cha,mother,MOT: 我就不知道小熊是怎么了啊!,2 CP,,1 first_person,2 CP,,1 first_person,NA,NA,0 declarative,2 wh_question,NA,NA,0 declarative,2 wh_question,2 不,2 不,NA
4208,zhidao,/NSCtoys/4/a17_2.cha,mother,MOT: 不知道喔!,0 No,0 No,0 dropped,0 No,,0 dropped,NA,NA,0 declarative,,NA,NA,0 declarative,,2 不,2 不,NA
4211,zhidao,/NSCtoys/4/a17_2.cha,mother,MOT: 不知道&=laughs.,0 No,0 No,0 dropped,0 No,,0 dropped,NA,NA,0 declarative,,NA,NA,0 declarative,,2 不,2 不,NA
4212,zhidao,/NSCtoys/4/a17_2.cha,mother,"MOT: 不知道,再想想办法.",0 No,0 No,0 dropped,0 No,,0 dropped,NA,NA,0 declarative,,NA,NA,0 declarative,,2 不,2 不,NA
4214,zhidao,/NSCtoys/4/a17_2.cha,mother,MOT: 你不知道&=laughs!,0 No,0 No,2 second_person,0 No,,2 second_person,NA,NA,0 declarative,,NA,NA,0 declarative,,2 不,2 不,NA
4215,zhidao,/NSCtoys/4/a17_2.cha,mother,MOT: 你是不知道怎么玩吗?,2 CP,,2 second_person,2 CP,,2 second_person,NA,NA,1 polar_question,2 wh_question,NA,NA,1 polar_question,2 wh_question,2 不,2 不,NA
4216,zhidao,/NSCtoys/4/a17_3.cha,mother,MOT: 你怎么知道那是小狗拼图?,2 CP,,2 second_person,2 CP,,2 second_person,NA,NA,3 how/why,0 declarative,NA,NA,3 how/why,0 declarative,0 no negation,0 no negation,NA
4217,zhidao,/NSCtoys/4/a17_3.cha,mother,MOT: 啊啊我知道了!,0 No,0 No,1 first_person,0 No,,1 first_person,NA,NA,0 declarative,,NA,NA,0 declarative,,0 no negation,0 no negation,NA
4218,zhidao,/NSCtoys/4/a20_1_2.cha,mother,MOT: 你知道他怎么了吗?,2 CP,,2 second_person,2 CP,,2 second_person,NA,NA,1 polar_question,2 wh_question,NA,NA,1 polar_question,2 wh_question,0 no negation,0 no negation,NA
4219,zhidao,/NSCtoys/4/a20_2.cha,mother,MOT: 你怎么知道要这样子拼?,2 CP,,2 second_person,2 CP,,2 second_person,NA,NA,3 how/why,0 declarative,NA,NA,3 how/why,0 declarative,0 no negation,0 no negation,NA
4220,zhidao,/NSCtoys/4/a20_2.cha,mother,MOT: 怎么知道要这样子拼?,2 CP,,0 dropped,0 No,,0 dropped,NA,NA,3 how/why,0 declarative,NA,NA,3 how/why,0 declarative,0 no negation,0 no negation,NA
4221,zhidao,/NSCtoys/4/a20_2.cha,mother,MOT: 你知道这个要怎么盖吗?,2 CP,,2 second_person,2 CP,,2 second_person,NA,NA,1 polar_question,2 wh_question,NA,NA,1 polar_question,2 wh_question,0 no negation,0 no negation,NA
4223,zhidao,/NSCtoys/4/a24_1.cha,father,FAT: 啊你知道红色的英文怎么念?,2 CP,,2 second_person,2 CP,,2 second_person,NA,NA,1 polar_question,2 wh_question,NA,NA,1 polar_question,2 wh_question,0 no negation,0 no negation,NA
4224,zhidao,/NSCtoys/4/a24_2.cha,father,"FAT: 这个,你一定知道!",0 No,0 No,2 second_person,0 No,,2 second_person,NA,NA,0 declarative,,NA,NA,0 declarative,,0 no negation,0 no negation,NA
4225,zhidao,/NSCtoys/4/a24_2.cha,father,"FAT: 这个,我也不知道是什么形.",2 CP,,1 first_person,2 CP,,1 first_person,NA,NA,0 declarative,2 wh_question,NA,NA,0 declarative,2 wh_question,2 不,2 不,NA
4227,zhidao,/NSCtoys/4/a26_1.cha,father,FAT: 不知道?,0 No,0 No,0 dropped,0 No,,0 dropped,NA,NA,1 polar_question,,NA,NA,1 polar_question,,2 不,2 不,NA
4229,zhidao,/NSCtoys/4/a26_1.cha,father,FAT: 不知道喔.,0 No,0 No,0 dropped,0 No,,0 dropped,NA,NA,0 declarative,,NA,NA,0 declarative,,2 不,2 不,NA
4236,zhidao,/NSCtoys/4/a27_2.cha,mother,MOT: 你<不知道>[>]/.,0 No,0 No,2 second_person,0 No,,2 second_person,NA,NA,0 declarative,,NA,NA,0 declarative,,2 不,2 不,NA
4239,zhidao,/NSCtoys/4/a28_1.cha,mother,MOT: 我知道.,0 No,0 No,1 first_person,0 No,,1 first_person,NA,NA,0 declarative,,NA,NA,0 declarative,,0 no negation,0 no negation,NA
4240,zhidao,/NSCtoys/4/a28_3.cha,mother,MOT: 你知道吗?,0 No,0 No,2 second_person,0 No,,2 second_person,NA,NA,1 polar_question,,NA,NA,1 polar_question,,0 no negation,0 no negation,NA
4241,zhidao,/NSCtoys/4/a28_3.cha,mother,MOT: 那是(.)不知道什么小鸟.,2 CP,,0 dropped,2 CP,,0 dropped,NA,NA,0 declarative,2 wh_question,NA,NA,0 declarative,2 wh_question,2 不,2 不,NA
4242,zhidao,/NSCtoys/4/a29_1.cha,mother,MOT: 你知道吗?,0 No,0 No,2 second_person,0 No,,2 second_person,NA,NA,1 polar_question,,NA,NA,1 polar_question,,0 no negation,0 no negation,NA
4243,zhidao,/NSCtoys/4/a29_1.cha,mother,MOT: 欸你知道现在剩几个吗?,2 CP,,2 second_person,2 CP,,2 second_person,NA,NA,1 polar_question,2 wh_question,NA,NA,1 polar_question,2 wh_question,0 no negation,0 no negation,NA
4244,zhidao,/NSCtoys/4/a29_2.cha,mother,MOT: 牠才知道你对牠干嘛.,2 CP,,3 third/NP,2 CP,,3 third/NP,NA,NA,0 declarative,2 wh_question,NA,NA,0 declarative,2 wh_question,0 no negation,0 no negation,NA
4246,zhidao,/NSCtoys/4/a30_2.cha,mother,MOT: 我也不知道耶.,0 No,0 No,1 first_person,0 No,,1 first_person,NA,NA,0 declarative,,NA,NA,0 declarative,,2 不,2 不,NA
4247,zhidao,/NSCtoys/4/a30_2.cha,mother,MOT: 你知道怎麼收嗎?,2 CP,,2 second_person,2 CP,,2 second_person,NA,NA,1 polar_question,2 wh_question,NA,NA,1 polar_question,2 wh_question,0 no negation,0 no negation,NA
4248,zhidao,/NSCtoys/4/a30_3.cha,mother,MOT: 這你都知道?,0 No,0 No,2 second_person,0 No,,2 second_person,NA,NA,1 polar_question,,NA,NA,1 polar_question,,0 no negation,0 no negation,NA
4251,zhidao,/NSCtoys/4/a31_3.cha,father,"FAT: 不知道的地方,先放着齁.",0 No,4 RC的,0 dropped,0 No,,0 dropped,NA,NA,0 declarative,,NA,NA,0 declarative,,2 不,2 不,NA
4252,zhidao,/NSCtoys/4/a31_3.cha,father,"FAT: 喔不知道是小狗还是猫的,是不是?",2 CP,,0 dropped,2 CP,,0 dropped,NA,NA,4 tag_question,1 polar_question,NA,NA,4 tag_question,0 declarative,2 不,2 不,NA
4254,zhidao,/NSCtoys/4/a31_3.cha,father,FAT: 你哪有知道.,0 No,0 No,2 second_person,0 No,,2 second_person,NA,NA,2 wh_question,,NA,NA,2 wh_question,,0 no negation,0 no negation,NA
4259,zhidao,/NSCtoys/4/a32_1.cha,mother,MOT: 你知道吗?,0 No,0 No,2 second_person,0 No,,2 second_person,NA,NA,1 polar_question,,NA,NA,1 polar_question,,0 no negation,0 no negation,NA
4260,zhidao,/NSCtoys/4/a32_1.cha,mother,MOT: 你知道牠是谁吗?,2 CP,,2 second_person,2 CP,,2 second_person,NA,NA,1 polar_question,2 wh_question,NA,NA,1 polar_question,2 wh_question,0 no negation,0 no negation,NA
4262,zhidao,/NSCtoys/4/a32_1.cha,mother,MOT: <知道啊>[<].,0 No,0 No,0 dropped,0 No,,0 dropped,NA,NA,0 declarative,,NA,NA,0 declarative,,0 no negation,0 no negation,NA
4267,zhidao,/NSCtoys/4/a32_3.cha,mother,MOT: 你知道这一只是什么吗?,2 CP,,2 second_person,2 CP,,2 second_person,NA,NA,1 polar_question,2 wh_question,NA,NA,1 polar_question,2 wh_question,0 no negation,0 no negation,NA
4268,zhidao,/NSCtoys/4/a32_3.cha,mother,MOT: 你知道吗?,0 No,0 No,2 second_person,0 No,,2 second_person,NA,NA,1 polar_question,,NA,NA,1 polar_question,,0 no negation,0 no negation,NA
4270,zhidao,/NSCtoys/4/a32_3.cha,mother,MOT: 知道吗?,0 No,0 No,0 dropped,0 No,,0 dropped,NA,NA,1 polar_question,,NA,NA,1 polar_question,,0 no negation,0 no negation,NA
4274,zhidao,/NSCtoys/4/a33_1.cha,mother,MOT: 知道嗎?,0 No,0 No,0 dropped,0 No,,0 dropped,NA,NA,1 polar_question,,NA,NA,1 polar_question,,0 no negation,0 no negation,NA
4275,zhidao,/NSCtoys/4/a33_1.cha,mother,MOT: 知道嗎?,0 No,0 No,0 dropped,0 No,,0 dropped,NA,NA,1 polar_question,,NA,NA,1 polar_question,,0 no negation,0 no negation,NA
4276,zhidao,/NSCtoys/4/a33_2.cha,mother,MOT: <你知道>[<]牠是誰嗎?,2 CP,,2 second_person,2 CP,,2 second_person,NA,NA,1 polar_question,2 wh_question,NA,NA,1 polar_question,2 wh_question,0 no negation,0 no negation,NA
4278,zhidao,/NSCtoys/4/a34_3.cha,mother,MOT: 才知道那個角角是放哪裡的.,2 CP,,0 dropped,2 CP,,0 dropped,NA,NA,0 declarative,2 wh_question,NA,NA,0 declarative,2 wh_question,0 no negation,0 no negation,NA
4279,zhidao,/NSCtoys/4/a35_2.cha,mother,MOT: <我就知道>[=!laughs]!,0 No,0 No,1 first_person,0 No,,1 first_person,NA,NA,0 declarative,,NA,NA,0 declarative,,0 no negation,0 no negation,NA
4280,zhidao,/NSCtoys/4/a36_1.cha,mother,MOT: 不知道有没有发烧.,2 CP,,0 dropped,2 CP,,0 dropped,NA,NA,0 declarative,1 polar_question,NA,NA,0 declarative,1 polar_question,2 不,2 不,NA
4281,zhidao,/NSCtoys/4/a36_3.cha,mother,MOT: 那你知道他们的英文怎么说吗?,2 CP,,2 second_person,2 CP,,2 second_person,NA,NA,1 polar_question,2 wh_question,NA,NA,1 polar_question,2 wh_question,0 no negation,0 no negation,NA
4282,zhidao,/NSCtoys/4/a37_1.cha,mother,MOT: 我不知道啊.,0 No,0 No,1 first_person,0 No,,1 first_person,NA,NA,0 declarative,,NA,NA,0 declarative,,2 不,2 不,NA
4283,zhidao,/NSCtoys/4/a37_2.cha,mother,"MOT: ""我不知道他们为什么让我看医生.",2 CP,,1 first_person,2 CP,,1 first_person,NA,NA,0 declarative,2 wh_question,NA,NA,0 declarative,2 wh_question,2 不,2 不,NA
4292,zhidao,/NSCtoys/4-6_1/f02_3.cha,mother,MOT: 那你要找找看才知道他在哪里讲话嗯.,2 CP,,0 dropped,2 CP,,0 dropped,NA,NA,0 declarative,2 wh_question,NA,NA,0 declarative,2 wh_question,0 no negation,0 no negation,NA
4294,zhidao,/NSCtoys/4-6_1/f02_3.cha,mother,"MOT: 好,因为你不知道.",0 No,0 No,2 second_person,0 No,,2 second_person,NA,NA,0 declarative,,NA,NA,0 declarative,,2 不,2 不,NA
4295,zhidao,/NSCtoys/4-6_1/f02_3.cha,mother,MOT: 你不知道的<先>[/]先别动.,0 No,0 No,2 second_person,0 No,,2 second_person,NA,NA,0 declarative,,NA,NA,0 declarative,,2 不,2 不,NA
4296,zhidao,/NSCtoys/4-6_1/f03_1.cha,mother,MOT: 我突然想到你知道嗎如果你的兩個三角形加在一起會變成一個什麼?,2 CP,,2 second_person,2 CP,,2 second_person,NA,NA,1 polar_question,,NA,NA,1 polar_question,2 wh_question,0 no negation,0 no negation,NA
4297,zhidao,/NSCtoys/4-6_1/f03_1.cha,mother,MOT: 哇他藏寶盒裡面藏了什麼東西我可以知道嗎?,0 No,0 No,1 first_person,0 No,,0 dropped,NA,NA,1 polar_question,,NA,NA,1 polar_question,2 wh_question,0 no negation,0 no negation,NA
4299,zhidao,/NSCtoys/4-6_1/f03_2.cha,mother,MOT: 好我可以知道你是小豬妹妹嗎?,2 CP,,1 first_person,2 CP,,1 first_person,NA,NA,1 polar_question,0 declarative,NA,NA,1 polar_question,0 declarative,0 no negation,0 no negation,NA
4300,zhidao,/NSCtoys/4-6_1/f04_2.cha,father,FAT: 嗯你知道有什麼是城堡的故事嗎?,2 CP,,2 second_person,2 CP,,2 second_person,NA,NA,1 polar_question,2 wh_question,NA,NA,1 polar_question,2 wh_question,0 no negation,0 no negation,NA
4301,zhidao,/NSCtoys/4-6_1/f04_2.cha,father,FAT: 我知道我知道.,0 No,0 No,1 first_person,0 No,,1 first_person,NA,NA,0 declarative,,NA,NA,0 declarative,,0 no negation,0 no negation,NA
4305,zhidao,/NSCtoys/4-6_1/f05_1.cha,mother,MOT: 你知道喔!,0 No,0 No,2 second_person,0 No,,2 second_person,NA,NA,0 declarative,,NA,NA,0 declarative,,0 no negation,0 no negation,NA
4307,zhidao,/NSCtoys/4-6_1/f05_1.cha,mother,MOT: 孩名知道这是什么形状吗?,2 CP,,3 third/NP,2 CP,,3 third/NP,NA,NA,1 polar_question,2 wh_question,NA,NA,1 polar_question,2 wh_question,0 no negation,0 no negation,NA
4308,zhidao,/NSCtoys/4-6_1/f05_1.cha,mother,MOT: 不太知道那是什么形.,2 CP,,0 dropped,2 CP,,0 dropped,NA,NA,0 declarative,2 wh_question,NA,NA,0 declarative,2 wh_question,,0 no negation,NA
4309,zhidao,/NSCtoys/4-6_1/f05_1.cha,mother,MOT: 我知道这可以这样放.,2 CP,,1 first_person,2 CP,,1 first_person,NA,NA,0 declarative,0 declarative,NA,NA,0 declarative,0 declarative,0 no negation,0 no negation,NA
4310,zhidao,/NSCtoys/4-6_1/f05_2.cha,mother,MOT: 你知道吗?,0 No,0 No,2 second_person,0 No,,2 second_person,NA,NA,1 polar_question,,NA,NA,1 polar_question,,0 no negation,0 no negation,NA
4311,zhidao,/NSCtoys/4-6_1/f05_2.cha,mother,MOT: 你知道肠病毒吗?,2 CP,,2 second_person,0 No,,2 second_person,NA,NA,1 polar_question,0 declarative,NA,NA,1 polar_question,,0 no negation,0 no negation,NA
4312,zhidao,/NSCtoys/4-6_1/f05_2.cha,mother,MOT: 你知道我们平常的体温大概三十六度.,2 CP,,2 second_person,2 CP,,2 second_person,NA,NA,0 declarative,0 declarative,NA,NA,0 declarative,0 declarative,0 no negation,0 no negation,NA
4314,zhidao,/NSCtoys/4-6_1/f05_2.cha,mother,MOT: 那他怎么知道我是谁?,2 CP,,3 third/NP,2 CP,,3 third/NP,NA,NA,3 how/why,2 wh_question,NA,NA,3 how/why,2 wh_question,0 no negation,0 no negation,NA
4315,zhidao,/NSCtoys/4-6_1/f05_2.cha,mother,MOT: 他知道.,0 No,0 No,3 third/NP,0 No,,3 third/NP,NA,NA,0 declarative,,NA,NA,0 declarative,,0 no negation,0 no negation,NA
4317,zhidao,/NSCtoys/4-6_1/f05_2.cha,mother,MOT: 不知道喔.,0 No,0 No,0 dropped,0 No,,0 dropped,NA,NA,0 declarative,,NA,NA,0 declarative,,2 不,2 不,NA
4318,zhidao,/NSCtoys/4-6_1/f05_2.cha,mother,"MOT: 好,那我知道了.",0 No,0 No,1 first_person,0 No,,1 first_person,NA,NA,0 declarative,,NA,NA,0 declarative,,0 no negation,0 no negation,NA
4321,zhidao,/NSCtoys/4-6_1/f05_3.cha,mother,MOT: 你知道.,0 No,0 No,2 second_person,0 No,,2 second_person,NA,NA,0 declarative,,NA,NA,0 declarative,,0 no negation,0 no negation,NA
4323,zhidao,/NSCtoys/4-6_1/f05_3.cha,mother,MOT: 你怎么知道?,0 No,0 No,2 second_person,0 No,,2 second_person,NA,NA,3 how/why,,NA,NA,3 how/why,,0 no negation,0 no negation,NA
4325,zhidao,/NSCtoys/4-6_1/f07_3.cha,mother,MOT: 不知道狗狗在哪裡.,2 CP,,0 dropped,2 CP,,0 dropped,NA,NA,0 declarative,2 wh_question,NA,NA,0 declarative,2 wh_question,2 不,2 不,NA
4327,zhidao,/NSCtoys/4-6_1/f07_3.cha,mother,MOT: 鳥哇又不知道.,0 No,0 No,3 third/NP,0 No,,3 third/NP,NA,NA,0 declarative,,NA,NA,0 declarative,,2 不,2 不,NA
4334,zhidao,/NSCtoys/4-6_1/f09_3.cha,mother,MOT: 喔你也不知道喔.,0 No,0 No,2 second_person,0 No,,2 second_person,NA,NA,0 declarative,,NA,NA,0 declarative,,2 不,2 不,NA
4336,zhidao,/NSCtoys/4-6_1/f09_3.cha,mother,MOT: 你不知道你覺得呢?,0 No,0 No,2 second_person,0 No,,2 second_person,NA,NA,1 polar_question,,NA,NA,0 declarative,2 wh_question,2 不,2 不,NA
4337,zhidao,/NSCtoys/4-6_1/f09_3.cha,mother,MOT: 可是我不知道他想做什麼我以為你知道你可以告訴我.,2 CP,,1 first_person,2 CP,,1 first_person,NA,NA,0 declarative,2 wh_question,NA,NA,0 declarative,2 wh_question,2 不,2 不,NA
4337_b,zhidao,/NSCtoys/4-6_1/f09_3.cha,mother,MOT: 可是我不知道他想做什麼我以為你知道你可以告訴我.,2 CP,,2 second_person,2 CP,,2 second_person,NA,NA,,,NA,NA,0 declarative,,2 不,2 不,NA
4341,zhidao,/NSCtoys/4-6_1/f10_1.cha,mother,MOT: 喔這樣子喔我知道了謝謝醫生叔叔.,0 No,0 No,1 first_person,0 No,,1 first_person,NA,NA,0 declarative,,NA,NA,0 declarative,,0 no negation,0 no negation,NA
4342,zhidao,/NSCtoys/4-6_1/f10_1.cha,mother,MOT: 啊原來是這樣啊好我知道了.,0 No,0 No,1 first_person,0 No,,1 first_person,NA,NA,0 declarative,,NA,NA,0 declarative,,0 no negation,0 no negation,NA
4343,zhidao,/NSCtoys/4-6_1/f10_1.cha,mother,MOT: 你怎麼知道他沒有發燒呢?,2 CP,,2 second_person,2 CP,,2 second_person,NA,NA,3 how/why,0 declarative,NA,NA,3 how/why,0 declarative,0 no negation,0 no negation,NA
4345,zhidao,/NSCtoys/4-6_1/f11_1.cha,mother,MOT: 你知道欸.,0 No,0 No,2 second_person,0 No,,2 second_person,NA,NA,0 declarative,,NA,NA,0 declarative,,0 no negation,0 no negation,NA
4346,zhidao,/NSCtoys/4-6_1/f11_1.cha,mother,MOT: 那你一定不知道.,0 No,0 No,2 second_person,0 No,,2 second_person,NA,NA,0 declarative,,NA,NA,0 declarative,,2 不,2 不,NA
4347,zhidao,/NSCtoys/4-6_1/f11_1.cha,mother,MOT: 這樣你以後就知道了對不對?,0 No,0 No,2 second_person,0 No,,2 second_person,NA,NA,4 tag_question,0 declarative,NA,NA,4 tag_question,0 declarative,0 no negation,0 no negation,NA
4349,zhidao,/NSCtoys/4-6_1/f11_3.cha,mother,MOT: 我知道這是哪裡了你先...,2 CP,,1 first_person,2 CP,,1 first_person,NA,NA,0 declarative,2 wh_question,NA,NA,0 declarative,2 wh_question,0 no negation,0 no negation,NA
4350,zhidao,/NSCtoys/4-6_1/f11_3.cha,mother,MOT: 這簡單這你知道在哪裡了吧.,2 CP,,2 second_person,2 CP,,2 second_person,NA,NA,0 declarative,2 wh_question,NA,NA,0 declarative,2 wh_question,0 no negation,0 no negation,NA
4351,zhidao,/NSCtoys/4-6_1/f11_3.cha,mother,MOT: 那你現在知道他他是不是貓咪尾巴?,2 CP,,2 second_person,0 No,,2 second_person,NA,NA,1 polar_question,1 polar_question,NA,NA,1 polar_question,0 declarative,0 no negation,0 no negation,NA
4352,zhidao,/NSCtoys/4-6_1/f13_1.cha,mother,MOT: 我才知道.,0 No,0 No,1 first_person,0 No,,1 first_person,NA,NA,0 declarative,,NA,NA,0 declarative,,0 no negation,0 no negation,NA
4353,zhidao,/NSCtoys/4-6_1/f13_3.cha,mother,MOT: <我知道>[/]我知道.,0 No,0 No,1 first_person,0 No,,1 first_person,NA,NA,0 declarative,,NA,NA,0 declarative,,0 no negation,0 no negation,NA
4353_b,zhidao,/NSCtoys/4-6_1/f13_3.cha,mother,MOT: <我知道>[/]我知道.,0 No,0 No,1 first_person,0 No,,,NA,NA,0 declarative,,NA,NA,0 declarative,,0 no negation,0 no negation,NA
4354,zhidao,/NSCtoys/4-6_1/f13_3.cha,mother,MOT: 我知道了啦.,0 No,0 No,1 first_person,0 No,,1 first_person,NA,NA,0 declarative,,NA,NA,0 declarative,,0 no negation,0 no negation,NA
4355,zhidao,/NSCtoys/4-6_1/f13_3.cha,mother,MOT: <啊这[//]我知道了这样>[=Taiwanese].,2 CP,,1 first_person,0 No,,1 first_person,NA,NA,0 declarative,0 declarative,NA,NA,0 declarative,0 declarative,0 no negation,0 no negation,NA
4356,zhidao,/NSCtoys/4-6_1/f13_3.cha,mother,MOT: 我知道了啦.,0 No,0 No,1 first_person,0 No,,1 first_person,NA,NA,0 declarative,,NA,NA,0 declarative,,0 no negation,0 no negation,NA
4357,zhidao,/NSCtoys/4-6_1/f13_3.cha,mother,MOT: 我知道啦.,0 No,0 No,1 first_person,0 No,,1 first_person,NA,NA,0 declarative,,NA,NA,0 declarative,,0 no negation,0 no negation,NA
4358,zhidao,/NSCtoys/4-6_1/f13_3.cha,mother,MOT: 你也知道在那里.,2 CP,,2 second_person,2 CP,,2 second_person,NA,NA,0 declarative,0 declarative,NA,NA,0 declarative,2 wh_question,0 no negation,0 no negation,NA
4359,zhidao,/NSCtoys/4-6_2/a02_1.cha,mother,"MOT: ""但是小医生,你知道吗?",0 No,0 No,2 second_person,0 No,,2 second_person,NA,NA,1 polar_question,,NA,NA,1 polar_question,,0 no negation,0 no negation,NA
4360,zhidao,/NSCtoys/4-6_2/a02_2.cha,mother,MOT: 我知道.,0 No,0 No,1 first_person,0 No,,1 first_person,NA,NA,0 declarative,,NA,NA,0 declarative,,0 no negation,0 no negation,NA
4362,zhidao,/NSCtoys/4-6_2/a02_3.cha,mother,MOT: 你不用数就知道啰?,0 No,0 No,0 dropped,0 No,,0 dropped,NA,NA,1 polar_question,,NA,NA,1 polar_question,,0 no negation,0 no negation,NA
4363,zhidao,/NSCtoys/4-6_2/a02_3.cha,mother,MOT: 因为戴项链我们才知道谁是谁呀.,2 CP,,1 first_person,2 CP,,1 first_person,NA,NA,0 declarative,2 wh_question,NA,NA,0 declarative,2 wh_question,0 no negation,0 no negation,NA
4364,zhidao,/NSCtoys/4-6_2/a02_3.cha,mother,"MOT: 然后人家就知道他来了,对不对?",2 CP,,3 third/NP,2 CP,,3 third/NP,NA,NA,4 tag_question,0 declarative,NA,NA,4 tag_question,0 declarative,0 no negation,0 no negation,NA
4365,zhidao,/NSCtoys/4-6_2/a02_3.cha,mother,MOT: 那都知道他来的时候.,2 CP,,0 dropped,2 CP,,0 dropped,NA,NA,0 declarative,,NA,NA,0 declarative,,0 no negation,0 no negation,NA
4366,zhidao,/NSCtoys/4-6_2/a03_1.cha,mother,MOT: 圆柱体该知道吧?,0 No,0 No,0 dropped,0 No,,0 dropped,NA,NA,1 polar_question,,NA,NA,1 polar_question,,0 no negation,0 no negation,NA
4369,zhidao,/NSCtoys/4-6_2/a03_3.cha,mother,MOT: 你为什么知道?,0 No,0 No,2 second_person,0 No,,2 second_person,NA,NA,3 how/why,,NA,NA,3 how/why,,0 no negation,0 no negation,NA
4370,zhidao,/NSCtoys/4-6_2/a03_3.cha,mother,MOT: 你拼拼看就知道.,0 No,0 No,0 dropped,0 No,,0 dropped,NA,NA,0 declarative,,NA,NA,0 declarative,,0 no negation,0 no negation,NA
4377,zhidao,/NSCtoys/4-6_2/a04_3.cha,mother,"MOT: 这个,你知道了?",0 No,0 No,2 second_person,0 No,,2 second_person,NA,NA,0 declarative,,NA,NA,1 polar_question,,0 no negation,0 no negation,NA
4379,zhidao,/NSCtoys/4-6_2/a04_3.cha,mother,MOT: 你知道吗?,0 No,0 No,2 second_person,0 No,,2 second_person,NA,NA,1 polar_question,,NA,NA,1 polar_question,,0 no negation,0 no negation,NA
4382,zhidao,/NSCtoys/4-6_2/a06_1.cha,mother,MOT: 我不知道.,0 No,0 No,1 first_person,0 No,,1 first_person,NA,NA,0 declarative,,NA,NA,0 declarative,,2 不,2 不,NA
4385,zhidao,/NSCtoys/4-6_2/a06_1.cha,mother,MOT: 我也不知道耶.,0 No,0 No,1 first_person,0 No,,1 first_person,NA,NA,0 declarative,,NA,NA,0 declarative,,2 不,2 不,NA
4386,zhidao,/NSCtoys/4-6_2/a06_3.cha,mother,MOT: 要拼出来才知道是几只动物?,2 CP,,0 dropped,2 CP,,0 dropped,NA,NA,1 polar_question,2 wh_question,NA,NA,0 declarative,2 wh_question,0 no negation,0 no negation,NA
4387,zhidao,/NSCtoys/4-6_2/a06_3.cha,mother,MOT: 我也不知道.,0 No,0 No,1 first_person,0 No,,1 first_person,NA,NA,0 declarative,,NA,NA,0 declarative,,2 不,2 不,NA
4388,zhidao,/NSCtoys/4-6_2/a06_3.cha,mother,MOT: 我不知道耶你要找/.,2 CP,,1 first_person,2 CP,,1 first_person,NA,NA,0 declarative,,NA,NA,0 declarative,,2 不,2 不,NA
4389,zhidao,/NSCtoys/4-6_2/a09_1.cha,mother,MOT: 不知道.,0 No,0 No,0 dropped,0 No,,0 dropped,NA,NA,0 declarative,,NA,NA,0 declarative,,2 不,2 不,NA
4391,zhidao,/NSCtoys/4-6_2/a09_1.cha,mother,MOT: 不知道.,0 No,0 No,0 dropped,0 No,,0 dropped,NA,NA,0 declarative,,NA,NA,0 declarative,,2 不,2 不,NA
4393,zhidao,/NSCtoys/4-6_2/a09_2.cha,mother,MOT: 你知道啊.,0 No,0 No,2 second_person,0 No,,2 second_person,NA,NA,0 declarative,,NA,NA,0 declarative,,0 no negation,0 no negation,NA
4395,zhidao,/NSCtoys/4-6_2/a09_2.cha,mother,MOT: 你知道你看这里破了.,2 CP,,2 second_person,0 No,,2 second_person,NA,NA,0 declarative,0 declarative,NA,NA,0 declarative,,0 no negation,0 no negation,NA
4396,zhidao,/NSCtoys/4-6_2/a09_2.cha,mother,MOT: 不知道.,0 No,0 No,0 dropped,0 No,,0 dropped,NA,NA,0 declarative,,NA,NA,0 declarative,,2 不,2 不,NA
4397,zhidao,/NSCtoys/4-6_2/a09_2.cha,mother,"MOT: 你没有量,怎么知道有没有发烧?",2 CP,,0 dropped,2 CP,,0 dropped,NA,NA,3 how/why,1 polar_question,NA,NA,3 how/why,0 declarative,0 no negation,0 no negation,NA
4399,zhidao,/NSCtoys/4-6_2/a09_2.cha,mother,MOT: 不知道.,0 No,0 No,0 dropped,0 No,,0 dropped,NA,NA,0 declarative,,NA,NA,0 declarative,,2 不,2 不,NA
4400,zhidao,/NSCtoys/4-6_2/a10_1.cha,father,FAT: 你知道吗?,0 No,0 No,2 second_person,0 No,,2 second_person,NA,NA,1 polar_question,,NA,NA,1 polar_question,,0 no negation,0 no negation,NA
4401,zhidao,/NSCtoys/4-6_2/a10_1.cha,father,FAT: 你怎么知道?,0 No,0 No,2 second_person,0 No,,2 second_person,NA,NA,3 how/why,,NA,NA,2 wh_question,,0 no negation,0 no negation,NA
4403,zhidao,/NSCtoys/4-6_2/a10_1.cha,father,FAT: 你不知道?,0 No,0 No,2 second_person,0 No,,2 second_person,NA,NA,1 polar_question,,NA,NA,1 polar_question,,2 不,2 不,NA
4409,zhidao,/NSCtoys/4-6_2/a10_2.cha,father,FAT: 你最好本来就知道.,0 No,0 No,0 dropped,0 No,,2 second_person,NA,NA,0 declarative,,NA,NA,0 declarative,,0 no negation,0 no negation,NA
4411,zhidao,/NSCtoys/4-6_2/a10_2.cha,father,FAT: 你又知道?,0 No,0 No,2 second_person,0 No,,2 second_person,NA,NA,1 polar_question,,NA,NA,1 polar_question,,0 no negation,0 no negation,NA
4415,zhidao,/NSCtoys/4-6_2/a12_1.cha,mother,"MOT: Dora,你怎么知道Dora?",4 NP,2 NP,2 second_person,0 No,,2 second_person,NA,NA,3 how/why,,NA,NA,3 how/why,,0 no negation,0 no negation,NA
4416,zhidao,/NSCtoys/4-6_2/a12_1.cha,mother,MOT: 那你怎么知道他是夹心脏?,2 CP,,2 second_person,2 CP,,2 second_person,NA,NA,3 how/why,0 declarative,NA,NA,3 how/why,0 declarative,0 no negation,0 no negation,NA
4417,zhidao,/NSCtoys/4-6_2/a12_1.cha,mother,MOT: 那你知道心脏有多大吗?,2 CP,,2 second_person,2 CP,,2 second_person,NA,NA,1 polar_question,2 wh_question,NA,NA,1 polar_question,2 wh_question,0 no negation,0 no negation,NA
4422,zhidao,/NSCtoys/4-6_2/a12_3.cha,mother,"MOT: 拼图就是你现在知道哪一面要拼哪里,你就慢慢拼.",2 CP,,2 second_person,2 CP,,2 second_person,NA,NA,0 declarative,2 wh_question,NA,NA,0 declarative,2 wh_question,0 no negation,0 no negation,NA
4424,zhidao,/NSCtoys/4-6_2/a12_3.cha,mother,MOT: 然后你就越来越知道每一片要放哪里.,2 CP,,2 second_person,2 CP,,2 second_person,NA,NA,0 declarative,2 wh_question,NA,NA,0 declarative,2 wh_question,0 no negation,0 no negation,NA
4425,zhidao,/NSCtoys/4-6_2/a12_3.cha,mother,MOT: 那你先找你知道位置的.,4 NP,2 NP,2 second_person,0 No,,2 second_person,NA,NA,0 declarative,,NA,NA,0 declarative,,0 no negation,0 no negation,NA
4426,zhidao,/NSCtoys/4-6_2/a13_2.cha,mother,"MOT: ""<我要知道换你>[>]/.",2 CP,,1 first_person,2 CP,,1 first_person,NA,NA,0 declarative,0 declarative,NA,NA,0 declarative,,0 no negation,0 no negation,NA
4431,zhidao,/NSCtoys/4-6_2/a16_3.cha,father,"FAT: 我也不知道他是哪一边的,对不对?",2 CP,,1 first_person,2 CP,,1 first_person,NA,NA,4 tag_question,2 wh_question,NA,NA,4 tag_question,0 declarative,2 不,2 不,NA
4432,zhidao,/NSCtoys/4-6_2/a16_3.cha,father,FAT: 我也不知道.,0 No,0 No,1 first_person,0 No,,1 first_person,NA,NA,0 declarative,,NA,NA,0 declarative,,2 不,2 不,NA
4437,zhidao,/NSCtoys/4-6_2/a26_1.cha,mother,MOT: 不知道喔?,0 No,0 No,0 dropped,0 No,,0 dropped,NA,NA,1 polar_question,,NA,NA,1 polar_question,,2 不,2 不,NA
4439,zhidao,/NSCtoys/4-6_2/a26_2.cha,mother,MOT: 你拼完我就知道了.,0 No,0 No,1 first_person,0 No,,1 first_person,NA,NA,0 declarative,,NA,NA,0 declarative,,0 no negation,0 no negation,NA
4443,zhidao,/NSCtoys/4-6_2/a26_3.cha,mother,MOT: 你知道了.,0 No,0 No,2 second_person,0 No,,2 second_person,NA,NA,0 declarative,,NA,NA,0 declarative,,0 no negation,0 no negation,NA
4444,zhidao,/NSCtoys/4-6_2/a27_1.cha,mother,MOT: 你知道他為什麼比較難嗎?,2 CP,,2 second_person,2 CP,,2 second_person,NA,NA,1 polar_question,2 wh_question,NA,NA,1 polar_question,2 wh_question,0 no negation,0 no negation,NA
4446,zhidao,/NSCtoys/4-6_2/a27_2.cha,mother,MOT: 話說我們玩醫生遊戲<從來不知道>[//]我們好像都沒有去認識醫生遊戲的名字欸對不對?,0 No,0 No,0 dropped,0 No,,0 dropped,NA,NA,0 declarative,,NA,NA,0 declarative,,2 不,2 不,NA
4448,zhidao,/NSCtoys/4-6_2/a27_2.cha,mother,MOT: 這叫什麼我也不知道.,0 No,0 No,1 first_person,0 No,,1 first_person,NA,NA,0 declarative,2 wh_question,NA,NA,0 declarative,2 wh_question,2 不,2 不,NA
4450,zhidao,/NSCtoys/4-6_2/a27_3.cha,mother,MOT: 你知道這種bird叫什麼名字嗎?,2 CP,,2 second_person,2 CP,,2 second_person,NA,NA,1 polar_question,2 wh_question,NA,NA,1 polar_question,2 wh_question,0 no negation,0 no negation,NA
4452,zhidao,/NSCtoys/4-6_2/a28_1.cha,mother,MOT: 醫生你也不知道喔.,0 No,0 No,2 second_person,0 No,,2 second_person,NA,NA,0 declarative,,NA,NA,0 declarative,,2 不,2 不,NA
4454,zhidao,/NSCtoys/4-6_2/a28_2.cha,mother,MOT: 你知道什麼時候透明的城堡會特別漂亮嗎?,2 CP,,2 second_person,2 CP,,2 second_person,NA,NA,1 polar_question,2 wh_question,NA,NA,1 polar_question,2 wh_question,0 no negation,0 no negation,NA
4455,zhidao,/NSCtoys/4-6_2/a28_2.cha,mother,MOT: 我知道了.,0 No,0 No,1 first_person,0 No,,1 first_person,NA,NA,0 declarative,,NA,NA,0 declarative,,0 no negation,0 no negation,NA
4456,zhidao,/NSCtoys/4-6_2/a28_3.cha,mother,MOT: Parrotparrot中文是什麼你知道嗎?,0 No,0 No,2 second_person,0 No,,2 second_person,NA,NA,1 polar_question,2 wh_question,NA,NA,1 polar_question,2 wh_question,0 no negation,0 no negation,NA
4458,zhidao,/NSCtoys/4-6_2/a28_3.cha,mother,MOT: 然後下一個小朋友就一看就知道是這樣子排啊.,2 CP,,0 dropped,2 CP,,0 dropped,NA,NA,0 declarative,0 declarative,NA,NA,0 declarative,0 declarative,0 no negation,0 no negation,NA
4461,zhidao,/NSCtoys/4-6_2/a29_3.cha,mother,MOT: 那如果還不知道先擺旁邊沒關係啊.,2 CP,,0 dropped,0 No,,0 dropped,NA,NA,0 declarative,,NA,NA,0 declarative,,2 不,2 不,NA
4462,zhidao,/NSCtoys/4-6_2/a29_3.cha,mother,MOT: 如果還不知道的可以先放旁邊.,0 No,4 RC的,0 dropped,0 No,,0 dropped,NA,NA,0 declarative,,NA,NA,0 declarative,,2 不,2 不,NA
4463,zhidao,/NSCtoys/4-6_2/a29_3.cha,mother,MOT: 這個會不會等一下知道是什麼啊?,2 CP,,0 dropped,2 CP,,0 dropped,NA,NA,1 polar_question,2 wh_question,NA,NA,1 polar_question,0 declarative,0 no negation,0 no negation,NA
4465,zhidao,/NSCtoys/4-6_2/a29_3.cha,mother,MOT: 這樣就知道了.,0 No,0 No,0 dropped,2 CP,,0 dropped,NA,NA,0 declarative,,NA,NA,0 declarative,,0 no negation,0 no negation,NA
4467,zhidao,/NSCtoys/4-6_2/a29_3.cha,mother,MOT: 一看也知道.,0 No,0 No,0 dropped,0 No,,0 dropped,NA,NA,0 declarative,,NA,NA,0 declarative,,0 no negation,0 no negation,NA
4468,zhidao,/NSCtoys/4-6_2/a30_2.cha,father,FAT: 不然我怎麼知道怎麼辦.,2 CP,,1 first_person,2 CP,,1 first_person,NA,NA,3 how/why,2 wh_question,NA,NA,3 how/why,2 wh_question,0 no negation,0 no negation,NA
4469,zhidao,/NSCtoys/4-6_2/a30_2.cha,father,FAT: 我知道.,0 No,0 No,1 first_person,0 No,,1 first_person,NA,NA,0 declarative,,NA,NA,0 declarative,,0 no negation,0 no negation,NA
4471,zhidao,/NSCtoys/4-6_2/a31_2.cha,father,FAT: 哦你知道這<是>[/]是打針的喔!,2 CP,,2 second_person,2 CP,,2 second_person,NA,NA,0 declarative,0 declarative,NA,NA,0 declarative,0 declarative,0 no negation,0 no negation,NA
4476,zhidao,/NSCtoys/4-6_2/a34_1.cha,mother,MOT: 啊<我知道了>[/]我知道了.,0 No,0 No,1 first_person,0 No,,1 first_person,NA,NA,0 declarative,,NA,NA,0 declarative,,0 no negation,0 no negation,NA
4476_b,zhidao,/NSCtoys/4-6_2/a34_1.cha,mother,MOT: 啊<我知道了>[/]我知道了.,0 No,0 No,1 first_person,0 No,,1 first_person,NA,NA,0 declarative,,NA,NA,0 declarative,,0 no negation,0 no negation,NA
4478,zhidao,/NSCtoys/4-6_2/a37_3.cha,mother,MOT: 不知道怎麽開始是不是?,2 CP,,0 dropped,2 CP,,0 dropped,NA,NA,4 tag_question,2 wh_question,NA,NA,4 tag_question,0 declarative,2 不,2 不,NA
4492,zhidao,/NSCtoys/5-6_1/g01_1.cha,mother,MOT: 不知道.,0 No,0 No,0 dropped,0 No,,0 dropped,NA,NA,0 declarative,,NA,NA,0 declarative,,2 不,2 不,NA
4499,zhidao,/NSCtoys/5-6_1/g01_2.cha,mother,MOT: 不知道.,0 No,0 No,0 dropped,0 No,,0 dropped,NA,NA,0 declarative,,NA,NA,0 declarative,,2 不,2 不,NA
4500,zhidao,/NSCtoys/5-6_1/g01_2.cha,mother,MOT: 你今天不知道.,0 No,0 No,2 second_person,0 No,,2 second_person,NA,NA,0 declarative,,NA,NA,0 declarative,,2 不,2 不,NA
4502,zhidao,/NSCtoys/5-6_1/g01_2.cha,mother,MOT: 不知道喔那有盪鞦韆嗎?,0 No,0 No,0 dropped,2 CP,,0 dropped,NA,NA,1 polar_question,0 declarative,NA,NA,0 declarative,,2 不,2 不,NA
4507,zhidao,/NSCtoys/5-6_1/g02_1.cha,mother,MOT: 不知道喔.,0 No,0 No,0 dropped,0 No,,0 dropped,NA,NA,0 declarative,,NA,NA,0 declarative,,2 不,2 不,NA
4512,zhidao,/NSCtoys/5-6_1/g03_1.cha,mother,MOT: 介绍一下给妈妈知道.,0 No,0 No,4 self_reference,0 No,,4 self_reference,NA,NA,0 declarative,,NA,NA,0 declarative,,0 no negation,0 no negation,NA
4513,zhidao,/NSCtoys/5-6_1/g03_3.cha,mother,"MOT: okay,我知道了.",0 No,0 No,1 first_person,0 No,,1 first_person,NA,NA,0 declarative,,NA,NA,0 declarative,,0 no negation,0 no negation,NA
4515,zhidao,/NSCtoys/5-6_1/g03_3.cha,mother,MOT: 你不知道是不是在这.,2 CP,,2 second_person,2 CP,,2 second_person,NA,NA,0 declarative,1 polar_question,NA,NA,0 declarative,1 polar_question,2 不,2 不,NA
4516,zhidao,/NSCtoys/5-6_1/g03_3.cha,mother,MOT: 我不知道是不是欸.,2 CP,,1 first_person,2 CP,,1 first_person,NA,NA,0 declarative,1 polar_question,NA,NA,0 declarative,1 polar_question,2 不,2 不,NA
4518,zhidao,/NSCtoys/5-6_1/g03_3.cha,mother,MOT: 你要拼完才知道吗?,0 No,0 No,0 dropped,0 No,,0 dropped,NA,NA,1 polar_question,,NA,NA,1 polar_question,0 declarative,0 no negation,0 no negation,NA
4520,zhidao,/NSCtoys/5-6_1/g03_3.cha,mother,MOT: 什么鸟你知道吗?,0 No,0 No,2 second_person,0 No,,2 second_person,NA,NA,4 tag_question,2 wh_question,NA,NA,1 polar_question,2 wh_question,0 no negation,0 no negation,NA
4522,zhidao,/NSCtoys/5-6_1/g04_1.cha,mother,MOT: 你怎么知道没有?,2 CP,,2 second_person,2 CP,,2 second_person,NA,NA,3 how/why,0 declarative,NA,NA,3 how/why,0 declarative,0 no negation,0 no negation,NA
4523,zhidao,/NSCtoys/5-6_1/g04_2.cha,mother,MOT: 我想知道.,0 No,0 No,1 first_person,0 No,,1 first_person,NA,NA,0 declarative,,NA,NA,0 declarative,,0 no negation,0 no negation,NA
4524,zhidao,/NSCtoys/5-6_1/g05_2.cha,mother,MOT: 你知道我是誰嗎?,2 CP,,2 second_person,2 CP,,2 second_person,NA,NA,1 polar_question,2 wh_question,NA,NA,1 polar_question,2 wh_question,0 no negation,0 no negation,NA
4526,zhidao,/NSCtoys/5-6_1/g05_2.cha,mother,MOT: 你知道我是什麼動物嗎?,2 CP,,2 second_person,2 CP,,2 second_person,NA,NA,1 polar_question,2 wh_question,NA,NA,1 polar_question,2 wh_question,0 no negation,0 no negation,NA
4528,zhidao,/NSCtoys/5-6_1/g05_2.cha,mother,MOT: 你不知道我!,4 NP,2 NP,2 second_person,0 No,,2 second_person,NA,NA,0 declarative,,NA,NA,0 declarative,,2 不,2 不,NA
4529,zhidao,/NSCtoys/5-6_1/g05_2.cha,mother,MOT: 你知道我是誰嗎?,2 CP,,2 second_person,2 CP,,2 second_person,NA,NA,1 polar_question,2 wh_question,NA,NA,1 polar_question,2 wh_question,0 no negation,0 no negation,NA
4530,zhidao,/NSCtoys/5-6_1/g05_2.cha,mother,MOT: 你居然不知道我是誰嗯.,2 CP,,2 second_person,2 CP,,2 second_person,NA,NA,0 declarative,2 wh_question,NA,NA,0 declarative,2 wh_question,2 不,2 不,NA
4533,zhidao,/NSCtoys/5-6_1/g05_2.cha,mother,MOT: 你知道四十度就是發燒了嗎?,2 CP,,2 second_person,2 CP,,2 second_person,NA,NA,1 polar_question,0 declarative,NA,NA,1 polar_question,0 declarative,0 no negation,0 no negation,NA
4535,zhidao,/NSCtoys/5-6_1/g05_3.cha,mother,MOT: 看這個就知道有斑馬.,2 CP,,0 dropped,2 CP,,0 dropped,NA,NA,0 declarative,0 declarative,NA,NA,0 declarative,,0 no negation,0 no negation,NA
4537,zhidao,/NSCtoys/5-6_1/g05_3.cha,mother,MOT: 你也知道?,0 No,0 No,2 second_person,0 No,,2 second_person,NA,NA,1 polar_question,,NA,NA,1 polar_question,,0 no negation,0 no negation,NA
4538,zhidao,/NSCtoys/5-6_1/g05_3.cha,mother,MOT: 你就知道它是什麼了.,2 CP,,2 second_person,2 CP,,2 second_person,NA,NA,0 declarative,2 wh_question,NA,NA,0 declarative,2 wh_question,0 no negation,0 no negation,NA
4539,zhidao,/NSCtoys/5-6_1/g05_3.cha,mother,MOT: 你就知道怎麼拼.,2 CP,,2 second_person,2 CP,,2 second_person,NA,NA,0 declarative,2 wh_question,NA,NA,0 declarative,2 wh_question,0 no negation,0 no negation,NA
4540,zhidao,/NSCtoys/5-6_1/g05_3.cha,mother,MOT: 你就知道怎麼拼.,2 CP,,2 second_person,2 CP,,2 second_person,NA,NA,0 declarative,2 wh_question,NA,NA,0 declarative,2 wh_question,0 no negation,0 no negation,NA
4543,zhidao,/NSCtoys/5-6_1/g05_3.cha,mother,MOT: 就知道牠是什麼鳥.,2 CP,,0 dropped,2 CP,,0 dropped,NA,NA,0 declarative,2 wh_question,NA,NA,0 declarative,2 wh_question,0 no negation,0 no negation,NA
4544,zhidao,/NSCtoys/5-6_1/g06_2.cha,mother,MOT: 不可以亂講話知道嗎?,0 No,0 No,0 dropped,0 No,,0 dropped,NA,NA,4 tag_question,0 declarative,NA,NA,1 polar_question,0 declarative,0 no negation,0 no negation,NA
4546,zhidao,/NSCtoys/5-6_1/g07_1.cha,mother,MOT: 你知道怎麼玩?,2 CP,,2 second_person,2 CP,,2 second_person,NA,NA,1 polar_question,2 wh_question,NA,NA,1 polar_question,2 wh_question,0 no negation,0 no negation,NA
4550,zhidao,/NSCtoys/5-6_1/g08_1.cha,mother,MOT: 就讓你知道這是原來真正的ok繃.,2 CP,,2 second_person,2 CP,,2 second_person,NA,NA,0 declarative,0 declarative,NA,NA,0 declarative,0 declarative,0 no negation,0 no negation,NA
4552,zhidao,/NSCtoys/5-6_1/g08_1.cha,mother,MOT: 不知道.,0 No,0 No,0 dropped,0 No,,0 dropped,NA,NA,0 declarative,,NA,NA,0 declarative,,2 不,2 不,NA
4554,zhidao,/NSCtoys/5-6_1/g08_2.cha,mother,MOT: 不知道!,0 No,0 No,0 dropped,0 No,,0 dropped,NA,NA,0 declarative,,NA,NA,0 declarative,,2 不,2 不,NA
4555,zhidao,/NSCtoys/5-6_1/g09_1.cha,mother,MOT: 我也不知道.,0 No,0 No,1 first_person,0 No,,1 first_person,NA,NA,0 declarative,,NA,NA,0 declarative,,2 不,2 不,NA
4556,zhidao,/NSCtoys/5-6_1/g09_1.cha,mother,MOT: 我不知道你在讲什么.,2 CP,,1 first_person,2 CP,,1 first_person,NA,NA,0 declarative,2 wh_question,NA,NA,0 declarative,2 wh_question,2 不,2 不,NA
4557,zhidao,/NSCtoys/5-6_1/g09_1.cha,mother,MOT: 我不知道.,0 No,0 No,1 first_person,0 No,,1 first_person,NA,NA,0 declarative,,NA,NA,0 declarative,,2 不,2 不,NA
4558,zhidao,/NSCtoys/5-6_1/g09_2.cha,mother,MOT: 不知道啊.,0 No,0 No,0 dropped,0 No,,0 dropped,NA,NA,0 declarative,,NA,NA,0 declarative,,2 不,2 不,NA
4559,zhidao,/NSCtoys/5-6_1/g09_2.cha,mother,MOT: 我只知道他叫噗尼.,2 CP,,1 first_person,2 CP,,1 first_person,NA,NA,0 declarative,0 declarative,NA,NA,0 declarative,0 declarative,0 no negation,0 no negation,NA
4560,zhidao,/NSCtoys/5-6_1/g09_2.cha,mother,MOT: 然后不知道他叫什么名字.,2 CP,,0 dropped,2 CP,,0 dropped,NA,NA,0 declarative,2 wh_question,NA,NA,0 declarative,2 wh_question,2 不,2 不,NA
4561,zhidao,/NSCtoys/5-6_1/g09_2.cha,mother,MOT: 你知道吗?,0 No,0 No,2 second_person,0 No,,2 second_person,NA,NA,1 polar_question,,NA,NA,1 polar_question,,0 no negation,0 no negation,NA
4562,zhidao,/NSCtoys/5-6_1/g09_2.cha,mother,MOT: 你知道医生怎么剪开肚子的吗?,2 CP,,2 second_person,2 CP,,2 second_person,NA,NA,1 polar_question,2 wh_question,NA,NA,1 polar_question,2 wh_question,0 no negation,0 no negation,NA
4563,zhidao,/NSCtoys/5-6_1/g09_2.cha,mother,MOT: 你知道吗?,0 No,0 No,2 second_person,0 No,,2 second_person,NA,NA,1 polar_question,,NA,NA,1 polar_question,,0 no negation,0 no negation,NA
4564,zhidao,/NSCtoys/5-6_1/g09_3.cha,mother,"MOT: 你待会拼起来,你就知道什么是lamigo了.",2 CP,,2 second_person,2 CP,,2 second_person,NA,NA,0 declarative,2 wh_question,NA,NA,0 declarative,2 wh_question,0 no negation,0 no negation,NA
4565,zhidao,/NSCtoys/5-6_1/g09_3.cha,mother,"MOT: Lamigo,妈妈不知道中文叫什么.",2 CP,,4 self_reference,2 CP,,4 self_reference,NA,NA,0 declarative,2 wh_question,NA,NA,0 declarative,2 wh_question,2 不,2 不,NA
4566,zhidao,/NSCtoys/5-6_1/g11_2.cha,mother,MOT: 不知道啊.,0 No,0 No,0 dropped,0 No,,0 dropped,NA,NA,0 declarative,,NA,NA,0 declarative,,2 不,2 不,NA
4569,zhidao,/NSCtoys/5-6_1/g12_1.cha,mother,MOT: 唉呀被你知道了.,0 No,0 No,2 second_person,0 No,,2 second_person,NA,NA,0 declarative,,NA,NA,0 declarative,,0 no negation,0 no negation,NA
4570,zhidao,/NSCtoys/5-6_1/g12_3.cha,mother,MOT: 我要知道你在学校发生什么事情啊.,2 CP,,1 first_person,2 CP,,1 first_person,NA,NA,0 declarative,2 wh_question,NA,NA,0 declarative,2 wh_question,0 no negation,0 no negation,NA
4571,zhidao,/NSCtoys/5-6_1/g12_3.cha,mother,MOT: 我要知道你在学校有没有快乐啊.,2 CP,,1 first_person,2 CP,,1 first_person,NA,NA,0 declarative,1 polar_question,NA,NA,1 polar_question,2 wh_question,0 no negation,0 no negation,NA
4572,zhidao,/NSCtoys/5-6_1/g14_1.cha,mother,MOT: 你知道这个是做什么的吗?,2 CP,,2 second_person,2 CP,,2 second_person,NA,NA,1 polar_question,2 wh_question,NA,NA,1 polar_question,,0 no negation,0 no negation,NA
4574,zhidao,/NSCtoys/5-6_1/g14_1.cha,mother,MOT: 这你不是知道?,0 No,0 No,2 second_person,0 No,,2 second_person,NA,NA,1 polar_question,,NA,NA,0 declarative,,5 不是,5 不是,NA
4575,zhidao,/NSCtoys/5-6_1/g14_1.cha,mother,MOT: 我也不知道.,0 No,0 No,1 first_person,0 No,,1 first_person,NA,NA,0 declarative,,NA,NA,1 polar_question,,2 不,2 不,NA
4576,zhidao,/NSCtoys/5-6_1/g14_1.cha,mother,MOT: 你知道吗?,0 No,0 No,2 second_person,0 No,,2 second_person,NA,NA,1 polar_question,,NA,NA,0 declarative,,0 no negation,0 no negation,NA
4579,zhidao,/NSCtoys/5-6_1/g15_1.cha,mother,MOT: 我知道啊.,0 No,0 No,1 first_person,0 No,,1 first_person,NA,NA,0 declarative,,NA,NA,0 declarative,,0 no negation,0 no negation,NA
4580,zhidao,/NSCtoys/3/e01_1.cha,mother,MOT: 你知道你现在拿什么颜色吗?,2 CP,,2 second_person,2 CP,,2 second_person,NA,NA,1 polar_question,2 wh_question,NA,NA,1 polar_question,2 wh_question,0 no negation,0 no negation,NA
4581,zhidao,/NSCtoys/3/e01_1.cha,mother,MOT: 你知道这是什么形吗?,2 CP,,2 second_person,2 CP,,2 second_person,NA,NA,1 polar_question,2 wh_question,NA,NA,1 polar_question,2 wh_question,0 no negation,0 no negation,NA
4584,zhidao,/NSCtoys/3/e05_1.cha,mother,MOT: 不知道第二箱有什么好玩的.,2 CP,,0 dropped,2 CP,,0 dropped,NA,NA,0 declarative,2 wh_question,NA,NA,0 declarative,2 wh_question,2 不,2 不,NA
4587,zhidao,/NSCtoys/3/e05_1.cha,mother,MOT: 我也不知道耶.,0 No,0 No,1 first_person,0 No,,1 first_person,NA,NA,0 declarative,,NA,NA,0 declarative,,2 不,2 不,NA
4588,zhidao,/NSCtoys/3/e05_2.cha,mother,MOT: 不知道.,0 No,0 No,0 dropped,0 No,,0 dropped,NA,NA,0 declarative,,NA,NA,1 polar_question,,2 不,2 不,NA
4589,zhidao,/NSCtoys/3/e05_2.cha,mother,MOT: 知道吗?,0 No,0 No,0 dropped,0 No,,0 dropped,NA,NA,1 polar_question,,NA,NA,0 declarative,,0 no negation,0 no negation,NA
4590,zhidao,/NSCtoys/3/e05_3.cha,mother,MOT: 其实妈妈也不知道.,0 No,0 No,4 self_reference,0 No,,4 self_reference,NA,NA,0 declarative,,NA,NA,0 declarative,,2 不,2 不,NA
4592,zhidao,/NSCtoys/3/e06_2.cha,mother,MOT: 那你怎么知道一零一呢?,2 CP,,2 second_person,0 No,,2 second_person,NA,NA,3 how/why,,NA,NA,3 how/why,,0 no negation,0 no negation,NA
4593,zhidao,/NSCtoys/3/e08_1.cha,mother,MOT: 那個是什麼你知道嗎?,0 No,0 No,2 second_person,0 No,,2 second_person,NA,NA,4 tag_question,2 wh_question,NA,NA,1 polar_question,2 wh_question,0 no negation,0 no negation,NA
4594,zhidao,/NSCtoys/3/e08_1.cha,mother,MOT: 那個要怎麼用你知道嗎?,0 No,0 No,2 second_person,0 No,,2 second_person,NA,NA,4 tag_question,2 wh_question,NA,NA,1 polar_question,2 wh_question,0 no negation,0 no negation,NA
4595,zhidao,/NSCtoys/3/e08_1.cha,mother,MOT: <知道嗎>[/]知道嗎?,0 No,0 No,0 dropped,0 No,,0 dropped,NA,NA,1 polar_question,,NA,NA,1 polar_question,,0 no negation,0 no negation,NA
4595_b,zhidao,/NSCtoys/3/e08_1.cha,mother,MOT: <知道嗎>[/]知道嗎?,0 No,0 No,0 dropped,0 No,,0 dropped,NA,NA,1 polar_question,,NA,NA,1 polar_question,,0 no negation,0 no negation,NA
4597,zhidao,/NSCtoys/3/e12_1.cha,mother,MOT: 你怎么知道?,0 No,0 No,2 second_person,0 No,,2 second_person,NA,NA,3 how/why,,NA,NA,3 how/why,,0 no negation,0 no negation,NA
4598,zhidao,/NSCtoys/3/e12_2.cha,mother,MOT: 我不知道欸.,0 No,0 No,1 first_person,0 No,,1 first_person,NA,NA,0 declarative,,NA,NA,0 declarative,,2 不,2 不,NA
4599,zhidao,/NSCtoys/3/e12_3.cha,mother,MOT: 你知道两边都是边边.,2 CP,,2 second_person,2 CP,,2 second_person,NA,NA,0 declarative,0 declarative,NA,NA,0 declarative,0 declarative,0 no negation,0 no negation,NA
4601,zhidao,/NSCtoys/3/e13_2.cha,father,FAT: 這是什麼我也不知道.,0 No,0 No,1 first_person,0 No,,1 first_person,NA,NA,0 declarative,2 wh_question,NA,NA,0 declarative,2 wh_question,2 不,2 不,NA
4602,zhidao,/NSCtoys/3/e13_3.cha,father,FAT: 你應該知道怎麼拼啊.,2 CP,,2 second_person,2 CP,,2 second_person,NA,NA,0 declarative,2 wh_question,NA,NA,0 declarative,2 wh_question,0 no negation,0 no negation,NA
4603,zhidao,/NSCtoys/3/e14_1a.cha,mother,MOT: 不知道耶!,0 No,0 No,0 dropped,0 No,,0 dropped,NA,NA,0 declarative,,NA,NA,0 declarative,,2 不,2 不,NA
4605,zhidao,/NSCtoys/3/e14_1b.cha,mother,MOT: 不知道!,0 No,0 No,0 dropped,0 No,,0 dropped,NA,NA,0 declarative,,NA,NA,0 declarative,,2 不,2 不,NA
4606,zhidao,/NSCtoys/3/e14_1b.cha,mother,MOT: 你知道吗?,0 No,0 No,2 second_person,0 No,,2 second_person,NA,NA,1 polar_question,,NA,NA,1 polar_question,,0 no negation,0 no negation,NA
4607,zhidao,/NSCtoys/3/e14_1b.cha,mother,MOT: 不知道.,0 No,0 No,0 dropped,0 No,,0 dropped,NA,NA,0 declarative,,NA,NA,0 declarative,,2 不,2 不,NA
4608,zhidao,/NSCtoys/3/e14_1b.cha,mother,MOT: 你知道阿姨在做什么吗?,2 CP,,2 second_person,2 CP,,2 second_person,NA,NA,1 polar_question,2 wh_question,NA,NA,1 polar_question,2 wh_question,0 no negation,0 no negation,NA
4609,zhidao,/NSCtoys/3/e14_1b.cha,mother,MOT: 你知道阿姨在做什么吗?,2 CP,,2 second_person,2 CP,,2 second_person,NA,NA,1 polar_question,2 wh_question,NA,NA,1 polar_question,2 wh_question,0 no negation,0 no negation,NA
4611,zhidao,/NSCtoys/3/e14_1b.cha,mother,MOT: 不知道.,0 No,0 No,0 dropped,0 No,,0 dropped,NA,NA,0 declarative,,NA,NA,0 declarative,,2 不,2 不,NA
4612,zhidao,/NSCtoys/3/e14_1b.cha,mother,MOT: 知道吗?,0 No,0 No,0 dropped,0 No,,0 dropped,NA,NA,1 polar_question,,NA,NA,1 polar_question,,0 no negation,0 no negation,NA
4614,zhidao,/NSCtoys/3/e15_2.cha,mother,MOT: 我知道&=laughs.,0 No,0 No,1 first_person,0 No,,1 first_person,NA,NA,0 declarative,,NA,NA,0 declarative,,0 no negation,0 no negation,NA
4616,zhidao,/NSCtoys/3/e16_2.cha,mother,MOT: 我也不知道.,0 No,0 No,1 first_person,0 No,,1 first_person,NA,NA,0 declarative,,NA,NA,0 declarative,,2 不,2 不,NA
4617,zhidao,/NSCtoys/3/e16_2.cha,mother,MOT: <我知道你刚刚想要干嘛>[/]我知道你刚刚想要干嘛.,2 CP,,1 first_person,2 CP,,1 first_person,NA,NA,0 declarative,2 wh_question,NA,NA,0 declarative,2 wh_question,0 no negation,0 no negation,NA
4617_b,zhidao,/NSCtoys/3/e16_2.cha,mother,MOT: <我知道你刚刚想要干嘛>[/]我知道你刚刚想要干嘛.,2 CP,,1 first_person,2 CP,,1 first_person,NA,NA,0 declarative,2 wh_question,NA,NA,0 declarative,2 wh_question,0 no negation,0 no negation,NA
4619,zhidao,/NSCtoys/3/e16_2.cha,mother,MOT: 我不知道.,0 No,0 No,1 first_person,0 No,,1 first_person,NA,NA,0 declarative,,NA,NA,0 declarative,,2 不,2 不,NA
4620,zhidao,/NSCtoys/3/e16_3.cha,mother,MOT: 就可以知道狮子多大了啊.,2 CP,,0 dropped,2 CP,,0 dropped,NA,NA,0 declarative,2 wh_question,NA,NA,0 declarative,2 wh_question,0 no negation,0 no negation,NA
4621,zhidao,/NSCtoys/3/e16_3.cha,mother,MOT: 我不知道有没有好恐怖.,2 CP,,1 first_person,2 CP,,1 first_person,NA,NA,0 declarative,1 polar_question,NA,NA,0 declarative,1 polar_question,2 不,2 不,NA
4622,zhidao,/NSCtoys/3/e16_3.cha,mother,MOT: 你拼出来才知道.,0 No,0 No,0 dropped,0 No,,0 dropped,NA,NA,0 declarative,,NA,NA,0 declarative,,0 no negation,0 no negation,NA
4626,zhidao,/NSCtoys/3/e18_3.cha,father,FAT: 我知道了.,0 No,0 No,1 first_person,0 No,,1 first_person,NA,NA,0 declarative,,NA,NA,0 declarative,,0 no negation,0 no negation,NA
4628,zhidao,/NSCtoys/3/e19_1.cha,mother,MOT: 你知道吗?,0 No,0 No,2 second_person,0 No,,2 second_person,NA,NA,1 polar_question,,NA,NA,1 polar_question,,0 no negation,0 no negation,NA
4629,zhidao,/NSCtoys/3/e19_1.cha,mother,MOT: 你知道欸圆形.,4 NP,2 NP,2 second_person,0 No,,2 second_person,NA,NA,0 declarative,,NA,NA,0 declarative,,0 no negation,0 no negation,NA
4630,zhidao,/NSCtoys/3/e19_1.cha,mother,MOT: 这个你知道是什么形状吗?,2 CP,,2 second_person,2 CP,,2 second_person,NA,NA,1 polar_question,2 wh_question,NA,NA,1 polar_question,2 wh_question,0 no negation,0 no negation,NA
4631,zhidao,/NSCtoys/3/e19_1.cha,mother,MOT: 那你知道这是什么形状吗?,2 CP,,2 second_person,2 CP,,2 second_person,NA,NA,1 polar_question,2 wh_question,NA,NA,1 polar_question,2 wh_question,0 no negation,0 no negation,NA
4632,zhidao,/NSCtoys/3/e19_3.cha,mother,MOT: 不知道喔?,0 No,0 No,0 dropped,0 No,,0 dropped,NA,NA,1 polar_question,,NA,NA,1 polar_question,,2 不,2 不,NA
4635,zhidao,/NSCtoys/3/e19_3.cha,mother,MOT: 不知道喔?,0 No,0 No,0 dropped,0 No,,0 dropped,NA,NA,1 polar_question,,NA,NA,1 polar_question,,2 不,2 不,NA
4636,zhidao,/NSCtoys/3/e20_1.cha,mother,MOT: 不知道.,0 No,0 No,0 dropped,0 No,,0 dropped,NA,NA,0 declarative,,NA,NA,0 declarative,,2 不,2 不,NA
4638,zhidao,/NSCtoys/3/e20_3.cha,mother,MOT: 你不知道嗎?,0 No,0 No,2 second_person,0 No,,2 second_person,NA,NA,1 polar_question,,NA,NA,1 polar_question,,2 不,2 不,NA
4639,zhidao,/NSCtoys/3/e21_1.cha,mother,MOT: 你知道吗?,0 No,0 No,2 second_person,0 No,,2 second_person,NA,NA,1 polar_question,,NA,NA,1 polar_question,,0 no negation,0 no negation,NA
4640,zhidao,/NSCtoys/3/e21_2.cha,mother,MOT: 你怎么知道他生病?,2 CP,,2 second_person,2 CP,,2 second_person,NA,NA,3 how/why,0 declarative,NA,NA,3 how/why,0 declarative,0 no negation,0 no negation,NA
4641,zhidao,/NSCtoys/3/e21_3.cha,mother,MOT: 你知道这个是放这里的.,2 CP,,2 second_person,2 CP,,2 second_person,NA,NA,0 declarative,0 declarative,NA,NA,0 declarative,,0 no negation,0 no negation,NA
4642,zhidao,/NSCtoys/3/e22_1.cha,mother,MOT: 嗯不知道欸.,0 No,0 No,0 dropped,0 No,,0 dropped,NA,NA,0 declarative,,NA,NA,0 declarative,,2 不,2 不,NA
4643,zhidao,/NSCtoys/3/e22_1.cha,mother,MOT: 然后换下一个玩具我们就知道要玩什么了.,2 CP,,1 first_person,2 CP,,3 third/NP,NA,NA,0 declarative,2 wh_question,NA,NA,0 declarative,2 wh_question,0 no negation,0 no negation,NA
4646,zhidao,/NSCtoys/3/e25_3.cha,mother,MOT: 不知道吗?,0 No,0 No,0 dropped,0 No,,0 dropped,NA,NA,1 polar_question,,NA,NA,1 polar_question,,2 不,2 不,NA
4647,zhidao,/LiZhou/4/01.cha,CH2,CH2: 我知道了.,0 No,0 No,1 first_person,0 No,,1 first_person,0 declarative,,NA,NA,0 declarative,,NA,NA,0 no negation,NA,0 no negation
4649,zhidao,/LiZhou/4/03.cha,CH2,CH2: 我知道了.,0 No,0 No,1 first_person,0 No,,0 dropped,0 declarative,,NA,NA,0 declarative,,NA,NA,0 no negation,NA,0 no negation
4650,zhidao,/LiZhou/4/04.cha,CH2,CH2: 噢知道啦.,0 No,0 No,0 dropped,0 No,,0 dropped,0 declarative,,NA,NA,0 declarative,,NA,NA,0 no negation,NA,0 no negation
4652,zhidao,/LiZhou/4/04.cha,CH2,CH2: 他就不知道.,0 No,0 No,3 third/NP,0 No,,3 third/NP,0 declarative,,NA,NA,0 declarative,,NA,NA,2 不,NA,2 不
4657,zhidao,/LiZhou/4/08.cha,CH2,CH2: 知道.,0 No,0 No,0 dropped,0 No,,0 dropped,0 declarative,,NA,NA,0 declarative,,NA,NA,0 no negation,NA,0 no negation
4661,zhidao,/LiZhou/4/08.cha,CH2,CH2: 知道.,0 No,0 No,0 dropped,0 No,,0 dropped,0 declarative,,NA,NA,0 declarative,,NA,NA,0 no negation,NA,0 no negation
4663,zhidao,/LiZhou/4/08.cha,CH2,CH2: 知道了.,0 No,0 No,0 dropped,0 No,,0 dropped,0 declarative,,NA,NA,0 declarative,,NA,NA,0 no negation,NA,0 no negation
4665,zhidao,/LiZhou/4/09.cha,CH2,CH2: 我知道了.,0 No,0 No,1 first_person,0 No,,1 first_person,0 declarative,,NA,NA,0 declarative,,NA,NA,0 no negation,NA,0 no negation
4666,zhidao,/LiZhou/4/10.cha,CH2,CH2: 要知道多少药.,2 CP,,0 dropped,2 CP,,0 dropped,0 declarative,2 wh_question,NA,NA,0 declarative,2 wh_question,NA,NA,0 no negation,NA,0 no negation
4667,zhidao,/LiZhou/3/02.cha,CH2,CH2: 不知道呀.,0 No,0 No,0 dropped,0 No,,0 dropped,0 declarative,,NA,NA,0 declarative,,NA,NA,2 不,NA,2 不
4668,zhidao,/LiZhou/3/03.cha,CH2,CH2: 我也不知道.,0 No,0 No,1 first_person,0 No,,1 first_person,0 declarative,,NA,NA,0 declarative,,NA,NA,2 不,NA,2 不
4679,zhidao,/LiZhou/5/02.cha,CH2,CH2: 不知道.,0 No,0 No,0 dropped,0 No,,0 dropped,0 declarative,,NA,NA,0 declarative,,NA,NA,2 不,NA,2 不
4684,zhidao,/LiZhou/5/03.cha,CH2,CH2: 知道了.,0 No,0 No,0 dropped,0 No,,0 dropped,0 declarative,,NA,NA,0 declarative,,NA,NA,0 no negation,NA,0 no negation
4685,zhidao,/LiZhou/5/03.cha,CH2,CH2: 知道了.,0 No,0 No,0 dropped,0 No,,0 dropped,0 declarative,,NA,NA,0 declarative,,NA,NA,0 no negation,NA,0 no negation
4687,zhidao,/LiZhou/5/03.cha,CH2,CH2: 知道了.,0 No,0 No,0 dropped,0 No,,0 dropped,0 declarative,,NA,NA,0 declarative,,NA,NA,0 no negation,NA,0 no negation
4689,zhidao,/LiZhou/5/04.cha,CH2,CH2: 嗯知道了.,0 No,0 No,0 dropped,0 No,,0 dropped,0 declarative,,NA,NA,0 declarative,,NA,NA,0 no negation,NA,0 no negation
4691,zhidao,/LiZhou/5/04.cha,CH2,CH2: 哎我知道了.,0 No,0 No,1 first_person,0 No,,1 first_person,0 declarative,,NA,NA,0 declarative,,NA,NA,0 no negation,NA,0 no negation
4694,zhidao,/LiZhou/5/06.cha,CH2,CH2: 我也不知道.,0 No,0 No,1 first_person,0 No,,1 first_person,0 declarative,,NA,NA,0 declarative,,NA,NA,2 不,NA,2 不
4695,zhidao,/LiZhou/5/07.cha,CH2,CH2: 我早就知道是打屁股的呀.,2 CP,,1 first_person,2 CP,,1 first_person,0 declarative,0 declarative,NA,NA,0 declarative,0 declarative,NA,NA,0 no negation,NA,0 no negation
4696,zhidao,/LiZhou/5/07.cha,CH2,CH2: 嗯知道.,0 No,0 No,0 dropped,0 No,,0 dropped,0 declarative,,NA,NA,0 declarative,,NA,NA,0 no negation,NA,0 no negation
4698,zhidao,/LiZhou/5/07.cha,CH2,CH2: 我知道.,0 No,0 No,1 first_person,0 No,,1 first_person,0 declarative,,NA,NA,0 declarative,,NA,NA,0 no negation,NA,0 no negation
4699,zhidao,/LiZhou/5/07.cha,CH2,CH2: 知道了.,0 No,0 No,0 dropped,0 No,,0 dropped,0 declarative,,NA,NA,0 declarative,,NA,NA,0 no negation,NA,0 no negation
4704,zhidao,/LiZhou/5/10.cha,CH2,CH2: 六八五零九九七二我知道的.,0 No,0 No,1 first_person,0 No,,1 first_person,0 declarative,,NA,NA,0 declarative,,NA,NA,0 no negation,NA,0 no negation
4706,zhidao,/LiZhou/5/10.cha,CH2,CH2: 我知道啊.,0 No,0 No,1 first_person,0 No,,1 first_person,0 declarative,,NA,NA,0 declarative,,NA,NA,0 no negation,NA,0 no negation
4709,zhidao,/LiZhou/5/10.cha,CH2,CH2: 我知道了.,0 No,0 No,1 first_person,0 No,,1 first_person,0 declarative,,NA,NA,0 declarative,,NA,NA,0 no negation,NA,0 no negation
4710,zhidao,/LiZhou/5/10.cha,CH2,CH2: 连果子都不知道了.,0 No,0 No,0 dropped,0 No,,0 dropped,0 declarative,,NA,NA,0 declarative,,NA,NA,2 不,NA,2 不
4711,zhidao,/LiZhou/5/10.cha,CH2,CH2: 呵呵你怎么什么也不知道呀.,0 No,0 No,2 second_person,0 No,,2 second_person,0 declarative,,NA,NA,3 how/why,,NA,NA,2 不,NA,2 不
4712,zhidao,/LiZhou/5/10.cha,CH2,CH2: 我知道的.,0 No,0 No,1 first_person,0 No,,1 first_person,0 declarative,,NA,NA,0 declarative,,NA,NA,0 no negation,NA,0 no negation
4713,zhidao,/LiZhou/5/10.cha,CH2,CH2: 我也不知道.,0 No,0 No,1 first_person,0 No,,1 first_person,0 declarative,,NA,NA,0 declarative,,NA,NA,2 不,NA,2 不
4715,zhidao,/LiZhou/5/10.cha,CH2,CH2: 我知道了.,0 No,0 No,1 first_person,0 No,,1 first_person,0 declarative,,NA,NA,0 declarative,,NA,NA,0 no negation,NA,0 no negation
4717,zhidao,/LiZhou/6/01.cha,CH2,CH2: 噢<知道了>[/]就知道了.,0 No,0 No,0 dropped,0 No,,0 dropped,0 declarative,,NA,NA,0 declarative,,NA,NA,0 no negation,NA,0 no negation
4717,zhidao,/LiZhou/6/01.cha,CH2,CH2: 噢<知道了>[/]就知道了.,0 No,0 No,0 dropped,0 No,,0 dropped,0 declarative,,NA,NA,0 declarative,,NA,NA,0 no negation,NA,0 no negation
4718,zhidao,/LiZhou/6/01.cha,CH2,CH2: 我知道怎么给它弄的.,2 CP,,1 first_person,2 CP,,1 first_person,0 declarative,2 wh_question,NA,NA,0 declarative,2 wh_question,NA,NA,0 no negation,NA,0 no negation
4720,zhidao,/LiZhou/6/02.cha,CH2,CH2: 哎我又不知道你在哪个机场.,2 CP,,1 first_person,2 CP,,1 first_person,0 declarative,2 wh_question,NA,NA,0 declarative,2 wh_question,NA,NA,2 不,NA,2 不
4721,zhidao,/LiZhou/6/02.cha,CH2,CH2: 噢我知道了.,0 No,0 No,1 first_person,0 No,,1 first_person,0 declarative,,NA,NA,0 declarative,,NA,NA,0 no negation,NA,0 no negation
4732,zhidao,/LiZhou/6/03.cha,CH2,CH2: 我知道.,0 No,0 No,1 first_person,0 No,,1 first_person,0 declarative,,NA,NA,0 declarative,,NA,NA,0 no negation,NA,0 no negation
4733,zhidao,/LiZhou/6/03.cha,CH2,CH2: 欧我知道了.,0 No,0 No,1 first_person,0 No,,1 first_person,0 declarative,,NA,NA,0 declarative,,NA,NA,0 no negation,NA,0 no negation
4735,zhidao,/LiZhou/6/04.cha,CH2,CH2: 知道了.,0 No,0 No,0 dropped,0 No,,0 dropped,0 declarative,,NA,NA,0 declarative,,NA,NA,0 no negation,NA,0 no negation
4736,zhidao,/LiZhou/6/04.cha,CH2,CH2: 假如说你也不知道我们医院的电话只知道饭烧好了要我回家吃饭.,4 NP,2 NP,2 second_person,2 CP,,1 first_person,0 declarative,,NA,NA,0 declarative,,NA,NA,2 不,NA,2 不
4736_b,zhidao,/LiZhou/6/04.cha,CH2,CH2: 假如说你也不知道我们医院的电话只知道饭烧好了要我回家吃饭.,2 CP,,0 dropped,2 CP,,0 dropped,0 declarative,0 declarative,NA,NA,0 declarative,0 declarative,NA,NA,0 no negation,NA,0 no negation
4737,zhidao,/LiZhou/6/04.cha,CH2,CH2: 我知道.,0 No,0 No,1 first_person,0 No,,1 first_person,0 declarative,,NA,NA,0 declarative,,NA,NA,0 no negation,NA,0 no negation
4738,zhidao,/LiZhou/6/05.cha,CH2,CH2: 欧哎我知道了.,0 No,0 No,1 first_person,0 No,,1 first_person,0 declarative,,NA,NA,0 declarative,,NA,NA,0 no negation,NA,0 no negation
4740,zhidao,/LiZhou/6/07.cha,CH2,CH2: 我也不知道是什么.,2 CP,,1 first_person,2 CP,,1 first_person,0 declarative,2 wh_question,NA,NA,0 declarative,2 wh_question,NA,NA,2 不,NA,2 不
4741,zhidao,/LiZhou/6/07.cha,CH2,CH2: 知道了.,0 No,0 No,0 dropped,0 No,,0 dropped,0 declarative,,NA,NA,0 declarative,,NA,NA,0 no negation,NA,0 no negation
4743,zhidao,/LiZhou/6/07.cha,CH2,CH2: 知道了.,0 No,0 No,0 dropped,0 No,,0 dropped,0 declarative,,NA,NA,0 declarative,,NA,NA,0 no negation,NA,0 no negation
4744,zhidao,/LiZhou/6/08.cha,CH2,CH2: 我知道这个放不进去.,2 CP,,1 first_person,2 CP,,1 first_person,0 declarative,0 declarative,NA,NA,0 declarative,0 declarative,NA,NA,0 no negation,NA,0 no negation
4745,zhidao,/LiZhou/6/08.cha,CH2,CH2: 知道了.,0 No,0 No,0 dropped,0 No,,0 dropped,0 declarative,,NA,NA,0 declarative,,NA,NA,0 no negation,NA,0 no negation
4746,zhidao,/LiZhou/6/08.cha,CH2,"CH2: 那你家电话号码,我都不知道哎.",0 No,0 No,1 first_person,0 No,,1 first_person,0 declarative,,NA,NA,0 declarative,,NA,NA,2 不,NA,2 不
4749,zhidao,/LiZhou/6/08.cha,CH2,CH2: 我也不知道.,0 No,0 No,1 first_person,0 No,,1 first_person,0 declarative,,NA,NA,0 declarative,,NA,NA,2 不,NA,2 不
4763,zhidao,/Erbaugh/Kang/01.cha,mother,MOT: 仓库是什么东西你知道吗?,0 No,0 No,2 second_person,0 No,,2 second_person,4 tag_question,2 wh_question,NA,NA,4 tag_question,2 wh_question,NA,NA,0 no negation,NA,0 no negation
4764,zhidao,/Erbaugh/Kang/01.cha,mother,MOT: 你知道是什么东西吗?,2 CP,,2 second_person,2 CP,,2 second_person,1 polar_question,2 wh_question,NA,NA,1 polar_question,2 wh_question,NA,NA,0 no negation,NA,0 no negation
4765,zhidao,/Erbaugh/Kang/01.cha,mother,MOT: 你不知道吧?,0 No,0 No,2 second_person,0 No,,2 second_person,1 polar_question,,NA,NA,1 polar_question,,NA,NA,2 不,NA,2 不
4767,zhidao,/Erbaugh/Kang/01.cha,mother,MOT: 不知道哪去了?,2 CP,,0 dropped,0 No,,0 dropped,1 polar_question,2 wh_question,NA,NA,1 polar_question,2 wh_question,NA,NA,2 不,NA,2 不
4769,zhidao,/Erbaugh/Kang/01.cha,mother,"MOT: 呵呵,你也不知道.",0 No,0 No,2 second_person,0 No,,2 second_person,0 declarative,,NA,NA,0 declarative,,NA,NA,2 不,NA,2 不
4773,zhidao,/Erbaugh/Kang/02.cha,mother,MOT: 我不知道.,0 No,0 No,1 first_person,0 No,,1 first_person,0 declarative,,NA,NA,0 declarative,,NA,NA,2 不,NA,2 不
4774,zhidao,/Erbaugh/Kang/02.cha,mother,MOT: 你怎么知道不会?,2 CP,,2 second_person,2 CP,,2 second_person,3 how/why,0 declarative,NA,NA,3 how/why,0 declarative,NA,NA,0 no negation,NA,0 no negation
4775,zhidao,/Erbaugh/Kang/02.cha,mother,MOT: 你怎么知道他是坏人?,2 CP,,2 second_person,2 CP,,2 second_person,3 how/why,0 declarative,NA,NA,3 how/why,0 declarative,NA,NA,0 no negation,NA,0 no negation
4776,zhidao,/Erbaugh/Kang/02.cha,adult,"ADU: 哦,我知道.",0 No,0 No,1 first_person,0 No,,1 first_person,0 declarative,,NA,NA,0 declarative,,NA,NA,0 no negation,NA,0 no negation
4777,zhidao,/Erbaugh/Kang/02.cha,mother,MOT: 我早就知道你看不懂.,2 CP,,1 first_person,2 CP,,1 first_person,0 declarative,0 declarative,NA,NA,0 declarative,0 declarative,NA,NA,0 no negation,NA,0 no negation
4779,zhidao,/Erbaugh/Kang/03.cha,mother,MOT: 不知道哎.,0 No,0 No,0 dropped,0 No,,0 dropped,0 declarative,,NA,NA,0 declarative,,NA,NA,2 不,NA,2 不
4780,zhidao,/Erbaugh/Kang/03.cha,mother,MOT: 你知道吗?,0 No,0 No,2 second_person,0 No,,2 second_person,1 polar_question,,NA,NA,1 polar_question,,NA,NA,0 no negation,NA,0 no negation
4782,zhidao,/Erbaugh/Kang/03.cha,adult,ADU2: 你知道怎么洗啊?,2 CP,,2 second_person,2 CP,,2 second_person,1 polar_question,2 wh_question,NA,NA,1 polar_question,2 wh_question,NA,NA,0 no negation,NA,0 no negation
4785,zhidao,/Erbaugh/Kang/03.cha,adult,ADU2: 我不知道哎.,0 No,0 No,1 first_person,0 No,,1 first_person,0 declarative,,NA,NA,0 declarative,,NA,NA,2 不,NA,2 不
4786,zhidao,/Erbaugh/Kang/03.cha,mother,"MOT: 哦,你都知道.",0 No,0 No,2 second_person,0 No,,2 second_person,0 declarative,,NA,NA,0 declarative,,NA,NA,0 no negation,NA,0 no negation
4787,zhidao,/Erbaugh/Kang/03.cha,mother,MOT: 不知道.,0 No,0 No,0 dropped,0 No,,0 dropped,0 declarative,,NA,NA,0 declarative,,NA,NA,2 不,NA,2 不
4788,zhidao,/Erbaugh/Kang/04.cha,mother,MOT: 我也不知道.,0 No,0 No,1 first_person,0 No,,1 first_person,0 declarative,,NA,NA,0 declarative,,NA,NA,2 不,NA,2 不
4789,zhidao,/Erbaugh/Kang/04.cha,mother,MOT: 我怎么一点都不知道.,0 No,0 No,1 first_person,0 No,,1 first_person,3 how/why,,NA,NA,3 how/why,,NA,NA,2 不,NA,2 不
4790,zhidao,/Erbaugh/Kang/04.cha,mother,MOT: 我也不知道.,0 No,0 No,1 first_person,0 No,,1 first_person,0 declarative,,NA,NA,0 declarative,,NA,NA,2 不,NA,2 不
4792,zhidao,/Erbaugh/Kang/04.cha,mother,MOT: 你怎么不知道了呢?,0 No,0 No,2 second_person,0 No,,2 second_person,3 how/why,,NA,NA,3 how/why,,NA,NA,2 不,NA,2 不
4793,zhidao,/Erbaugh/Kang/04.cha,mother,MOT: 我已经知道是什么了.,2 CP,,1 first_person,2 CP,,1 first_person,0 declarative,2 wh_question,NA,NA,1 polar_question,2 wh_question,NA,NA,0 no negation,NA,0 no negation
4795,zhidao,/Erbaugh/Kang/04.cha,mother,MOT: 你知道怎么样就是坏的?,2 CP,,2 second_person,2 CP,,2 second_person,1 polar_question,2 wh_question,NA,NA,1 polar_question,2 wh_question,NA,NA,0 no negation,NA,0 no negation
4796,zhidao,/Erbaugh/Kang/04.cha,mother,MOT: 你知道吗?,0 No,0 No,2 second_person,0 No,,2 second_person,1 polar_question,,NA,NA,1 polar_question,,NA,NA,0 no negation,NA,0 no negation
4797,zhidao,/Erbaugh/Kang/04.cha,mother,MOT: 那我回来马上就知道.,0 No,0 No,0 dropped,0 No,,1 first_person,0 declarative,,NA,NA,0 declarative,,NA,NA,0 no negation,NA,0 no negation
4798,zhidao,/Erbaugh/Kang/05.cha,mother,MOT: 不知道够不够.,2 CP,,0 dropped,2 CP,,0 dropped,0 declarative,1 polar_question,NA,NA,0 declarative,1 polar_question,NA,NA,2 不,NA,2 不
4799,zhidao,/Erbaugh/Kang/05.cha,mother,MOT: 我不知道我做出来对不对.,2 CP,,1 first_person,2 CP,,1 first_person,0 declarative,1 polar_question,NA,NA,0 declarative,1 polar_question,NA,NA,2 不,NA,2 不
4800,zhidao,/Erbaugh/Kang/05.cha,adult,ADU: 嗯不知道.,0 No,0 No,0 dropped,0 No,,0 dropped,0 declarative,,NA,NA,0 declarative,,NA,NA,2 不,NA,2 不
4803,zhidao,/Erbaugh/Kang/05.cha,mother,MOT: 你怎么知道没有啊.,2 CP,,2 second_person,2 CP,,2 second_person,3 how/why,0 declarative,NA,NA,3 how/why,0 declarative,NA,NA,0 no negation,NA,0 no negation
4804,zhidao,/Erbaugh/Kang/05.cha,mother,MOT: 这什么你知道吗.,0 No,0 No,2 second_person,0 No,,2 second_person,4 tag_question,2 wh_question,NA,NA,4 tag_question,2 wh_question,NA,NA,0 no negation,NA,0 no negation
4806,zhidao,/Erbaugh/Kang/05.cha,mother,MOT: 你怎么知道的.,0 No,0 No,2 second_person,0 No,,2 second_person,3 how/why,,NA,NA,3 how/why,,NA,NA,0 no negation,NA,0 no negation
4807,zhidao,/Erbaugh/Kang/05.cha,mother,MOT: 你怎么会知道.,0 No,0 No,2 second_person,0 No,,2 second_person,3 how/why,,NA,NA,3 how/why,,NA,NA,0 no negation,NA,0 no negation
4809,zhidao,/Erbaugh/Kang/05.cha,mother,MOT: 你怎么会知道.,0 No,0 No,2 second_person,0 No,,2 second_person,3 how/why,,NA,NA,3 how/why,,NA,NA,0 no negation,NA,0 no negation
4810,zhidao,/Erbaugh/Kang/05.cha,mother,MOT: 不知道你要看呢.,2 CP,,0 dropped,2 CP,,0 dropped,0 declarative,0 declarative,NA,NA,0 declarative,0 declarative,NA,NA,2 不,NA,2 不
4811,zhidao,/Erbaugh/Kang/06.cha,mother,MOT: 知道吧.,0 No,0 No,0 dropped,0 No,,0 dropped,0 declarative,,NA,NA,0 declarative,,NA,NA,0 no negation,NA,0 no negation
4812,zhidao,/Erbaugh/Kang/06.cha,adult,ADU1: 我不知道耶.,0 No,0 No,1 first_person,0 No,,1 first_person,0 declarative,,NA,NA,0 declarative,,NA,NA,2 不,NA,2 不
4814,zhidao,/Erbaugh/Kang/06.cha,mother,MOT: 你怎么不知道呢.,0 No,0 No,2 second_person,0 No,,2 second_person,3 how/why,,NA,NA,3 how/why,,NA,NA,2 不,NA,2 不
4815,zhidao,/Erbaugh/Kang/06.cha,mother,MOT: 谁陪你不知道.,0 No,0 No,2 second_person,0 No,,2 second_person,0 declarative,2 wh_question,NA,NA,0 declarative,2 wh_question,NA,NA,2 不,NA,2 不
4816,zhidao,/Erbaugh/Kang/06.cha,mother,MOT: 不知道.,0 No,0 No,0 dropped,0 No,,0 dropped,0 declarative,,NA,NA,0 declarative,,NA,NA,2 不,NA,2 不
4819,zhidao,/Erbaugh/Kang/06.cha,mother,MOT: 蒋阿姨一定知道我要做什么.,2 CP,,3 third/NP,2 CP,,3 third/NP,0 declarative,2 wh_question,NA,NA,0 declarative,2 wh_question,NA,NA,0 no negation,NA,0 no negation
4821,zhidao,/Erbaugh/Kang/07.cha,adult,ADU1: 噢过山洞了你知道吗.,0 No,0 No,2 second_person,0 No,,2 second_person,4 tag_question,0 declarative,NA,NA,4 tag_question,0 declarative,NA,NA,0 no negation,NA,0 no negation
4822,zhidao,/Erbaugh/Kang/07.cha,mother,MOT: 他知道非醒不可.,2 CP,,3 third/NP,2 CP,,3 third/NP,0 declarative,0 declarative,NA,NA,0 declarative,0 declarative,NA,NA,0 no negation,NA,0 no negation
4823,zhidao,/Erbaugh/Kang/07.cha,mother,MOT: 你知道吧.,0 No,0 No,2 second_person,0 No,,2 second_person,0 declarative,,NA,NA,0 declarative,,NA,NA,0 no negation,NA,0 no negation
4825,zhidao,/Erbaugh/Kang/08.cha,mother,MOT: 她妈妈知不知道.,0 No,0 No,3 third/NP,0 No,,3 third/NP,1 polar_question,,NA,NA,1 polar_question,,NA,NA,0 no negation,NA,0 no negation
4827,zhidao,/Erbaugh/Kang/08.cha,mother,MOT: 我跟你讲我知道有时候你肚子疼.,2 CP,,1 first_person,2 CP,,1 first_person,0 declarative,0 declarative,NA,NA,0 declarative,0 declarative,NA,NA,0 no negation,NA,0 no negation
4828,zhidao,/Erbaugh/Kang/08.cha,mother,MOT: 我知道你心里不高兴对不对.,2 CP,,1 first_person,2 CP,,1 first_person,4 tag_question,0 declarative,NA,NA,4 tag_question,1 polar_question,NA,NA,0 no negation,NA,0 no negation
4829,zhidao,/Erbaugh/Kang/08.cha,mother,MOT: 你你知道不知道我的地址.,4 NP,2 NP,2 second_person,0 No,,2 second_person,1 polar_question,,NA,NA,1 polar_question,,NA,NA,0 no negation,NA,0 no negation
4831,zhidao,/Erbaugh/Kang/08.cha,mother,MOT: 你不知道我的地址.,4 NP,2 NP,2 second_person,0 No,,2 second_person,0 declarative,,NA,NA,0 declarative,,NA,NA,2 不,NA,2 不
4833,zhidao,/Erbaugh/Kang/08.cha,mother,MOT: 我不知道.,0 No,0 No,1 first_person,0 No,,1 first_person,0 declarative,,NA,NA,0 declarative,,NA,NA,2 不,NA,2 不
4836,zhidao,/Erbaugh/Kang/08.cha,mother,MOT: 不知道啊.,0 No,0 No,0 dropped,0 No,,0 dropped,0 declarative,,NA,NA,0 declarative,,NA,NA,2 不,NA,2 不
4837,zhidao,/Erbaugh/Kang/08.cha,mother,MOT: 今天爸爸在哪你知道吗.,0 No,0 No,2 second_person,0 No,,2 second_person,4 tag_question,2 wh_question,NA,NA,4 tag_question,2 wh_question,NA,NA,0 no negation,NA,0 no negation
4838,zhidao,/Erbaugh/Kang/08.cha,adult,ADU: 你去哪里你知不知道你笑起来好漂亮.,2 CP,,2 second_person,2 CP,,2 second_person,1 polar_question,0 declarative,NA,NA,1 polar_question,0 declarative,NA,NA,0 no negation,NA,0 no negation
4839,zhidao,/Erbaugh/Kang/08.cha,mother,MOT: 我知道.,0 No,0 No,1 first_person,0 No,,1 first_person,0 declarative,,NA,NA,0 declarative,,NA,NA,0 no negation,NA,0 no negation
4840,zhidao,/Erbaugh/Kang/08.cha,mother,MOT: 我不知道我挡住你了.,2 CP,,1 first_person,2 CP,,1 first_person,0 declarative,0 declarative,NA,NA,0 declarative,0 declarative,NA,NA,2 不,NA,2 不
4841,zhidao,/Erbaugh/Kang/09.cha,mother,MOT: 你怎么知道它有一点大便?,2 CP,,2 second_person,2 CP,,2 second_person,3 how/why,0 declarative,NA,NA,3 how/why,0 declarative,NA,NA,0 no negation,NA,0 no negation
4843,zhidao,/Erbaugh/Kang/09.cha,mother,MOT: 你为什么知道?,0 No,0 No,2 second_person,0 No,,2 second_person,3 how/why,,NA,NA,3 how/why,,NA,NA,0 no negation,NA,0 no negation
4845,zhidao,/Erbaugh/Kang/09.cha,mother,MOT: 不知道哪个是哪个.,2 CP,,0 dropped,2 CP,,0 dropped,0 declarative,2 wh_question,NA,NA,0 declarative,2 wh_question,NA,NA,2 不,NA,2 不
4846,zhidao,/Erbaugh/Kang/09.cha,mother,MOT: 我都不知道在哪里.,2 CP,,1 first_person,2 CP,,1 first_person,0 declarative,2 wh_question,NA,NA,0 declarative,2 wh_question,NA,NA,2 不,NA,2 不
4847,zhidao,/Erbaugh/Kang/09.cha,mother,MOT: 我知道你喜欢吃.,2 CP,,1 first_person,2 CP,,1 first_person,0 declarative,0 declarative,NA,NA,0 declarative,0 declarative,NA,NA,0 no negation,NA,0 no negation
4848,zhidao,/Erbaugh/Kang/09.cha,mother,MOT: 不知道他在讲那个剑.,2 CP,,0 dropped,2 CP,,0 dropped,0 declarative,0 declarative,NA,NA,0 declarative,,NA,NA,2 不,NA,2 不
4849,zhidao,/Erbaugh/Kang/09.cha,mother,MOT: 你知不知道?,0 No,0 No,2 second_person,0 No,,2 second_person,1 polar_question,,NA,NA,1 polar_question,,NA,NA,0 no negation,NA,0 no negation
4850,zhidao,/Erbaugh/Kang/09.cha,adult,ADU: 我不知道.,0 No,0 No,1 first_person,0 No,,1 first_person,0 declarative,,NA,NA,0 declarative,,NA,NA,2 不,NA,2 不
4851,zhidao,/Erbaugh/Kang/10.cha,mother,MOT: 你玩完不知道哪去了.,2 CP,,0 dropped,2 CP,,2 second_person,0 declarative,2 wh_question,NA,NA,0 declarative,2 wh_question,NA,NA,2 不,NA,2 不
4853,zhidao,/Erbaugh/Kang/10.cha,mother,MOT: 你知道啊.,0 No,0 No,2 second_person,0 No,,2 second_person,0 declarative,,NA,NA,0 declarative,,NA,NA,0 no negation,NA,0 no negation
4854,zhidao,/Erbaugh/Kang/10.cha,mother,MOT: 那我知道啦.,0 No,0 No,1 first_person,0 No,,1 first_person,0 declarative,,NA,NA,0 declarative,,NA,NA,0 no negation,NA,0 no negation
4856,zhidao,/Erbaugh/Kang/10.cha,mother,MOT: 我不知道在哪里.,2 CP,,1 first_person,2 CP,,1 first_person,0 declarative,2 wh_question,NA,NA,0 declarative,2 wh_question,NA,NA,2 不,NA,2 不
4857,zhidao,/Erbaugh/Kang/10.cha,mother,MOT: 我才能知道在哪里.,2 CP,,1 first_person,2 CP,,1 first_person,0 declarative,2 wh_question,NA,NA,0 declarative,2 wh_question,NA,NA,0 no negation,NA,0 no negation
4858,zhidao,/Erbaugh/Kang/10.cha,mother,MOT: 那本书不知道到哪儿去了.,2 CP,,0 dropped,2 CP,,0 dropped,0 declarative,2 wh_question,NA,NA,0 declarative,2 wh_question,NA,NA,2 不,NA,2 不
4859,zhidao,/Erbaugh/Kang/10.cha,mother,MOT: 我大概知道你要哪一本书.,2 CP,,1 first_person,2 CP,,1 first_person,0 declarative,2 wh_question,NA,NA,0 declarative,2 wh_question,NA,NA,0 no negation,NA,0 no negation
4860,zhidao,/Erbaugh/Kang/10.cha,mother,MOT: 我不知道.,0 No,0 No,1 first_person,0 No,,1 first_person,0 declarative,,NA,NA,0 declarative,,NA,NA,2 不,NA,2 不
4861,zhidao,/Erbaugh/Kang/10.cha,mother,MOT: 我也不知道.,0 No,0 No,1 first_person,0 No,,1 first_person,0 declarative,,NA,NA,0 declarative,,NA,NA,2 不,NA,2 不
4862,zhidao,/Erbaugh/Kang/10.cha,mother,MOT: 你知道了就行了.,2 CP,,2 second_person,0 No,,2 second_person,0 declarative,,NA,NA,0 declarative,0 declarative,NA,NA,0 no negation,NA,0 no negation
4863,zhidao,/Erbaugh/Kang/10.cha,mother,MOT: 这是谁你知道吗?,0 No,0 No,2 second_person,0 No,,2 second_person,4 tag_question,2 wh_question,NA,NA,4 tag_question,2 wh_question,NA,NA,0 no negation,NA,0 no negation
4864,zhidao,/Erbaugh/Kang/10.cha,mother,MOT: 那你就知道了三只小鸭看到牛.,2 CP,,2 second_person,2 CP,,2 second_person,0 declarative,0 declarative,NA,NA,0 declarative,0 declarative,NA,NA,0 no negation,NA,0 no negation
4866,zhidao,/Erbaugh/Kang/10.cha,mother,MOT: 你不知道啊.,0 No,0 No,2 second_person,0 No,,2 second_person,0 declarative,,NA,NA,0 declarative,,NA,NA,2 不,NA,2 不
4867,zhidao,/Erbaugh/Kang/10.cha,mother,MOT: 你知道他们叫的怎么样吗?,2 CP,,2 second_person,2 CP,,2 second_person,1 polar_question,2 wh_question,NA,NA,1 polar_question,2 wh_question,NA,NA,0 no negation,NA,0 no negation
4868,zhidao,/Erbaugh/Kang/10.cha,mother,MOT: 你不知道他们来干什么的?,2 CP,,2 second_person,2 CP,,2 second_person,1 polar_question,2 wh_question,NA,NA,1 polar_question,2 wh_question,NA,NA,2 不,NA,2 不
4869,zhidao,/Erbaugh/Kang/10.cha,mother,MOT: 你知道在这小鸭叫得怎么样?,2 CP,,2 second_person,2 CP,,2 second_person,1 polar_question,2 wh_question,NA,NA,1 polar_question,2 wh_question,NA,NA,0 no negation,NA,0 no negation
4870,zhidao,/Erbaugh/Kang/10.cha,mother,MOT: 你看是怎么的你知道吧?,0 No,0 No,2 second_person,0 No,,2 second_person,4 tag_question,2 wh_question,NA,NA,4 tag_question,2 wh_question,NA,NA,0 no negation,NA,0 no negation
4871,zhidao,/Erbaugh/Kang/10.cha,mother,MOT: 你知道吗?,0 No,0 No,2 second_person,0 No,,2 second_person,1 polar_question,,NA,NA,1 polar_question,,NA,NA,0 no negation,NA,0 no negation
4872,zhidao,/Erbaugh/Kang/10.cha,mother,MOT: 你知道他们为什么哭吧?,2 CP,,2 second_person,2 CP,,2 second_person,1 polar_question,2 wh_question,NA,NA,1 polar_question,2 wh_question,NA,NA,0 no negation,NA,0 no negation
4874,zhidao,/Erbaugh/Kang/11.cha,mother,MOT: 你怎么什么都知道?,0 No,0 No,2 second_person,0 No,,2 second_person,3 how/why,,NA,NA,3 how/why,,NA,NA,0 no negation,NA,0 no negation
4877,zhidao,/Erbaugh/Kang/11.cha,mother,MOT: 你知不知道?,0 No,0 No,2 second_person,0 No,,2 second_person,1 polar_question,,NA,NA,1 polar_question,,NA,NA,0 no negation,NA,0 no negation
4878,zhidao,/Erbaugh/Kang/11.cha,mother,"MOT: 啊,你知道吗?",0 No,0 No,2 second_person,0 No,,2 second_person,1 polar_question,,NA,NA,1 polar_question,,NA,NA,0 no negation,NA,0 no negation
4879,zhidao,/Erbaugh/Kang/11.cha,mother,MOT: 你知道不知道我儿的地址.,4 NP,2 NP,2 second_person,0 No,,2 second_person,1 polar_question,,NA,NA,1 polar_question,,NA,NA,0 no negation,NA,0 no negation
4881,zhidao,/Erbaugh/Kang/11.cha,mother,MOT: 你知道是哪里吗?,2 CP,,2 second_person,2 CP,,2 second_person,1 polar_question,2 wh_question,NA,NA,1 polar_question,2 wh_question,NA,NA,0 no negation,NA,0 no negation
4884,zhidao,/Erbaugh/Kang/11.cha,mother,MOT: 我知道是你自己抠的.,2 CP,,1 first_person,2 CP,,1 first_person,0 declarative,0 declarative,NA,NA,0 declarative,0 declarative,NA,NA,0 no negation,NA,0 no negation
4885,zhidao,/Erbaugh/Kang/12.cha,mother,MOT: 你知不知道我要跟你玩什么?,2 CP,,2 second_person,2 CP,,2 second_person,1 polar_question,2 wh_question,NA,NA,1 polar_question,2 wh_question,NA,NA,0 no negation,NA,0 no negation
4886,zhidao,/Erbaugh/Kang/12.cha,mother,MOT: 你知道他姓什么?,2 CP,,2 second_person,2 CP,,2 second_person,1 polar_question,2 wh_question,NA,NA,1 polar_question,2 wh_question,NA,NA,0 no negation,NA,0 no negation
4887,zhidao,/Erbaugh/Kang/12.cha,mother,MOT: 你知道他叫什么名字吗?,2 CP,,2 second_person,2 CP,,2 second_person,1 polar_question,2 wh_question,NA,NA,1 polar_question,2 wh_question,NA,NA,0 no negation,NA,0 no negation
4888,zhidao,/Erbaugh/Kang/12.cha,mother,MOT: 不知道.,0 No,0 No,0 dropped,0 No,,0 dropped,0 declarative,,NA,NA,0 declarative,,NA,NA,2 不,NA,2 不
4889,zhidao,/Erbaugh/Kang/12.cha,mother,MOT: 小宝宝很会说话哦什么都知道.,0 No,0 No,0 dropped,0 No,,0 dropped,0 declarative,,NA,NA,0 declarative,,NA,NA,0 no negation,NA,0 no negation
4890,zhidao,/Erbaugh/Kang/12.cha,mother,MOT: 我怎么知道你要做什么呢?,2 CP,,1 first_person,2 CP,,1 first_person,3 how/why,2 wh_question,NA,NA,3 how/why,2 wh_question,NA,NA,0 no negation,NA,0 no negation
4891,zhidao,/Erbaugh/Kang/12.cha,mother,MOT: 以后你知道吗?,0 No,0 No,2 second_person,0 No,,2 second_person,1 polar_question,,NA,NA,1 polar_question,,NA,NA,0 no negation,NA,0 no negation
4893,zhidao,/Erbaugh/Kang/12.cha,mother,MOT: 我知道这是哪的.,2 CP,,1 first_person,2 CP,,1 first_person,0 declarative,2 wh_question,NA,NA,0 declarative,2 wh_question,NA,NA,0 no negation,NA,0 no negation
4894,zhidao,/Erbaugh/Kang/12.cha,adult,ADU: 就是知道.,0 No,0 No,0 dropped,0 No,,0 dropped,0 declarative,,NA,NA,0 declarative,,NA,NA,0 no negation,NA,0 no negation
4895,zhidao,/Erbaugh/Kang/12.cha,mother,MOT: 不知道扎的起来扎不起来.,2 CP,,0 dropped,2 CP,,0 dropped,0 declarative,1 polar_question,NA,NA,0 declarative,1 polar_question,NA,NA,2 不,NA,2 不
4896,zhidao,/Erbaugh/Kang/12.cha,mother,MOT: 你知道吗?,0 No,0 No,2 second_person,0 No,,2 second_person,1 polar_question,,NA,NA,1 polar_question,,NA,NA,0 no negation,NA,0 no negation
4897,zhidao,/Erbaugh/Kang/13.cha,mother,MOT: 你叫它的名字它才知道你叫它.,2 CP,,3 third/NP,2 CP,,3 third/NP,0 declarative,0 declarative,NA,NA,0 declarative,0 declarative,NA,NA,0 no negation,NA,0 no negation
4898,zhidao,/Erbaugh/Kang/13.cha,mother,MOT: 我还不知道呢我还没有打开这个这个礼物盒子上面有什么东西.,0 No,0 No,1 first_person,0 No,,1 first_person,0 declarative,,NA,NA,0 declarative,,NA,NA,2 不,NA,2 不
4899,zhidao,/Erbaugh/Kang/13.cha,mother,MOT: 那康康你比方说我知道你头不舒服啊昏了以后我应该做什么才能让你醒呢?,2 CP,,1 first_person,2 CP,,1 first_person,0 declarative,0 declarative,NA,NA,1 polar_question,2 wh_question,NA,NA,0 no negation,NA,0 no negation
4902,zhidao,/Erbaugh/Kang/14.cha,mother,MOT: 这个要不要让人知道?,0 No,0 No,3 third/NP,0 No,,3 third/NP,0 declarative,,NA,NA,1 polar_question,,NA,NA,0 no negation,NA,0 no negation
4903,zhidao,/Erbaugh/Kang/14.cha,mother,MOT: 不知道是什么东西会响么香不香.,2 CP,,0 dropped,2 CP,,0 dropped,0 declarative,2 wh_question,NA,NA,1 polar_question,2 wh_question,NA,NA,2 不,NA,2 不
4904,zhidao,/Erbaugh/Kang/14.cha,mother,"MOT: 哦,是跆拳道不一样啊你怎么知道不一样啊.",2 CP,,2 second_person,2 CP,,2 second_person,3 how/why,0 declarative,NA,NA,3 how/why,0 declarative,NA,NA,0 no negation,NA,0 no negation
4905,zhidao,/Erbaugh/Kang/14.cha,mother,MOT: 哎呀天哪我还不知道家里有这个胶带我还想着那个呢.,2 CP,,1 first_person,2 CP,,1 first_person,0 declarative,0 declarative,NA,NA,0 declarative,0 declarative,NA,NA,2 不,NA,2 不
4906,zhidao,/Erbaugh/Kang/14.cha,mother,MOT: 空中的时候站的那个好那个叫做桶圆知道了吧那叫做桶圆.,0 No,0 No,0 dropped,0 No,,0 dropped,4 tag_question,0 declarative,NA,NA,4 tag_question,0 declarative,NA,NA,0 no negation,NA,0 no negation
4907,zhidao,/Erbaugh/Kang/14.cha,mother,MOT: 不要嘛我们看西贡风云嘛你看这是军舰昨天晚上妈妈不敢看你知道为什么吗?,2 CP,,2 second_person,2 CP,,2 second_person,1 polar_question,2 wh_question,NA,NA,1 polar_question,2 wh_question,NA,NA,0 no negation,NA,0 no negation
4908,zhidao,/Erbaugh/Kang/14.cha,mother,MOT: 还要一块是吧我是撕的奥所以撕得不是很齐所以一定要这样知道吧这还是可以用呢.,0 No,0 No,0 dropped,0 No,,0 dropped,4 tag_question,0 declarative,NA,NA,4 tag_question,0 declarative,NA,NA,0 no negation,NA,0 no negation
4909,zhidao,/Erbaugh/Kang/14.cha,mother,MOT: 把这个贴好了以后就都给我不能浪费胶带知道吗?,0 No,0 No,0 dropped,0 No,,0 dropped,4 tag_question,0 declarative,NA,NA,4 tag_question,0 declarative,NA,NA,0 no negation,NA,0 no negation
4910,zhidao,/Erbaugh/Kang/14.cha,adult,ADU: 不知道可能不乖吧.,2 CP,,0 dropped,2 CP,,0 dropped,0 declarative,0 declarative,NA,NA,0 declarative,,NA,NA,2 不,NA,2 不
4911,zhidao,/Erbaugh/Kang/14.cha,mother,MOT: 不知道他悄悄地跟他说什么我们不晓得.,2 CP,,0 dropped,2 CP,,0 dropped,0 declarative,2 wh_question,NA,NA,0 declarative,2 wh_question,NA,NA,2 不,NA,2 不
4912,zhidao,/Erbaugh/Kang/14.cha,mother,MOT: 不知道.,0 No,0 No,0 dropped,0 No,,0 dropped,0 declarative,,NA,NA,0 declarative,,NA,NA,2 不,NA,2 不
4913,zhidao,/Erbaugh/Kang/14.cha,mother,MOT: 我也不知道他们为什么要打仗.,2 CP,,1 first_person,2 CP,,1 first_person,0 declarative,2 wh_question,NA,NA,0 declarative,2 wh_question,NA,NA,2 不,NA,2 不
4914,zhidao,/Erbaugh/Kang/14.cha,mother,MOT: 我不晓得现在不知道xxx.,0 No,0 No,0 dropped,0 No,,0 dropped,0 declarative,,NA,NA,0 declarative,,NA,NA,2 不,NA,2 不
4915,zhidao,/Erbaugh/Kang/15.cha,mother,MOT: 整个都不知道跑到哪去了xxx不见了xxx.,2 CP,,0 dropped,2 CP,,0 dropped,0 declarative,2 wh_question,NA,NA,0 declarative,2 wh_question,NA,NA,2 不,NA,2 不
4916,zhidao,/Erbaugh/Kang/15.cha,mother,MOT: 哎刚才画室还有颜色现在不知道怎么了打开也没有颜色了应该可以调出颜色来的可是那个跟其他两个电台都没办法xxx.,2 CP,,0 dropped,2 CP,,0 dropped,0 declarative,2 wh_question,NA,NA,0 declarative,2 wh_question,NA,NA,2 不,NA,2 不
4917,zhidao,/Erbaugh/Kang/15.cha,mother,MOT: 你怎么知道这是大鸵鸟?,2 CP,,2 second_person,2 CP,,2 second_person,3 how/why,0 declarative,NA,NA,3 how/why,0 declarative,NA,NA,0 no negation,NA,0 no negation
4919,zhidao,/Erbaugh/Kang/15.cha,mother,MOT: 不知道.,0 No,0 No,0 dropped,0 No,,0 dropped,0 declarative,,NA,NA,0 declarative,,NA,NA,2 不,NA,2 不
4920,zhidao,/Erbaugh/Kang/15.cha,mother,MOT: 不知道啊.,0 No,0 No,0 dropped,0 No,,0 dropped,0 declarative,,NA,NA,0 declarative,,NA,NA,2 不,NA,2 不
4921,zhidao,/Erbaugh/Kang/15.cha,mother,MOT: 我不知道我没看我不知道是什么.,0 No,0 No,1 first_person,0 No,,1 first_person,0 declarative,0 declarative,NA,NA,0 declarative,0 declarative,NA,NA,2 不,NA,2 不
4921_b,zhidao,/Erbaugh/Kang/15.cha,mother,MOT: 我不知道我没看我不知道是什么.,2 CP,,1 first_person,2 CP,,1 first_person,0 declarative,2 wh_question,NA,NA,0 declarative,2 wh_question,NA,NA,2 不,NA,2 不
4922,zhidao,/Erbaugh/Kang/15.cha,mother,MOT: 你怎么知道他说不来了?,2 CP,,2 second_person,2 CP,,2 second_person,3 how/why,0 declarative,NA,NA,3 how/why,0 declarative,NA,NA,0 no negation,NA,0 no negation
4923,zhidao,/Erbaugh/Kang/15.cha,mother,MOT: 嗯那那林伯伯还不知道啊你想珍妮会不会告诉他爸爸.,0 No,0 No,3 third/NP,0 No,,3 third/NP,0 declarative,,NA,NA,0 declarative,,NA,NA,2 不,NA,2 不
4924,zhidao,/Erbaugh/Kang/15.cha,mother,MOT: 喜欢哪个叫什么呢就是那个小孩跟狮子的故事啊不知道在哪呢?,2 CP,,0 dropped,2 CP,,0 dropped,1 polar_question,2 wh_question,NA,NA,1 polar_question,2 wh_question,NA,NA,2 不,NA,2 不
4925,zhidao,/Erbaugh/Kang/15.cha,mother,MOT: 下面没有我知道我给你整理在这个抽屉这太乱了这么乱怎么得了.,0 No,0 No,1 first_person,0 No,,1 first_person,0 declarative,0 declarative,NA,NA,0 declarative,0 declarative,NA,NA,0 no negation,NA,0 no negation
4926,zhidao,/Erbaugh/Kang/15.cha,mother,MOT: 我不知道诶他不喜欢他吧.,0 No,0 No,1 first_person,0 No,,1 first_person,0 declarative,,NA,NA,0 declarative,,NA,NA,2 不,NA,2 不
4928,zhidao,/Erbaugh/Kang/15.cha,mother,MOT: 你怎么知道是一个娃娃.,2 CP,,2 second_person,2 CP,,2 second_person,3 how/why,0 declarative,NA,NA,3 how/why,0 declarative,NA,NA,0 no negation,NA,0 no negation
4929,zhidao,/Erbaugh/Kang/15.cha,adult,ADU1: 你知道它害怕时它怎么办嘛?,2 CP,,2 second_person,2 CP,,2 second_person,1 polar_question,2 wh_question,NA,NA,1 polar_question,2 wh_question,NA,NA,0 no negation,NA,0 no negation
4930,zhidao,/Erbaugh/Kang/16.cha,mother,MOT: 你知道刚才谁打电话给我吗?,2 CP,,2 second_person,2 CP,,2 second_person,1 polar_question,2 wh_question,NA,NA,1 polar_question,2 wh_question,NA,NA,0 no negation,NA,0 no negation
4932,zhidao,/Erbaugh/Kang/16.cha,mother,MOT: 你不知道啊.,0 No,0 No,2 second_person,0 No,,2 second_person,0 declarative,,NA,NA,0 declarative,,NA,NA,2 不,NA,2 不
4933,zhidao,/Erbaugh/Kang/16.cha,mother,MOT: 你想知道什么我就教你.,4 NP,2 NP,2 second_person,0 No,,2 second_person,2 wh_question,,NA,NA,0 declarative,,NA,NA,0 no negation,NA,0 no negation
4934,zhidao,/Erbaugh/Kang/16.cha,mother,MOT: 你怎么知道姥姥就是外婆?,2 CP,,2 second_person,2 CP,,2 second_person,3 how/why,0 declarative,NA,NA,3 how/why,0 declarative,NA,NA,0 no negation,NA,0 no negation
4937,zhidao,/Erbaugh/Kang/16.cha,adult,ADU1: 你看到你的老师没有你知不知道谁是你的老师?,2 CP,,2 second_person,2 CP,,2 second_person,1 polar_question,2 wh_question,NA,NA,1 polar_question,2 wh_question,NA,NA,0 no negation,NA,0 no negation
4938,zhidao,/Erbaugh/Kang/16.cha,adult,ADU: 我不知道啊我就这样猜.,0 No,0 No,1 first_person,0 No,,1 first_person,0 declarative,,NA,NA,0 declarative,,NA,NA,2 不,NA,2 不
4940,zhidao,/Erbaugh/Kang/16.cha,mother,MOT: 你说他就在这附近我不知道哪栋.,2 CP,,1 first_person,2 CP,,1 first_person,0 declarative,2 wh_question,NA,NA,0 declarative,2 wh_question,NA,NA,2 不,NA,2 不
4941,zhidao,/Erbaugh/Kang/17.cha,mother,MOT: 你怎么知道是挂在肚子上的呢?,2 CP,,2 second_person,2 CP,,1 first_person,3 how/why,0 declarative,NA,NA,3 how/why,0 declarative,NA,NA,0 no negation,NA,0 no negation
4943,zhidao,/Erbaugh/Kang/17.cha,mother,MOT: 你怎么知道的?,0 No,0 No,2 second_person,0 No,,2 second_person,3 how/why,,NA,NA,3 how/why,,NA,NA,0 no negation,NA,0 no negation
4946,zhidao,/Erbaugh/Kang/17.cha,mother,MOT: 等你去了你就知道了.,0 No,0 No,2 second_person,0 No,,2 second_person,0 declarative,,NA,NA,0 declarative,,NA,NA,0 no negation,NA,0 no negation
4948,zhidao,/Erbaugh/Kang/17.cha,mother,MOT: 你怎么不知道啊.,0 No,0 No,2 second_person,0 No,,2 second_person,3 how/why,,NA,NA,3 how/why,,NA,NA,2 不,NA,2 不
4949,zhidao,/Erbaugh/Kang/17.cha,mother,MOT: 你不知道是玛丽阿姨送的.,2 CP,,2 second_person,2 CP,,2 second_person,0 declarative,0 declarative,NA,NA,0 declarative,0 declarative,NA,NA,2 不,NA,2 不
4952,zhidao,/Erbaugh/Kang/18.cha,mother,MOT: 你怎么知道他不是?,2 CP,,2 second_person,2 CP,,2 second_person,3 how/why,0 declarative,NA,NA,3 how/why,0 declarative,NA,NA,0 no negation,NA,0 no negation
4953,zhidao,/Erbaugh/Kang/18.cha,mother,MOT: 不知道.,0 No,0 No,0 dropped,0 No,,0 dropped,0 declarative,,NA,NA,0 declarative,,NA,NA,2 不,NA,2 不
4954,zhidao,/Erbaugh/Kang/18.cha,mother,MOT: 我不知道.,0 No,0 No,1 first_person,0 No,,1 first_person,0 declarative,,NA,NA,0 declarative,,NA,NA,2 不,NA,2 不
4955,zhidao,/Erbaugh/Kang/18.cha,mother,MOT: 你知不知道?,0 No,0 No,2 second_person,0 No,,2 second_person,1 polar_question,,NA,NA,1 polar_question,,NA,NA,0 no negation,NA,0 no negation
4957,zhidao,/Erbaugh/Kang/18.cha,mother,MOT: 这我就不知道.,0 No,0 No,1 first_person,0 No,,1 first_person,0 declarative,,NA,NA,0 declarative,,NA,NA,2 不,NA,2 不
4958,zhidao,/Erbaugh/Kang/18.cha,mother,MOT: 我不知道.,0 No,0 No,1 first_person,0 No,,1 first_person,0 declarative,,NA,NA,0 declarative,,NA,NA,2 不,NA,2 不
4959,zhidao,/Erbaugh/Kang/18.cha,mother,MOT: 我怎么不知道?,0 No,0 No,1 first_person,0 No,,1 first_person,3 how/why,,NA,NA,3 how/why,,NA,NA,2 不,NA,2 不
4960,zhidao,/Erbaugh/Kang/18.cha,mother,MOT: 不知道丢哪里去了?,2 CP,,0 dropped,2 CP,,0 dropped,1 polar_question,2 wh_question,NA,NA,1 polar_question,2 wh_question,NA,NA,2 不,NA,2 不
4961,zhidao,/Erbaugh/Kang/18.cha,mother,MOT: 我知道.,0 No,0 No,1 first_person,0 No,,1 first_person,0 declarative,,NA,NA,0 declarative,,NA,NA,0 no negation,NA,0 no negation
4962,zhidao,/Erbaugh/Kang/19.cha,mother,MOT: 不知道啊.,0 No,0 No,0 dropped,0 No,,0 dropped,0 declarative,,NA,NA,0 declarative,,NA,NA,2 不,NA,2 不
4963,zhidao,/Erbaugh/Kang/19.cha,mother,MOT: 我也不知道是什么东西.,2 CP,,1 first_person,2 CP,,1 first_person,0 declarative,2 wh_question,NA,NA,0 declarative,2 wh_question,NA,NA,2 不,NA,2 不
4964,zhidao,/Erbaugh/Kang/19.cha,mother,MOT: 我也不知道啊.,0 No,0 No,1 first_person,0 No,,1 first_person,0 declarative,,NA,NA,0 declarative,,NA,NA,2 不,NA,2 不
4965,zhidao,/Erbaugh/Kang/19.cha,mother,MOT: 我还不知道.,0 No,0 No,1 first_person,0 No,,1 first_person,0 declarative,,NA,NA,0 declarative,,NA,NA,2 不,NA,2 不
4966,zhidao,/Erbaugh/Kang/19.cha,mother,MOT: 我还不知道.,0 No,0 No,1 first_person,0 No,,1 first_person,0 declarative,,NA,NA,0 declarative,,NA,NA,2 不,NA,2 不
4967,zhidao,/Erbaugh/Kang/19.cha,mother,MOT: 我也不知道什么东西?,2 CP,,1 first_person,2 CP,,1 first_person,2 wh_question,,NA,NA,0 declarative,2 wh_question,NA,NA,2 不,NA,2 不
4968,zhidao,/Erbaugh/Kang/19.cha,mother,MOT: 我也不知道为什么.,2 CP,,1 first_person,2 CP,,1 first_person,0 declarative,2 wh_question,NA,NA,0 declarative,2 wh_question,NA,NA,2 不,NA,2 不
4969,zhidao,/Erbaugh/Kang/19.cha,mother,MOT: 这是谁的手你知道吗?,0 No,0 No,2 second_person,0 No,,2 second_person,4 tag_question,2 wh_question,NA,NA,4 tag_question,2 wh_question,NA,NA,0 no negation,NA,0 no negation
4971,zhidao,/Erbaugh/Kang/19.cha,mother,MOT: 我也不知道.,0 No,0 No,1 first_person,0 No,,1 first_person,0 declarative,,NA,NA,0 declarative,,NA,NA,2 不,NA,2 不
4972,zhidao,/Erbaugh/Kang/19.cha,mother,MOT: 妈妈有时候有点糊涂你知道吧.,0 No,0 No,2 second_person,0 No,,2 second_person,4 tag_question,0 declarative,NA,NA,4 tag_question,0 declarative,NA,NA,0 no negation,NA,0 no negation
4973,zhidao,/Erbaugh/Kang/20.cha,mother,MOT: 他在做什么你知道吗?,0 No,0 No,2 second_person,0 No,,2 second_person,4 tag_question,2 wh_question,NA,NA,4 tag_question,2 wh_question,NA,NA,0 no negation,NA,0 no negation
4974,zhidao,/Erbaugh/Kang/20.cha,mother,MOT: 这是什么知道吗?,0 No,0 No,0 dropped,0 No,,0 dropped,4 tag_question,2 wh_question,NA,NA,4 tag_question,2 wh_question,NA,NA,0 no negation,NA,0 no negation
4975,zhidao,/Erbaugh/Kang/20.cha,mother,MOT: 这个猴子就知道不跳舞不会没有命的.,2 CP,,3 third/NP,2 CP,,3 third/NP,0 declarative,0 declarative,NA,NA,0 declarative,0 declarative,NA,NA,0 no negation,NA,0 no negation
4976,zhidao,/Erbaugh/Kang/20.cha,mother,MOT: 结果知道他的橘子比别人都贵.,2 CP,,0 dropped,2 CP,,0 dropped,0 declarative,0 declarative,NA,NA,0 declarative,0 declarative,NA,NA,0 no negation,NA,0 no negation
4979,zhidao,/Erbaugh/Kang/20.cha,mother,MOT: 不知道啊?,0 No,0 No,0 dropped,0 No,,0 dropped,1 polar_question,,NA,NA,1 polar_question,,NA,NA,2 不,NA,2 不
4980,zhidao,/Erbaugh/Kang/20.cha,mother,MOT: 你也知道吧.,0 No,0 No,2 second_person,0 No,,2 second_person,1 polar_question,,NA,NA,0 declarative,,NA,NA,0 no negation,NA,0 no negation
4981,zhidao,/Erbaugh/Kang/20.cha,mother,MOT: 这个字是什么你知道吗?,0 No,0 No,2 second_person,0 No,,2 second_person,4 tag_question,2 wh_question,NA,NA,4 tag_question,2 wh_question,NA,NA,0 no negation,NA,0 no negation
4982,zhidao,/Erbaugh/Kang/20.cha,mother,MOT: 你知道我几岁吗?,2 CP,,2 second_person,2 CP,,2 second_person,1 polar_question,2 wh_question,NA,NA,1 polar_question,2 wh_question,NA,NA,0 no negation,NA,0 no negation
4984,zhidao,/Erbaugh/Kang/20.cha,mother,MOT: 好好我知道了.,0 No,0 No,1 first_person,0 No,,1 first_person,0 declarative,,NA,NA,0 declarative,,NA,NA,0 no negation,NA,0 no negation
4988,zhidao,/Erbaugh/Kang/21.cha,mother,MOT: 他啥都不知道.,0 No,0 No,3 third/NP,0 No,,3 third/NP,0 declarative,,NA,NA,0 declarative,,NA,NA,2 不,NA,2 不
4992,zhidao,/Erbaugh/Kang/21.cha,mother,MOT: 我知道你说的是什么.,2 CP,,1 first_person,2 CP,,1 first_person,0 declarative,0 declarative,NA,NA,0 declarative,2 wh_question,NA,NA,0 no negation,NA,0 no negation
4993,zhidao,/Erbaugh/Kang/21.cha,mother,MOT: 可是我不知道怎么放进去才好.,2 CP,,1 first_person,2 CP,,1 first_person,1 polar_question,2 wh_question,NA,NA,0 declarative,2 wh_question,NA,NA,2 不,NA,2 不
4994,zhidao,/Erbaugh/Kang/21.cha,mother,MOT: 不知道花生是什么样的.,2 CP,,0 dropped,2 CP,,0 dropped,0 declarative,2 wh_question,NA,NA,0 declarative,2 wh_question,NA,NA,2 不,NA,2 不
4996,zhidao,/Erbaugh/Kang/21.cha,mother,MOT: 我知道.,0 No,0 No,1 first_person,0 No,,1 first_person,0 declarative,,NA,NA,0 declarative,,NA,NA,0 no negation,NA,0 no negation
4997,zhidao,/Erbaugh/Kang/21.cha,mother,MOT: 我知道.,0 No,0 No,1 first_person,0 No,,1 first_person,0 declarative,,NA,NA,0 declarative,,NA,NA,0 no negation,NA,0 no negation
4998,zhidao,/Erbaugh/Kang/21.cha,mother,MOT: 你知道吗?,0 No,0 No,2 second_person,0 No,,2 second_person,1 polar_question,,NA,NA,1 polar_question,,NA,NA,0 no negation,NA,0 no negation
4999,zhidao,/Erbaugh/Kang/21.cha,mother,MOT: 你知道会怎么样?,2 CP,,2 second_person,2 CP,,2 second_person,1 polar_question,2 wh_question,NA,NA,1 polar_question,2 wh_question,NA,NA,0 no negation,NA,0 no negation
5001,zhidao,/Erbaugh/Kang/21.cha,mother,MOT: 我很受不了你知道吧?,0 No,0 No,2 second_person,0 No,,2 second_person,4 tag_question,0 declarative,NA,NA,4 tag_question,0 declarative,NA,NA,0 no negation,NA,0 no negation
5003,zhidao,/Erbaugh/Kang/22.cha,mother,MOT: 你知道用什么做吗?,2 CP,,2 second_person,2 CP,,2 second_person,1 polar_question,2 wh_question,NA,NA,1 polar_question,2 wh_question,NA,NA,0 no negation,NA,0 no negation
5005,zhidao,/Erbaugh/Kang/22.cha,mother,"MOT: 然后怎么做,你知道吗?",0 No,0 No,2 second_person,0 No,,2 second_person,4 tag_question,2 wh_question,NA,NA,4 tag_question,0 declarative,NA,NA,0 no negation,NA,0 no negation
5006,zhidao,/Erbaugh/Kang/22.cha,mother,MOT: 我以为你知道的是抽签的呢?,2 CP,,2 second_person,0 No,,2 second_person,0 declarative,,NA,NA,1 polar_question,0 declarative,NA,NA,0 no negation,NA,0 no negation
5007,zhidao,/Erbaugh/Kang/22.cha,mother,MOT: 你知道这是做什么的吗?,2 CP,,2 second_person,2 CP,,2 second_person,1 polar_question,2 wh_question,NA,NA,1 polar_question,2 wh_question,NA,NA,0 no negation,NA,0 no negation
5008,zhidao,/Erbaugh/Kang/22.cha,mother,MOT: 你要不要让蒋阿姨知道你乖啊.,2 CP,,3 third/NP,2 CP,,3 third/NP,0 declarative,0 declarative,NA,NA,1 polar_question,0 declarative,NA,NA,0 no negation,NA,0 no negation
5009,zhidao,/Erbaugh/Kang/22.cha,mother,MOT: 那你不讲话我不知道你求什么啊.,2 CP,,1 first_person,2 CP,,1 first_person,0 declarative,2 wh_question,NA,NA,0 declarative,2 wh_question,NA,NA,2 不,NA,2 不
5010,zhidao,/Erbaugh/Kang/22.cha,mother,MOT: 你知道在哪吗?,2 CP,,2 second_person,2 CP,,2 second_person,1 polar_question,2 wh_question,NA,NA,1 polar_question,2 wh_question,NA,NA,0 no negation,NA,0 no negation
5012,zhidao,/Erbaugh/Kang/22.cha,mother,MOT: 就是我不知道那.,4 NP,2 NP,1 first_person,0 No,,1 first_person,0 declarative,,NA,NA,0 declarative,,NA,NA,2 不,NA,2 不
5013,zhidao,/Erbaugh/Kang/22.cha,mother,MOT: 我只知道就是走方步.,2 CP,,1 first_person,2 CP,,1 first_person,0 declarative,0 declarative,NA,NA,0 declarative,0 declarative,NA,NA,0 no negation,NA,0 no negation
5014,zhidao,/Erbaugh/Kang/22.cha,mother,MOT: 别的我不知道.,0 No,0 No,1 first_person,0 No,,1 first_person,0 declarative,,NA,NA,0 declarative,,NA,NA,2 不,NA,2 不
5015,zhidao,/Erbaugh/Kang/22.cha,mother,MOT: 不知道谁给我们订的.,2 CP,,0 dropped,2 CP,,0 dropped,0 declarative,2 wh_question,NA,NA,0 declarative,2 wh_question,NA,NA,2 不,NA,2 不
5016,zhidao,/Erbaugh/Kang/22.cha,mother,MOT: 我不知道是谁给了地址.,2 CP,,1 first_person,2 CP,,1 first_person,0 declarative,2 wh_question,NA,NA,0 declarative,2 wh_question,NA,NA,2 不,NA,2 不
5017,zhidao,/Erbaugh/Kang/23.cha,adult,ADU: 我不知道.,0 No,0 No,1 first_person,0 No,,1 first_person,0 declarative,,NA,NA,0 declarative,,NA,NA,2 不,NA,2 不
5019,zhidao,/Erbaugh/Kang/23.cha,mother,MOT: 不知道大小咋们样.,2 CP,,0 dropped,2 CP,,0 dropped,0 declarative,2 wh_question,NA,NA,0 declarative,2 wh_question,NA,NA,2 不,NA,2 不
5020,zhidao,/Erbaugh/Kang/23.cha,mother,MOT: 不知道大小咋们样?,2 CP,,0 dropped,2 CP,,0 dropped,0 declarative,2 wh_question,NA,NA,1 polar_question,2 wh_question,NA,NA,2 不,NA,2 不
5022,zhidao,/Erbaugh/Kang/23.cha,adult,ADU: 你不知道?,0 No,0 No,2 second_person,0 No,,2 second_person,1 polar_question,,NA,NA,1 polar_question,,NA,NA,2 不,NA,2 不
5023,zhidao,/Erbaugh/Kang/23.cha,adult,ADU: 你咋们能不知道呢?,0 No,0 No,1 first_person,0 No,,2 second_person,3 how/why,,NA,NA,3 how/why,,NA,NA,2 不,NA,2 不
5024,zhidao,/Erbaugh/Kang/23.cha,mother,MOT: 不知道.,0 No,0 No,0 dropped,0 No,,0 dropped,0 declarative,,NA,NA,0 declarative,,NA,NA,2 不,NA,2 不
5025,zhidao,/Erbaugh/Kang/23.cha,mother,MOT: 我也不知道要咋们办?,2 CP,,1 first_person,2 CP,,1 first_person,0 declarative,2 wh_question,NA,NA,1 polar_question,2 wh_question,NA,NA,2 不,NA,2 不
5026,zhidao,/Erbaugh/Kang/23.cha,adult,ADU: 奥我知道.,0 No,0 No,1 first_person,0 No,,1 first_person,0 declarative,,NA,NA,0 declarative,,NA,NA,0 no negation,NA,0 no negation
5028,zhidao,/Erbaugh/Kang/23.cha,mother,MOT: 我知道你说.,2 CP,,1 first_person,2 CP,,1 first_person,0 declarative,,NA,NA,0 declarative,,NA,NA,0 no negation,NA,0 no negation
5029,zhidao,/Erbaugh/Laohu/01.cha,adult,ADU: 我不知道中国歌.,4 NP,2 NP,1 first_person,0 No,,1 first_person,0 declarative,,NA,NA,0 declarative,,NA,NA,2 不,NA,2 不
5030,zhidao,/Erbaugh/Laohu/01.cha,adult,ADU: 我都不知道.,0 No,0 No,1 first_person,0 No,,1 first_person,0 declarative,,NA,NA,0 declarative,,NA,NA,2 不,NA,2 不
5031,zhidao,/Erbaugh/Laohu/02.cha,adult,ADU: 我还不知道.,0 No,0 No,1 first_person,0 No,,1 first_person,0 declarative,,NA,NA,0 declarative,,NA,NA,2 不,NA,2 不
5032,zhidao,/Erbaugh/Laohu/02.cha,adult,ADU: 因为我也不知道虫子咬我.,2 CP,,1 first_person,2 CP,,1 first_person,0 declarative,0 declarative,NA,NA,0 declarative,0 declarative,NA,NA,2 不,NA,2 不
5033,zhidao,/Erbaugh/Laohu/03.cha,father,FAT: 你知不知道?,0 No,0 No,2 second_person,0 No,,2 second_person,1 polar_question,,NA,NA,1 polar_question,,NA,NA,0 no negation,NA,0 no negation
5034,zhidao,/Erbaugh/Laohu/03.cha,father,FAT: 你知道<这是什么>[/]这是什么?,2 CP,,2 second_person,2 CP,,2 second_person,1 polar_question,2 wh_question,NA,NA,1 polar_question,2 wh_question,NA,NA,0 no negation,NA,0 no negation
5035,zhidao,/Erbaugh/Laohu/03.cha,father,FAT: 知不知道呀?,0 No,0 No,0 dropped,0 No,,0 dropped,1 polar_question,,NA,NA,1 polar_question,,NA,NA,0 no negation,NA,0 no negation
5037,zhidao,/Erbaugh/Laohu/03.cha,adult,ADU: 我不知道.,0 No,0 No,1 first_person,0 No,,1 first_person,0 declarative,,NA,NA,0 declarative,,NA,NA,2 不,NA,2 不
5038,zhidao,/Erbaugh/Laohu/04.cha,adult,ADU: 我不知道中文叫什么名字.,2 CP,,1 first_person,2 CP,,1 first_person,0 declarative,2 wh_question,NA,NA,0 declarative,2 wh_question,NA,NA,2 不,NA,2 不
5039,zhidao,/Erbaugh/Laohu/05.cha,adult,ADU1: 我不知道.,0 No,0 No,1 first_person,0 No,,1 first_person,0 declarative,,NA,NA,0 declarative,,NA,NA,2 不,NA,2 不
5040,zhidao,/Erbaugh/Laohu/05.cha,adult,ADU: 我不知道中文怎么说.,2 CP,,1 first_person,2 CP,,1 first_person,0 declarative,2 wh_question,NA,NA,0 declarative,2 wh_question,NA,NA,2 不,NA,2 不
5041,zhidao,/Erbaugh/Laohu/06.cha,adult,ADU: 你知道不要按.,2 CP,,2 second_person,2 CP,,1 first_person,0 declarative,0 declarative,NA,NA,0 declarative,0 declarative,NA,NA,0 no negation,NA,0 no negation
5042,zhidao,/Erbaugh/Laohu/07.cha,adult,ADU: 不知道里面有什么东西.,2 CP,,0 dropped,2 CP,,0 dropped,0 declarative,2 wh_question,NA,NA,0 declarative,2 wh_question,NA,NA,2 不,NA,2 不
5043,zhidao,/Erbaugh/Laohu/07.cha,mother,MOT: 知道要去看胡医生.,2 CP,,0 dropped,2 CP,,0 dropped,0 declarative,0 declarative,NA,NA,0 declarative,0 declarative,NA,NA,0 no negation,NA,0 no negation
5044,zhidao,/Erbaugh/Peng/01.cha,adult,ADU2: 知不知道?,0 No,0 No,0 dropped,0 No,,0 dropped,1 polar_question,,NA,NA,1 polar_question,,NA,NA,0 no negation,NA,0 no negation
5045,zhidao,/Erbaugh/Peng/02.cha,adult,ADU2: 知不知道?,0 No,0 No,0 dropped,0 No,,0 dropped,1 polar_question,,NA,NA,1 polar_question,,NA,NA,0 no negation,NA,0 no negation
5047,zhidao,/Erbaugh/Peng/02.cha,adult,ADU2: 知不知道?,0 No,0 No,0 dropped,0 No,,0 dropped,1 polar_question,,NA,NA,1 polar_question,,NA,NA,0 no negation,NA,0 no negation
5049,zhidao,/Erbaugh/Peng/02.cha,adult,ADU2: 知不知道?,0 No,0 No,0 dropped,0 No,,0 dropped,1 polar_question,,NA,NA,1 polar_question,,NA,NA,0 no negation,NA,0 no negation
5050,zhidao,/Erbaugh/Peng/02.cha,adult,ADU2: 就知道了啊.,0 No,0 No,0 dropped,0 No,,0 dropped,0 declarative,,NA,NA,0 declarative,,NA,NA,0 no negation,NA,0 no negation
5053,zhidao,/Erbaugh/Peng/02.cha,adult,ADU2: xxx知道.,0 No,0 No,0 dropped,0 No,,0 dropped,0 declarative,,NA,NA,0 declarative,,NA,NA,0 no negation,NA,0 no negation
5057,zhidao,/Erbaugh/Peng/03.cha,adult,ADU1: 不知道.,0 No,0 No,0 dropped,0 No,,0 dropped,0 declarative,,NA,NA,0 declarative,,NA,NA,2 不,NA,2 不
5058,zhidao,/Erbaugh/Peng/03.cha,adult,ADU2: 你不知道.,0 No,0 No,2 second_person,0 No,,2 second_person,0 declarative,,NA,NA,0 declarative,,NA,NA,2 不,NA,2 不
5059,zhidao,/Erbaugh/Peng/03.cha,adult,ADU1: 不知道啊.,0 No,0 No,0 dropped,0 No,,0 dropped,0 declarative,,NA,NA,0 declarative,,NA,NA,2 不,NA,2 不
5060,zhidao,/Erbaugh/Peng/04.cha,adult,ADU2: 这是什么不知道啊.,0 No,0 No,0 dropped,0 No,,0 dropped,0 declarative,2 wh_question,NA,NA,0 declarative,2 wh_question,NA,NA,2 不,NA,2 不
5061,zhidao,/Erbaugh/Peng/04.cha,adult,ADU2: 知道的很多.,0 No,4 RC的,0 dropped,0 No,,0 dropped,0 declarative,,NA,NA,0 declarative,,NA,NA,0 no negation,NA,0 no negation
5062,zhidao,/Erbaugh/Peng/04.cha,adult,ADU: 你不知道啊.,0 No,0 No,2 second_person,0 No,,2 second_person,0 declarative,,NA,NA,0 declarative,,NA,NA,2 不,NA,2 不
5064,zhidao,/Erbaugh/Peng/04.cha,adult,ADU: 你知道啊.,0 No,0 No,2 second_person,0 No,,2 second_person,0 declarative,,NA,NA,0 declarative,,NA,NA,0 no negation,NA,0 no negation
5067,zhidao,/Erbaugh/Peng/06.cha,adult,ADU1: 你知道报纸哪里来的?,2 CP,,2 second_person,2 CP,,2 second_person,1 polar_question,2 wh_question,NA,NA,1 polar_question,2 wh_question,NA,NA,0 no negation,NA,0 no negation
5068,zhidao,/Erbaugh/Peng/06.cha,adult,ADU1: 你不知道啊?,0 No,0 No,2 second_person,0 No,,2 second_person,0 declarative,,NA,NA,1 polar_question,,NA,NA,2 不,NA,2 不
5069,zhidao,/Erbaugh/Peng/07.cha,adult,ADU2: 胖胖不知道请阿姨吃啊!,2 CP,,3 third/NP,2 CP,,3 third/NP,0 declarative,0 declarative,NA,NA,0 declarative,0 declarative,NA,NA,2 不,NA,2 不
5071,zhidao,/Erbaugh/Peng/07.cha,adult,ADU2: 录音你知道吗?,0 No,0 No,2 second_person,0 No,,2 second_person,1 polar_question,,NA,NA,4 tag_question,,NA,NA,0 no negation,NA,0 no negation
5072,zhidao,/Erbaugh/Peng/07.cha,adult,ADU1: 他不知道.,0 No,0 No,3 third/NP,0 No,,3 third/NP,0 declarative,,NA,NA,0 declarative,,NA,NA,2 不,NA,2 不
5073,zhidao,/Erbaugh/Peng/08.cha,adult,ADU1: 胖胖不知道啊?,0 No,0 No,3 third/NP,0 No,,3 third/NP,1 polar_question,,NA,NA,1 polar_question,,NA,NA,2 不,NA,2 不
5075,zhidao,/Erbaugh/Peng/09.cha,adult,ADU1: 你不知道这个白白的是什么东西啊?,2 CP,,2 second_person,2 CP,,2 second_person,1 polar_question,2 wh_question,NA,NA,1 polar_question,2 wh_question,NA,NA,2 不,NA,2 不
5077,zhidao,/Erbaugh/Peng/11.cha,adult,ADU1: 你怎么知道?,0 No,0 No,2 second_person,0 No,,2 second_person,3 how/why,,NA,NA,3 how/why,,NA,NA,0 no negation,NA,0 no negation
5078,zhidao,/Erbaugh/Peng/12.cha,adult,ADU1: 不知道.,0 No,0 No,0 dropped,0 No,,0 dropped,0 declarative,,NA,NA,0 declarative,,NA,NA,2 不,NA,2 不
5079,zhidao,/Erbaugh/Peng/13.cha,adult,ADU1: 胖胖知不知道这是什么颜色?,2 CP,,3 third/NP,2 CP,,3 third/NP,1 polar_question,2 wh_question,NA,NA,1 polar_question,2 wh_question,NA,NA,0 no negation,NA,0 no negation
5080,zhidao,/Erbaugh/Peng/13.cha,adult,ADU1: 你怎么知道?,0 No,0 No,2 second_person,0 No,,2 second_person,3 how/why,,NA,NA,3 how/why,,NA,NA,0 no negation,NA,0 no negation
5081,zhidao,/Erbaugh/Peng/13.cha,adult,ADU1: 她还知道这个先拿走哎!,2 CP,,3 third/NP,2 CP,,3 third/NP,0 declarative,0 declarative,NA,NA,0 declarative,,NA,NA,0 no negation,NA,0 no negation
5082,zhidao,/Erbaugh/Peng/13.cha,adult,ADU1: 你怎么知道?,0 No,0 No,2 second_person,0 No,,2 second_person,3 how/why,,NA,NA,3 how/why,,NA,NA,0 no negation,NA,0 no negation
5083,zhidao,/Erbaugh/Peng/13.cha,sister,SIS: 有一次xxx我笑她她还不知道.,0 No,0 No,3 third/NP,0 No,,3 third/NP,0 declarative,0 declarative,NA,NA,0 declarative,,NA,NA,2 不,NA,2 不
5084,zhidao,/Erbaugh/Peng/14.cha,adult,ADU1: 你吃一口看就知道是一样的.,2 CP,,0 dropped,2 CP,,0 dropped,0 declarative,0 declarative,NA,NA,0 declarative,0 declarative,NA,NA,0 no negation,NA,0 no negation
5085,zhidao,/Erbaugh/Peng/15.cha,adult,ADU1: 我也不知道啊?,0 No,0 No,1 first_person,0 No,,1 first_person,1 polar_question,,NA,NA,1 polar_question,,NA,NA,2 不,NA,2 不
5086,zhidao,/Erbaugh/Peng/15.cha,sister,SIS: 知不知道?,0 No,0 No,0 dropped,0 No,,0 dropped,1 polar_question,,NA,NA,1 polar_question,,NA,NA,0 no negation,NA,0 no negation
5088,zhidao,/Erbaugh/Peng/15.cha,sister,SIS: 你知道刚刚妹妹说什么吗?,2 CP,,2 second_person,2 CP,,2 second_person,1 polar_question,2 wh_question,NA,NA,1 polar_question,2 wh_question,NA,NA,0 no negation,NA,0 no negation
5089,zhidao,/Erbaugh/Peng/15.cha,adult,ADU1: 我不知道有没有虫.,2 CP,,1 first_person,2 CP,,1 first_person,0 declarative,1 polar_question,NA,NA,0 declarative,1 polar_question,NA,NA,2 不,NA,2 不
5091,zhidao,/Erbaugh/Peng/16.cha,adult,ADU: 你知不知道这是什么花?,2 CP,,2 second_person,0 No,,2 second_person,1 polar_question,2 wh_question,NA,NA,1 polar_question,2 wh_question,NA,NA,0 no negation,NA,0 no negation
5092,zhidao,/Erbaugh/Peng/16.cha,sister,SIS: 也不知道是哪一边啦.,2 CP,,0 dropped,2 CP,,0 dropped,0 declarative,2 wh_question,NA,NA,0 declarative,2 wh_question,NA,NA,2 不,NA,2 不
5093,zhidao,/Erbaugh/Peng/16.cha,adult,ADU: 不知道.,0 No,0 No,0 dropped,0 No,,0 dropped,0 declarative,,NA,NA,0 declarative,,NA,NA,2 不,NA,2 不
5094,zhidao,/Erbaugh/Peng/16.cha,adult,ADU1: 不知道?,0 No,0 No,0 dropped,0 No,,0 dropped,1 polar_question,,NA,NA,1 polar_question,,NA,NA,2 不,NA,2 不
5095,zhidao,/Erbaugh/Peng/16.cha,GRA,GRA: 知道吗.,0 No,0 No,0 dropped,0 No,,0 dropped,1 polar_question,,NA,NA,1 polar_question,,NA,NA,0 no negation,NA,0 no negation
5096,zhidao,/Erbaugh/Peng/16.cha,sister,SIS: 我刚看不知道要怎么看.,2 CP,,0 dropped,2 CP,,0 dropped,0 declarative,2 wh_question,NA,NA,0 declarative,2 wh_question,NA,NA,2 不,NA,2 不
5097,zhidao,/Erbaugh/Peng/17.cha,sister,SIS: 他啊他不知道.,0 No,0 No,3 third/NP,0 No,,3 third/NP,0 declarative,,NA,NA,0 declarative,,NA,NA,2 不,NA,2 不
5098,zhidao,/Erbaugh/Peng/17.cha,sister,SIS: 小狗如果生病毛这么多不知道要怎么打针.,2 CP,,0 dropped,2 CP,,0 dropped,0 declarative,2 wh_question,NA,NA,0 declarative,2 wh_question,NA,NA,2 不,NA,2 不
5099,zhidao,/Erbaugh/Peng/17.cha,adult,ADU1: 不知道啊.,0 No,0 No,0 dropped,0 No,,0 dropped,0 declarative,,NA,NA,0 declarative,,NA,NA,2 不,NA,2 不
5100,zhidao,/Erbaugh/Peng/17.cha,sister,SIS: 我知道.,0 No,0 No,1 first_person,0 No,,1 first_person,0 declarative,,NA,NA,0 declarative,,NA,NA,0 no negation,NA,0 no negation
5101,zhidao,/Erbaugh/Peng/17.cha,adult,ADU: 不知道在玩狗还是在想我.,2 CP,,0 dropped,2 CP,,0 dropped,0 declarative,1 polar_question,NA,NA,0 declarative,1 polar_question,NA,NA,2 不,NA,2 不
5102,zhidao,/Erbaugh/Peng/18.cha,adult,ADU: 胖胖唱歌好好听今天才知道耶.,0 No,0 No,0 dropped,0 No,,0 dropped,0 declarative,,NA,NA,0 declarative,0 declarative,NA,NA,0 no negation,NA,0 no negation
5103,zhidao,/Erbaugh/Peng/18.cha,adult,ADU: 我们今天才知道.,0 No,0 No,1 first_person,0 No,,1 first_person,0 declarative,,NA,NA,0 declarative,,NA,NA,0 no negation,NA,0 no negation
5104,zhidao,/Erbaugh/Peng/18.cha,adult,ADU: 你看阿姨好笨哦都不知道胖胖会唱歌.,2 CP,,0 dropped,2 CP,,0 dropped,0 declarative,0 declarative,NA,NA,0 declarative,0 declarative,NA,NA,2 不,NA,2 不
5106,zhidao,/Erbaugh/Peng/19.cha,adult,ADU: 你知不知道风飞飞是什么?,2 CP,,2 second_person,2 CP,,2 second_person,1 polar_question,2 wh_question,NA,NA,1 polar_question,2 wh_question,NA,NA,0 no negation,NA,0 no negation
5107,zhidao,/Erbaugh/Peng/19.cha,adult,ADU: 这个是什么花你知不知道?,0 No,0 No,2 second_person,0 No,,2 second_person,4 tag_question,2 wh_question,NA,NA,4 tag_question,2 wh_question,NA,NA,0 no negation,NA,0 no negation
5108,zhidao,/Erbaugh/Peng/19.cha,adult,ADU: 好怕知道.,0 No,0 No,0 dropped,0 No,,0 dropped,0 declarative,,NA,NA,0 declarative,,NA,NA,0 no negation,NA,0 no negation
5109,zhidao,/Erbaugh/Peng/19.cha,GRA,GRA: 知道吗?,0 No,0 No,0 dropped,0 No,,0 dropped,1 polar_question,,NA,NA,1 polar_question,,NA,NA,0 no negation,NA,0 no negation
5110,zhidao,/Erbaugh/Peng/20.cha,sister,SIS: 我也不知道.,0 No,0 No,1 first_person,0 No,,1 first_person,0 declarative,,NA,NA,0 declarative,,NA,NA,2 不,NA,2 不
5111,zhidao,/Erbaugh/Peng/20.cha,adult,ADU: 你告诉姐姐啊你刚刚不是知道吗我跟你说了螃蟹没有什么?,0 No,0 No,2 second_person,0 No,,2 second_person,1 polar_question,,NA,NA,1 polar_question,,NA,NA,5 不是,NA,5 不是
5113,zhidao,/Erbaugh/Peng/20.cha,adult,ADU: 我不知道诶.,0 No,0 No,1 first_person,0 No,,1 first_person,0 declarative,,NA,NA,0 declarative,,NA,NA,2 不,NA,2 不
5114,zhidao,/Erbaugh/Peng/20.cha,sister,SIS: 爸爸妈妈都不知道.,0 No,0 No,3 third/NP,0 No,,3 third/NP,0 declarative,,NA,NA,0 declarative,,NA,NA,2 不,NA,2 不
5115,zhidao,/Erbaugh/Peng/20.cha,adult,ADU: 我不知道.,0 No,0 No,1 first_person,0 No,,1 first_person,0 declarative,,NA,NA,0 declarative,,NA,NA,2 不,NA,2 不
5117,zhidao,/Erbaugh/Peng/21.cha,adult,ADU: 可是没有人知道饺子是什么东西.,2 CP,,3 third/NP,2 CP,,3 third/NP,0 declarative,2 wh_question,NA,NA,0 declarative,2 wh_question,NA,NA,0 no negation,NA,0 no negation
5119,zhidao,/Erbaugh/Peng/21.cha,mother,MOT: 你怎么知道?,0 No,0 No,2 second_person,0 No,,2 second_person,3 how/why,,NA,NA,3 how/why,,NA,NA,0 no negation,NA,0 no negation
5124,zhidao,/Erbaugh/Peng/22.cha,adult,ADU: 我不知道你今天黏土没有.,2 CP,,1 first_person,2 CP,,1 first_person,0 declarative,0 declarative,NA,NA,0 declarative,1 polar_question,NA,NA,2 不,NA,2 不
5125,zhidao,/Erbaugh/Peng/22.cha,adult,ADU: 我怎么知道?,0 No,0 No,1 first_person,0 No,,1 first_person,3 how/why,,NA,NA,3 how/why,,NA,NA,0 no negation,NA,0 no negation
5126,zhidao,/Erbaugh/Peng/22.cha,adult,ADU: 我不知道你的黏土在哪里哎.,2 CP,,1 first_person,2 CP,,1 first_person,0 declarative,2 wh_question,NA,NA,0 declarative,2 wh_question,NA,NA,2 不,NA,2 不
5127,zhidao,/Erbaugh/Peng/22.cha,adult,ADU: 你问姐姐知不知道?,0 No,0 No,3 third/NP,0 No,,3 third/NP,1 polar_question,,NA,NA,1 polar_question,,NA,NA,0 no negation,NA,0 no negation
5130,zhidao,/Erbaugh/Peng/22.cha,adult,ADU: 我就知道你在贴.,2 CP,,1 first_person,2 CP,,1 first_person,0 declarative,0 declarative,NA,NA,0 declarative,0 declarative,NA,NA,0 no negation,NA,0 no negation
5131,zhidao,/Erbaugh/Peng/22.cha,adult,ADU: 我不知道哎.,0 No,0 No,1 first_person,0 No,,1 first_person,0 declarative,,NA,NA,0 declarative,,NA,NA,2 不,NA,2 不
5133,zhidao,/Erbaugh/Peng/22.cha,adult,"ADU: 不知道哦,我现在才看见.",0 No,0 No,0 dropped,0 No,,0 dropped,0 declarative,,NA,NA,0 declarative,,NA,NA,2 不,NA,2 不
5135,zhidao,/Erbaugh/Peng/23.cha,adult,ADU: 不知道.,0 No,0 No,0 dropped,0 No,,0 dropped,0 declarative,,NA,NA,0 declarative,,NA,NA,2 不,NA,2 不
5137,zhidao,/Erbaugh/Peng/23.cha,adult,ADU: 知不知道?,0 No,0 No,0 dropped,0 No,,0 dropped,1 polar_question,,NA,NA,1 polar_question,,NA,NA,0 no negation,NA,0 no negation
5139,zhidao,/Erbaugh/Peng/23.cha,adult,ADU: 我乱捏不知道这是什么.,2 CP,,0 dropped,2 CP,,1 first_person,0 declarative,2 wh_question,NA,NA,0 declarative,2 wh_question,NA,NA,2 不,NA,2 不
5140,zhidao,/Erbaugh/Peng/23.cha,adult,ADU: 不知道.,0 No,0 No,0 dropped,0 No,,0 dropped,0 declarative,,NA,NA,0 declarative,,NA,NA,2 不,NA,2 不
5141,zhidao,/Erbaugh/Peng/24.cha,adult,ADU: 你知不知道这什么东西啊?,2 CP,,2 second_person,2 CP,,2 second_person,1 polar_question,2 wh_question,NA,NA,1 polar_question,2 wh_question,NA,NA,0 no negation,NA,0 no negation
5143,zhidao,/Erbaugh/Peng/24.cha,adult,"ADU: 哦,你真的知道怎么放.",2 CP,,2 second_person,2 CP,,2 second_person,0 declarative,2 wh_question,NA,NA,0 declarative,2 wh_question,NA,NA,0 no negation,NA,0 no negation
5144,zhidao,/Erbaugh/Peng/24.cha,adult,ADU: 来我知道要怎么放了.,2 CP,,1 first_person,2 CP,,1 first_person,0 declarative,2 wh_question,NA,NA,0 declarative,2 wh_question,NA,NA,0 no negation,NA,0 no negation
5145,zhidao,/Erbaugh/Peng/24.cha,adult,ADU: 知道啊怎么是圆的哎?,0 No,0 No,0 dropped,2 CP,,0 dropped,1 polar_question,2 wh_question,NA,NA,1 polar_question,2 wh_question,NA,NA,0 no negation,NA,0 no negation
5148,zhidao,/Erbaugh/Peng/25.cha,adult,ADU: 不知道啊?,0 No,0 No,0 dropped,0 No,,0 dropped,1 polar_question,,NA,NA,1 polar_question,,NA,NA,2 不,NA,2 不
5149,zhidao,/Erbaugh/Peng/25.cha,adult,ADU: 不知道.,0 No,0 No,0 dropped,0 No,,0 dropped,0 declarative,,NA,NA,0 declarative,,NA,NA,2 不,NA,2 不
5156,zhidao,/Erbaugh/Peng/25.cha,adult,ADU: 不知道啊?,0 No,0 No,0 dropped,0 No,,0 dropped,1 polar_question,,NA,NA,1 polar_question,,NA,NA,2 不,NA,2 不
5162,zhidao,/Erbaugh/Peng/25.cha,adult,ADU: 你跟老师说老师会不知道嘛!,0 No,0 No,3 third/NP,0 No,,3 third/NP,0 declarative,,NA,NA,0 declarative,,NA,NA,2 不,NA,2 不
5165,zhidao,/Erbaugh/Peng/25.cha,adult,ADU: 不知道啊?,0 No,0 No,0 dropped,0 No,,0 dropped,1 polar_question,,NA,NA,1 polar_question,,NA,NA,2 不,NA,2 不
5168,zhidao,/Erbaugh/Zhong/03.cha,adult,"ADU: 啊,我知道.",0 No,0 No,1 first_person,0 No,,1 first_person,0 declarative,,NA,NA,0 declarative,,NA,NA,0 no negation,NA,0 no negation
5169,zhidao,/Erbaugh/Zhong/04.cha,adult,ADU: 不知道她说的是什么意思.,2 CP,,0 dropped,2 CP,,0 dropped,0 declarative,2 wh_question,NA,NA,0 declarative,2 wh_question,NA,NA,2 不,NA,2 不
5170,zhidao,/Erbaugh/Zhong/04.cha,mother,"MOT: 错了,都不知道.",0 No,0 No,0 dropped,0 No,,0 dropped,0 declarative,,NA,NA,0 declarative,,NA,NA,2 不,NA,2 不
5171,zhidao,/Erbaugh/Zhong/04.cha,adult,"ADU: 哦,你不知道?",0 No,0 No,2 second_person,0 No,,2 second_person,2 wh_question,,NA,NA,1 polar_question,,NA,NA,2 不,NA,2 不
5172,zhidao,/Erbaugh/Zhong/04.cha,father,FAT: 阿姨不知道.,0 No,0 No,3 third/NP,0 No,,3 third/NP,0 declarative,,NA,NA,0 declarative,,NA,NA,2 不,NA,2 不
5173,zhidao,/Erbaugh/Zhong/04.cha,father,FAT: 阿姨又不知道.,0 No,0 No,3 third/NP,0 No,,3 third/NP,0 declarative,,NA,NA,0 declarative,,NA,NA,2 不,NA,2 不
5174,zhidao,/Erbaugh/Zhong/05.cha,adult,ADU: 不知道什么.,4 NP,2 NP,0 dropped,0 No,,0 dropped,2 wh_question,,NA,NA,2 wh_question,,NA,NA,2 不,NA,2 不
5175,zhidao,/Erbaugh/Zhong/06.cha,adult,ADU: 不知道在哪里?,2 CP,,0 dropped,2 CP,,0 dropped,1 polar_question,2 wh_question,NA,NA,1 polar_question,2 wh_question,NA,NA,2 不,NA,2 不
5176,zhidao,/Erbaugh/Zhong/07.cha,mother,MOT: 你知道里面有很多钱吗?,2 CP,,2 second_person,2 CP,,2 second_person,1 polar_question,0 declarative,NA,NA,1 polar_question,0 declarative,NA,NA,0 no negation,NA,0 no negation
5177,zhidao,/Erbaugh/Zhong/07.cha,mother,MOT: 我知道.,0 No,0 No,1 first_person,0 No,,1 first_person,0 declarative,,NA,NA,0 declarative,,NA,NA,0 no negation,NA,0 no negation
5178,zhidao,/Erbaugh/Zhong/08.cha,adult,ADU: 我不知道.,0 No,0 No,1 first_person,0 No,,1 first_person,0 declarative,,NA,NA,0 declarative,,NA,NA,2 不,NA,2 不
5180,zhidao,/Erbaugh/Zhong/08.cha,mother,MOT: <吃了>[//]我也不知道什么药.,2 CP,,1 first_person,2 CP,,1 first_person,0 declarative,2 wh_question,NA,NA,0 declarative,2 wh_question,NA,NA,2 不,NA,2 不
5181,zhidao,/Erbaugh/Zhong/09.cha,adult,ADU: 我就知道.,0 No,0 No,1 first_person,0 No,,1 first_person,0 declarative,,NA,NA,0 declarative,,NA,NA,0 no negation,NA,0 no negation
5182,zhidao,/Erbaugh/Zhong/09.cha,mother,MOT: 知道.,0 No,0 No,0 dropped,0 No,,0 dropped,0 declarative,,NA,NA,0 declarative,,NA,NA,0 no negation,NA,0 no negation
5183,zhidao,/ChangPlay/3/001.cha,GRF,GRF: 知道是什么吗?,2 CP,,0 dropped,2 CP,,0 dropped,NA,NA,1 polar_question,2 wh_question,1 polar_question,2 wh_question,NA,NA,0 no negation,NA,0 no negation
5184,zhidao,/ChangPlay/3/001.cha,GRF,GRF: 知道吗?,0 No,0 No,0 dropped,0 No,,0 dropped,NA,NA,1 polar_question,,1 polar_question,,NA,NA,0 no negation,NA,0 no negation
5185,zhidao,/ChangPlay/3/001.cha,mother,MOT: 你知道吗?,0 No,0 No,2 second_person,0 No,,2 second_person,NA,NA,1 polar_question,,1 polar_question,,NA,NA,0 no negation,NA,0 no negation
5187,zhidao,/ChangPlay/3/001.cha,GRF,GRF: 不知道啊.,0 No,0 No,0 dropped,0 No,,0 dropped,NA,NA,0 declarative,,0 declarative,,NA,NA,2 不,NA,2 不
5188,zhidao,/ChangPlay/3/001.cha,mother,MOT: 姊姊都知道.,0 No,0 No,3 third/NP,0 No,,3 third/NP,NA,NA,0 declarative,,0 declarative,,NA,NA,0 no negation,NA,0 no negation
5189,zhidao,/ChangPlay/3/001.cha,mother,MOT: 你都不知道.,0 No,0 No,2 second_person,0 No,,2 second_person,NA,NA,0 declarative,,0 declarative,,NA,NA,2 不,NA,2 不
5190,zhidao,/ChangPlay/3/001.cha,mother,MOT: 姊姊都xxx知道.,0 No,0 No,3 third/NP,0 No,,3 third/NP,NA,NA,0 declarative,,0 declarative,,NA,NA,0 no negation,NA,0 no negation
5191,zhidao,/ChangPlay/3/003.cha,mother,MOT: 妈妈知道拿错了.,2 CP,,4 self_reference,2 CP,,4 self_reference,NA,NA,0 declarative,2 wh_question,0 declarative,0 declarative,NA,NA,0 no negation,NA,0 no negation
5192,zhidao,/ChangPlay/3/004.cha,mother,MOT: 嗯我不知道.,0 No,0 No,1 first_person,0 No,,1 first_person,NA,NA,0 declarative,,0 declarative,,NA,NA,2 不,NA,2 不
5193,zhidao,/ChangPlay/3/004.cha,mother,MOT: 不知道.,0 No,0 No,0 dropped,0 No,,0 dropped,NA,NA,0 declarative,,0 declarative,,NA,NA,2 不,NA,2 不
5194,zhidao,/ChangPlay/3/004.cha,mother,MOT: 唉呀不知道.,0 No,0 No,0 dropped,0 No,,0 dropped,NA,NA,0 declarative,,0 declarative,,NA,NA,2 不,NA,2 不
5195,zhidao,/ChangPlay/3/004.cha,mother,MOT: 知道没有?,0 No,0 No,0 dropped,0 No,,0 dropped,NA,NA,1 polar_question,,1 polar_question,,NA,NA,0 no negation,NA,0 no negation
5197,zhidao,/ChangPlay/3/006.cha,mother,MOT: 这妈妈不知道啊.,0 No,0 No,4 self_reference,0 No,,4 self_reference,NA,NA,0 declarative,,0 declarative,,NA,NA,2 不,NA,2 不
5198,zhidao,/ChangPlay/3/006.cha,mother,"MOT: <要>[/]要拼起来0prep,才知道.",0 No,0 No,0 dropped,0 No,,0 dropped,NA,NA,0 declarative,,0 declarative,,NA,NA,0 no negation,NA,0 no negation
5203,zhidao,/ChangPlay/3/008.cha,mother,MOT: 不知道[%shakeshead].,0 No,0 No,0 dropped,0 No,,0 dropped,NA,NA,0 declarative,,0 declarative,,NA,NA,2 不,NA,2 不
5205,zhidao,/ChangPlay/3/008.cha,mother,MOT: 不知道.,0 No,0 No,0 dropped,0 No,,0 dropped,NA,NA,0 declarative,,0 declarative,,NA,NA,2 不,NA,2 不
5207,zhidao,/ChangPlay/3/008.cha,mother,MOT: 我不知道啊.,0 No,0 No,1 first_person,0 No,,1 first_person,NA,NA,0 declarative,,0 declarative,,NA,NA,2 不,NA,2 不
5210,zhidao,/ChangPlay/3/011.cha,mother,MOT: 你知道吗?,0 No,0 No,2 second_person,0 No,,2 second_person,NA,NA,1 polar_question,,1 polar_question,,NA,NA,0 no negation,NA,0 no negation
5212,zhidao,/ChangPlay/3/013.cha,mother,MOT: 你知道吗?,0 No,0 No,2 second_person,0 No,,2 second_person,NA,NA,1 polar_question,,1 polar_question,,NA,NA,0 no negation,NA,0 no negation
5213,zhidao,/ChangPlay/3/013.cha,mother,MOT: 知道吗?,0 No,0 No,0 dropped,0 No,,0 dropped,NA,NA,1 polar_question,,1 polar_question,,NA,NA,0 no negation,NA,0 no negation
5214,zhidao,/ChangPlay/3/014.cha,mother,MOT: <我不知道谁打电话>[=Taiwanese].,2 CP,,1 first_person,2 CP,,1 first_person,NA,NA,0 declarative,2 wh_question,0 declarative,2 wh_question,NA,NA,2 不,NA,2 不
5215,zhidao,/ChangPlay/3/014.cha,mother,MOT: <你打给什么人都不知道>[=Taiwanese].,0 No,0 No,0 dropped,0 No,,0 dropped,NA,NA,0 declarative,2 wh_question,0 declarative,2 wh_question,NA,NA,2 不,NA,2 不
5216,zhidao,/ChangPlay/3/014.cha,mother,"MOT: <菜刀,我哪会知道>[=Taiwanese].",0 No,0 No,1 first_person,0 No,,1 first_person,NA,NA,3 how/why,0 declarative,0 declarative,,NA,NA,0 no negation,NA,0 no negation
5217,zhidao,/ChangPlay/3/014.cha,mother,MOT: <我就不知道你在跟谁说话>[=Taiwanese].,2 CP,,1 first_person,2 CP,,1 first_person,NA,NA,0 declarative,2 wh_question,0 declarative,2 wh_question,NA,NA,2 不,NA,2 不
5219,zhidao,/ChangPlay/3/016.cha,father,"FAT: 几号,你知道吗?",0 No,0 No,2 second_person,0 No,,2 second_person,NA,NA,4 tag_question,2 wh_question,4 tag_question,,NA,NA,0 no negation,NA,0 no negation
5220,zhidao,/ChangPlay/3/016.cha,GRM,GRM: 我知道.,0 No,0 No,1 first_person,0 No,,1 first_person,NA,NA,0 declarative,,0 declarative,,NA,NA,0 no negation,NA,0 no negation
5221,zhidao,/ChangPlay/3/016.cha,GRM,GRM: 我就知道你不对.,2 CP,,1 first_person,2 CP,,1 first_person,NA,NA,0 declarative,0 declarative,0 declarative,0 declarative,NA,NA,0 no negation,NA,0 no negation
5224,zhidao,/ChangPlay/3/016.cha,GRM,GRM: 应该知道吧?,0 No,0 No,0 dropped,0 No,,0 dropped,NA,NA,1 polar_question,,1 polar_question,,NA,NA,0 no negation,NA,0 no negation
5226,zhidao,/ChangPlay/3/016.cha,GRM,"GRM: 黄色,还不知道.",0 No,0 No,0 dropped,0 No,,0 dropped,NA,NA,0 declarative,,0 declarative,,NA,NA,2 不,NA,2 不
5227,zhidao,/ChangPlay/3/016.cha,GRM,GRM: 不知道.,0 No,0 No,0 dropped,0 No,,0 dropped,NA,NA,0 declarative,,0 declarative,,NA,NA,2 不,NA,2 不
5229,zhidao,/ChangPlay/3/016.cha,GRM,GRM: 不知道就零分.,2 CP,,0 dropped,0 No,,0 dropped,NA,NA,0 declarative,,0 declarative,0 declarative,NA,NA,2 不,NA,2 不
5231,zhidao,/ChangPlay/3/016.cha,father,FAT: 她大部分都知道.,0 No,0 No,3 third/NP,0 No,,0 dropped,NA,NA,0 declarative,,0 declarative,,NA,NA,0 no negation,NA,0 no negation
5232,zhidao,/ChangPlay/3/016.cha,GRM,GRM: 哇你怎么都知道.,0 No,0 No,2 second_person,0 No,,2 second_person,NA,NA,3 how/why,,3 how/why,,NA,NA,0 no negation,NA,0 no negation
5233,zhidao,/ChangPlay/3/016.cha,GRM,GRM: 父母<都>[/]都知道孩子的未来很要紧.,2 CP,,3 third/NP,2 CP,,0 dropped,NA,NA,0 declarative,0 declarative,0 declarative,0 declarative,NA,NA,0 no negation,NA,0 no negation
5238,zhidao,/ChangPlay/3/019.cha,mother,MOT: 不知道喔.,0 No,0 No,0 dropped,0 No,,0 dropped,NA,NA,0 declarative,,0 declarative,,NA,NA,2 不,NA,2 不
5239,zhidao,/ChangPlay/3/022.cha,mother,MOT: 啊妈妈知道了.,0 No,0 No,4 self_reference,0 No,,4 self_reference,NA,NA,0 declarative,,0 declarative,,NA,NA,0 no negation,NA,0 no negation
5240,zhidao,/ChangPlay/3/022.cha,mother,MOT: 不知道妈妈有没有把这部车弄坏?,2 CP,,0 dropped,2 CP,,0 dropped,NA,NA,1 polar_question,1 polar_question,1 polar_question,1 polar_question,NA,NA,2 不,NA,2 不
5241,zhidao,/ChangPlay/3/022.cha,mother,MOT: 啊我知道他周围掉下来了.,2 CP,,1 first_person,2 CP,,1 first_person,NA,NA,0 declarative,0 declarative,0 declarative,0 declarative,NA,NA,0 no negation,NA,0 no negation
5242,zhidao,/ChangPlay/4/001.cha,mother,MOT: 你知道吗?,0 No,0 No,2 second_person,0 No,,2 second_person,NA,NA,1 polar_question,,1 polar_question,,NA,NA,0 no negation,NA,0 no negation
5245,zhidao,/ChangPlay/4/003.cha,mother,MOT: 你<不知道喔>[>].,0 No,0 No,2 second_person,0 No,,2 second_person,NA,NA,0 declarative,,0 declarative,,NA,NA,2 不,NA,2 不
5247,zhidao,/ChangPlay/4/003.cha,brother,BRO: <不知道>[<].,0 No,0 No,0 dropped,0 No,,0 dropped,NA,NA,0 declarative,,0 declarative,,NA,NA,2 不,NA,2 不
5248,zhidao,/ChangPlay/4/003.cha,mother,MOT: 不知道喔.,0 No,0 No,0 dropped,0 No,,0 dropped,NA,NA,0 declarative,,0 declarative,,NA,NA,2 不,NA,2 不
5249,zhidao,/ChangPlay/4/003.cha,mother,MOT: 找到你们就知道我的厉害了.,2 CP,,2 second_person,2 CP,,2 second_person,NA,NA,0 declarative,,0 declarative,,NA,NA,0 no negation,NA,0 no negation
5251,zhidao,/ChangPlay/4/003.cha,father,FAT: 你知道.,0 No,0 No,2 second_person,0 No,,2 second_person,NA,NA,0 declarative,,0 declarative,,NA,NA,0 no negation,NA,0 no negation
5252,zhidao,/ChangPlay/4/003.cha,father,FAT: 你知道什么?,4 NP,2 NP,2 second_person,0 No,,2 second_person,NA,NA,2 wh_question,,2 wh_question,,NA,NA,0 no negation,NA,0 no negation
5253,zhidao,/ChangPlay/4/003.cha,mother,MOT: 啊我知道你闪光<没有开>[>].,2 CP,,1 first_person,2 CP,,1 first_person,NA,NA,0 declarative,0 declarative,0 declarative,0 declarative,NA,NA,0 no negation,NA,0 no negation
5255,zhidao,/ChangPlay/4/005.cha,mother,MOT: 你不知道.,0 No,0 No,2 second_person,0 No,,2 second_person,NA,NA,0 declarative,,0 declarative,,NA,NA,2 不,NA,2 不
5256,zhidao,/ChangPlay/4/006.cha,mother,MOT: 我知道.,0 No,0 No,1 first_person,0 No,,1 first_person,NA,NA,0 declarative,,0 declarative,,NA,NA,0 no negation,NA,0 no negation
5259,zhidao,/ChangPlay/4/007.cha,mother,MOT: 我知道我会.,2 CP,,1 first_person,2 CP,,1 first_person,NA,NA,0 declarative,0 declarative,0 declarative,0 declarative,NA,NA,0 no negation,NA,0 no negation
5267,zhidao,/ChangPlay/4/007.cha,mother,MOT: 我怎么会知道.,0 No,0 No,1 first_person,0 No,,1 first_person,NA,NA,3 how/why,,3 how/why,,NA,NA,0 no negation,NA,0 no negation
5269,zhidao,/ChangPlay/4/007.cha,mother,MOT: 拼出来才知道啊.,0 No,0 No,0 dropped,0 No,,0 dropped,NA,NA,0 declarative,,0 declarative,,NA,NA,0 no negation,NA,0 no negation
5271,zhidao,/ChangPlay/4/007.cha,mother,MOT: 那你为什么不知道要拼哪边?,2 CP,,2 second_person,2 CP,,2 second_person,NA,NA,3 how/why,2 wh_question,3 how/why,2 wh_question,NA,NA,2 不,NA,2 不
5272,zhidao,/ChangPlay/4/007.cha,mother,MOT: 我也不知道.,0 No,0 No,1 first_person,0 No,,1 first_person,NA,NA,0 declarative,,0 declarative,,NA,NA,2 不,NA,2 不
5273,zhidao,/ChangPlay/4/010.cha,mother,MOT: 我也不知道.,0 No,0 No,1 first_person,0 No,,1 first_person,NA,NA,0 declarative,,0 declarative,,NA,NA,2 不,NA,2 不
5274,zhidao,/ChangPlay/4/010.cha,mother,MOT: 不知道啊.,0 No,0 No,0 dropped,0 No,,0 dropped,NA,NA,0 declarative,,0 declarative,,NA,NA,2 不,NA,2 不
5278,zhidao,/ChangPlay/4/010.cha,mother,MOT: ^我知道了啦.,0 No,0 No,1 first_person,0 No,,1 first_person,NA,NA,0 declarative,,0 declarative,,NA,NA,0 no negation,NA,0 no negation
5280,zhidao,/ChangPlay/4/010.cha,mother,MOT: 根本也不知道.,0 No,0 No,0 dropped,0 No,,0 dropped,NA,NA,0 declarative,,0 declarative,,NA,NA,2 不,NA,2 不
5282,zhidao,/ChangPlay/4/012.cha,investigator,EXP: 不知道.,0 No,0 No,0 dropped,0 No,,0 dropped,NA,NA,0 declarative,,0 declarative,,NA,NA,2 不,NA,2 不
5283,zhidao,/ChangPlay/4/012.cha,mother,MOT: 不知道耶.,0 No,0 No,0 dropped,0 No,,0 dropped,NA,NA,0 declarative,,0 declarative,,NA,NA,2 不,NA,2 不
5284,zhidao,/ChangPlay/4/013.cha,mother,MOT: 你知道吗?,0 No,0 No,2 second_person,0 No,,2 second_person,NA,NA,1 polar_question,,1 polar_question,,NA,NA,0 no negation,NA,0 no negation
5285,zhidao,/ChangPlay/4/013.cha,mother,MOT: 你知道这是什么?,2 CP,,2 second_person,2 CP,,2 second_person,NA,NA,1 polar_question,2 wh_question,1 polar_question,2 wh_question,NA,NA,0 no negation,NA,0 no negation
5286,zhidao,/ChangPlay/4/013.cha,brother,BRO: 老师叫不知道.,0 No,0 No,0 dropped,0 No,,3 third/NP,NA,NA,0 declarative,,0 declarative,0 declarative,NA,NA,2 不,NA,2 不
5291,zhidao,/ChangPlay/4/013.cha,mother,MOT: 不知道.,0 No,0 No,0 dropped,0 No,,0 dropped,NA,NA,0 declarative,,0 declarative,,NA,NA,2 不,NA,2 不
5292,zhidao,/ChangPlay/4/014.cha,mother,MOT: 妈妈都知道.,0 No,0 No,4 self_reference,0 No,,4 self_reference,NA,NA,0 declarative,,0 declarative,,NA,NA,0 no negation,NA,0 no negation
5293,zhidao,/ChangPlay/4/015.cha,mother,MOT: 你知道那怎么玩吗?,2 CP,,2 second_person,2 CP,,2 second_person,NA,NA,1 polar_question,2 wh_question,1 polar_question,2 wh_question,NA,NA,0 no negation,NA,0 no negation
5295,zhidao,/ChangPlay/4/015.cha,mother,MOT: 你不知道喔?,0 No,0 No,2 second_person,0 No,,2 second_person,NA,NA,1 polar_question,,1 polar_question,,NA,NA,2 不,NA,2 不
5296,zhidao,/ChangPlay/4/015.cha,mother,MOT: 这样子里面你都不知道它前面是什么东西.,2 CP,,2 second_person,2 CP,,2 second_person,NA,NA,0 declarative,2 wh_question,0 declarative,2 wh_question,NA,NA,2 不,NA,2 不
5301,zhidao,/ChangPlay/4/016.cha,GRM,GRM: 什么不知道?,0 No,0 No,0 dropped,0 No,,0 dropped,NA,NA,2 wh_question,,2 wh_question,,NA,NA,2 不,NA,2 不
5302,zhidao,/ChangPlay/4/016.cha,GRM,"GRM: 不知道0conj,还老师.",0 No,0 No,0 dropped,0 No,,0 dropped,NA,NA,0 declarative,,0 declarative,,NA,NA,2 不,NA,2 不
5303,zhidao,/ChangPlay/4/016.cha,brother,BRO: 喔我知道这是什么了.,2 CP,,1 first_person,2 CP,,1 first_person,NA,NA,0 declarative,2 wh_question,0 declarative,2 wh_question,NA,NA,0 no negation,NA,0 no negation
5304,zhidao,/ChangPlay/4/016.cha,brother,BRO: 我知道是什么.,2 CP,,1 first_person,2 CP,,1 first_person,NA,NA,0 declarative,2 wh_question,0 declarative,2 wh_question,NA,NA,0 no negation,NA,0 no negation
5305,zhidao,/ChangPlay/4/017.cha,investigator,EXP: 所以<他知道>[>].,0 No,0 No,3 third/NP,0 No,,3 third/NP,NA,NA,0 declarative,,0 declarative,,NA,NA,0 no negation,NA,0 no negation
5306,zhidao,/ChangPlay/4/017.cha,mother,MOT: <对呀>[<]他知道用串进去.,2 CP,,3 third/NP,2 CP,,3 third/NP,NA,NA,0 declarative,0 declarative,0 declarative,0 declarative,NA,NA,0 no negation,NA,0 no negation
5307,zhidao,/ChangPlay/4/017.cha,mother,MOT: 他就知道(.)xxxxxx了.,0 No,0 No,3 third/NP,0 No,,3 third/NP,NA,NA,0 declarative,,0 declarative,,NA,NA,0 no negation,NA,0 no negation
5308,zhidao,/ChangPlay/4/017.cha,mother,MOT: 我怎么知道.,0 No,0 No,1 first_person,2 CP,,1 first_person,NA,NA,3 how/why,,3 how/why,,NA,NA,0 no negation,NA,0 no negation
5310,zhidao,/ChangPlay/4/019.cha,mother,MOT: 你知道.,0 No,0 No,2 second_person,0 No,,2 second_person,NA,NA,0 declarative,,0 declarative,,NA,NA,0 no negation,NA,0 no negation
5311,zhidao,/ChangPlay/4/019.cha,mother,"MOT: 好,你知道.",0 No,0 No,2 second_person,0 No,,2 second_person,NA,NA,0 declarative,,0 declarative,,NA,NA,0 no negation,NA,0 no negation
5312,zhidao,/ChangPlay/4/019.cha,mother,MOT: 我不知道.,0 No,0 No,1 first_person,0 No,,1 first_person,NA,NA,0 declarative,,0 declarative,,NA,NA,2 不,NA,2 不
5313,zhidao,/ChangPlay/4/019.cha,mother,MOT: 那你知道<什么颜色>[//]<是什么颜色吗>[>]?,2 CP,,2 second_person,2 CP,,2 second_person,NA,NA,1 polar_question,2 wh_question,1 polar_question,2 wh_question,NA,NA,0 no negation,NA,0 no negation
5318,zhidao,/ChangPlay/4/021.cha,mother,MOT: 我不知道放哪里耶.,2 CP,,1 first_person,2 CP,,1 first_person,NA,NA,0 declarative,2 wh_question,0 declarative,2 wh_question,NA,NA,2 不,NA,2 不
5320,zhidao,/ChangPlay/5/001.cha,mother,MOT: 你不知道.,0 No,0 No,2 second_person,0 No,,2 second_person,NA,NA,0 declarative,,0 declarative,,NA,NA,2 不,NA,2 不
5323,zhidao,/ChangPlay/5/001.cha,mother,MOT: 你也不知道[=!laughs].,0 No,0 No,2 second_person,0 No,,2 second_person,NA,NA,0 declarative,,0 declarative,,NA,NA,2 不,NA,2 不
5327,zhidao,/ChangPlay/5/003.cha,mother,MOT: 你知道吗?,0 No,0 No,2 second_person,0 No,,2 second_person,NA,NA,1 polar_question,,1 polar_question,,NA,NA,0 no negation,NA,0 no negation
5332,zhidao,/ChangPlay/5/010.cha,mother,MOT: 我不知道/.,0 No,0 No,1 first_person,0 No,,1 first_person,NA,NA,0 declarative,,0 declarative,,NA,NA,2 不,NA,2 不
5333,zhidao,/ChangPlay/5/010.cha,mother,MOT: 不知道.,0 No,0 No,0 dropped,0 No,,0 dropped,NA,NA,0 declarative,,0 declarative,,NA,NA,2 不,NA,2 不
5335,zhidao,/ChangPlay/5/011.cha,mother,MOT: 不知道耶.,0 No,0 No,0 dropped,0 No,,0 dropped,NA,NA,0 declarative,,0 declarative,,NA,NA,2 不,NA,2 不
5339,zhidao,/ChangPlay/5/012.cha,mother,MOT: 你知道吗?,0 No,0 No,2 second_person,0 No,,2 second_person,NA,NA,1 polar_question,,1 polar_question,,NA,NA,0 no negation,NA,0 no negation
5344,zhidao,/ChangPlay/5/013.cha,mother,MOT: 我知道.,0 No,0 No,1 first_person,0 No,,1 first_person,NA,NA,0 declarative,,0 declarative,,NA,NA,0 no negation,NA,0 no negation
5345,zhidao,/ChangPlay/5/013.cha,mother,MOT: 我知道.,0 No,0 No,1 first_person,0 No,,1 first_person,NA,NA,0 declarative,,0 declarative,,NA,NA,0 no negation,NA,0 no negation
5346,zhidao,/ChangPlay/5/013.cha,mother,MOT: 我知道.,0 No,0 No,1 first_person,0 No,,1 first_person,NA,NA,0 declarative,,0 declarative,,NA,NA,0 no negation,NA,0 no negation
5347,zhidao,/ChangPlay/5/013.cha,mother,MOT: 我知道这是什么.,2 CP,,1 first_person,2 CP,,1 first_person,NA,NA,0 declarative,2 wh_question,0 declarative,2 wh_question,NA,NA,0 no negation,NA,0 no negation
5350,zhidao,/ChangPlay/5/013.cha,mother,MOT: 你知道吗?,0 No,0 No,2 second_person,0 No,,2 second_person,NA,NA,1 polar_question,,1 polar_question,,NA,NA,0 no negation,NA,0 no negation
5351,zhidao,/ChangPlay/5/013.cha,mother,MOT: 你知道吗?,0 No,0 No,2 second_person,0 No,,2 second_person,NA,NA,1 polar_question,,1 polar_question,,NA,NA,0 no negation,NA,0 no negation
5359,zhidao,/ChangPlay/5/013.cha,mother,MOT: 好不知道.,0 No,0 No,0 dropped,0 No,,0 dropped,NA,NA,0 declarative,,0 declarative,,NA,NA,2 不,NA,2 不
5360,zhidao,/ChangPlay/5/013.cha,mother,MOT: 不知道我们先放旁边.,2 CP,,0 dropped,2 CP,,0 dropped,NA,NA,0 declarative,,0 declarative,0 declarative,NA,NA,2 不,NA,2 不
5361,zhidao,/ChangPlay/5/013.cha,mother,"MOT: 不知道,对不对?",0 No,0 No,0 dropped,0 No,,0 dropped,NA,NA,4 tag_question,0 declarative,4 tag_question,0 declarative,NA,NA,2 不,NA,2 不
5362,zhidao,/ChangPlay/5/013.cha,mother,MOT: 好知道.,0 No,0 No,0 dropped,0 No,,0 dropped,NA,NA,0 declarative,,0 declarative,,NA,NA,0 no negation,NA,0 no negation
5368,zhidao,/ChangPlay/5/014.cha,mother,"MOT: 这个是栅栏,知道吗?",0 No,0 No,0 dropped,0 No,,0 dropped,NA,NA,4 tag_question,0 declarative,4 tag_question,0 declarative,NA,NA,0 no negation,NA,0 no negation
5369,zhidao,/ChangPlay/5/014.cha,mother,MOT: 我不知道耶.,0 No,0 No,1 first_person,0 No,,1 first_person,NA,NA,0 declarative,,0 declarative,,NA,NA,2 不,NA,2 不
5372,zhidao,/ChangPlay/5/015.cha,mother,MOT: 我怎么都不知道.,0 No,0 No,1 first_person,0 No,,0 dropped,NA,NA,3 how/why,,3 how/why,,NA,NA,2 不,NA,2 不
5374,zhidao,/ChangPlay/5/015.cha,mother,MOT: 你混一混就知道.,0 No,0 No,0 dropped,0 No,,2 second_person,NA,NA,0 declarative,,0 declarative,,NA,NA,0 no negation,NA,0 no negation
5375,zhidao,/ChangPlay/5/015.cha,mother,MOT: 我现在知道了.,0 No,0 No,1 first_person,0 No,,1 first_person,NA,NA,0 declarative,,0 declarative,,NA,NA,0 no negation,NA,0 no negation
5376,zhidao,/ChangPlay/5/016.cha,GRM,GRM: 还知道动物园.,4 NP,2 NP,0 dropped,0 No,,0 dropped,NA,NA,0 declarative,,0 declarative,,NA,NA,0 no negation,NA,0 no negation
5377,zhidao,/ChangPlay/5/017.cha,brother,BRO: 知道.,0 No,0 No,0 dropped,0 No,,0 dropped,NA,NA,0 declarative,,0 declarative,,NA,NA,0 no negation,NA,0 no negation
5379,zhidao,/ChangPlay/5/017.cha,mother,MOT: 不知道喔?,0 No,0 No,0 dropped,0 No,,0 dropped,NA,NA,1 polar_question,,1 polar_question,,NA,NA,2 不,NA,2 不
5380,zhidao,/ChangPlay/5/017.cha,mother,MOT: 我不知道.,0 No,0 No,1 first_person,0 No,,1 first_person,NA,NA,0 declarative,,0 declarative,,NA,NA,2 不,NA,2 不
5383,zhidao,/ChangPlay/5/018.cha,mother,MOT: 可是我不知道耶.,0 No,0 No,1 first_person,0 No,,1 first_person,NA,NA,0 declarative,,0 declarative,,NA,NA,2 不,NA,2 不
5385,zhidao,/ChangPlay/5/018.cha,investigator,EXP: 我不知道啊!,0 No,0 No,1 first_person,0 No,,1 first_person,NA,NA,0 declarative,,0 declarative,,NA,NA,2 不,NA,2 不
5392,zhidao,/ChangPlay/5/020.cha,mother,MOT: 你知道吗?,0 No,0 No,2 second_person,0 No,,2 second_person,NA,NA,1 polar_question,,1 polar_question,,NA,NA,0 no negation,NA,0 no negation
5398,zhidao,/ChangPN/age3/038.cha,investigator,EXP: 我想要知道.,0 No,0 No,1 first_person,0 No,,1 first_person,NA,NA,0 declarative,,0 declarative,,NA,NA,0 no negation,NA,0 no negation
5400,zhidao,/ChangPN/age3/038.cha,investigator,EXP: <你记>[//]我想要知道.,0 No,0 No,1 first_person,0 No,,1 first_person,NA,NA,0 declarative,,0 declarative,,NA,NA,0 no negation,NA,0 no negation
5401,zhidao,/ChangPN/age3/038.cha,investigator,EXP: 那我想要知道.,0 No,0 No,1 first_person,0 No,,1 first_person,NA,NA,0 declarative,,0 declarative,,NA,NA,0 no negation,NA,0 no negation
5402,zhidao,/ChangPN/age3/039.cha,investigator,EXP: 你知道这个是什么.,2 CP,,2 second_person,2 CP,,2 second_person,NA,NA,0 declarative,2 wh_question,0 declarative,2 wh_question,NA,NA,0 no negation,NA,0 no negation
5403,zhidao,/ChangPN/age3/039.cha,investigator,EXP: 那姊姊想知道啊.,0 No,0 No,3 third/NP,0 No,,3 third/NP,NA,NA,0 declarative,,0 declarative,,NA,NA,0 no negation,NA,0 no negation
5404,zhidao,/ChangPN/age3/040.cha,investigator,EXP: 首先啊(.)你知道这个是什么吗?,2 CP,,2 second_person,0 No,,2 second_person,NA,NA,1 polar_question,2 wh_question,1 polar_question,2 wh_question,NA,NA,0 no negation,NA,0 no negation
5405,zhidao,/ChangPN/age3/040.cha,investigator,EXP: 你知道吗?,0 No,0 No,2 second_person,0 No,,2 second_person,NA,NA,1 polar_question,,1 polar_question,,NA,NA,0 no negation,NA,0 no negation
5406,zhidao,/ChangPN/age3/040.cha,investigator,EXP: 你知道阳明山吗?,2 CP,,2 second_person,2 CP,,2 second_person,NA,NA,1 polar_question,,1 polar_question,,NA,NA,0 no negation,NA,0 no negation
5408,zhidao,/ChangPN/age3/041.cha,investigator,EXP: 你不知道喔.,0 No,0 No,2 second_person,0 No,,2 second_person,NA,NA,0 declarative,,0 declarative,,NA,NA,2 不,NA,2 不
5410,zhidao,/ChangPN/age3/041.cha,investigator,EXP: 你不知道.,0 No,0 No,2 second_person,0 No,,2 second_person,NA,NA,0 declarative,,0 declarative,,NA,NA,2 不,NA,2 不
5411,zhidao,/ChangPN/age3/041.cha,investigator,EXP: 那我想要知道.,0 No,0 No,1 first_person,0 No,,1 first_person,NA,NA,0 declarative,,0 declarative,,NA,NA,0 no negation,NA,0 no negation
5413,zhidao,/ChangPN/age3/041.cha,investigator,EXP: 你不知道喔.,0 No,0 No,2 second_person,0 No,,2 second_person,NA,NA,0 declarative,,0 declarative,,NA,NA,2 不,NA,2 不
5414,zhidao,/ChangPN/age3/041.cha,investigator,EXP: 你知道为什么会痛痛吗?,2 CP,,2 second_person,0 No,,2 second_person,NA,NA,1 polar_question,2 wh_question,1 polar_question,2 wh_question,NA,NA,0 no negation,NA,0 no negation
5416,zhidao,/ChangPN/age3/041.cha,investigator,EXP: 你不知道喔.,0 No,0 No,2 second_person,0 No,,2 second_person,NA,NA,0 declarative,,0 declarative,,NA,NA,2 不,NA,2 不
5418,zhidao,/ChangPN/age3/041.cha,investigator,EXP: 你不知道.,0 No,0 No,2 second_person,0 No,,2 second_person,NA,NA,0 declarative,,0 declarative,,NA,NA,2 不,NA,2 不
5420,zhidao,/ChangPN/age3/041.cha,investigator,EXP: 你也不知道.,0 No,0 No,2 second_person,0 No,,2 second_person,NA,NA,0 declarative,,0 declarative,,NA,NA,2 不,NA,2 不
5422,zhidao,/ChangPN/age3/041.cha,investigator,EXP: 你不知道.,0 No,0 No,2 second_person,0 No,,2 second_person,NA,NA,0 declarative,,0 declarative,,NA,NA,2 不,NA,2 不
5423,zhidao,/ChangPN/age3/041.cha,investigator,EXP: 然后就(.)我不知道.,0 No,0 No,1 first_person,0 No,,1 first_person,NA,NA,0 declarative,,0 declarative,,NA,NA,2 不,NA,2 不
5424,zhidao,/ChangPN/age3/042.cha,investigator,"EXP: 孩名,可是啊我想要知道.",0 No,0 No,1 first_person,0 No,,1 first_person,NA,NA,0 declarative,,0 declarative,,NA,NA,0 no negation,NA,0 no negation
5425,zhidao,/ChangPN/age3/042.cha,investigator,EXP: 那我想知道.,0 No,0 No,1 first_person,0 No,,1 first_person,NA,NA,0 declarative,,0 declarative,,NA,NA,0 no negation,NA,0 no negation
5427,zhidao,/ChangPN/age3/043.cha,investigator,EXP: 我想要知道.,0 No,0 No,1 first_person,0 No,,1 first_person,NA,NA,0 declarative,,0 declarative,,NA,NA,0 no negation,NA,0 no negation
5428,zhidao,/ChangPN/age3/043.cha,investigator,EXP: 我想要知道.,0 No,0 No,1 first_person,0 No,,1 first_person,NA,NA,0 declarative,,0 declarative,,NA,NA,0 no negation,NA,0 no negation
5430,zhidao,/ChangPN/age3/043.cha,investigator,EXP: 你不知道喔.,0 No,0 No,2 second_person,0 No,,2 second_person,NA,NA,0 declarative,,0 declarative,,NA,NA,2 不,NA,2 不
5431,zhidao,/ChangPN/age3/044.cha,investigator,EXP: <小熊维尼>[<]想要知道.,0 No,0 No,3 third/NP,0 No,,0 dropped,NA,NA,0 declarative,,0 declarative,,NA,NA,0 no negation,NA,0 no negation
5432,zhidao,/ChangPN/age3/044.cha,investigator,EXP: 小熊维尼想要知道.,0 No,0 No,3 third/NP,0 No,,3 third/NP,NA,NA,0 declarative,,0 declarative,,NA,NA,0 no negation,NA,0 no negation
5433,zhidao,/ChangPN/age3/044.cha,investigator,EXP: 那小熊维尼想要知道.,0 No,0 No,3 third/NP,0 No,,3 third/NP,NA,NA,0 declarative,,0 declarative,,NA,NA,0 no negation,NA,0 no negation
5434,zhidao,/ChangPN/age3/044.cha,investigator,EXP: 小熊维尼想要知道.,0 No,0 No,3 third/NP,0 No,,3 third/NP,NA,NA,0 declarative,,0 declarative,,NA,NA,0 no negation,NA,0 no negation
5435,zhidao,/ChangPN/age3/044.cha,investigator,EXP: 有喔那小熊维尼想要知道.,0 No,0 No,3 third/NP,0 No,,3 third/NP,NA,NA,0 declarative,,0 declarative,,NA,NA,0 no negation,NA,0 no negation
5437,zhidao,/ChangPN/age3/044.cha,investigator,EXP: 你也不知道喔.,0 No,0 No,2 second_person,0 No,,3 third/NP,NA,NA,0 declarative,,0 declarative,,NA,NA,2 不,NA,2 不
5438,zhidao,/ChangPN/age3/046.cha,investigator,EXP: 我想要知道.,0 No,0 No,1 first_person,0 No,,1 first_person,NA,NA,0 declarative,,0 declarative,,NA,NA,0 no negation,NA,0 no negation
5439,zhidao,/ChangPN/age3/046.cha,investigator,EXP: 嗯那<你>[//]我想要知道.,0 No,0 No,1 first_person,0 No,,1 first_person,NA,NA,0 declarative,,0 declarative,,NA,NA,0 no negation,NA,0 no negation
5440,zhidao,/ChangPN/age3/046.cha,investigator,EXP: 我想要知道.,0 No,0 No,1 first_person,0 No,,1 first_person,NA,NA,0 declarative,,0 declarative,,NA,NA,0 no negation,NA,0 no negation
5441,zhidao,/ChangPN/age3/046.cha,investigator,EXP: 那我想要知道.,0 No,0 No,1 first_person,0 No,,1 first_person,NA,NA,0 declarative,,0 declarative,,NA,NA,0 no negation,NA,0 no negation
5442,zhidao,/ChangPN/age3/046.cha,investigator,EXP: 那我想要知道.,0 No,0 No,1 first_person,0 No,,1 first_person,NA,NA,0 declarative,,0 declarative,,NA,NA,0 no negation,NA,0 no negation
5445,zhidao,/ChangPN/age3/047.cha,investigator,EXP: 那我想要知道.,0 No,0 No,1 first_person,0 No,,1 first_person,NA,NA,0 declarative,,0 declarative,,NA,NA,0 no negation,NA,0 no negation
5446,zhidao,/ChangPN/age3/047.cha,investigator,EXP: 我也不知道耶.,0 No,0 No,1 first_person,0 No,,1 first_person,NA,NA,0 declarative,,0 declarative,,NA,NA,2 不,NA,2 不
5447,zhidao,/ChangPN/age3/047.cha,investigator,EXP: 你知道为什么会痛痛吗?,2 CP,,2 second_person,2 CP,,2 second_person,NA,NA,1 polar_question,2 wh_question,1 polar_question,2 wh_question,NA,NA,0 no negation,NA,0 no negation
5448,zhidao,/ChangPN/age3/047.cha,investigator,EXP: 我想要知道.,0 No,0 No,1 first_person,0 No,,1 first_person,NA,NA,0 declarative,,0 declarative,,NA,NA,0 no negation,NA,0 no negation
5451,zhidao,/ChangPN/age3/054.cha,investigator,EXP: 不知道?,0 No,0 No,0 dropped,0 No,,0 dropped,NA,NA,1 polar_question,,1 polar_question,,NA,NA,2 不,NA,2 不
5452,zhidao,/ChangPN/age3/054.cha,investigator,EXP: 拜托我好想知道喔.,0 No,0 No,1 first_person,0 No,,1 first_person,NA,NA,0 declarative,,0 declarative,,NA,NA,0 no negation,NA,0 no negation
5454,zhidao,/ChangPN/age3/054.cha,investigator,EXP: 不知道.,0 No,0 No,0 dropped,0 No,,0 dropped,NA,NA,0 declarative,,0 declarative,,NA,NA,2 不,NA,2 不
5456,zhidao,/ChangPN/age3/056.cha,investigator,EXP: 那跳跳虎想要知道.,0 No,0 No,3 third/NP,0 No,,3 third/NP,NA,NA,0 declarative,,0 declarative,,NA,NA,0 no negation,NA,0 no negation
5457,zhidao,/ChangPN/age3/056.cha,investigator,EXP: 跳跳虎好想知道喔.,0 No,0 No,3 third/NP,0 No,,3 third/NP,NA,NA,0 declarative,,0 declarative,,NA,NA,0 no negation,NA,0 no negation
5458,zhidao,/ChangPN/age3/056.cha,investigator,EXP: 跳跳虎好想知道喔.,0 No,0 No,3 third/NP,0 No,,3 third/NP,NA,NA,0 declarative,,0 declarative,,NA,NA,0 no negation,NA,0 no negation
5459,zhidao,/ChangPN/age3/056.cha,investigator,EXP: 那我想要知道.,0 No,0 No,1 first_person,0 No,,1 first_person,NA,NA,0 declarative,,0 declarative,,NA,NA,0 no negation,NA,0 no negation
5460,zhidao,/ChangPN/age3/056.cha,investigator,EXP: 你知道为什么会痛痛的吗?,2 CP,,2 second_person,2 CP,,2 second_person,NA,NA,1 polar_question,2 wh_question,1 polar_question,2 wh_question,NA,NA,0 no negation,NA,0 no negation
5461,zhidao,/ChangPN/age3/056.cha,investigator,EXP: 那我想要知道.,0 No,0 No,1 first_person,0 No,,1 first_person,NA,NA,0 declarative,,0 declarative,,NA,NA,0 no negation,NA,0 no negation
5463,zhidao,/ChangPN/age3/057.cha,investigator,"EXP: 好,那我想要<记>[//]知道呀.",0 No,0 No,1 first_person,0 No,,1 first_person,NA,NA,0 declarative,,0 declarative,,NA,NA,0 no negation,NA,0 no negation
5464,zhidao,/ChangPN/age3/057.cha,investigator,EXP: 我想要知道.,0 No,0 No,1 first_person,0 No,,1 first_person,NA,NA,0 declarative,,0 declarative,,NA,NA,0 no negation,NA,0 no negation
5466,zhidao,/ChangPN/age3/058.cha,investigator,EXP: 我想要知道.,0 No,0 No,1 first_person,0 No,,1 first_person,NA,NA,0 declarative,,0 declarative,,NA,NA,0 no negation,NA,0 no negation
5468,zhidao,/ChangPN/age3/058.cha,investigator,EXP: 不知道喔.,0 No,0 No,0 dropped,0 No,,0 dropped,NA,NA,0 declarative,,0 declarative,,NA,NA,2 不,NA,2 不
5471,zhidao,/ChangPN/age3/058.cha,investigator,EXP: 不知道.,0 No,0 No,0 dropped,0 No,,0 dropped,NA,NA,0 declarative,,0 declarative,,NA,NA,2 不,NA,2 不
5472,zhidao,/ChangPN/age3/058.cha,investigator,EXP: 那我想要知道.,0 No,0 No,1 first_person,0 No,,1 first_person,NA,NA,0 declarative,,0 declarative,,NA,NA,0 no negation,NA,0 no negation
5474,zhidao,/ChangPN/age3/059.cha,investigator,EXP: 那我想要知道.,0 No,0 No,1 first_person,0 No,,1 first_person,NA,NA,0 declarative,,0 declarative,,NA,NA,0 no negation,NA,0 no negation
5475,zhidao,/ChangPN/age3/059.cha,investigator,EXP: 那我想要知道.,0 No,0 No,1 first_person,0 No,,1 first_person,NA,NA,0 declarative,,0 declarative,,NA,NA,0 no negation,NA,0 no negation
5476,zhidao,/ChangPN/age3/059.cha,investigator,EXP: 啊我知道了.,0 No,0 No,1 first_person,0 No,,1 first_person,NA,NA,0 declarative,,0 declarative,,NA,NA,0 no negation,NA,0 no negation
5478,zhidao,/ChangPN/age3/059.cha,investigator,EXP: 啊不知道喔.,0 No,0 No,0 dropped,0 No,,0 dropped,NA,NA,0 declarative,,0 declarative,,NA,NA,2 不,NA,2 不
5479,zhidao,/ChangPN/age3/059.cha,investigator,EXP: <那你>[//]我想要知道.,0 No,0 No,1 first_person,0 No,,1 first_person,NA,NA,0 declarative,,0 declarative,,NA,NA,0 no negation,NA,0 no negation
5480,zhidao,/ChangPN/age3/059.cha,investigator,EXP: 喔那我想要知道.,0 No,0 No,1 first_person,0 No,,1 first_person,NA,NA,0 declarative,,0 declarative,,NA,NA,0 no negation,NA,0 no negation
5481,zhidao,/ChangPN/age3/060.cha,investigator,EXP: 你知道<姊姊昨天>[/]姊姊昨天啊肚子好痛喔.,2 CP,,2 second_person,2 CP,,2 second_person,NA,NA,0 declarative,0 declarative,0 declarative,0 declarative,NA,NA,0 no negation,NA,0 no negation
5482,zhidao,/ChangPN/age3/060.cha,investigator,EXP: 嗯(.)<你有没有>[//]<你知道谁去看医>[//]你哥哥有去看医生吗?,2 CP,,2 second_person,2 CP,,2 second_person,NA,NA,0 declarative,2 wh_question,1 polar_question,0 declarative,NA,NA,0 no negation,NA,0 no negation
5483,zhidao,/ChangPN/age4/031.cha,investigator,EXP: 那<那个什么>[//]我想要知道你记不记得你去看医生的事情.,2 CP,,1 first_person,2 CP,,1 first_person,NA,NA,0 declarative,1 polar_question,0 declarative,1 polar_question,NA,NA,0 no negation,NA,0 no negation
5484,zhidao,/ChangPN/age4/031.cha,investigator,EXP: 那我想要知道你记不记得你被毛毛虫吓到的时候发生了什么事?,2 CP,,1 first_person,2 CP,,1 first_person,NA,NA,0 declarative,1 polar_question,1 polar_question,1 polar_question,NA,NA,0 no negation,NA,0 no negation
5486,zhidao,/ChangPN/age4/031.cha,investigator,"EXP: 我还想要知道一件事情耶,好不好?",2 CP,,1 first_person,0 No,,1 first_person,NA,NA,4 tag_question,0 declarative,4 tag_question,0 declarative,NA,NA,0 no negation,NA,0 no negation
5487,zhidao,/ChangPN/age4/032.cha,investigator,EXP: 你知道吗?,0 No,0 No,2 second_person,0 No,,2 second_person,NA,NA,1 polar_question,,1 polar_question,,NA,NA,0 no negation,NA,0 no negation
5488,zhidao,/ChangPN/age4/032.cha,investigator,EXP: 你知道<小猪啊他昨天>[//]小猪.,4 NP,2 NP,2 second_person,0 No,,2 second_person,NA,NA,0 declarative,0 declarative,0 declarative,,NA,NA,0 no negation,NA,0 no negation
5489,zhidao,/ChangPN/age4/032.cha,investigator,EXP: <我想要>[//]小猪想要<知>[/]知道啊孩名啊有没有去看过医生啊?,2 CP,,3 third/NP,2 CP,,3 third/NP,NA,NA,0 declarative,1 polar_question,1 polar_question,1 polar_question,NA,NA,0 no negation,NA,0 no negation
5490,zhidao,/ChangPN/age4/032.cha,investigator,EXP: 小猪好想知道喔.,0 No,0 No,3 third/NP,0 No,,3 third/NP,NA,NA,0 declarative,,0 declarative,,NA,NA,0 no negation,NA,0 no negation
5491,zhidao,/ChangPN/age4/032.cha,investigator,EXP: 小猪想要知道孩名有没有打翻过东西啊?,2 CP,,3 third/NP,2 CP,,3 third/NP,NA,NA,1 polar_question,1 polar_question,1 polar_question,1 polar_question,NA,NA,0 no negation,NA,0 no negation
5492,zhidao,/ChangPN/age4/032.cha,investigator,EXP: 小猪想要知道孩名有没有被吓到过?,2 CP,,3 third/NP,2 CP,,3 third/NP,NA,NA,1 polar_question,1 polar_question,1 polar_question,1 polar_question,NA,NA,0 no negation,NA,0 no negation
5493,zhidao,/ChangPN/age4/032.cha,investigator,EXP: 小猪想要知道啊.,0 No,0 No,3 third/NP,0 No,,3 third/NP,NA,NA,0 declarative,,0 declarative,,NA,NA,0 no negation,NA,0 no negation
5494,zhidao,/ChangPN/age4/032.cha,investigator,EXP: 小猪想要<知不知>[//]想要知道啊.,0 No,0 No,3 third/NP,0 No,,3 third/NP,NA,NA,0 declarative,,0 declarative,,NA,NA,0 no negation,NA,0 no negation
5495,zhidao,/ChangPN/age4/033.cha,investigator,EXP: 那我想要知道你记不记得你去看医生的事情欸!,2 CP,,1 first_person,2 CP,,1 first_person,NA,NA,0 declarative,1 polar_question,0 declarative,0 declarative,NA,NA,0 no negation,NA,0 no negation
5496,zhidao,/ChangPN/age4/033.cha,investigator,EXP: 我想要你知道你记不记得...,2 CP,,2 second_person,0 No,,2 second_person,NA,NA,0 declarative,1 polar_question,0 declarative,1 polar_question,NA,NA,0 no negation,NA,0 no negation
5498,zhidao,/ChangPN/age4/033.cha,investigator,EXP: 你也不知道.,0 No,0 No,2 second_person,0 No,,2 second_person,NA,NA,0 declarative,,0 declarative,,NA,NA,2 不,NA,2 不
5499,zhidao,/ChangPN/age4/034.cha,investigator,EXP: 你知道吗?,0 No,0 No,2 second_person,0 No,,2 second_person,NA,NA,1 polar_question,,1 polar_question,,NA,NA,0 no negation,NA,0 no negation
5500,zhidao,/ChangPN/age4/034.cha,investigator,EXP: 小猪想要知道孩名你有没有去看过医生啊?,2 CP,,3 third/NP,2 CP,,3 third/NP,NA,NA,0 declarative,1 polar_question,1 polar_question,1 polar_question,NA,NA,0 no negation,NA,0 no negation
5501,zhidao,/ChangPN/age4/034.cha,investigator,EXP: 我想要知道那一次被吓到的时候发生了什么事情啊?,2 CP,,1 first_person,2 CP,,1 first_person,NA,NA,0 declarative,2 wh_question,1 polar_question,2 wh_question,NA,NA,0 no negation,NA,0 no negation
5502,zhidao,/ChangPN/age4/034.cha,investigator,EXP: 我想要知道你记不记得你打翻东西的事情?,2 CP,,1 first_person,2 CP,,1 first_person,NA,NA,0 declarative,1 polar_question,1 polar_question,1 polar_question,NA,NA,0 no negation,NA,0 no negation
5503,zhidao,/ChangPN/age4/034.cha,investigator,EXP: ^好想知道喔!,0 No,0 No,0 dropped,0 No,,0 dropped,NA,NA,0 declarative,,0 declarative,,NA,NA,0 no negation,NA,0 no negation
5504,zhidao,/ChangPN/age4/034.cha,investigator,EXP: 我想要知道你记不记得你有一次吵架的时候那一次发生了什么事情啊?,2 CP,,1 first_person,2 CP,,1 first_person,NA,NA,0 declarative,1 polar_question,1 polar_question,1 polar_question,NA,NA,0 no negation,NA,0 no negation
5505,zhidao,/ChangPN/age4/035.cha,investigator,EXP: 你知道吗?,0 No,0 No,2 second_person,0 No,,2 second_person,NA,NA,1 polar_question,,1 polar_question,,NA,NA,0 no negation,NA,0 no negation
5506,zhidao,/ChangPN/age4/035.cha,investigator,"EXP: <那你>[/]你知道吗姊姊昨天啊在家里打扫房间的时候啊,结果就有一只蟑螂跑出来诶.",0 No,0 No,2 second_person,0 No,,2 second_person,NA,NA,1 polar_question,,1 polar_question,,NA,NA,0 no negation,NA,0 no negation
5507,zhidao,/ChangPN/age4/035.cha,investigator,EXP: 哦你知道吗?,0 No,0 No,2 second_person,0 No,,2 second_person,NA,NA,1 polar_question,,1 polar_question,,NA,NA,0 no negation,NA,0 no negation
5508,zhidao,/ChangPN/age4/037.cha,investigator,EXP: 喔喔(.)你知道我是谁吗?,2 CP,,2 second_person,2 CP,,2 second_person,NA,NA,1 polar_question,2 wh_question,1 polar_question,2 wh_question,NA,NA,0 no negation,NA,0 no negation
5509,zhidao,/ChangPN/age4/037.cha,investigator,EXP: 那我想知道你记不记得你去看医生的事情.,2 CP,,1 first_person,2 CP,,1 first_person,NA,NA,0 declarative,1 polar_question,0 declarative,1 polar_question,NA,NA,0 no negation,NA,0 no negation
5510,zhidao,/ChangPN/age4/048.cha,investigator,EXP: 那你怎么知道我是维尼小熊的好朋友?,2 CP,,2 second_person,2 CP,,2 second_person,NA,NA,3 how/why,0 declarative,3 how/why,0 declarative,NA,NA,0 no negation,NA,0 no negation
5511,zhidao,/ChangPN/age4/048.cha,investigator,EXP: 哦你知道吗?,0 No,0 No,2 second_person,0 No,,2 second_person,NA,NA,1 polar_question,,1 polar_question,,NA,NA,0 no negation,NA,0 no negation
5512,zhidao,/ChangPN/age4/048.cha,investigator,EXP: 小猪想要知道.,0 No,0 No,3 third/NP,0 No,,3 third/NP,NA,NA,0 declarative,,0 declarative,,NA,NA,0 no negation,NA,0 no negation
5513,zhidao,/ChangPN/age4/048.cha,investigator,EXP: 我想要知道你记不记得你去看医生的事情啊?,2 CP,,1 first_person,2 CP,,1 first_person,NA,NA,0 declarative,1 polar_question,1 polar_question,1 polar_question,NA,NA,0 no negation,NA,0 no negation
5514,zhidao,/ChangPN/age4/048.cha,investigator,EXP: 你知道吗?,0 No,0 No,2 second_person,0 No,,2 second_person,NA,NA,1 polar_question,,1 polar_question,,NA,NA,0 no negation,NA,0 no negation
5515,zhidao,/ChangPN/age4/048.cha,investigator,EXP: 我好想知道有一次孩名被吓到的时候呢发生了什么事情啊?,2 CP,,1 first_person,2 CP,,1 first_person,NA,NA,0 declarative,2 wh_question,1 polar_question,2 wh_question,NA,NA,0 no negation,NA,0 no negation
5516,zhidao,/ChangPN/age4/048.cha,investigator,EXP: 我好想知道你那一次吓到的时候发生了什么事情喔!,2 CP,,1 first_person,2 CP,,1 first_person,NA,NA,0 declarative,2 wh_question,0 declarative,2 wh_question,NA,NA,0 no negation,NA,0 no negation
5517,zhidao,/ChangPN/age4/048.cha,investigator,EXP: 我想要知道你记不记得你打翻东西的事情啊.,2 CP,,1 first_person,2 CP,,1 first_person,NA,NA,0 declarative,1 polar_question,0 declarative,1 polar_question,NA,NA,0 no negation,NA,0 no negation
5518,zhidao,/ChangPN/age4/048.cha,investigator,EXP: 我想要知道你记不记得有一次你吵架的时候或打架的时候发生什么事情啊?,2 CP,,1 first_person,2 CP,,1 first_person,NA,NA,0 declarative,1 polar_question,1 polar_question,1 polar_question,NA,NA,0 no negation,NA,0 no negation
5519,zhidao,/ChangPN/age4/049.cha,investigator,EXP: 你知道吗?,0 No,0 No,2 second_person,0 No,,2 second_person,NA,NA,1 polar_question,,1 polar_question,,NA,NA,0 no negation,NA,0 no negation
5520,zhidao,/ChangPN/age4/049.cha,investigator,EXP: 你知道吗?,0 No,0 No,2 second_person,0 No,,2 second_person,NA,NA,1 polar_question,,1 polar_question,,NA,NA,0 no negation,NA,0 no negation
5521,zhidao,/ChangPN/age4/049.cha,investigator,"EXP: <你不>[/]你不知道,是不是?",0 No,0 No,2 second_person,2 CP,,2 second_person,NA,NA,4 tag_question,0 declarative,4 tag_question,0 declarative,NA,NA,2 不,NA,2 不
5522,zhidao,/ChangPN/age4/049.cha,investigator,EXP: 那你知道吗?,0 No,0 No,2 second_person,0 No,,2 second_person,NA,NA,1 polar_question,,1 polar_question,,NA,NA,0 no negation,NA,0 no negation
5523,zhidao,/ChangPN/age4/049.cha,investigator,EXP: 姊姊好想知道孩名有一次打翻东西的时候发生了什么事情啊?,2 CP,,3 third/NP,2 CP,,3 third/NP,NA,NA,0 declarative,2 wh_question,1 polar_question,2 wh_question,NA,NA,0 no negation,NA,0 no negation
5524,zhidao,/ChangPN/age4/049.cha,investigator,EXP: <你啊>[//]你知道姊姊啊很喜欢看书喔.,2 CP,,2 second_person,2 CP,,2 second_person,NA,NA,0 declarative,0 declarative,0 declarative,0 declarative,NA,NA,0 no negation,NA,0 no negation
5525,zhidao,/ChangPN/age4/049.cha,investigator,EXP: 姊姊想知道有一次孩名吵架的时候发生了什么事情啊?,2 CP,,3 third/NP,2 CP,,3 third/NP,NA,NA,0 declarative,2 wh_question,1 polar_question,2 wh_question,NA,NA,0 no negation,NA,0 no negation
5526,zhidao,/ChangPN/age4/051.cha,investigator,EXP: 哦那我想要知道你记不记得你去看医生的事情!,2 CP,,1 first_person,2 CP,,1 first_person,NA,NA,0 declarative,1 polar_question,0 declarative,1 polar_question,NA,NA,0 no negation,NA,0 no negation
5527,zhidao,/ChangPN/age4/051.cha,investigator,EXP: 那你有没有知道谁被吓到的事情?,2 CP,,2 second_person,2 CP,,2 second_person,NA,NA,1 polar_question,2 wh_question,1 polar_question,2 wh_question,NA,NA,0 no negation,NA,0 no negation
5528,zhidao,/ChangPN/age4/051.cha,investigator,EXP: 我知道了.,0 No,0 No,1 first_person,0 No,,1 first_person,NA,NA,0 declarative,,0 declarative,,NA,NA,0 no negation,NA,0 no negation
5530,zhidao,/ChangPN/age4/067.cha,investigator,EXP: 不知道喔.,0 No,0 No,0 dropped,0 No,,0 dropped,NA,NA,0 declarative,,0 declarative,,NA,NA,2 不,NA,2 不
5532,zhidao,/ChangPN/age4/067.cha,investigator,EXP: 哦那我想要知道你记不记得你打翻东西的事情?,2 CP,,1 first_person,2 CP,,1 first_person,NA,NA,0 declarative,1 polar_question,1 polar_question,1 polar_question,NA,NA,0 no negation,NA,0 no negation
5534,zhidao,/ChangPN/age4/067.cha,investigator,EXP: 那我想要知道你记不记得喔你和姊姊吵架的事情.,2 CP,,1 first_person,2 CP,,1 first_person,NA,NA,0 declarative,1 polar_question,0 declarative,1 polar_question,NA,NA,0 no negation,NA,0 no negation
5535,zhidao,/ChangPN/age4/067.cha,investigator,EXP: <那你>[//]我想要知道你记不记得<你上次去玩的事情>[>].,2 CP,,1 first_person,2 CP,,1 first_person,NA,NA,0 declarative,1 polar_question,0 declarative,1 polar_question,NA,NA,0 no negation,NA,0 no negation
5537,zhidao,/ChangPN/age4/069.cha,investigator,EXP: 不知道你有没有看过?,2 CP,,0 dropped,2 CP,,0 dropped,NA,NA,1 polar_question,1 polar_question,1 polar_question,1 polar_question,NA,NA,2 不,NA,2 不
5538,zhidao,/ChangPN/age4/069.cha,investigator,EXP: 你知道这什么东西吗?,2 CP,,2 second_person,2 CP,,2 second_person,NA,NA,1 polar_question,2 wh_question,1 polar_question,2 wh_question,NA,NA,0 no negation,NA,0 no negation
5540,zhidao,/ChangPN/age4/069.cha,investigator,EXP: 那我想要知道.,0 No,0 No,1 first_person,0 No,,1 first_person,NA,NA,0 declarative,,0 declarative,,NA,NA,0 no negation,NA,0 no negation
5542,zhidao,/ChangPN/age4/070.cha,investigator,EXP: 啊我想要知道.,0 No,0 No,1 first_person,0 No,,1 first_person,NA,NA,0 declarative,,0 declarative,,NA,NA,0 no negation,NA,0 no negation
5544,zhidao,/ChangPN/age4/070.cha,investigator,EXP: 不知道喔.,0 No,0 No,0 dropped,0 No,,0 dropped,NA,NA,0 declarative,,0 declarative,,NA,NA,2 不,NA,2 不
5546,zhidao,/ChangPN/age4/070.cha,investigator,EXP: 你不知道喔.,0 No,0 No,2 second_person,0 No,,2 second_person,NA,NA,0 declarative,,0 declarative,,NA,NA,2 不,NA,2 不
5548,zhidao,/ChangPN/age4/070.cha,investigator,EXP: 你就不知道.,0 No,0 No,2 second_person,0 No,,2 second_person,NA,NA,0 declarative,,0 declarative,,NA,NA,2 不,NA,2 不
5549,zhidao,/ChangPN/age4/072.cha,investigator,EXP: 我想要知道你记不记得有一次你去看医生的时候发生了什么事情?,2 CP,,1 first_person,2 CP,,1 first_person,NA,NA,0 declarative,1 polar_question,1 polar_question,1 polar_question,NA,NA,0 no negation,NA,0 no negation
5550,zhidao,/ChangPN/age4/072.cha,investigator,EXP: 我想要知道你记不记得你被吓到的事情.,2 CP,,1 first_person,2 CP,,1 first_person,NA,NA,0 declarative,1 polar_question,0 declarative,1 polar_question,NA,NA,0 no negation,NA,0 no negation
5551,zhidao,/ChangPN/age4/072.cha,investigator,EXP: 我想要知道你记不记得有一次你打翻东西的时候发生了什么事啊.,2 CP,,1 first_person,2 CP,,1 first_person,NA,NA,1 polar_question,1 polar_question,0 declarative,1 polar_question,NA,NA,0 no negation,NA,0 no negation
5553,zhidao,/ChangPN/age4/072.cha,investigator,"EXP: 喔爸爸不知道,是不是?",0 No,0 No,3 third/NP,0 No,,3 third/NP,NA,NA,4 tag_question,0 declarative,4 tag_question,0 declarative,NA,NA,2 不,NA,2 不
5554,zhidao,/ChangPN/age4/072.cha,investigator,EXP: 我想要知道你记不记得有一次你跟哥哥吵架的时候发生了什么事.,2 CP,,1 first_person,2 CP,,1 first_person,NA,NA,0 declarative,1 polar_question,0 declarative,1 polar_question,NA,NA,0 no negation,NA,0 no negation
5556,zhidao,/ChangPN/age4/074.cha,investigator,EXP: 知道喔.,0 No,0 No,0 dropped,0 No,,0 dropped,NA,NA,0 declarative,,0 declarative,,NA,NA,0 no negation,NA,0 no negation
5557,zhidao,/ChangPN/age4/074.cha,investigator,EXP: 那我想知道啊.,0 No,0 No,1 first_person,0 No,,1 first_person,NA,NA,0 declarative,,0 declarative,,NA,NA,0 no negation,NA,0 no negation
5558,zhidao,/ChangPN/age4/075.cha,investigator,EXP: 知道吗?,0 No,0 No,0 dropped,0 No,,0 dropped,NA,NA,1 polar_question,,1 polar_question,,NA,NA,0 no negation,NA,0 no negation
5559,zhidao,/ChangPN/age4/075.cha,investigator,EXP: 知道吗?,0 No,0 No,0 dropped,0 No,,0 dropped,NA,NA,1 polar_question,,1 polar_question,,NA,NA,0 no negation,NA,0 no negation
5560,zhidao,/ChangPN/age4/079.cha,investigator,EXP: 那我想要知道你记不记得喔/.,2 CP,,1 first_person,2 CP,,1 first_person,NA,NA,0 declarative,1 polar_question,0 declarative,1 polar_question,NA,NA,0 no negation,NA,0 no negation
5561,zhidao,/ChangPN/age4/079.cha,investigator,EXP: 我想要知道喔.,0 No,0 No,1 first_person,0 No,,1 first_person,NA,NA,0 declarative,,0 declarative,,NA,NA,0 no negation,NA,0 no negation
5562,zhidao,/ChangPN/age4/079.cha,investigator,EXP: 我想要知道喔.,0 No,0 No,1 first_person,0 No,,1 first_person,NA,NA,0 declarative,,0 declarative,,NA,NA,0 no negation,NA,0 no negation
5563,zhidao,/ChangPN/age4/079.cha,investigator,EXP: 我想要知道你记不记得你打翻东西的时候啊发生了什么事情?,2 CP,,1 first_person,2 CP,,1 first_person,NA,NA,0 declarative,1 polar_question,1 polar_question,1 polar_question,NA,NA,0 no negation,NA,0 no negation
5564,zhidao,/ChangPN/age4/079.cha,investigator,"EXP: 好,那我想要知道/.",0 No,0 No,1 first_person,0 No,,1 first_person,NA,NA,0 declarative,,0 declarative,,NA,NA,0 no negation,NA,0 no negation
5565,zhidao,/ChangPN/age4/079.cha,investigator,EXP: 那我想要知道/.,0 No,0 No,1 first_person,0 No,,1 first_person,NA,NA,0 declarative,,0 declarative,,NA,NA,0 no negation,NA,0 no negation
5566,zhidao,/ChangPN/age4/079.cha,investigator,EXP: 我想要知道你记不记得喔你和妹妹吵架的事情?,2 CP,,1 first_person,2 CP,,1 first_person,NA,NA,0 declarative,1 polar_question,1 polar_question,1 polar_question,NA,NA,0 no negation,NA,0 no negation
5567,zhidao,/ChangPN/age4/080.cha,investigator,EXP: 你不知道啊.,0 No,0 No,2 second_person,0 No,,2 second_person,NA,NA,0 declarative,,0 declarative,,NA,NA,2 不,NA,2 不
5568,zhidao,/ChangPN/age4/080.cha,investigator,EXP: 你知道吗?,0 No,0 No,2 second_person,0 No,,2 second_person,NA,NA,1 polar_question,,1 polar_question,,NA,NA,0 no negation,NA,0 no negation
5569,zhidao,/ChangPN/age4/080.cha,investigator,EXP: 你不知道喔.,0 No,0 No,2 second_person,0 No,,2 second_person,NA,NA,0 declarative,,0 declarative,,NA,NA,2 不,NA,2 不
5570,zhidao,/ChangPN/age4/080.cha,investigator,EXP: 不知道喔.,0 No,0 No,0 dropped,0 No,,0 dropped,NA,NA,0 declarative,,0 declarative,,NA,NA,2 不,NA,2 不
5571,zhidao,/ChangPN/age4/081.cha,investigator,EXP: 啊我想要知道你记不记得啊有一次啊你被东西吓到的时候发生了什么事情?,2 CP,,1 first_person,2 CP,,1 first_person,NA,NA,0 declarative,1 polar_question,1 polar_question,1 polar_question,NA,NA,0 no negation,NA,0 no negation
5572,zhidao,/ChangPN/age4/082.cha,investigator,EXP: 你知道吗?,0 No,0 No,2 second_person,0 No,,2 second_person,NA,NA,1 polar_question,,1 polar_question,,NA,NA,0 no negation,NA,0 no negation
5574,zhidao,/ChangPN/age4/082.cha,investigator,EXP: 那我想知道喔.,0 No,0 No,1 first_person,0 No,,1 first_person,NA,NA,0 declarative,,0 declarative,,NA,NA,0 no negation,NA,0 no negation
5575,zhidao,/ChangPN/age4/082.cha,investigator,EXP: 我想要知道你记不记得有一次你打翻东西的时候发生了什么事情?,2 CP,,1 first_person,2 CP,,1 first_person,NA,NA,0 declarative,1 polar_question,1 polar_question,1 polar_question,NA,NA,0 no negation,NA,0 no negation
5576,zhidao,/ChangPN/age4/082.cha,investigator,EXP: 我想要知道你记不记得有一次他们两个吵架的时候啊发生了什么事情?,2 CP,,1 first_person,2 CP,,1 first_person,NA,NA,0 declarative,1 polar_question,1 polar_question,1 polar_question,NA,NA,0 no negation,NA,0 no negation
5577,zhidao,/ChangPN/age4/083.cha,investigator,EXP: 不知道喔.,0 No,0 No,0 dropped,0 No,,0 dropped,NA,NA,0 declarative,,0 declarative,,NA,NA,2 不,NA,2 不
5578,zhidao,/ChangPN/age4/083.cha,investigator,EXP: 你不知道这是什么东西喔?,2 CP,,2 second_person,2 CP,,2 second_person,NA,NA,1 polar_question,2 wh_question,1 polar_question,2 wh_question,NA,NA,2 不,NA,2 不
5579,zhidao,/ChangPN/age4/083.cha,investigator,EXP: 我想要知道那个你记不记得有一次你看医生的时候发生了什么事情?,2 CP,,1 first_person,2 CP,,1 first_person,NA,NA,0 declarative,1 polar_question,1 polar_question,1 polar_question,NA,NA,0 no negation,NA,0 no negation
5580,zhidao,/ChangPN/age4/083.cha,investigator,EXP: 那我想知道你记不记得哥哥打翻东西的时候啊发生了什么事情?,2 CP,,1 first_person,2 CP,,1 first_person,NA,NA,0 declarative,1 polar_question,1 polar_question,1 polar_question,NA,NA,0 no negation,NA,0 no negation
5581,zhidao,/ChangPN/age4/083.cha,investigator,EXP: 我想要知道喔你记不记得你去玩的事情?,2 CP,,1 first_person,2 CP,,1 first_person,NA,NA,0 declarative,1 polar_question,1 polar_question,1 polar_question,NA,NA,0 no negation,NA,0 no negation
5582,zhidao,/ChangPN/age4/083.cha,investigator,EXP: 孩名不知道什么?,4 NP,2 NP,3 third/NP,0 No,,0 dropped,NA,NA,1 polar_question,2 wh_question,2 wh_question,,NA,NA,2 不,NA,2 不
5583,zhidao,/ChangPN/age4/083.cha,investigator,EXP: 不知道你们?,4 NP,2 NP,0 dropped,0 No,,0 dropped,NA,NA,1 polar_question,,1 polar_question,,NA,NA,2 不,NA,2 不
5584,zhidao,/ChangPN/age4/086.cha,investigator,EXP: 那我想要知道你记不记得你去看医生的事情?,2 CP,,1 first_person,2 CP,,1 first_person,NA,NA,0 declarative,1 polar_question,1 polar_question,1 polar_question,NA,NA,0 no negation,NA,0 no negation
5585,zhidao,/ChangPN/age4/086.cha,investigator,EXP: 喔那我想要知道你记不记得你去动物园的事情?,2 CP,,1 first_person,2 CP,,1 first_person,NA,NA,0 declarative,1 polar_question,1 polar_question,1 polar_question,NA,NA,0 no negation,NA,0 no negation
5586,zhidao,/ChangPN/age4/087.cha,investigator,EXP: 你有没有知道其他人被吓到过?,2 CP,,2 second_person,0 No,,2 second_person,NA,NA,1 polar_question,0 declarative,1 polar_question,0 declarative,NA,NA,0 no negation,NA,0 no negation
5587,zhidao,/ChangPN/age4/087.cha,investigator,EXP: 你知道姐姐很喜欢看故事书啊.,2 CP,,2 second_person,2 CP,,2 second_person,NA,NA,0 declarative,0 declarative,0 declarative,0 declarative,NA,NA,0 no negation,NA,0 no negation
5588,zhidao,/ChangPN/age4/088.cha,investigator,EXP: 那我想要知道你记不记得你去看医生的事情.,2 CP,,1 first_person,2 CP,,1 first_person,NA,NA,0 declarative,1 polar_question,0 declarative,1 polar_question,NA,NA,0 no negation,NA,0 no negation
5589,zhidao,/ChangPN/age4/088.cha,investigator,EXP: 那我想要知道你记不记得你打翻东西的事情?,2 CP,,1 first_person,2 CP,,1 first_person,NA,NA,0 declarative,1 polar_question,1 polar_question,1 polar_question,NA,NA,0 no negation,NA,0 no negation
5590,zhidao,/ChangPN/age4/088.cha,investigator,EXP: 那我想要知道你记不记得你和哥哥吵架的事情?,2 CP,,1 first_person,2 CP,,1 first_person,NA,NA,0 declarative,1 polar_question,1 polar_question,1 polar_question,NA,NA,0 no negation,NA,0 no negation
5596,zhidao,/ChangPN/age6/090.cha,investigator,EXP: 你知道这是什么吗?,2 CP,,2 second_person,2 CP,,2 second_person,NA,NA,1 polar_question,2 wh_question,1 polar_question,2 wh_question,NA,NA,0 no negation,NA,0 no negation
5597,zhidao,/ChangPN/age6/090.cha,investigator,EXP: 不知道?,0 No,0 No,0 dropped,0 No,,0 dropped,NA,NA,1 polar_question,,1 polar_question,,NA,NA,2 不,NA,2 不
5599,zhidao,/ChangPN/age6/090.cha,investigator,EXP: 你不知道喔.,0 No,0 No,2 second_person,0 No,,2 second_person,NA,NA,0 declarative,,0 declarative,,NA,NA,2 不,NA,2 不
5601,zhidao,/ChangPN/age6/090.cha,investigator,EXP: 我知道你很厉害喔.,2 CP,,1 first_person,2 CP,,1 first_person,NA,NA,0 declarative,0 declarative,0 declarative,0 declarative,NA,NA,0 no negation,NA,0 no negation
5602,zhidao,/ChangPN/age6/090.cha,investigator,EXP: 我好想知道喔.,0 No,0 No,1 first_person,0 No,,1 first_person,NA,NA,0 declarative,,0 declarative,,NA,NA,0 no negation,NA,0 no negation
5604,zhidao,/ChangPN/age6/090.cha,investigator,EXP: 你不知道喔.,0 No,0 No,2 second_person,0 No,,2 second_person,NA,NA,0 declarative,,0 declarative,,NA,NA,2 不,NA,2 不
5605,zhidao,/ChangPN/age6/090.cha,investigator,"EXP: 你不知道喔,嗯(..)好.",0 No,0 No,2 second_person,0 No,,2 second_person,NA,NA,0 declarative,,0 declarative,,NA,NA,2 不,NA,2 不
5606,zhidao,/ChangPN/age6/090.cha,investigator,EXP: 你不知道喔.,0 No,0 No,2 second_person,0 No,,2 second_person,NA,NA,0 declarative,,0 declarative,,NA,NA,2 不,NA,2 不
5608,zhidao,/ChangPN/age6/090.cha,investigator,EXP: 喔你不知道.,0 No,0 No,2 second_person,0 No,,2 second_person,NA,NA,0 declarative,,0 declarative,,NA,NA,2 不,NA,2 不
5609,zhidao,/ChangPN/age6/091.cha,investigator,"EXP: 有喔,那我想要知道你记不记得你去看医生的事情?",2 CP,,1 first_person,2 CP,,1 first_person,NA,NA,0 declarative,1 polar_question,1 polar_question,1 polar_question,NA,NA,0 no negation,NA,0 no negation
5610,zhidao,/ChangPN/age6/091.cha,investigator,EXP: 喔那我想要知道你记不记得你被你弟弟吓到的事情.,2 CP,,1 first_person,2 CP,,1 first_person,NA,NA,0 declarative,1 polar_question,0 declarative,1 polar_question,NA,NA,0 no negation,NA,0 no negation
5611,zhidao,/ChangPN/age6/115.cha,investigator,EXP: 你知道这是什么吗?,2 CP,,2 second_person,2 CP,,2 second_person,NA,NA,1 polar_question,2 wh_question,1 polar_question,2 wh_question,NA,NA,0 no negation,NA,0 no negation
5613,zhidao,/ChangPN/age6/115.cha,investigator,EXP: 知道.,0 No,0 No,0 dropped,0 No,,0 dropped,NA,NA,0 declarative,,0 declarative,,NA,NA,0 no negation,NA,0 no negation
5618,zhidao,/ChangPN/age6/116.cha,investigator,"EXP: 喔你不知道他有没有真的打针,然后呢,后来呢?",2 CP,,2 second_person,2 CP,,2 second_person,NA,NA,0 declarative,1 polar_question,0 declarative,1 polar_question,NA,NA,2 不,NA,2 不
5625,zhidao,/ChangPN/age6/117.cha,investigator,EXP: 你知道吗?,0 No,0 No,2 second_person,0 No,,2 second_person,NA,NA,1 polar_question,,1 polar_question,,NA,NA,0 no negation,NA,0 no negation
5626,zhidao,/ChangPN/age6/117.cha,investigator,EXP: 姊姊想要知道喔你记不记得有一次你去看医生的事情然后发生了什么事?,2 CP,,3 third/NP,2 CP,,3 third/NP,NA,NA,0 declarative,1 polar_question,0 declarative,,NA,NA,0 no negation,NA,0 no negation
5627,zhidao,/ChangPN/age6/117.cha,investigator,"EXP: 来,再来喔(.)嗯昨天啊,你知道吗?",0 No,0 No,2 second_person,0 No,,2 second_person,NA,NA,1 polar_question,,4 tag_question,,NA,NA,0 no negation,NA,0 no negation
5628,zhidao,/ChangPN/age6/117.cha,investigator,EXP: 姊姊想要知道啊你记不记得你有一次被吓到的时候那时候发生了什么事?,2 CP,,3 third/NP,2 CP,,3 third/NP,NA,NA,0 declarative,1 polar_question,0 declarative,,NA,NA,0 no negation,NA,0 no negation
5629,zhidao,/ChangPN/age6/117.cha,investigator,EXP: 那最后啊(.)<姊姊>[//]你知道姊姊发生了很多事情.,2 CP,,2 second_person,2 CP,,2 second_person,NA,NA,0 declarative,0 declarative,0 declarative,0 declarative,NA,NA,0 no negation,NA,0 no negation
5630,zhidao,/ChangPN/age6/118.cha,investigator,"EXP: 对啊,你知道我看到这个针筒啊.",2 CP,,2 second_person,0 No,,2 second_person,NA,NA,0 declarative,0 declarative,0 declarative,0 declarative,NA,NA,0 no negation,NA,0 no negation
5634,zhidao,/ChangPN/age6/126.cha,investigator,EXP: 那我想要知道你记不记得你去看医生的事情.,2 CP,,1 first_person,2 CP,,1 first_person,NA,NA,0 declarative,1 polar_question,0 declarative,1 polar_question,NA,NA,0 no negation,NA,0 no negation
5635,zhidao,/ChangPN/age6/126.cha,investigator,"EXP: 好,那<你>[//]我想要知道你记不记得有一次你被吓到的时候发生了什么事?",2 CP,,1 first_person,2 CP,,1 first_person,NA,NA,0 declarative,1 polar_question,1 polar_question,1 polar_question,NA,NA,0 no negation,NA,0 no negation
5636,zhidao,/ChangPN/age6/127.cha,investigator,"EXP: 有喔,那我想要知道你记不记得你去看医生的事情?",2 CP,,1 first_person,2 CP,,1 first_person,NA,NA,0 declarative,1 polar_question,1 polar_question,1 polar_question,NA,NA,0 no negation,NA,0 no negation
5637,zhidao,/ChangPN/age6/128.cha,investigator,EXP: 你知道吗?,0 No,0 No,2 second_person,0 No,,2 second_person,NA,NA,1 polar_question,,1 polar_question,,NA,NA,0 no negation,NA,0 no negation
5638,zhidao,/ChangPN/age6/128.cha,investigator,EXP: 姊姊想要知道孩名你有没有看过医生啊?,2 CP,,3 third/NP,2 CP,,3 third/NP,NA,NA,0 declarative,1 polar_question,1 polar_question,1 polar_question,NA,NA,0 no negation,NA,0 no negation
5639,zhidao,/ChangPN/age6/128.cha,investigator,EXP: 我知道(.).,0 No,0 No,1 first_person,0 No,,1 first_person,NA,NA,0 declarative,,0 declarative,,NA,NA,0 no negation,NA,0 no negation
5640,zhidao,/ChangPN/age6/128.cha,investigator,EXP: 我知道啊然后呢?,0 No,0 No,1 first_person,0 No,,1 first_person,NA,NA,0 declarative,,0 declarative,,NA,NA,0 no negation,NA,0 no negation
5641,zhidao,/ChangPN/age6/129.cha,investigator,EXP: 你知道这是什么吗?,2 CP,,2 second_person,2 CP,,2 second_person,NA,NA,1 polar_question,2 wh_question,1 polar_question,2 wh_question,NA,NA,0 no negation,NA,0 no negation
5642,zhidao,/ChangPN/age6/129.cha,investigator,EXP: 你知道吗?,0 No,0 No,2 second_person,0 No,,2 second_person,NA,NA,1 polar_question,,1 polar_question,,NA,NA,0 no negation,NA,0 no negation
5643,zhidao,/ChangPN/age6/129.cha,investigator,EXP: 姐姐想要知道啊.,0 No,0 No,3 third/NP,0 No,,3 third/NP,NA,NA,0 declarative,,0 declarative,,NA,NA,0 no negation,NA,0 no negation
5644,zhidao,/ChangPN/age6/129.cha,investigator,"EXP: 你如果知道,你就尽量多讲一点,好不好?",0 No,0 No,2 second_person,0 No,,2 second_person,NA,NA,4 tag_question,0 declarative,4 tag_question,0 declarative,NA,NA,0 no negation,NA,0 no negation
5645,zhidao,/ChangPN/age6/129.cha,investigator,EXP: 你知道吗?,0 No,0 No,2 second_person,0 No,,2 second_person,NA,NA,1 polar_question,,1 polar_question,,NA,NA,0 no negation,NA,0 no negation
5646,zhidao,/ChangPN/age6/129.cha,investigator,EXP: 那你知道吗?,0 No,0 No,2 second_person,0 No,,2 second_person,NA,NA,1 polar_question,,1 polar_question,,NA,NA,0 no negation,NA,0 no negation
5647,zhidao,/ChangPN/age6/129.cha,investigator,EXP: 然后你知道吗?,0 No,0 No,2 second_person,0 No,,2 second_person,NA,NA,1 polar_question,,1 polar_question,,NA,NA,0 no negation,NA,0 no negation
5648,zhidao,/ChangPN/age6/130.cha,investigator,EXP: 那我想要知道你记不记得你去看医生的时候的事情?,2 CP,,1 first_person,2 CP,,1 first_person,NA,NA,0 declarative,1 polar_question,1 polar_question,1 polar_question,NA,NA,0 no negation,NA,0 no negation
5649,zhidao,/ChangPN/age6/130.cha,investigator,EXP: 那我想要知道你记不记得你被吓到的事情.,2 CP,,1 first_person,2 CP,,1 first_person,NA,NA,0 declarative,1 polar_question,0 declarative,1 polar_question,NA,NA,0 no negation,NA,0 no negation
5650,zhidao,/ChangPN/age6/130.cha,investigator,EXP: 那我想要知道你记不记得你打翻东西的事情.,2 CP,,1 first_person,2 CP,,1 first_person,NA,NA,0 declarative,1 polar_question,0 declarative,1 polar_question,NA,NA,0 no negation,NA,0 no negation
5651,zhidao,/ChangPN/age6/130.cha,investigator,EXP: 那我想要知道你记不记得你和哥哥吵架的事情?,2 CP,,1 first_person,2 CP,,1 first_person,NA,NA,0 declarative,1 polar_question,1 polar_question,1 polar_question,NA,NA,0 no negation,NA,0 no negation
5652,zhidao,/ChangPN/grade4/226.cha,investigator,EXP: 那我想要知道啊.,0 No,0 No,1 first_person,0 No,,1 first_person,NA,NA,0 declarative,,0 declarative,,NA,NA,0 no negation,NA,0 no negation
5653,zhidao,/ChangPN/grade4/226.cha,investigator,"EXP: 没关系嘛,你知道的你讲就可以了.",2 CP,,2 second_person,0 No,,2 second_person,NA,NA,0 declarative,,0 declarative,0 declarative,NA,NA,0 no negation,NA,0 no negation
5654,zhidao,/ChangPN/grade4/226.cha,investigator,EXP: 那我想知道<是>[//]就是看医生的时候.,2 CP,,1 first_person,2 CP,,1 first_person,NA,NA,0 declarative,0 declarative,,,NA,NA,0 no negation,NA,0 no negation
5655,zhidao,/ChangPN/grade4/226.cha,investigator,EXP: 那我想要知道你有没有被吓过.,2 CP,,1 first_person,2 CP,,1 first_person,NA,NA,0 declarative,1 polar_question,0 declarative,1 polar_question,NA,NA,0 no negation,NA,0 no negation
5656,zhidao,/ChangPN/grade4/226.cha,investigator,EXP: 那我想要知道.,0 No,0 No,1 first_person,0 No,,1 first_person,NA,NA,0 declarative,,0 declarative,,NA,NA,0 no negation,NA,0 no negation
5657,zhidao,/ChangPN/grade4/226.cha,investigator,EXP: 那我想要知道你有没有把就是东西打翻过?,2 CP,,1 first_person,2 CP,,1 first_person,NA,NA,0 declarative,1 polar_question,1 polar_question,1 polar_question,NA,NA,0 no negation,NA,0 no negation
5658,zhidao,/ChangPN/grade4/226.cha,investigator,EXP: 那<你>[//]我想要知道你记不记得.,2 CP,,1 first_person,2 CP,,1 first_person,NA,NA,0 declarative,1 polar_question,0 declarative,1 polar_question,NA,NA,0 no negation,NA,0 no negation
5659,zhidao,/ChangPN/grade4/228.cha,investigator,EXP: 那第一个呢就是姐姐想要知道你记得些什么.,2 CP,,3 third/NP,2 CP,,3 third/NP,NA,NA,0 declarative,2 wh_question,0 declarative,2 wh_question,NA,NA,0 no negation,NA,0 no negation
5661,zhidao,/ChangPN/grade4/229.cha,investigator,EXP: 那我想要知道孩名有没有看过医生?,2 CP,,1 first_person,2 CP,,1 first_person,NA,NA,0 declarative,1 polar_question,1 polar_question,1 polar_question,NA,NA,0 no negation,NA,0 no negation
5662,zhidao,/ChangPN/grade4/229.cha,investigator,EXP: 那我想要知道.,0 No,0 No,1 first_person,0 No,,1 first_person,NA,NA,0 declarative,,0 declarative,,NA,NA,0 no negation,NA,0 no negation
5663,zhidao,/ChangPN/grade4/229.cha,investigator,EXP: 那我想要知道.,0 No,0 No,1 first_person,0 No,,1 first_person,NA,NA,0 declarative,,0 declarative,,NA,NA,0 no negation,NA,0 no negation
5664,zhidao,/ChangPN/grade4/229.cha,investigator,EXP: 那<你>[//]我想要知道啊.,0 No,0 No,1 first_person,0 No,,1 first_person,NA,NA,0 declarative,,0 declarative,,NA,NA,0 no negation,NA,0 no negation
5666,zhidao,/ChangPN/grade4/230.cha,investigator,EXP: 你也不知道啊?,0 No,0 No,2 second_person,0 No,,1 first_person,NA,NA,1 polar_question,,1 polar_question,,NA,NA,2 不,NA,2 不
5670,zhidao,/ChangPN/grade4/231.cha,investigator,EXP: 那我想要知道.,0 No,0 No,1 first_person,0 No,,1 first_person,NA,NA,0 declarative,,0 declarative,,NA,NA,0 no negation,NA,0 no negation
5671,zhidao,/ChangPN/grade4/231.cha,investigator,EXP: 那我想要知道.,0 No,0 No,1 first_person,0 No,,1 first_person,NA,NA,0 declarative,,0 declarative,,NA,NA,0 no negation,NA,0 no negation
5672,zhidao,/ChangPN/grade4/232.cha,investigator,EXP: 那姐姐想知道.,0 No,0 No,3 third/NP,0 No,,3 third/NP,NA,NA,0 declarative,,0 declarative,,NA,NA,0 no negation,NA,0 no negation
5674,zhidao,/ChangPN/grade4/235.cha,investigator,EXP: 那我想知道孩名有没有去看过医生.,2 CP,,1 first_person,2 CP,,1 first_person,NA,NA,0 declarative,1 polar_question,0 declarative,1 polar_question,NA,NA,0 no negation,NA,0 no negation
5675,zhidao,/ChangPN/grade4/235.cha,investigator,EXP: 那我想要知道.,0 No,0 No,1 first_person,0 No,,1 first_person,NA,NA,0 declarative,,0 declarative,,NA,NA,0 no negation,NA,0 no negation
5676,zhidao,/ChangPN/grade4/235.cha,investigator,EXP: 我想要知道.,0 No,0 No,1 first_person,0 No,,1 first_person,NA,NA,0 declarative,,0 declarative,,NA,NA,0 no negation,NA,0 no negation
5679,zhidao,/ChangPN/grade4/235.cha,investigator,EXP: 哇你讲了好多事情给我们知道.,0 No,0 No,1 first_person,0 No,,1 first_person,NA,NA,0 declarative,,0 declarative,,NA,NA,0 no negation,NA,0 no negation
5680,zhidao,/ChangPN/grade4/235.cha,investigator,EXP: <那我想要知道>[<].,0 No,0 No,1 first_person,0 No,,1 first_person,NA,NA,0 declarative,,0 declarative,,NA,NA,0 no negation,NA,0 no negation
5683,zhidao,/ChangPN/grade4/235.cha,investigator,EXP: 那我想要知道.,0 No,0 No,1 first_person,0 No,,1 first_person,NA,NA,0 declarative,,0 declarative,,NA,NA,0 no negation,NA,0 no negation
5684,zhidao,/ChangPN/grade4/236.cha,investigator,EXP: 第一关呢姐姐想要知道你记得什么.,2 CP,,3 third/NP,2 CP,,3 third/NP,NA,NA,0 declarative,2 wh_question,0 declarative,2 wh_question,NA,NA,0 no negation,NA,0 no negation
5687,zhidao,/ChangPN/grade4/244.cha,investigator,EXP: 那第一关啊就是姐姐想知道啊你记得的事情.,4 NP,2 NP,3 third/NP,2 CP,,3 third/NP,NA,NA,0 declarative,2 wh_question,0 declarative,0 declarative,NA,NA,0 no negation,NA,0 no negation
5689,zhidao,/ChangPN/grade4/245.cha,investigator,EXP: 第一关呢姐姐想知道你记得什么.,2 CP,,3 third/NP,2 CP,,3 third/NP,NA,NA,0 declarative,2 wh_question,0 declarative,2 wh_question,NA,NA,0 no negation,NA,0 no negation
5690,zhidao,/ChangPN/age5/061.cha,investigator,EXP: 你知道吗?,0 No,0 No,2 second_person,0 No,,2 second_person,NA,NA,1 polar_question,,1 polar_question,,NA,NA,0 no negation,NA,0 no negation
5691,zhidao,/ChangPN/age5/061.cha,investigator,EXP: 还有啊你知道吗?,0 No,0 No,2 second_person,0 No,,2 second_person,NA,NA,1 polar_question,,1 polar_question,,NA,NA,0 no negation,NA,0 no negation
5693,zhidao,/ChangPN/age5/061.cha,investigator,EXP: 不知道啰?,0 No,0 No,0 dropped,0 No,,0 dropped,NA,NA,1 polar_question,,1 polar_question,,NA,NA,2 不,NA,2 不
5697,zhidao,/ChangPN/age5/063.cha,investigator,EXP: 你知道这是什么东西?,2 CP,,2 second_person,2 CP,,2 second_person,NA,NA,1 polar_question,2 wh_question,1 polar_question,2 wh_question,NA,NA,0 no negation,NA,0 no negation
5699,zhidao,/ChangPN/age5/063.cha,investigator,EXP: 我想要知道耶.,0 No,0 No,1 first_person,0 No,,1 first_person,NA,NA,0 declarative,,0 declarative,,NA,NA,0 no negation,NA,0 no negation
5703,zhidao,/ChangPN/age5/063.cha,investigator,EXP: 我想要知道你记不记得啊你跟姊姊吵架的事情?,2 CP,,1 first_person,2 CP,,1 first_person,NA,NA,0 declarative,1 polar_question,1 polar_question,1 polar_question,NA,NA,0 no negation,NA,0 no negation
5704,zhidao,/ChangPN/age5/064.cha,investigator,EXP: 你知道这是什么吗?,2 CP,,2 second_person,2 CP,,2 second_person,NA,NA,1 polar_question,2 wh_question,1 polar_question,2 wh_question,NA,NA,0 no negation,NA,0 no negation
5705,zhidao,/ChangPN/age5/064.cha,investigator,EXP: 你知道啊.,0 No,0 No,2 second_person,0 No,,2 second_person,NA,NA,0 declarative,,0 declarative,,NA,NA,0 no negation,NA,0 no negation
5707,zhidao,/ChangPN/age5/064.cha,investigator,"EXP: 哦好,你知道吗?",0 No,0 No,2 second_person,0 No,,2 second_person,NA,NA,1 polar_question,,1 polar_question,,NA,NA,0 no negation,NA,0 no negation
5709,zhidao,/ChangPN/age5/066.cha,investigator,EXP: 你知道啊.,0 No,0 No,2 second_person,0 No,,2 second_person,NA,NA,0 declarative,,0 declarative,,NA,NA,0 no negation,NA,0 no negation
5710,zhidao,/ChangPN/age5/076.cha,investigator,"EXP: 打针,你知道吗?",0 No,0 No,2 second_person,0 No,,2 second_person,NA,NA,1 polar_question,0 declarative,4 tag_question,,NA,NA,0 no negation,NA,0 no negation
5711,zhidao,/ChangPN/age5/076.cha,investigator,EXP: 那<你有>[//]你知道有没有人被吓到过?,2 CP,,2 second_person,2 CP,,2 second_person,NA,NA,0 declarative,1 polar_question,1 polar_question,1 polar_question,NA,NA,0 no negation,NA,0 no negation
5712,zhidao,/ChangPN/age5/076.cha,investigator,EXP: 你知道姊姊啊小时候在看书.,2 CP,,2 second_person,2 CP,,2 second_person,NA,NA,0 declarative,0 declarative,0 declarative,,NA,NA,0 no negation,NA,0 no negation
5713,zhidao,/ChangPN/age5/078.cha,investigator,EXP: 你知道这是什么吗?,2 CP,,2 second_person,2 CP,,2 second_person,NA,NA,1 polar_question,2 wh_question,1 polar_question,2 wh_question,NA,NA,0 no negation,NA,0 no negation
5714,zhidao,/ChangPN/age5/078.cha,investigator,EXP: 你知道吗?,0 No,0 No,2 second_person,0 No,,2 second_person,NA,NA,1 polar_question,,1 polar_question,,NA,NA,0 no negation,NA,0 no negation
5715,zhidao,/ChangPN/age5/078.cha,investigator,EXP: 那你知道吗?,0 No,0 No,2 second_person,0 No,,2 second_person,NA,NA,1 polar_question,,1 polar_question,,NA,NA,0 no negation,NA,0 no negation
5716,zhidao,/ChangPN/age5/093.cha,investigator,EXP: 那我想要知道你记不记得你去看医生的事情.,2 CP,,1 first_person,2 CP,,1 first_person,NA,NA,0 declarative,1 polar_question,0 declarative,1 polar_question,NA,NA,0 no negation,NA,0 no negation
5717,zhidao,/ChangPN/age5/093.cha,investigator,"EXP: 好,那我<想要知道>[>]/.",0 No,0 No,1 first_person,0 No,,1 first_person,NA,NA,0 declarative,,0 declarative,,NA,NA,0 no negation,NA,0 no negation
5718,zhidao,/ChangPN/age5/093.cha,investigator,"EXP: 好,那我想要知道.",0 No,0 No,1 first_person,0 No,,1 first_person,NA,NA,0 declarative,,0 declarative,,NA,NA,0 no negation,NA,0 no negation
5719,zhidao,/ChangPN/age5/093.cha,investigator,"EXP: 你知道吗,孩名.",0 No,0 No,2 second_person,0 No,,2 second_person,NA,NA,1 polar_question,,1 polar_question,,NA,NA,0 no negation,NA,0 no negation
5720,zhidao,/ChangPN/age5/097.cha,investigator,"EXP: 孩名,你知道这是什么吗?",2 CP,,2 second_person,0 No,,2 second_person,NA,NA,1 polar_question,2 wh_question,1 polar_question,2 wh_question,NA,NA,0 no negation,NA,0 no negation
5721,zhidao,/ChangPN/age5/099.cha,investigator,EXP: 你知道吗?,0 No,0 No,2 second_person,0 No,,2 second_person,NA,NA,1 polar_question,,1 polar_question,,NA,NA,0 no negation,NA,0 no negation
5722,zhidao,/ChangPN/age5/099.cha,investigator,EXP: 那你知道吗?,0 No,0 No,2 second_person,0 No,,2 second_person,NA,NA,1 polar_question,,1 polar_question,,NA,NA,0 no negation,NA,0 no negation
5723,zhidao,/ChangPN/age5/099.cha,investigator,EXP: <那>[//]你知道吗?,0 No,0 No,2 second_person,0 No,,2 second_person,NA,NA,1 polar_question,,1 polar_question,,NA,NA,0 no negation,NA,0 no negation
5724,zhidao,/ChangPN/age5/100.cha,investigator,EXP: 你知道它是谁吗?,2 CP,,2 second_person,2 CP,,2 second_person,NA,NA,1 polar_question,2 wh_question,1 polar_question,2 wh_question,NA,NA,0 no negation,NA,0 no negation
5725,zhidao,/ChangPN/age5/100.cha,investigator,EXP: 知道针筒吗?,2 CP,,0 dropped,0 No,,0 dropped,NA,NA,1 polar_question,,1 polar_question,,NA,NA,0 no negation,NA,0 no negation
5726,zhidao,/ChangPN/age5/100.cha,investigator,EXP: 不知道.,0 No,0 No,0 dropped,0 No,,0 dropped,NA,NA,0 declarative,,0 declarative,,NA,NA,2 不,NA,2 不
5727,zhidao,/ChangPN/age5/100.cha,investigator,EXP: 姐姐想知道啊你记不记得你看医生的事情啊?,2 CP,,3 third/NP,2 CP,,3 third/NP,NA,NA,0 declarative,1 polar_question,1 polar_question,1 polar_question,NA,NA,0 no negation,NA,0 no negation
5728,zhidao,/ChangPN/age5/100.cha,investigator,EXP: 那姐姐想知道呀你记不记得你跟哥哥吵架的情形?,2 CP,,3 third/NP,2 CP,,3 third/NP,NA,NA,0 declarative,1 polar_question,1 polar_question,1 polar_question,NA,NA,0 no negation,NA,0 no negation
5729,zhidao,/ChangPN/age5/101.cha,investigator,EXP: 知道我是谁吗?,2 CP,,0 dropped,2 CP,,0 dropped,NA,NA,1 polar_question,2 wh_question,1 polar_question,2 wh_question,NA,NA,0 no negation,NA,0 no negation
5730,zhidao,/ChangPN/age5/101.cha,investigator,EXP: 那我想知道啊你记不记得你看医生的事情?,2 CP,,1 first_person,2 CP,,1 first_person,NA,NA,0 declarative,1 polar_question,1 polar_question,1 polar_question,NA,NA,0 no negation,NA,0 no negation
5731,zhidao,/ChangPN/age5/104.cha,investigator,EXP: (.)我知道你很棒的!,2 CP,,1 first_person,2 CP,,1 first_person,NA,NA,0 declarative,0 declarative,0 declarative,0 declarative,NA,NA,0 no negation,NA,0 no negation
5732,zhidao,/ChangPN/age5/104.cha,investigator,EXP: 不知道/.,0 No,0 No,0 dropped,0 No,,0 dropped,NA,NA,0 declarative,,0 declarative,,NA,NA,2 不,NA,2 不
5736,zhidao,/ChangPN/age5/104.cha,investigator,EXP: 你才知道啊.,0 No,0 No,2 second_person,0 No,,2 second_person,NA,NA,0 declarative,,0 declarative,,NA,NA,0 no negation,NA,0 no negation
5737,zhidao,/ChangPN/age5/105.cha,investigator,"EXP: 有喔,那我想要知道你记不记得你去看医生的事情?",2 CP,,1 first_person,2 CP,,1 first_person,NA,NA,0 declarative,1 polar_question,1 polar_question,1 polar_question,NA,NA,0 no negation,NA,0 no negation
5738,zhidao,/ChangPN/age5/105.cha,investigator,"EXP: 有喔,那我想要知道你记不记得你<去>[//]出去玩的事情.",2 CP,,1 first_person,2 CP,,1 first_person,NA,NA,0 declarative,1 polar_question,0 declarative,1 polar_question,NA,NA,0 no negation,NA,0 no negation
5740,zhidao,/ChangPN/age5/111.cha,investigator,EXP: <那妳>[//]姐姐想知道啊你记不记得你看医生的事情?,2 CP,,3 third/NP,2 CP,,3 third/NP,NA,NA,0 declarative,1 polar_question,1 polar_question,1 polar_question,NA,NA,0 no negation,NA,0 no negation
5741,zhidao,/ChangPN/age5/119.cha,investigator,EXP: 你知道牛奶姊姊有一个妹妹啊.,2 CP,,2 second_person,2 CP,,2 second_person,NA,NA,0 declarative,0 declarative,0 declarative,0 declarative,NA,NA,0 no negation,NA,0 no negation
5742,zhidao,/ChangPN/age5/121.cha,investigator,EXP: 你知道吗?,0 No,0 No,2 second_person,0 No,,2 second_person,NA,NA,1 polar_question,,1 polar_question,,NA,NA,0 no negation,NA,0 no negation
5743,zhidao,/ChangPN/age5/121.cha,investigator,"EXP: ,嗯(.)姊姊想要知道你记不记得有一次你去看医生的时候发生什么事情?",2 CP,,3 third/NP,2 CP,,3 third/NP,NA,NA,0 declarative,1 polar_question,1 polar_question,1 polar_question,NA,NA,0 no negation,NA,0 no negation
5745,zhidao,/ChangPN/age5/121.cha,investigator,EXP: 姊姊想要知道你记不记得有一次你被吓到的时候发生什么事?,2 CP,,3 third/NP,2 CP,,3 third/NP,NA,NA,0 declarative,1 polar_question,1 polar_question,1 polar_question,NA,NA,0 no negation,NA,0 no negation
5746,zhidao,/ChangPN/age5/121.cha,investigator,EXP: <姊姊想要>[<]知道你记不记得你有一次打翻东西的时候发生什么事啊?,2 CP,,3 third/NP,2 CP,,3 third/NP,NA,NA,0 declarative,1 polar_question,1 polar_question,1 polar_question,NA,NA,0 no negation,NA,0 no negation
5747,zhidao,/ChangPN/age5/121.cha,investigator,EXP: 姊姊想要知道你有没有吵过架?,2 CP,,3 third/NP,2 CP,,3 third/NP,NA,NA,0 declarative,1 polar_question,1 polar_question,1 polar_question,NA,NA,0 no negation,NA,0 no negation
5748,zhidao,/ChangPN/age5/122.cha,investigator,EXP: 你知道牛奶姊姊啊.,4 NP,2 NP,2 second_person,0 No,,2 second_person,NA,NA,0 declarative,,0 declarative,,NA,NA,0 no negation,NA,0 no negation
5749,zhidao,/ChangPN/age5/122.cha,investigator,EXP: 你知道啊.,0 No,0 No,2 second_person,0 No,,2 second_person,NA,NA,0 declarative,,0 declarative,,NA,NA,0 no negation,NA,0 no negation
5750,zhidao,/ChangPN/age5/123.cha,investigator,EXP: 那我想要知道你记不记得有一次你去看医生的时候发生了什么事啊.,2 CP,,1 first_person,2 CP,,1 first_person,NA,NA,0 declarative,1 polar_question,0 declarative,1 polar_question,NA,NA,0 no negation,NA,0 no negation
5751,zhidao,/ChangPN/age5/123.cha,investigator,EXP: 那我想要知道你记不记得有一次你和姊姊吵架的时候发生了什么事啊?,2 CP,,1 first_person,2 CP,,1 first_person,NA,NA,0 declarative,1 polar_question,1 polar_question,1 polar_question,NA,NA,0 no negation,NA,0 no negation
5752,zhidao,/ChangPN/age5/124.cha,investigator,EXP: 你知道姊姊啊昨天肚子痛.,2 CP,,2 second_person,2 CP,,2 second_person,NA,NA,0 declarative,0 declarative,0 declarative,0 declarative,NA,NA,0 no negation,NA,0 no negation
5753,zhidao,/ChangPN/age5/124.cha,investigator,EXP: 嗯(.)你知道这什么东西吗?,2 CP,,2 second_person,2 CP,,2 second_person,NA,NA,1 polar_question,2 wh_question,1 polar_question,2 wh_question,NA,NA,0 no negation,NA,0 no negation
5754,zhidao,/ChangPN/age5/124.cha,investigator,EXP: <我>[//]<姊姊想要知不知道>[//]<不想要>[//]姊姊想要知道啊你记不记得有一次你去看医生的时候发生什么事情?,0 No,0 No,3 third/NP,0 No,,3 third/NP,NA,NA,,,,,NA,NA,0 no negation,NA,0 no negation
5754_b,zhidao,/ChangPN/age5/124.cha,investigator,EXP: <我>[//]<姊姊想要知不知道>[//]<不想要>[//]姊姊想要知道啊你记不记得有一次你去看医生的时候发生什么事情?,2 CP,,3 third/NP,2 CP,,3 third/NP,NA,NA,0 declarative,1 polar_question,1 polar_question,1 polar_question,NA,NA,0 no negation,NA,0 no negation
5755,zhidao,/ChangPN/age5/124.cha,investigator,EXP: 不知道喔?,0 No,0 No,0 dropped,0 No,,0 dropped,NA,NA,1 polar_question,,1 polar_question,,NA,NA,2 不,NA,2 不
5756,zhidao,/ChangPN/age5/124.cha,investigator,EXP: 你知道吗?,0 No,0 No,2 second_person,0 No,,2 second_person,NA,NA,1 polar_question,,1 polar_question,,NA,NA,0 no negation,NA,0 no negation
5757,zhidao,/ChangPN/age5/124.cha,investigator,EXP: 那姊姊想要知道啊.,0 No,0 No,3 third/NP,0 No,,3 third/NP,NA,NA,0 declarative,,0 declarative,,NA,NA,0 no negation,NA,0 no negation
5758,zhidao,/ChangPN/age5/124.cha,investigator,EXP: 那姊姊也想知道啊.,0 No,0 No,3 third/NP,0 No,,3 third/NP,NA,NA,0 declarative,,0 declarative,,NA,NA,0 no negation,NA,0 no negation
5759,zhidao,/ChangPN/age5/124.cha,investigator,EXP: 啊姊姊小时候<你知道吗>[//]姊姊很喜欢看书啊.,0 No,0 No,2 second_person,0 No,,2 second_person,NA,NA,1 polar_question,,1 polar_question,,NA,NA,0 no negation,NA,0 no negation
5760,zhidao,/ChangPN/age5/124.cha,investigator,EXP: 那姊姊想要知道啊.,0 No,0 No,3 third/NP,0 No,,3 third/NP,NA,NA,0 declarative,,0 declarative,,NA,NA,0 no negation,NA,0 no negation
5761,zhidao,/ChangPN/age5/132.cha,investigator,EXP: 所以呢姐姐想要知道你有没有看过医生?,2 CP,,3 third/NP,2 CP,,3 third/NP,NA,NA,0 declarative,1 polar_question,1 polar_question,1 polar_question,NA,NA,0 no negation,NA,0 no negation
5762,zhidao,/ChangPN/age5/132.cha,investigator,EXP: 那我想要知道你记不记得你被吓到的事情?,2 CP,,1 first_person,2 CP,,1 first_person,NA,NA,0 declarative,1 polar_question,1 polar_question,1 polar_question,NA,NA,0 no negation,NA,0 no negation
5774,zhidao,/ChangPN/age5/132.cha,investigator,EXP: 那<你可不可以>[//]<你记>[//]我想知道你记不记得你打翻东西的事情?,2 CP,,1 first_person,2 CP,,1 first_person,NA,NA,0 declarative,1 polar_question,1 polar_question,1 polar_question,NA,NA,0 no negation,NA,0 no negation
5780,zhidao,/ChangPN/age5/132.cha,investigator,EXP: 我不知道耶.,0 No,0 No,1 first_person,0 No,,1 first_person,NA,NA,0 declarative,,0 declarative,,NA,NA,2 不,NA,2 不
5792,zhidao,/ChangPN/age5/132.cha,investigator,EXP: <你>[//]我想知道你记不记得你跟哥哥吵架的情形.,2 CP,,1 first_person,2 CP,,1 first_person,NA,NA,0 declarative,1 polar_question,0 declarative,1 polar_question,NA,NA,0 no negation,NA,0 no negation
5801,zhidao,/ChangPN/age5/133.cha,investigator,EXP: 等一下你就知道啦嚯!,0 No,0 No,2 second_person,0 No,,2 second_person,NA,NA,0 declarative,,0 declarative,,NA,NA,0 no negation,NA,0 no negation
5802,zhidao,/ChangPN/age5/133.cha,investigator,EXP: 那我想要知道你记不记得你去看医生的时候发生的事情?,2 CP,,1 first_person,2 CP,,1 first_person,NA,NA,0 declarative,1 polar_question,1 polar_question,1 polar_question,NA,NA,0 no negation,NA,0 no negation
5803,zhidao,/ChangPN/age5/133.cha,investigator,EXP: 喔那我想要知道有一次你被老鼠吓到的时候发生了什么事?,2 CP,,1 first_person,2 CP,,1 first_person,NA,NA,0 declarative,2 wh_question,2 wh_question,2 wh_question,NA,NA,0 no negation,NA,0 no negation
5804,zhidao,/ChangPN/age5/133.cha,investigator,EXP: 那我想要知道你记不记得你和姊姊吵架的时候发生了什么事情?,2 CP,,1 first_person,2 CP,,1 first_person,NA,NA,0 declarative,1 polar_question,1 polar_question,1 polar_question,NA,NA,0 no negation,NA,0 no negation
5806,zhidao,/ChangPN/age5/134.cha,investigator,EXP: 就不知道.,0 No,0 No,0 dropped,0 No,,0 dropped,NA,NA,0 declarative,,0 declarative,,NA,NA,2 不,NA,2 不
5807,zhidao,/ChangPN/grade1/136.cha,investigator,EXP: 你知道吗?,0 No,0 No,2 second_person,0 No,,2 second_person,NA,NA,1 polar_question,,1 polar_question,,NA,NA,0 no negation,NA,0 no negation
5808,zhidao,/ChangPN/grade1/136.cha,investigator,"EXP: 好啊,那我想要知道你记不记得你去看医生的事情?",2 CP,,1 first_person,2 CP,,1 first_person,NA,NA,0 declarative,1 polar_question,1 polar_question,1 polar_question,NA,NA,0 no negation,NA,0 no negation
5809,zhidao,/ChangPN/grade1/136.cha,investigator,EXP: 那我想要知道啊.,0 No,0 No,1 first_person,0 No,,1 first_person,NA,NA,0 declarative,,0 declarative,,NA,NA,0 no negation,NA,0 no negation
5810,zhidao,/ChangPN/grade1/136.cha,investigator,EXP: 那我想要知道啊你记不记得有一次你和弟弟吵架的时候发生了什么事?,2 CP,,1 first_person,2 CP,,1 first_person,NA,NA,0 declarative,1 polar_question,2 wh_question,1 polar_question,NA,NA,0 no negation,NA,0 no negation
5811,zhidao,/ChangPN/grade1/137.cha,investigator,EXP: 你知道是什么吗?,2 CP,,2 second_person,2 CP,,2 second_person,NA,NA,1 polar_question,2 wh_question,1 polar_question,2 wh_question,NA,NA,0 no negation,NA,0 no negation
5813,zhidao,/ChangPN/grade1/138.cha,investigator,EXP: 不知道喔.,0 No,0 No,0 dropped,0 No,,0 dropped,NA,NA,0 declarative,,0 declarative,,NA,NA,2 不,NA,2 不
5814,zhidao,/ChangPN/grade1/139.cha,investigator,EXP: 我想知道啊你记不记得你去看医生的事情?,2 CP,,1 first_person,2 CP,,1 first_person,NA,NA,0 declarative,1 polar_question,1 polar_question,1 polar_question,NA,NA,0 no negation,NA,0 no negation
5815,zhidao,/ChangPN/grade1/139.cha,investigator,EXP: 那我想知道你记不记得你被吓到的事情.,2 CP,,1 first_person,2 CP,,1 first_person,NA,NA,0 declarative,1 polar_question,0 declarative,1 polar_question,NA,NA,0 no negation,NA,0 no negation
5817,zhidao,/ChangPN/grade1/139.cha,investigator,EXP: 那我想知道啊你记不记得你打翻过东西的事情?,2 CP,,1 first_person,2 CP,,1 first_person,NA,NA,0 declarative,1 polar_question,1 polar_question,1 polar_question,NA,NA,0 no negation,NA,0 no negation
5818,zhidao,/ChangPN/grade1/142.cha,investigator,EXP: 你知道昨天啊我在打扫房间啊.,2 CP,,2 second_person,2 CP,,1 first_person,NA,NA,0 declarative,0 declarative,0 declarative,0 declarative,NA,NA,0 no negation,NA,0 no negation
5819,zhidao,/ChangPN/grade1/145.cha,investigator,EXP: 那我想要知道你记不记得你出去玩的事情?,2 CP,,1 first_person,2 CP,,1 first_person,NA,NA,0 declarative,1 polar_question,1 polar_question,1 polar_question,NA,NA,0 no negation,NA,0 no negation
5821,zhidao,/ChangPN/grade1/145.cha,investigator,EXP: 不知道喔?,0 No,0 No,0 dropped,0 No,,0 dropped,NA,NA,1 polar_question,,1 polar_question,,NA,NA,2 不,NA,2 不
5822,zhidao,/ChangPN/grade1/145.cha,investigator,EXP: 你知道为什么会痛痛的吗?,2 CP,,2 second_person,2 CP,,2 second_person,NA,NA,1 polar_question,2 wh_question,1 polar_question,2 wh_question,NA,NA,0 no negation,NA,0 no negation
5825,zhidao,/ChangPN/grade1/145.cha,investigator,EXP: 你也不知道喔?,0 No,0 No,2 second_person,0 No,,2 second_person,NA,NA,1 polar_question,,1 polar_question,,NA,NA,2 不,NA,2 不
5826,zhidao,/ChangPN/grade1/146.cha,investigator,EXP: 那你知道吗?,0 No,0 No,2 second_person,0 No,,2 second_person,NA,NA,1 polar_question,,1 polar_question,,NA,NA,0 no negation,NA,0 no negation
5827,zhidao,/ChangPN/grade1/146.cha,investigator,"EXP: 孩名,你知道吗?",0 No,0 No,2 second_person,0 No,,2 second_person,NA,NA,1 polar_question,,1 polar_question,,NA,NA,0 no negation,NA,0 no negation
5828,zhidao,/ChangPN/grade1/147.cha,investigator,EXP: 你知道啊昨天啊姊姊肚子痛啊.,2 CP,,2 second_person,2 CP,,2 second_person,NA,NA,0 declarative,0 declarative,0 declarative,0 declarative,NA,NA,0 no negation,NA,0 no negation
5829,zhidao,/ChangPN/grade1/147.cha,investigator,EXP: 你知道昨天啊姊姊在打扫房间的时候扫一扫[/]扫一扫.,2 CP,,2 second_person,2 CP,,2 second_person,NA,NA,0 declarative,0 declarative,0 declarative,0 declarative,NA,NA,0 no negation,NA,0 no negation
5831,zhidao,/ChangPN/grade1/151.cha,investigator,"EXP: 有喔,那我想要知道你记不记得你去看医生的事情.",2 CP,,1 first_person,2 CP,,1 first_person,NA,NA,0 declarative,1 polar_question,0 declarative,1 polar_question,NA,NA,0 no negation,NA,0 no negation
5832,zhidao,/ChangPN/grade1/153.cha,investigator,EXP: 那姊姊想知道啊.,2 CP,,3 third/NP,0 No,,3 third/NP,NA,NA,0 declarative,,0 declarative,,NA,NA,0 no negation,NA,0 no negation
5833,zhidao,/ChangPN/grade1/154.cha,investigator,EXP: 那<你>[//]姊姊想知道啊你记不记得你去看医生的事情?,2 CP,,3 third/NP,2 CP,,3 third/NP,NA,NA,0 declarative,1 polar_question,1 polar_question,1 polar_question,NA,NA,0 no negation,NA,0 no negation
5834,zhidao,/ChangPN/grade1/155.cha,investigator,EXP: 你知道吗?,0 No,0 No,2 second_person,0 No,,2 second_person,NA,NA,1 polar_question,,1 polar_question,,NA,NA,0 no negation,NA,0 no negation
5835,zhidao,/ChangPN/grade1/155.cha,investigator,EXP: 姊姊想要知道你记不记得有一次你去看医生的时候你有没有去看过医生?,2 CP,,3 third/NP,2 CP,,3 third/NP,NA,NA,0 declarative,1 polar_question,1 polar_question,1 polar_question,NA,NA,0 no negation,NA,0 no negation
5836,zhidao,/ChangPN/grade1/155.cha,investigator,EXP: 啊姊姊想要知道<你有一次>[//]你记不记得你去看医生的时候发生什么事情?,2 CP,,3 third/NP,2 CP,,3 third/NP,NA,NA,0 declarative,1 polar_question,1 polar_question,1 polar_question,NA,NA,0 no negation,NA,0 no negation
5837,zhidao,/ChangPN/grade1/155.cha,investigator,EXP: 哦你知道吗?,0 No,0 No,2 second_person,0 No,,2 second_person,NA,NA,1 polar_question,,1 polar_question,,NA,NA,0 no negation,NA,0 no negation
5838,zhidao,/ChangPN/grade1/155.cha,investigator,EXP: 还有啊你知道吗?,0 No,0 No,2 second_person,0 No,,2 second_person,NA,NA,1 polar_question,,1 polar_question,,NA,NA,0 no negation,NA,0 no negation
5839,zhidao,/ChangPN/grade1/160.cha,investigator,"EXP: 有喔,那我想要知道你记不记得你去看医生的事情.",2 CP,,1 first_person,2 CP,,1 first_person,NA,NA,0 declarative,1 polar_question,0 declarative,1 polar_question,NA,NA,0 no negation,NA,0 no negation
5841,zhidao,/ChangPN/grade1/160.cha,investigator,EXP: 我想要知道你记不记得你打翻东西的事情.,2 CP,,1 first_person,2 CP,,1 first_person,NA,NA,0 declarative,1 polar_question,0 declarative,1 polar_question,NA,NA,0 no negation,NA,0 no negation
5843,zhidao,/ChangPN/grade1/160.cha,investigator,EXP: 不知道.,0 No,0 No,0 dropped,0 No,,0 dropped,NA,NA,0 declarative,,0 declarative,,NA,NA,2 不,NA,2 不
5844,zhidao,/ChangPN/grade1/160.cha,investigator,"EXP: 有喔,那我想要知道你记不记得你跟班上小朋友吵架的事情?",2 CP,,1 first_person,2 CP,,1 first_person,NA,NA,0 declarative,1 polar_question,1 polar_question,1 polar_question,NA,NA,0 no negation,NA,0 no negation
5845,zhidao,/ChangPN/grade1/160.cha,investigator,EXP: 喔那我想知道你记不记得你去阳明山的事情.,2 CP,,1 first_person,2 CP,,1 first_person,NA,NA,0 declarative,1 polar_question,0 declarative,1 polar_question,NA,NA,0 no negation,NA,0 no negation
5849,zhidao,/ChangPN/grade1/162.cha,investigator,EXP: 那我想要知道你记不记得你看医生的事情?,2 CP,,1 first_person,2 CP,,1 first_person,NA,NA,0 declarative,1 polar_question,1 polar_question,1 polar_question,NA,NA,0 no negation,NA,0 no negation
5851,zhidao,/ChangPN/grade1/163.cha,investigator,EXP: 姊姊想知道啊.,0 No,0 No,3 third/NP,0 No,,3 third/NP,NA,NA,0 declarative,,0 declarative,,NA,NA,0 no negation,NA,0 no negation
5852,zhidao,/ChangPN/grade1/163.cha,investigator,EXP: 那姊姊想知道啊.,0 No,0 No,3 third/NP,0 No,,3 third/NP,NA,NA,0 declarative,,0 declarative,,NA,NA,0 no negation,NA,0 no negation
5853,zhidao,/ChangPN/grade1/164.cha,investigator,EXP: 那我想要知道你记不记得有一次你被蜘蛛吓到的事情?,2 CP,,1 first_person,2 CP,,1 first_person,NA,NA,0 declarative,1 polar_question,1 polar_question,1 polar_question,NA,NA,0 no negation,NA,0 no negation
5854,zhidao,/ChangPN/grade1/164.cha,investigator,EXP: 那我想要知道你记不记得你打翻东西的事情?,2 CP,,1 first_person,2 CP,,1 first_person,NA,NA,0 declarative,1 polar_question,1 polar_question,1 polar_question,NA,NA,0 no negation,NA,0 no negation
5855,zhidao,/ChangPN/grade2/166.cha,investigator,EXP: 你知道吗.,0 No,0 No,2 second_person,0 No,,2 second_person,NA,NA,1 polar_question,,1 polar_question,,NA,NA,0 no negation,NA,0 no negation
5856,zhidao,/ChangPN/grade2/167.cha,investigator,EXP: 你知道吗?,0 No,0 No,2 second_person,0 No,,2 second_person,NA,NA,1 polar_question,,1 polar_question,,NA,NA,0 no negation,NA,0 no negation
5857,zhidao,/ChangPN/grade2/168.cha,investigator,EXP: 你知道吗?,0 No,0 No,2 second_person,0 No,,2 second_person,NA,NA,1 polar_question,,1 polar_question,,NA,NA,0 no negation,NA,0 no negation
5858,zhidao,/ChangPN/grade2/168.cha,investigator,"EXP: 好,然后啊你知道吗?",0 No,0 No,2 second_person,0 No,,2 second_person,NA,NA,1 polar_question,,1 polar_question,,NA,NA,0 no negation,NA,0 no negation
5859,zhidao,/ChangPN/grade2/169.cha,investigator,EXP: 你知道这是什么吗?,2 CP,,2 second_person,2 CP,,2 second_person,NA,NA,1 polar_question,2 wh_question,1 polar_question,2 wh_question,NA,NA,0 no negation,NA,0 no negation
5861,zhidao,/ChangPN/grade2/169.cha,investigator,EXP: 你知道吗.,0 No,0 No,2 second_person,0 No,,2 second_person,NA,NA,1 polar_question,,1 polar_question,,NA,NA,0 no negation,NA,0 no negation
5864,zhidao,/ChangPN/grade2/169.cha,investigator,EXP: 你不知道那是什么病啊?,2 CP,,2 second_person,2 CP,,2 second_person,NA,NA,1 polar_question,2 wh_question,1 polar_question,2 wh_question,NA,NA,2 不,NA,2 不
5866,zhidao,/ChangPN/grade2/169.cha,investigator,EXP: 不知道喔.,0 No,0 No,0 dropped,0 No,,0 dropped,NA,NA,0 declarative,,0 declarative,,NA,NA,2 不,NA,2 不
5868,zhidao,/ChangPN/grade2/169.cha,investigator,EXP: 医生说你那个病不知道什么病.,2 CP,,0 dropped,2 CP,,0 dropped,NA,NA,0 declarative,2 wh_question,0 declarative,2 wh_question,NA,NA,2 不,NA,2 不
5870,zhidao,/ChangPN/grade2/169.cha,investigator,EXP: 哦他知道.,0 No,0 No,3 third/NP,0 No,,3 third/NP,NA,NA,0 declarative,,0 declarative,,NA,NA,0 no negation,NA,0 no negation
5872,zhidao,/ChangPN/grade2/169.cha,investigator,EXP: 欸那你知道吗.,0 No,0 No,2 second_person,0 No,,2 second_person,NA,NA,1 polar_question,,1 polar_question,,NA,NA,0 no negation,NA,0 no negation
5873,zhidao,/ChangPN/grade2/170.cha,investigator,EXP: 那我想要知道.,0 No,0 No,1 first_person,0 No,,1 first_person,NA,NA,0 declarative,,0 declarative,,NA,NA,0 no negation,NA,0 no negation
5874,zhidao,/ChangPN/grade2/170.cha,investigator,EXP: 我现在想要知道啊.,0 No,0 No,1 first_person,0 No,,1 first_person,NA,NA,0 declarative,,0 declarative,,NA,NA,0 no negation,NA,0 no negation
5875,zhidao,/ChangPN/grade2/170.cha,investigator,EXP: 那我想要知道.,0 No,0 No,1 first_person,0 No,,1 first_person,NA,NA,0 declarative,,0 declarative,,NA,NA,0 no negation,NA,0 no negation
5876,zhidao,/ChangPN/grade2/171.cha,investigator,EXP: 那我想要知道.,0 No,0 No,1 first_person,0 No,,1 first_person,NA,NA,0 declarative,,0 declarative,,NA,NA,0 no negation,NA,0 no negation
5877,zhidao,/ChangPN/grade2/171.cha,investigator,EXP: 那我想要知道.,0 No,0 No,1 first_person,0 No,,1 first_person,NA,NA,0 declarative,,0 declarative,,NA,NA,0 no negation,NA,0 no negation
5878,zhidao,/ChangPN/grade2/171.cha,investigator,EXP: 那我想要知道.,0 No,0 No,1 first_person,0 No,,1 first_person,NA,NA,0 declarative,,0 declarative,,NA,NA,0 no negation,NA,0 no negation
5879,zhidao,/ChangPN/grade2/171.cha,investigator,EXP: <那你记>[//]那我想要知道.,0 No,0 No,1 first_person,0 No,,1 first_person,NA,NA,0 declarative,,0 declarative,,NA,NA,0 no negation,NA,0 no negation
5880,zhidao,/ChangPN/grade2/172.cha,investigator,"EXP: 来,<你知道吗>[//]你知道这是什么?",0 No,0 No,2 second_person,0 No,,2 second_person,NA,NA,,,1 polar_question,2 wh_question,NA,NA,0 no negation,NA,0 no negation
5880_b,zhidao,/ChangPN/grade2/172.cha,investigator,"EXP: 来,<你知道吗>[//]你知道这是什么?",2 CP,,2 second_person,2 CP,,2 second_person,NA,NA,1 polar_question,2 wh_question,,,NA,NA,0 no negation,NA,0 no negation
5881,zhidao,/ChangPN/grade2/172.cha,investigator,EXP: 你知道吗.,0 No,0 No,2 second_person,0 No,,2 second_person,NA,NA,1 polar_question,,1 polar_question,,NA,NA,0 no negation,NA,0 no negation
5882,zhidao,/ChangPN/grade2/172.cha,investigator,EXP: 那你知道吗.,0 No,0 No,2 second_person,0 No,,2 second_person,NA,NA,1 polar_question,,1 polar_question,,NA,NA,0 no negation,NA,0 no negation
5883,zhidao,/ChangPN/grade2/173.cha,investigator,EXP: 你知道吗?,0 No,0 No,2 second_person,0 No,,2 second_person,NA,NA,1 polar_question,,1 polar_question,,NA,NA,0 no negation,NA,0 no negation
5885,zhidao,/ChangPN/grade2/173.cha,investigator,EXP: 你知道吗.,0 No,0 No,2 second_person,0 No,,2 second_person,NA,NA,1 polar_question,,1 polar_question,,NA,NA,0 no negation,NA,0 no negation
5887,zhidao,/ChangPN/grade2/173.cha,investigator,EXP: 接着你就不知道了喔?,0 No,0 No,2 second_person,0 No,,2 second_person,NA,NA,1 polar_question,,1 polar_question,,NA,NA,2 不,NA,2 不
5888,zhidao,/ChangPN/grade2/173.cha,investigator,EXP: 把你知道的讲出来就好.,0 No,4 RC的,2 second_person,0 No,,2 second_person,NA,NA,0 declarative,,0 declarative,,NA,NA,0 no negation,NA,0 no negation
5889,zhidao,/ChangPN/grade2/173.cha,investigator,EXP: 我好想知道喔.,0 No,0 No,1 first_person,0 No,,1 first_person,NA,NA,0 declarative,,0 declarative,,NA,NA,0 no negation,NA,0 no negation
5890,zhidao,/ChangPN/grade2/174.cha,investigator,EXP: 那我想要知道你记不记得你去看医生的时候.,2 CP,,1 first_person,2 CP,,1 first_person,NA,NA,0 declarative,1 polar_question,0 declarative,1 polar_question,NA,NA,0 no negation,NA,0 no negation
5891,zhidao,/ChangPN/grade2/174.cha,investigator,EXP: 那我想要知道.,0 No,0 No,1 first_person,0 No,,1 first_person,NA,NA,0 declarative,,0 declarative,,NA,NA,0 no negation,NA,0 no negation
5893,zhidao,/ChangPN/grade2/174.cha,investigator,EXP: 那我想要知道.,0 No,0 No,1 first_person,0 No,,1 first_person,NA,NA,0 declarative,,0 declarative,,NA,NA,0 no negation,NA,0 no negation
5895,zhidao,/ChangPN/grade2/174.cha,investigator,EXP: 你也不知道喔.,0 No,0 No,2 second_person,0 No,,2 second_person,NA,NA,0 declarative,,0 declarative,,NA,NA,2 不,NA,2 不
5896,zhidao,/ChangPN/grade2/175.cha,investigator,EXP: 你知道吗.,0 No,0 No,2 second_person,0 No,,2 second_person,NA,NA,1 polar_question,,1 polar_question,,NA,NA,0 no negation,NA,0 no negation
5898,zhidao,/ChangPN/grade2/176.cha,investigator,"EXP: 来,嗯你知道吗.",0 No,0 No,2 second_person,0 No,,2 second_person,NA,NA,1 polar_question,,1 polar_question,,NA,NA,0 no negation,NA,0 no negation
5899,zhidao,/ChangPN/grade2/176.cha,investigator,EXP: 那我想要知道你记不记得你去看医生的事情?,2 CP,,1 first_person,2 CP,,1 first_person,NA,NA,0 declarative,1 polar_question,1 polar_question,1 polar_question,NA,NA,0 no negation,NA,0 no negation
5900,zhidao,/ChangPN/grade2/176.cha,investigator,EXP: 那我想要知道啊你记不记得你被吓到的时候发生的事情.,2 CP,,1 first_person,2 CP,,1 first_person,NA,NA,0 declarative,1 polar_question,0 declarative,1 polar_question,NA,NA,0 no negation,NA,0 no negation
5901,zhidao,/ChangPN/grade2/176.cha,investigator,EXP: 那我想要知道孩名<你有没有被什么就是>[//]你有没有把东西打翻过?,2 CP,,1 first_person,2 CP,,1 first_person,NA,NA,0 declarative,1 polar_question,1 polar_question,1 polar_question,NA,NA,0 no negation,NA,0 no negation
5902,zhidao,/ChangPN/grade2/176.cha,investigator,EXP: 那我想要知道你记不记得你打翻东西的事情.,2 CP,,1 first_person,2 CP,,1 first_person,NA,NA,0 declarative,1 polar_question,0 declarative,1 polar_question,NA,NA,0 no negation,NA,0 no negation
5903,zhidao,/ChangPN/grade2/177.cha,investigator,"EXP: 好,那我想要知道你记不记得啊你去看医生的事情.",2 CP,,1 first_person,2 CP,,1 first_person,NA,NA,0 declarative,1 polar_question,0 declarative,1 polar_question,NA,NA,0 no negation,NA,0 no negation
5904,zhidao,/ChangPN/grade2/177.cha,investigator,EXP: 我想要知道你记不记得你被吓到的事情啊.,2 CP,,1 first_person,2 CP,,1 first_person,NA,NA,0 declarative,1 polar_question,0 declarative,1 polar_question,NA,NA,0 no negation,NA,0 no negation
5905,zhidao,/ChangPN/grade2/177.cha,investigator,EXP: 我想要知道你记不记得你打翻东西的事情啊?,2 CP,,1 first_person,2 CP,,1 first_person,NA,NA,0 declarative,1 polar_question,1 polar_question,1 polar_question,NA,NA,0 no negation,NA,0 no negation
5907,zhidao,/ChangPN/grade2/178.cha,investigator,EXP: 你知道吗?,0 No,0 No,2 second_person,0 No,,2 second_person,NA,NA,1 polar_question,,1 polar_question,,NA,NA,0 no negation,NA,0 no negation
5909,zhidao,/ChangPN/grade2/178.cha,investigator,EXP: 你知道吗.,0 No,0 No,2 second_person,0 No,,2 second_person,NA,NA,1 polar_question,,1 polar_question,,NA,NA,0 no negation,NA,0 no negation
5910,zhidao,/ChangPN/grade2/179.cha,investigator,EXP: 嗯你知道吗.,0 No,0 No,2 second_person,0 No,,2 second_person,NA,NA,1 polar_question,,1 polar_question,,NA,NA,0 no negation,NA,0 no negation
5911,zhidao,/ChangPN/grade2/179.cha,investigator,EXP: 那我想要知道啊.,0 No,0 No,1 first_person,0 No,,1 first_person,NA,NA,0 declarative,,0 declarative,,NA,NA,0 no negation,NA,0 no negation
5912,zhidao,/ChangPN/grade2/179.cha,investigator,EXP: 你就把你知道的说出来就好了.,0 No,4 RC的,2 second_person,0 No,,2 second_person,NA,NA,0 declarative,,0 declarative,,NA,NA,0 no negation,NA,0 no negation
5913,zhidao,/ChangPN/grade2/179.cha,investigator,EXP: 那我想要知道嗯孩名你有没有被什么东西吓到过?,2 CP,,1 first_person,2 CP,,1 first_person,NA,NA,0 declarative,1 polar_question,1 polar_question,1 polar_question,NA,NA,0 no negation,NA,0 no negation
5914,zhidao,/ChangPN/grade2/179.cha,investigator,EXP: 你有没有知道谁被吓到过?,2 CP,,2 second_person,2 CP,,2 second_person,NA,NA,0 declarative,1 polar_question,1 polar_question,2 wh_question,NA,NA,0 no negation,NA,0 no negation
5915,zhidao,/ChangPN/grade2/179.cha,investigator,EXP: 那<你可以告诉>[//]我想要知道.,0 No,0 No,1 first_person,0 No,,1 first_person,NA,NA,0 declarative,,0 declarative,,NA,NA,0 no negation,NA,0 no negation
5916,zhidao,/ChangPN/grade2/179.cha,investigator,EXP: 我很想要知道耶.,0 No,0 No,1 first_person,0 No,,1 first_person,NA,NA,0 declarative,,0 declarative,,NA,NA,0 no negation,NA,0 no negation
5917,zhidao,/ChangPN/grade2/179.cha,investigator,EXP: 那我想要知道孩名有没有打翻过什么?,2 CP,,1 first_person,2 CP,,1 first_person,NA,NA,0 declarative,1 polar_question,1 polar_question,1 polar_question,NA,NA,0 no negation,NA,0 no negation
5918,zhidao,/ChangPN/grade2/179.cha,investigator,"EXP: ,那我想要知道你记不记得你打翻那个水的事情?",2 CP,,1 first_person,2 CP,,1 first_person,NA,NA,0 declarative,1 polar_question,1 polar_question,1 polar_question,NA,NA,0 no negation,NA,0 no negation
5919,zhidao,/ChangPN/grade2/179.cha,investigator,EXP: 那我想要知道.,0 No,0 No,1 first_person,0 No,,1 first_person,NA,NA,0 declarative,,0 declarative,,NA,NA,0 no negation,NA,0 no negation
5920,zhidao,/ChangPN/grade2/179.cha,investigator,EXP: 我好想要知道耶.,0 No,0 No,1 first_person,0 No,,1 first_person,NA,NA,0 declarative,,0 declarative,,NA,NA,0 no negation,NA,0 no negation
5921,zhidao,/ChangPN/grade2/180.cha,investigator,EXP: 你知道吗.,0 No,0 No,2 second_person,0 No,,2 second_person,NA,NA,0 declarative,,0 declarative,,NA,NA,0 no negation,NA,0 no negation
5922,zhidao,/ChangPN/grade2/181.cha,investigator,EXP: 好嗯(.)我想知道啊.,0 No,0 No,1 first_person,0 No,,1 first_person,NA,NA,0 declarative,,0 declarative,,NA,NA,0 no negation,NA,0 no negation
5923,zhidao,/ChangPN/grade2/181.cha,investigator,EXP: 好那我想要知道啊.,0 No,0 No,1 first_person,0 No,,1 first_person,NA,NA,0 declarative,,0 declarative,,NA,NA,0 no negation,NA,0 no negation
5924,zhidao,/ChangPN/grade2/181.cha,investigator,EXP: 那我想要<知>[//]知道.,0 No,0 No,1 first_person,0 No,,1 first_person,NA,NA,0 declarative,,0 declarative,,NA,NA,0 no negation,NA,0 no negation
5925,zhidao,/ChangPN/grade2/181.cha,investigator,EXP: 那我想要知道你有没有把东西打翻过?,2 CP,,1 first_person,2 CP,,1 first_person,NA,NA,0 declarative,1 polar_question,1 polar_question,1 polar_question,NA,NA,0 no negation,NA,0 no negation
5926,zhidao,/ChangPN/grade2/181.cha,investigator,EXP: 那你有没有知道谁(.)爸爸妈妈还是同学啊还有哥哥...,2 CP,,2 second_person,0 No,,2 second_person,,,0 declarative,1 polar_question,1 polar_question,2 wh_question,NA,NA,0 no negation,NA,0 no negation
5927,zhidao,/ChangPN/grade2/181.cha,investigator,EXP: 那我想要知道你记不记得他们打翻东西的事情.,2 CP,,1 first_person,2 CP,,1 first_person,NA,NA,0 declarative,1 polar_question,0 declarative,1 polar_question,NA,NA,0 no negation,NA,0 no negation
5928,zhidao,/ChangPN/grade2/181.cha,investigator,EXP: 那我想要知道.,0 No,0 No,1 first_person,0 No,,1 first_person,NA,NA,0 declarative,,0 declarative,,NA,NA,0 no negation,NA,0 no negation
5929,zhidao,/ChangPN/grade2/182.cha,investigator,EXP: <你>[//]我想知道啊你有没有看过医生?,2 CP,,1 first_person,2 CP,,1 first_person,NA,NA,0 declarative,1 polar_question,1 polar_question,1 polar_question,NA,NA,0 no negation,NA,0 no negation
5930,zhidao,/ChangPN/grade2/182.cha,investigator,EXP: 那我想要知道你记不记得你去看医生的事情?,2 CP,,1 first_person,2 CP,,1 first_person,NA,NA,0 declarative,1 polar_question,1 polar_question,1 polar_question,NA,NA,0 no negation,NA,0 no negation
5931,zhidao,/ChangPN/grade2/182.cha,investigator,EXP: 那我想要知道.,0 No,0 No,1 first_person,0 No,,1 first_person,NA,NA,0 declarative,,0 declarative,,NA,NA,0 no negation,NA,0 no negation
5932,zhidao,/ChangPN/grade2/182.cha,investigator,EXP: 那我想要知道.,0 No,0 No,1 first_person,0 No,,1 first_person,NA,NA,0 declarative,,0 declarative,,NA,NA,0 no negation,NA,0 no negation
5934,zhidao,/ChangPN/grade2/182.cha,investigator,EXP: 喔那我想要知道.,0 No,0 No,1 first_person,0 No,,1 first_person,NA,NA,0 declarative,,0 declarative,,NA,NA,0 no negation,NA,0 no negation
5935,zhidao,/ChangPN/grade2/183.cha,investigator,EXP: 那我想要知道你有没有看过医生?,2 CP,,1 first_person,2 CP,,1 first_person,NA,NA,0 declarative,1 polar_question,1 polar_question,1 polar_question,NA,NA,0 no negation,NA,0 no negation
5936,zhidao,/ChangPN/grade2/183.cha,investigator,EXP: 那我想要知道你记不记得你去看医生的事情.,2 CP,,1 first_person,2 CP,,1 first_person,NA,NA,0 declarative,1 polar_question,0 declarative,1 polar_question,NA,NA,0 no negation,NA,0 no negation
5937,zhidao,/ChangPN/grade2/183.cha,investigator,EXP: 那我想要知道.,0 No,0 No,1 first_person,0 No,,1 first_person,NA,NA,0 declarative,,0 declarative,,NA,NA,0 no negation,NA,0 no negation
5938,zhidao,/ChangPN/grade2/183.cha,investigator,EXP: 那我想要知道.,0 No,0 No,1 first_person,0 No,,1 first_person,NA,NA,0 declarative,,0 declarative,,NA,NA,0 no negation,NA,0 no negation
5939,zhidao,/ChangPN/grade2/183.cha,investigator,EXP: 我想要知道你记不记得这件事情?,2 CP,,1 first_person,2 CP,,1 first_person,NA,NA,0 declarative,1 polar_question,1 polar_question,1 polar_question,NA,NA,0 no negation,NA,0 no negation
5940,zhidao,/ChangPN/grade2/184.cha,investigator,EXP: 你知道这是什么吗?,2 CP,,2 second_person,2 CP,,2 second_person,NA,NA,1 polar_question,2 wh_question,1 polar_question,2 wh_question,NA,NA,0 no negation,NA,0 no negation
5944,zhidao,/ChangPN/grade2/184.cha,investigator,EXP: 你知道吗?,0 No,0 No,2 second_person,0 No,,2 second_person,NA,NA,1 polar_question,,1 polar_question,,NA,NA,0 no negation,NA,0 no negation
5945,zhidao,/ChangPN/grade2/184.cha,investigator,EXP: 你知道吗?,0 No,0 No,2 second_person,0 No,,2 second_person,NA,NA,1 polar_question,,1 polar_question,,NA,NA,0 no negation,NA,0 no negation
5948,zhidao,/ChangPN/grade2/185.cha,investigator,EXP: 那我想要知道.,0 No,0 No,1 first_person,0 No,,1 first_person,NA,NA,0 declarative,,0 declarative,,NA,NA,0 no negation,NA,0 no negation
5950,zhidao,/ChangPN/grade2/185.cha,investigator,EXP: <我不知>[//]然后我不知道妈妈是什么才去的.,2 CP,,1 first_person,2 CP,,1 first_person,NA,NA,0 declarative,2 wh_question,0 declarative,2 wh_question,NA,NA,2 不,NA,2 不
5951,zhidao,/ChangPN/grade2/185.cha,investigator,EXP: 我想要知道的是.,0 No,0 No,1 first_person,0 No,,1 first_person,NA,NA,0 declarative,,,,NA,NA,0 no negation,NA,0 no negation
5953,zhidao,/ChangPN/grade2/185.cha,investigator,EXP: 那我想要知道你记不记得你有一次打翻东西的时候发生了什么事?,2 CP,,1 first_person,2 CP,,1 first_person,NA,NA,0 declarative,1 polar_question,1 polar_question,1 polar_question,NA,NA,0 no negation,NA,0 no negation
5954,zhidao,/ChangPN/grade2/185.cha,investigator,EXP: 我好想知道喔.,0 No,0 No,1 first_person,0 No,,1 first_person,NA,NA,0 declarative,,0 declarative,,NA,NA,0 no negation,NA,0 no negation
5955,zhidao,/ChangPN/grade2/185.cha,investigator,EXP: 我想要知道你有没有跟谁吵架.,2 CP,,1 first_person,2 CP,,1 first_person,NA,NA,0 declarative,1 polar_question,0 declarative,1 polar_question,NA,NA,0 no negation,NA,0 no negation
5956,zhidao,/ChangPN/grade2/185.cha,investigator,EXP: 那我想要知道你记不记得你有一次跟哥哥吵架的时候发生了什么事?,2 CP,,1 first_person,2 CP,,1 first_person,NA,NA,0 declarative,1 polar_question,1 polar_question,1 polar_question,NA,NA,0 no negation,NA,0 no negation
5958,zhidao,/ChangPN/grade2/185.cha,investigator,EXP: 不知道喔.,0 No,0 No,0 dropped,0 No,,0 dropped,NA,NA,0 declarative,,0 declarative,,NA,NA,2 不,NA,2 不
5959,zhidao,/ChangPN/grade2/186.cha,investigator,EXP: 你知道吗?,0 No,0 No,2 second_person,0 No,,2 second_person,NA,NA,1 polar_question,,1 polar_question,,NA,NA,0 no negation,NA,0 no negation
5961,zhidao,/ChangPN/grade2/187.cha,investigator,EXP: 那我想要知道孩名你有没有看过医生?,2 CP,,1 first_person,2 CP,,1 first_person,NA,NA,0 declarative,1 polar_question,1 polar_question,1 polar_question,NA,NA,0 no negation,NA,0 no negation
5962,zhidao,/ChangPN/grade2/187.cha,investigator,EXP: 那我想要知道你记不记得你去看医生的时候发生的事情.,2 CP,,1 first_person,2 CP,,1 first_person,NA,NA,0 declarative,1 polar_question,0 declarative,1 polar_question,NA,NA,0 no negation,NA,0 no negation
5963,zhidao,/ChangPN/grade2/187.cha,investigator,EXP: 那我想要知道.,0 No,0 No,1 first_person,0 No,,1 first_person,NA,NA,0 declarative,,0 declarative,,NA,NA,0 no negation,NA,0 no negation
5964,zhidao,/ChangPN/grade2/187.cha,investigator,EXP: 那我想要知道.,0 No,0 No,1 first_person,0 No,,1 first_person,NA,NA,0 declarative,,0 declarative,,NA,NA,0 no negation,NA,0 no negation
5966,zhidao,/ChangPN/grade2/187.cha,investigator,EXP: 那我想要知道.,0 No,0 No,1 first_person,0 No,,1 first_person,NA,NA,0 declarative,,0 declarative,,NA,NA,0 no negation,NA,0 no negation
5968,zhidao,/ChangPN/grade2/188.cha,investigator,EXP: 喔你知道吗.,0 No,0 No,2 second_person,0 No,,2 second_person,NA,NA,1 polar_question,,1 polar_question,,NA,NA,0 no negation,NA,0 no negation
5969,zhidao,/ChangPN/grade2/188.cha,investigator,EXP: 你知道吗.,0 No,0 No,2 second_person,0 No,,2 second_person,NA,NA,1 polar_question,,1 polar_question,,NA,NA,0 no negation,NA,0 no negation
5970,zhidao,/ChangPN/grade2/188.cha,investigator,EXP: 都让我们知道发生什么事情.,2 CP,,1 first_person,2 CP,,1 first_person,NA,NA,0 declarative,2 wh_question,0 declarative,2 wh_question,NA,NA,0 no negation,NA,0 no negation
5971,zhidao,/ChangPN/grade2/189.cha,investigator,EXP: 你知道吗?,0 No,0 No,2 second_person,0 No,,2 second_person,NA,NA,1 polar_question,,1 polar_question,,NA,NA,0 no negation,NA,0 no negation
5972,zhidao,/ChangPN/grade2/189.cha,investigator,EXP: 你知道吗?,0 No,0 No,2 second_person,0 No,,2 second_person,NA,NA,1 polar_question,,1 polar_question,,NA,NA,0 no negation,NA,0 no negation
5973,zhidao,/ChangPN/grade2/190.cha,investigator,EXP: <你有没有>[//]你知道...,0 No,0 No,2 second_person,0 No,,2 second_person,NA,NA,0 declarative,,,,NA,NA,0 no negation,NA,0 no negation
5974,zhidao,/ChangPN/grade2/190.cha,investigator,EXP: 你知道吗?,0 No,0 No,2 second_person,0 No,,2 second_person,NA,NA,1 polar_question,,1 polar_question,,NA,NA,0 no negation,NA,0 no negation
5976,zhidao,/ChangPN/grade2/190.cha,investigator,EXP: 那你知道吗.,0 No,0 No,2 second_person,0 No,,2 second_person,NA,NA,1 polar_question,,1 polar_question,,NA,NA,0 no negation,NA,0 no negation
5977,zhidao,/ChangPN/grade2/190.cha,investigator,EXP: 你知道吗.,0 No,0 No,2 second_person,0 No,,2 second_person,NA,NA,1 polar_question,,1 polar_question,,NA,NA,0 no negation,NA,0 no negation
5979,zhidao,/ChangPN/grade2/191.cha,investigator,EXP: 喔不知道为什么他那么爱叫.,2 CP,,0 dropped,2 CP,,0 dropped,NA,NA,0 declarative,2 wh_question,0 declarative,2 wh_question,NA,NA,2 不,NA,2 不
5980,zhidao,/ChangPN/grade2/192.cha,investigator,EXP: 你知道吗?,0 No,0 No,2 second_person,0 No,,2 second_person,NA,NA,1 polar_question,,1 polar_question,,NA,NA,0 no negation,NA,0 no negation
5982,zhidao,/ChangPN/grade2/193.cha,investigator,EXP: 那我想知道你有没有看过医生?,2 CP,,1 first_person,2 CP,,1 first_person,NA,NA,0 declarative,1 polar_question,1 polar_question,1 polar_question,NA,NA,0 no negation,NA,0 no negation
5983,zhidao,/ChangPN/grade2/193.cha,investigator,EXP: 那我想要知道你记不记得你去看医生的事情?,2 CP,,1 first_person,2 CP,,1 first_person,NA,NA,0 declarative,1 polar_question,1 polar_question,1 polar_question,NA,NA,0 no negation,NA,0 no negation
5984,zhidao,/ChangPN/grade2/193.cha,investigator,"EXP: ^好,把你知道的都跟我说.",0 No,4 RC的,2 second_person,0 No,,2 second_person,NA,NA,0 declarative,,0 declarative,,NA,NA,0 no negation,NA,0 no negation
5985,zhidao,/ChangPN/grade2/193.cha,investigator,EXP: 那你有没有知道谁去看医生的时候发生了什么事啊?,2 CP,,2 second_person,2 CP,,2 second_person,NA,NA,1 polar_question,2 wh_question,1 polar_question,2 wh_question,NA,NA,0 no negation,NA,0 no negation
5986,zhidao,/ChangPN/grade2/193.cha,investigator,EXP: 我好想知道喔.,0 No,0 No,1 first_person,0 No,,1 first_person,NA,NA,0 declarative,,0 declarative,,NA,NA,0 no negation,NA,0 no negation
5987,zhidao,/ChangPN/grade2/193.cha,investigator,EXP: 那我想知道孩名你呃(.)有没有被什么东西吓到过?,2 CP,,1 first_person,2 CP,,1 first_person,NA,NA,0 declarative,1 polar_question,1 polar_question,1 polar_question,NA,NA,0 no negation,NA,0 no negation
5988,zhidao,/ChangPN/grade2/193.cha,investigator,EXP: 那我想要知道你记不记得你被吓到的事情?,2 CP,,1 first_person,2 CP,,1 first_person,NA,NA,0 declarative,1 polar_question,1 polar_question,1 polar_question,NA,NA,0 no negation,NA,0 no negation
5989,zhidao,/ChangPN/grade2/193.cha,investigator,EXP: 那我想要知道你记不记得啊你跟堂弟吵架的时候啊发生了什么事?,2 CP,,1 first_person,2 CP,,1 first_person,NA,NA,0 declarative,1 polar_question,1 polar_question,1 polar_question,NA,NA,0 no negation,NA,0 no negation
5990,zhidao,/ChangPN/grade2/193.cha,investigator,EXP: 那我知道你记不记得你阿公带你出去玩的时候.,2 CP,,1 first_person,2 CP,,1 first_person,NA,NA,0 declarative,1 polar_question,0 declarative,1 polar_question,NA,NA,0 no negation,NA,0 no negation
5991,zhidao,/ChangPN/grade2/193.cha,investigator,EXP: 那我想要知道你那一次受伤的时候发生了什么事?,2 CP,,1 first_person,2 CP,,1 first_person,NA,NA,0 declarative,2 wh_question,1 polar_question,2 wh_question,NA,NA,0 no negation,NA,0 no negation
5992,zhidao,/ChangPN/grade2/193.cha,investigator,EXP: 蛤喔我想要知道更多一点.,1 Adj,1 Adj,1 first_person,0 No,,1 first_person,NA,NA,0 declarative,0 declarative,0 declarative,0 declarative,NA,NA,0 no negation,NA,0 no negation
5993,zhidao,/ChangPN/grade2/194.cha,investigator,EXP: 你知道吗.,0 No,0 No,2 second_person,0 No,,2 second_person,NA,NA,1 polar_question,,1 polar_question,,NA,NA,0 no negation,NA,0 no negation
5994,zhidao,/ChangPN/grade2/194.cha,investigator,EXP: 你知道吗?,0 No,0 No,2 second_person,0 No,,2 second_person,NA,NA,1 polar_question,,1 polar_question,,NA,NA,0 no negation,NA,0 no negation
5995,zhidao,/ChangPN/grade2/195.cha,investigator,EXP: 那我想要知道啊.,0 No,0 No,1 first_person,0 No,,1 first_person,NA,NA,0 declarative,,0 declarative,,NA,NA,0 no negation,NA,0 no negation
5996,zhidao,/ChangPN/grade2/195.cha,investigator,EXP: 妈妈有写一些东西给我知道喔!,0 No,0 No,1 first_person,2 CP,,3 third/NP,NA,NA,0 declarative,,0 declarative,,NA,NA,0 no negation,NA,0 no negation
5997,zhidao,/ChangPN/grade2/195.cha,investigator,EXP: 我想要知道啊.,0 No,0 No,1 first_person,0 No,,1 first_person,NA,NA,0 declarative,,0 declarative,,NA,NA,0 no negation,NA,0 no negation
5998,zhidao,/ChangPN/grade2/195.cha,investigator,EXP: <那你>[//]我想要知道你记不记得你打翻东西的事情?,2 CP,,1 first_person,2 CP,,1 first_person,NA,NA,0 declarative,1 polar_question,1 polar_question,1 polar_question,NA,NA,0 no negation,NA,0 no negation
5999,zhidao,/ChangPN/grade2/195.cha,investigator,EXP: 那我想要知道.,0 No,0 No,1 first_person,0 No,,1 first_person,NA,NA,0 declarative,,0 declarative,,NA,NA,0 no negation,NA,0 no negation
6000,zhidao,/ChangPN/grade2/195.cha,investigator,EXP: 那我想要知道你记不记得他们带你出去玩的事情?,2 CP,,1 first_person,2 CP,,1 first_person,NA,NA,0 declarative,1 polar_question,1 polar_question,1 polar_question,NA,NA,0 no negation,NA,0 no negation
6001,zhidao,/ChangPN/grade2/195.cha,investigator,EXP: 你知道为什么要贴ok绷吗?,2 CP,,2 second_person,2 CP,,2 second_person,NA,NA,1 polar_question,2 wh_question,1 polar_question,2 wh_question,NA,NA,0 no negation,NA,0 no negation
6002,zhidao,/ChangPN/grade2/195.cha,investigator,EXP: 不知道喔?,0 No,0 No,0 dropped,0 No,,0 dropped,NA,NA,1 polar_question,,1 polar_question,,NA,NA,2 不,NA,2 不
6003,zhidao,/ChangPN/grade2/195.cha,investigator,EXP: 那我想要知道你记不记得你受伤的事情啊?,2 CP,,1 first_person,2 CP,,1 first_person,NA,NA,0 declarative,1 polar_question,1 polar_question,1 polar_question,NA,NA,0 no negation,NA,0 no negation
6004,zhidao,/ChangPN/grade3/197.cha,investigator,EXP: 你知道吗.,0 No,0 No,2 second_person,0 No,,2 second_person,NA,NA,1 polar_question,,1 polar_question,,NA,NA,0 no negation,NA,0 no negation
6005,zhidao,/ChangPN/grade3/197.cha,investigator,EXP: 你知道吗.,0 No,0 No,2 second_person,0 No,,2 second_person,NA,NA,1 polar_question,,1 polar_question,,NA,NA,0 no negation,NA,0 no negation
6006,zhidao,/ChangPN/grade3/198.cha,investigator,EXP: 你知道吗.,0 No,0 No,2 second_person,0 No,,2 second_person,NA,NA,1 polar_question,,1 polar_question,,NA,NA,0 no negation,NA,0 no negation
6007,zhidao,/ChangPN/grade3/200.cha,investigator,EXP: 你知道这个吗?,2 CP,,2 second_person,0 No,,2 second_person,NA,NA,1 polar_question,,1 polar_question,,NA,NA,0 no negation,NA,0 no negation
6008,zhidao,/ChangPN/grade3/200.cha,investigator,EXP: 你知道吗.,0 No,0 No,2 second_person,0 No,,2 second_person,NA,NA,1 polar_question,,1 polar_question,,NA,NA,0 no negation,NA,0 no negation
6010,zhidao,/ChangPN/grade3/200.cha,investigator,EXP: 知道啊!,0 No,0 No,0 dropped,0 No,,0 dropped,NA,NA,0 declarative,,0 declarative,,NA,NA,0 no negation,NA,0 no negation
6012,zhidao,/ChangPN/grade3/202.cha,investigator,"EXP: 孩名,你知道这是什么吗?",2 CP,,2 second_person,2 CP,,2 second_person,NA,NA,1 polar_question,2 wh_question,1 polar_question,2 wh_question,NA,NA,0 no negation,NA,0 no negation
6014,zhidao,/ChangPN/grade3/202.cha,investigator,EXP: 我想要知道.,0 No,0 No,1 first_person,0 No,,1 first_person,NA,NA,0 declarative,,0 declarative,,NA,NA,0 no negation,NA,0 no negation
6015,zhidao,/ChangPN/grade3/202.cha,investigator,EXP: 你知道.,0 No,0 No,2 second_person,0 No,,2 second_person,NA,NA,0 declarative,,0 declarative,,NA,NA,0 no negation,NA,0 no negation
6016,zhidao,/ChangPN/grade3/202.cha,investigator,EXP: 你知道吗.,0 No,0 No,2 second_person,0 No,,2 second_person,NA,NA,1 polar_question,,1 polar_question,,NA,NA,0 no negation,NA,0 no negation
6017,zhidao,/ChangPN/grade3/202.cha,investigator,EXP: 你知道吗.,0 No,0 No,2 second_person,0 No,,2 second_person,NA,NA,1 polar_question,,1 polar_question,,NA,NA,0 no negation,NA,0 no negation
6019,zhidao,/ChangPN/grade3/204.cha,investigator,EXP: 你也不知道喔.,0 No,0 No,2 second_person,0 No,,2 second_person,NA,NA,0 declarative,,0 declarative,,NA,NA,2 不,NA,2 不
6022,zhidao,/ChangPN/grade3/208.cha,investigator,EXP: 你知道吗?,0 No,0 No,2 second_person,0 No,,2 second_person,NA,NA,1 polar_question,,1 polar_question,,NA,NA,0 no negation,NA,0 no negation
6023,zhidao,/ChangPN/grade3/208.cha,investigator,EXP: 你知道吗?,0 No,0 No,2 second_person,0 No,,2 second_person,NA,NA,1 polar_question,,1 polar_question,,NA,NA,0 no negation,NA,0 no negation
6024,zhidao,/ChangPN/grade3/208.cha,investigator,EXP: 你知道吗?,0 No,0 No,2 second_person,0 No,,2 second_person,NA,NA,1 polar_question,,1 polar_question,,NA,NA,0 no negation,NA,0 no negation
6026,zhidao,/ChangPN/grade3/208.cha,investigator,EXP: 谁知道.,0 No,0 No,3 third/NP,0 No,,3 third/NP,NA,NA,2 wh_question,,2 wh_question,,NA,NA,0 no negation,NA,0 no negation
6027,zhidao,/ChangPN/grade3/208.cha,investigator,EXP: 你知道吗?,0 No,0 No,2 second_person,0 No,,2 second_person,NA,NA,1 polar_question,,1 polar_question,,NA,NA,0 no negation,NA,0 no negation
6028,zhidao,/ChangPN/grade3/210.cha,investigator,"EXP: 孩名,你知道吗.",0 No,0 No,2 second_person,0 No,,2 second_person,NA,NA,1 polar_question,,1 polar_question,,NA,NA,0 no negation,NA,0 no negation
6030,zhidao,/ChangPN/grade3/210.cha,investigator,EXP: 你知道吗.,0 No,0 No,2 second_person,0 No,,2 second_person,NA,NA,1 polar_question,,1 polar_question,,NA,NA,0 no negation,NA,0 no negation
6031,zhidao,/ChangPN/grade3/210.cha,investigator,EXP: 那你知道吗.,0 No,0 No,2 second_person,0 No,,2 second_person,NA,NA,1 polar_question,,1 polar_question,,NA,NA,0 no negation,NA,0 no negation
6032,zhidao,/ChangPN/grade3/210.cha,investigator,EXP: 那<你知道>[//]我跟你讲喔.,0 No,0 No,2 second_person,2 CP,,2 second_person,NA,NA,0 declarative,,,,NA,NA,0 no negation,NA,0 no negation
6033,zhidao,/ChangPN/grade3/210.cha,investigator,EXP: 那你知道吗.,0 No,0 No,2 second_person,0 No,,2 second_person,NA,NA,1 polar_question,,1 polar_question,,NA,NA,0 no negation,NA,0 no negation
6035,zhidao,/ChangPN/grade3/210.cha,investigator,EXP: 不知道喔.,0 No,0 No,0 dropped,0 No,,0 dropped,NA,NA,0 declarative,,0 declarative,,NA,NA,2 不,NA,2 不
6036,zhidao,/ChangPN/grade3/210.cha,investigator,EXP: 你知道.,0 No,0 No,2 second_person,0 No,,2 second_person,NA,NA,0 declarative,,0 declarative,,NA,NA,0 no negation,NA,0 no negation
6039,zhidao,/ChangPN/grade3/213.cha,investigator,EXP: 你知道吗.,0 No,0 No,2 second_person,0 No,,2 second_person,NA,NA,1 polar_question,,1 polar_question,,NA,NA,0 no negation,NA,0 no negation
6041,zhidao,/ChangPN/grade3/215.cha,investigator,EXP: 你知道这是什么吗?,2 CP,,2 second_person,2 CP,,2 second_person,NA,NA,1 polar_question,2 wh_question,1 polar_question,2 wh_question,NA,NA,0 no negation,NA,0 no negation
6042,zhidao,/ChangPN/grade3/219.cha,investigator,EXP: 你知道吗.,0 No,0 No,2 second_person,0 No,,2 second_person,NA,NA,1 polar_question,,1 polar_question,,NA,NA,0 no negation,NA,0 no negation
6043,zhidao,/ChangPN/grade3/219.cha,investigator,EXP: 你知道吗.,0 No,0 No,2 second_person,0 No,,2 second_person,NA,NA,1 polar_question,,1 polar_question,,NA,NA,0 no negation,NA,0 no negation
6044,zhidao,/ChangPN/grade3/220.cha,investigator,EXP: 你知道这个是什么吗?,2 CP,,2 second_person,2 CP,,2 second_person,NA,NA,1 polar_question,2 wh_question,1 polar_question,2 wh_question,NA,NA,0 no negation,NA,0 no negation
6045,zhidao,/ChangPN/grade3/220.cha,investigator,EXP: 你知道吗.,0 No,0 No,2 second_person,0 No,,2 second_person,NA,NA,1 polar_question,,1 polar_question,,NA,NA,0 no negation,NA,0 no negation
6046,zhidao,/ChangPN/grade3/220.cha,investigator,EXP: 你知道吗.,0 No,0 No,2 second_person,0 No,,2 second_person,NA,NA,1 polar_question,,1 polar_question,,NA,NA,0 no negation,NA,0 no negation
6048,zhidao,/ChangPN/grade3/220.cha,investigator,EXP: 你知道吗.,0 No,0 No,2 second_person,0 No,,2 second_person,NA,NA,1 polar_question,,1 polar_question,,NA,NA,0 no negation,NA,0 no negation
6051,zhidao,/ChangPN/grade3/221.cha,investigator,EXP: 哦弟弟就知道不行随便拿人家的东西.,2 CP,,3 third/NP,2 CP,,3 third/NP,NA,NA,0 declarative,0 declarative,0 declarative,0 declarative,NA,NA,0 no negation,NA,0 no negation
6053,zhidao,/ChangPN/grade3/224.cha,investigator,EXP: 缩起来不知道在干嘛?,2 CP,,0 dropped,2 CP,,0 dropped,NA,NA,0 declarative,2 wh_question,1 polar_question,2 wh_question,NA,NA,2 不,NA,2 不
6057,zhidao,/AcadLang/upper/002.cha,adult,ADU: 那它长在什么地方你知道吗?,0 No,0 No,2 second_person,0 No,,2 second_person,4 tag_question,2 wh_question,4 tag_question,2 wh_question,NA,NA,NA,NA,0 no negation,NA,0 no negation
6058,zhidao,/AcadLang/upper/004.cha,adult,ADU: 跟白色差不多好那你知道苹果是长在哪里的吗.,2 CP,,2 second_person,2 CP,,2 second_person,1 polar_question,2 wh_question,1 polar_question,2 wh_question,NA,NA,NA,NA,0 no negation,NA,0 no negation
6060,zhidao,/AcadLang/upper/006.cha,adult,ADU: 好介绍的很好小羊知道了这是一个苹果.,2 CP,,3 third/NP,2 CP,,3 third/NP,0 declarative,0 declarative,0 declarative,0 declarative,NA,NA,NA,NA,0 no negation,NA,0 no negation
6061,zhidao,/AcadLang/upper/007.cha,adult,ADU: 小羊知道这是苹果了小羊又去了另外一间教室他看到这是什么?,2 CP,,3 third/NP,2 CP,,3 third/NP,0 declarative,0 declarative,0 declarative,0 declarative,NA,NA,NA,NA,0 no negation,NA,0 no negation
6062,zhidao,/AcadLang/upper/007.cha,adult,ADU: 你可以把知道的关于皮球的东西都告诉小羊反正小羊他也不知道这是什么.,0 No,4 RC的,0 dropped,0 No,,0 dropped,0 declarative,,0 declarative,,NA,NA,NA,NA,0 no negation,NA,0 no negation
6062_b,zhidao,/AcadLang/upper/007.cha,adult,ADU: 你可以把知道的关于皮球的东西都告诉小羊反正小羊他也不知道这是什么.,2 CP,,3 third/NP,2 CP,,3 third/NP,0 declarative,2 wh_question,0 declarative,2 wh_question,NA,NA,NA,NA,2 不,NA,2 不
6063,zhidao,/AcadLang/upper/016.cha,adult,ADU: 好现在小羊知道了这是苹果这是皮球谢谢你.,2 CP,,3 third/NP,2 CP,,3 third/NP,0 declarative,0 declarative,0 declarative,,NA,NA,NA,NA,0 no negation,NA,0 no negation
6064,zhidao,/AcadLang/upper/018.cha,adult,ADU: 那你知道苹果是长在哪里的吗.,2 CP,,2 second_person,2 CP,,2 second_person,1 polar_question,2 wh_question,1 polar_question,2 wh_question,NA,NA,NA,NA,0 no negation,NA,0 no negation
6065,zhidao,/AcadLang/upper/018.cha,adult,ADU: 那小羊听了你的描述呢他觉得嗯我大体知道苹果是什么样子的了.,2 CP,,1 first_person,2 CP,,1 first_person,0 declarative,2 wh_question,0 declarative,2 wh_question,NA,NA,NA,NA,0 no negation,NA,0 no negation
6066,zhidao,/AcadLang/upper/019.cha,adult,ADU: 苹果那小羊想知道这个苹果是什么样子的.,2 CP,,3 third/NP,2 CP,,3 third/NP,0 declarative,2 wh_question,0 declarative,2 wh_question,NA,NA,NA,NA,0 no negation,NA,0 no negation
6067,zhidao,/AcadLang/upper/019.cha,adult,ADU: 苹果是长在哪里的你知道吗.,0 No,0 No,2 second_person,0 No,,2 second_person,4 tag_question,2 wh_question,4 tag_question,2 wh_question,NA,NA,NA,NA,0 no negation,NA,0 no negation
6069,zhidao,/AcadLang/upper/022.cha,adult,ADU: 小羊好想知道这是什么啊.,2 CP,,3 third/NP,2 CP,,3 third/NP,0 declarative,2 wh_question,0 declarative,2 wh_question,NA,NA,NA,NA,0 no negation,NA,0 no negation
6071,zhidao,/AcadLang/upper/029.cha,adult,ADU: 小羊不知道这是苹果啊.,2 CP,,3 third/NP,2 CP,,3 third/NP,0 declarative,0 declarative,0 declarative,0 declarative,NA,NA,NA,NA,2 不,NA,0 no negation
6072,zhidao,/AcadLang/upper/029.cha,adult,ADU: 知道摸苹果的感觉吗.,2 CP,,0 dropped,2 CP,,0 dropped,1 polar_question,,1 polar_question,0 declarative,NA,NA,NA,NA,0 no negation,NA,0 no negation
6073,zhidao,/AcadLang/upper/029.cha,adult,ADU: 那小羊知道了.,0 No,0 No,3 third/NP,0 No,,3 third/NP,0 declarative,,0 declarative,,NA,NA,NA,NA,0 no negation,NA,0 no negation
6074,zhidao,/AcadLang/upper/030.cha,adult,ADU: 小羊现在知道了这是一个苹果.,2 CP,,3 third/NP,2 CP,,3 third/NP,0 declarative,0 declarative,0 declarative,0 declarative,NA,NA,NA,NA,0 no negation,NA,0 no negation
6077,zhidao,/AcadLang/upper/031.cha,adult,"ADU: 不知道怎么来介绍,是不是?",2 CP,,0 dropped,2 CP,,0 dropped,4 tag_question,0 declarative,4 tag_question,2 wh_question,NA,NA,NA,NA,2 不,NA,2 不
6080,zhidao,/AcadLang/upper/036.cha,adult,ADU: 那可是小羊不知道呢.,0 No,0 No,3 third/NP,0 No,,3 third/NP,0 declarative,,0 declarative,,NA,NA,NA,NA,2 不,NA,2 不
6081,zhidao,/AcadLang/upper/036.cha,adult,ADU: 那你知道苹果是长在哪里的吗.,2 CP,,2 second_person,2 CP,,2 second_person,1 polar_question,2 wh_question,1 polar_question,2 wh_question,NA,NA,NA,NA,0 no negation,NA,0 no negation
6082,zhidao,/AcadLang/upper/036.cha,adult,ADU: 小羊什么都不知道.,0 No,0 No,3 third/NP,0 No,,3 third/NP,0 declarative,,0 declarative,,NA,NA,NA,NA,2 不,NA,2 不
6084,zhidao,/AcadLang/upper/039.cha,adult,ADU: 嗯你知道苹果种在哪里吗.,2 CP,,2 second_person,2 CP,,2 second_person,1 polar_question,2 wh_question,1 polar_question,2 wh_question,NA,NA,NA,NA,0 no negation,NA,0 no negation
6088,zhidao,/AcadLang/lower/001.cha,adult,ADU: 你也不知道苹果没熟的时候是什么颜色.,2 CP,,2 second_person,2 CP,,2 second_person,0 declarative,2 wh_question,0 declarative,2 wh_question,NA,NA,NA,NA,2 不,NA,2 不
6090,zhidao,/AcadLang/lower/001.cha,adult,ADU: 那你知道苹果是长在哪里吗.,2 CP,,2 second_person,2 CP,,2 second_person,1 polar_question,2 wh_question,1 polar_question,2 wh_question,NA,NA,NA,NA,0 no negation,NA,0 no negation
6091,zhidao,/AcadLang/lower/007.cha,adult,ADU: 我知道啦.,0 No,0 No,1 first_person,0 No,,1 first_person,0 declarative,,0 declarative,,NA,NA,NA,NA,0 no negation,NA,0 no negation
6094,zhidao,/AcadLang/lower/009.cha,adult,ADU: 那你知道苹果是长在哪里的吗.,2 CP,,2 second_person,2 CP,,2 second_person,1 polar_question,2 wh_question,1 polar_question,2 wh_question,NA,NA,NA,NA,0 no negation,NA,0 no negation
6098,zhidao,/AcadLang/lower/013.cha,adult,ADU: 好我知道了谢谢.,0 No,0 No,1 first_person,0 No,,1 first_person,0 declarative,,0 declarative,,NA,NA,NA,NA,0 no negation,NA,0 no negation
6099,zhidao,/AcadLang/lower/017.cha,adult,ADU: 那小羊说我知道了这是一个苹果那我们来看这是一个什么?,2 CP,,1 first_person,2 CP,,1 first_person,0 declarative,0 declarative,0 declarative,0 declarative,NA,NA,NA,NA,0 no negation,NA,0 no negation
6100,zhidao,/AcadLang/lower/017.cha,adult,ADU: 那小羊说我知道了.,0 No,0 No,1 first_person,0 No,,1 first_person,0 declarative,,0 declarative,,NA,NA,NA,NA,0 no negation,NA,0 no negation
6101,zhidao,/AcadLang/lower/019.cha,adult,ADU: 那你知道苹果是长在哪里的吗.,2 CP,,2 second_person,2 CP,,2 second_person,1 polar_question,2 wh_question,1 polar_question,2 wh_question,NA,NA,NA,NA,0 no negation,NA,0 no negation
6102,zhidao,/AcadLang/lower/019.cha,adult,ADU: 来小羊不知道什么是篮球.,2 CP,,3 third/NP,2 CP,,3 third/NP,0 declarative,2 wh_question,0 declarative,2 wh_question,NA,NA,NA,NA,2 不,NA,2 不
6105,zhidao,/AcadLang/lower/030.cha,adult,ADU: 那你知道苹果是长在哪里的吗.,2 CP,,2 second_person,2 CP,,2 second_person,1 polar_question,2 wh_question,1 polar_question,2 wh_question,NA,NA,NA,NA,0 no negation,NA,0 no negation
6106,zhidao,/AcadLang/lower/030.cha,adult,ADU: 对它不知道.,0 No,0 No,3 third/NP,0 No,,3 third/NP,0 declarative,,0 declarative,,NA,NA,NA,NA,2 不,NA,2 不
6107,zhidao,/AcadLang/lower/033.cha,adult,ADU: 对那你知道苹果是长在哪里的吗.,2 CP,,2 second_person,2 CP,,2 second_person,1 polar_question,2 wh_question,1 polar_question,2 wh_question,NA,NA,NA,NA,0 no negation,NA,0 no negation
6108,zhidao,/AcadLang/lower/034.cha,adult,ADU: 你知道苹果是长在哪里的.,2 CP,,2 second_person,2 CP,,2 second_person,0 declarative,2 wh_question,0 declarative,2 wh_question,NA,NA,NA,NA,0 no negation,NA,0 no negation
6109,zhidao,/AcadLang/lower/034.cha,adult,ADU: 因为它不知道.,0 No,0 No,3 third/NP,0 No,,3 third/NP,0 declarative,,0 declarative,,NA,NA,NA,NA,2 不,NA,2 不
6110,zhidao,/AcadLang/lower/036.cha,adult,ADU: 那你肯定知道苹果是长在哪里的.,2 CP,,2 second_person,2 CP,,2 second_person,0 declarative,2 wh_question,0 declarative,2 wh_question,NA,NA,NA,NA,0 no negation,NA,0 no negation
6111,zhidao,/AcadLang/lower/037.cha,adult,ADU: 那你知道苹果是长在哪里的吗.,2 CP,,2 second_person,2 CP,,2 second_person,1 polar_question,2 wh_question,1 polar_question,2 wh_question,NA,NA,NA,NA,0 no negation,NA,0 no negation
6112,zhidao,/AcadLang/lower/039.cha,adult,ADU: 小羊知道了这是苹果.,2 CP,,3 third/NP,2 CP,,3 third/NP,0 declarative,0 declarative,0 declarative,,NA,NA,NA,NA,0 no negation,NA,0 no negation
6113,zhidao,/AcadLang/lower/040.cha,adult,ADU: 哦滚在地上滚我知道了.,0 No,0 No,1 first_person,0 No,,1 first_person,0 declarative,,0 declarative,,NA,NA,NA,NA,0 no negation,NA,0 no negation
6114,zhidao,/AcadLang/middle/003.cha,adult,ADU: 那你知道苹果是生长在哪里的吗.,2 CP,,2 second_person,2 CP,,2 second_person,1 polar_question,2 wh_question,1 polar_question,2 wh_question,NA,NA,NA,NA,0 no negation,NA,0 no negation
6115,zhidao,/AcadLang/middle/003.cha,adult,ADU: 它不知道.,0 No,0 No,3 third/NP,0 No,,3 third/NP,0 declarative,,0 declarative,,NA,NA,NA,NA,2 不,NA,2 不
6118,zhidao,/AcadLang/middle/009.cha,adult,ADU: 那香蕉不是苹果你知道是长在哪里的吗.,2 CP,,2 second_person,2 CP,,2 second_person,1 polar_question,2 wh_question,1 polar_question,2 wh_question,NA,NA,NA,NA,0 no negation,NA,0 no negation
6120,zhidao,/AcadLang/middle/016.cha,adult,ADU: 那你知道苹果是长在哪里的吗.,2 CP,,2 second_person,2 CP,,2 second_person,1 polar_question,2 wh_question,1 polar_question,2 wh_question,NA,NA,NA,NA,0 no negation,NA,0 no negation
6122,zhidao,/AcadLang/middle/016.cha,adult,ADU: 不知道啊.,0 No,0 No,0 dropped,0 No,,0 dropped,0 declarative,,0 declarative,,NA,NA,NA,NA,2 不,NA,2 不
6123,zhidao,/AcadLang/middle/019.cha,adult,ADU: 你知道吗.,0 No,0 No,2 second_person,0 No,,2 second_person,1 polar_question,,1 polar_question,,NA,NA,NA,NA,0 no negation,NA,0 no negation
6124,zhidao,/AcadLang/middle/028.cha,adult,ADU: 不知道吗?,0 No,0 No,0 dropped,0 No,,0 dropped,1 polar_question,,1 polar_question,,NA,NA,NA,NA,2 不,NA,2 不
6125,zhidao,/AcadLang/middle/030.cha,adult,ADU: 它知道苹果是什么了.,2 CP,,3 third/NP,2 CP,,3 third/NP,0 declarative,2 wh_question,0 declarative,2 wh_question,NA,NA,NA,NA,0 no negation,NA,0 no negation
6126,zhidao,/AcadLang/middle/032.cha,adult,ADU: 那你知道苹果是生长在哪里的吗.,2 CP,,2 second_person,2 CP,,2 second_person,1 polar_question,2 wh_question,1 polar_question,2 wh_question,NA,NA,NA,NA,0 no negation,NA,0 no negation
6127,zhidao,/AcadLang/middle/033.cha,adult,ADU: 那小羊知道了这是苹果它就来到了另外一个教室.,0 No,0 No,3 third/NP,2 CP,,3 third/NP,0 declarative,0 declarative,0 declarative,0 declarative,NA,NA,NA,NA,0 no negation,NA,0 no negation
6128,zhidao,/AcadLang/middle/035.cha,adult,ADU: 那你知道.,0 No,0 No,2 second_person,0 No,,2 second_person,0 declarative,,0 declarative,,NA,NA,NA,NA,0 no negation,NA,0 no negation
6129,zhidao,/AcadLang/middle/035.cha,adult,ADU: 那你知道苹果是长在哪里的吗.,2 CP,,2 second_person,2 CP,,2 second_person,1 polar_question,2 wh_question,1 polar_question,2 wh_question,NA,NA,NA,NA,0 no negation,NA,0 no negation
6130,zhidao,/AcadLang/middle/037.cha,adult,ADU: 那你知道苹果是长在哪里的吗.,2 CP,,2 second_person,2 CP,,2 second_person,1 polar_question,2 wh_question,1 polar_question,2 wh_question,NA,NA,NA,NA,0 no negation,NA,0 no negation
6131,zhidao,/AcadLang/middle/037.cha,adult,ADU: 不知道.,0 No,0 No,0 dropped,0 No,,0 dropped,0 declarative,,0 declarative,,NA,NA,NA,NA,2 不,NA,2 不
6132,zhidao,/AcadLang/middle/037.cha,adult,ADU: 现在知道了吗.,0 No,0 No,0 dropped,0 No,,0 dropped,1 polar_question,,1 polar_question,,NA,NA,NA,NA,0 no negation,NA,0 no negation
6133,zhidao,/AcadLang/middle/039.cha,adult,ADU: 你知道苹果长在什么地方吗.,2 CP,,2 second_person,2 CP,,2 second_person,1 polar_question,2 wh_question,1 polar_question,2 wh_question,NA,NA,NA,NA,0 no negation,NA,0 no negation
6134,zhidao,/AcadLang/middle/039.cha,adult,ADU: 小羊听了你介绍的苹果知道了苹果长得什么样的了它很高兴.,2 CP,,0 dropped,2 CP,,0 dropped,0 declarative,2 wh_question,0 declarative,2 wh_question,NA,NA,NA,NA,0 no negation,NA,0 no negation
6135,zhidao,/AcadLang/middle/040.cha,adult,ADU: 你知道苹果长在哪里吗.,2 CP,,2 second_person,2 CP,,2 second_person,1 polar_question,2 wh_question,1 polar_question,2 wh_question,NA,NA,NA,NA,0 no negation,NA,0 no negation
6138,zhidao,/Chang1/01.cha,investigator,EXP: 你知道那是什么吗?,2 CP,,2 second_person,2 CP,,2 second_person,NA,NA,1 polar_question,2 wh_question,1 polar_question,2 wh_question,NA,NA,0 no negation,NA,0 no negation
6139,zhidao,/Chang1/01.cha,investigator,EXP: 然后你知道怎么样吗?,2 CP,,2 second_person,2 CP,,2 second_person,NA,NA,1 polar_question,2 wh_question,1 polar_question,2 wh_question,NA,NA,0 no negation,NA,0 no negation
6143,zhidao,/Chang1/02.cha,investigator,EXP: 你知道怎么样吗?,2 CP,,2 second_person,2 CP,,2 second_person,NA,NA,1 polar_question,2 wh_question,1 polar_question,2 wh_question,NA,NA,0 no negation,NA,0 no negation
6144,zhidao,/Chang1/02.cha,investigator,EXP: 你知道是什么东西来了吗?,2 CP,,2 second_person,2 CP,,2 second_person,NA,NA,1 polar_question,2 wh_question,1 polar_question,2 wh_question,NA,NA,0 no negation,NA,0 no negation
6145,zhidao,/Chang1/02.cha,investigator,EXP: 然后你知道牠怎么样吗?,2 CP,,2 second_person,2 CP,,2 second_person,NA,NA,1 polar_question,2 wh_question,1 polar_question,2 wh_question,NA,NA,0 no negation,NA,0 no negation
6146,zhidao,/Chang1/03.cha,investigator,EXP: 所以你知道这小狮子怎么样吗?,2 CP,,2 second_person,2 CP,,2 second_person,NA,NA,1 polar_question,2 wh_question,1 polar_question,2 wh_question,NA,NA,0 no negation,NA,0 no negation
6149,zhidao,/Chang1/03.cha,investigator,EXP: 你不知道.,0 No,0 No,2 second_person,0 No,,2 second_person,NA,NA,0 declarative,,0 declarative,,NA,NA,2 不,NA,2 不
6150,zhidao,/Chang1/03.cha,investigator,EXP: 你知道那是什么吗?,2 CP,,2 second_person,2 CP,,2 second_person,NA,NA,1 polar_question,2 wh_question,1 polar_question,2 wh_question,NA,NA,0 no negation,NA,0 no negation
6151,zhidao,/Chang1/03.cha,investigator,EXP: 然后你知道怎么样吗?,2 CP,,2 second_person,2 CP,,2 second_person,NA,NA,1 polar_question,2 wh_question,1 polar_question,2 wh_question,NA,NA,0 no negation,NA,0 no negation
6156,zhidao,/Chang1/04.cha,investigator,EXP: 对呀没看过紫色的所以你知道怎么样吗?,2 CP,,2 second_person,2 CP,,2 second_person,NA,NA,1 polar_question,2 wh_question,1 polar_question,2 wh_question,NA,NA,0 no negation,NA,0 no negation
6157,zhidao,/Chang1/04.cha,investigator,EXP: 然后牠们听到一个很大的声音踫踫踫踫你知道是什么吗?,2 CP,,2 second_person,2 CP,,2 second_person,NA,NA,1 polar_question,2 wh_question,1 polar_question,2 wh_question,NA,NA,0 no negation,NA,0 no negation
6160,zhidao,/Chang1/04.cha,investigator,EXP: 你知道啊怎么样?,2 CP,,2 second_person,2 CP,,2 second_person,NA,NA,1 polar_question,2 wh_question,1 polar_question,2 wh_question,NA,NA,0 no negation,NA,0 no negation
6161,zhidao,/Chang1/05.cha,investigator,EXP: 你知道是什么东西来了吗?,2 CP,,2 second_person,2 CP,,2 second_person,NA,NA,1 polar_question,2 wh_question,1 polar_question,2 wh_question,NA,NA,0 no negation,NA,0 no negation
6163,zhidao,/Chang1/05.cha,investigator,EXP: 你要讲出来阿姨才知道知道吗?,0 No,0 No,3 third/NP,0 No,0 No,0 dropped,NA,NA,4 tag_question,0 declarative,4 tag_question,0 declarative,NA,NA,0 no negation,NA,0 no negation
6163_b,zhidao,/Chang1/05.cha,investigator,EXP: 你要讲出来阿姨才知道知道吗?,0 No,0 No,0 dropped,0 No,0 No,0 dropped,NA,NA,0 declarative,,0 declarative,,NA,NA,0 no negation,NA,0 no negation
6164,zhidao,/Chang1/05.cha,investigator,EXP: 你知道阿姨的意思吗?,2 CP,,2 second_person,0 No,,2 second_person,NA,NA,1 polar_question,0 declarative,1 polar_question,,NA,NA,0 no negation,NA,0 no negation
6167,zhidao,/Chang1/05.cha,investigator,EXP: 讲得好好兰欣阿姨都不知道你这么会讲故事.,2 CP,,3 third/NP,2 CP,,3 third/NP,NA,NA,0 declarative,0 declarative,0 declarative,0 declarative,NA,NA,2 不,NA,2 不
6168,zhidao,/Chang1/06.cha,investigator,EXP: 所以喔你知道怎么样吗?,2 CP,,2 second_person,2 CP,,2 second_person,NA,NA,1 polar_question,2 wh_question,1 polar_question,2 wh_question,NA,NA,0 no negation,NA,0 no negation
6169,zhidao,/Chang1/06.cha,investigator,EXP: 你知道是什么吗?,2 CP,,2 second_person,2 CP,,2 second_person,NA,NA,1 polar_question,2 wh_question,1 polar_question,2 wh_question,NA,NA,0 no negation,NA,0 no negation
6170,zhidao,/Chang1/07.cha,investigator,EXP: 你知道什么叫森林啊?,2 CP,,2 second_person,2 CP,,2 second_person,NA,NA,1 polar_question,2 wh_question,1 polar_question,2 wh_question,NA,NA,0 no negation,NA,0 no negation
6171,zhidao,/Chang1/07.cha,investigator,EXP: 结果你知道怎样吗?,2 CP,,2 second_person,2 CP,,2 second_person,NA,NA,1 polar_question,2 wh_question,1 polar_question,2 wh_question,NA,NA,0 no negation,NA,0 no negation
6172,zhidao,/Chang1/07.cha,investigator,EXP: 你知道是什么吗?,2 CP,,2 second_person,2 CP,,2 second_person,NA,NA,1 polar_question,2 wh_question,1 polar_question,2 wh_question,NA,NA,0 no negation,NA,0 no negation
6173,zhidao,/Chang1/07.cha,investigator,EXP: 然后你知道怎样吗?,2 CP,,2 second_person,2 CP,,2 second_person,NA,NA,1 polar_question,2 wh_question,1 polar_question,2 wh_question,NA,NA,0 no negation,NA,0 no negation
6181,zhidao,/Chang1/08.cha,investigator,EXP: 那你知道什么是森林吗?,2 CP,,2 second_person,2 CP,,2 second_person,NA,NA,1 polar_question,2 wh_question,1 polar_question,2 wh_question,NA,NA,0 no negation,NA,0 no negation
6183,zhidao,/Chang1/08.cha,investigator,EXP: 阿姨跟你玩了你就知道.,0 No,0 No,2 second_person,0 No,,2 second_person,NA,NA,0 declarative,,0 declarative,,NA,NA,0 no negation,NA,0 no negation
6184,zhidao,/Chang1/08.cha,investigator,EXP: 所以你知道怎么样吗?,2 CP,,2 second_person,2 CP,,2 second_person,NA,NA,1 polar_question,2 wh_question,1 polar_question,2 wh_question,NA,NA,0 no negation,NA,0 no negation
6185,zhidao,/Chang1/08.cha,investigator,"EXP: 阿姨不知道啊这是你的故事你跟阿姨说,好不好?",2 CP,,3 third/NP,2 CP,,3 third/NP,NA,NA,0 declarative,,4 tag_question,0 declarative,NA,NA,2 不,NA,2 不
6186,zhidao,/Chang1/08.cha,investigator,EXP: 你知道是什么吗?,2 CP,,2 second_person,2 CP,,2 second_person,NA,NA,1 polar_question,2 wh_question,1 polar_question,2 wh_question,NA,NA,0 no negation,NA,0 no negation
6187,zhidao,/Chang1/08.cha,investigator,EXP: 然后你知道怎样?,2 CP,,2 second_person,2 CP,,2 second_person,NA,NA,1 polar_question,2 wh_question,1 polar_question,2 wh_question,NA,NA,0 no negation,NA,0 no negation
6188,zhidao,/Chang1/08.cha,investigator,EXP: 阿姨不知道这是你的故事你要讲给阿姨听啊.,2 CP,,3 third/NP,2 CP,,3 third/NP,NA,NA,0 declarative,0 declarative,0 declarative,0 declarative,NA,NA,2 不,NA,2 不
6190,zhidao,/Chang1/08.cha,investigator,EXP: 不知道.,0 No,0 No,0 dropped,0 No,,0 dropped,NA,NA,0 declarative,,0 declarative,,NA,NA,2 不,NA,2 不
6191,zhidao,/Chang1/08.cha,investigator,EXP: 哇你记那么清楚啊你都知道.,0 No,0 No,2 second_person,0 No,,2 second_person,NA,NA,0 declarative,,0 declarative,,NA,NA,0 no negation,NA,0 no negation
6192,zhidao,/Chang1/08.cha,investigator,EXP: 问你啊这是你的故事啊阿姨不知道嗳<阿姨>[>]今天是要听你讲故事.,0 No,0 No,3 third/NP,0 No,,3 third/NP,NA,NA,0 declarative,,0 declarative,0 declarative,NA,NA,2 不,NA,2 不
6193,zhidao,/Chang1/08.cha,investigator,EXP: 嗯(.)阿姨也不知道你可以把牠弄站起来啊.,2 CP,,3 third/NP,2 CP,,3 third/NP,NA,NA,0 declarative,,0 declarative,0 declarative,NA,NA,2 不,NA,2 不
6194,zhidao,/Chang1/09.cha,investigator,EXP: 你怎么知道?,0 No,0 No,2 second_person,0 No,,2 second_person,NA,NA,3 how/why,,3 how/why,,NA,NA,0 no negation,NA,0 no negation
6196,zhidao,/Chang1/09.cha,investigator,EXP: 你知道吗有一天这些动物都在森林里面突然牠们听到一个很大的声音碰碰碰碰.,0 No,0 No,2 second_person,0 No,,2 second_person,NA,NA,1 polar_question,,1 polar_question,,NA,NA,0 no negation,NA,0 no negation
6197,zhidao,/Chang1/09.cha,investigator,EXP: 你知道是什么东西出来了吗?,2 CP,,2 second_person,2 CP,,2 second_person,NA,NA,1 polar_question,2 wh_question,1 polar_question,2 wh_question,NA,NA,0 no negation,NA,0 no negation
6198,zhidao,/Chang1/09.cha,investigator,EXP: 是一只龙出来了而且啊你知道牠怎样?,2 CP,,2 second_person,2 CP,,2 second_person,NA,NA,1 polar_question,2 wh_question,1 polar_question,2 wh_question,NA,NA,0 no negation,NA,0 no negation
6201,zhidao,/Chang1/09.cha,investigator,EXP: 阿姨这边开了就是开了知道吗?,0 No,0 No,0 dropped,0 No,,0 dropped,NA,NA,4 tag_question,0 declarative,4 tag_question,0 declarative,NA,NA,0 no negation,NA,0 no negation
6203,zhidao,/Chang1/09.cha,investigator,EXP: 我也不知道.,0 No,0 No,1 first_person,0 No,,1 first_person,NA,NA,0 declarative,,0 declarative,,NA,NA,2 不,NA,2 不
6204,zhidao,/Chang1/10.cha,investigator,EXP: 然后你知道怎样吗?,2 CP,,2 second_person,2 CP,,2 second_person,NA,NA,1 polar_question,2 wh_question,1 polar_question,2 wh_question,NA,NA,0 no negation,NA,0 no negation
6205,zhidao,/Chang1/10.cha,investigator,EXP: 不知道啊.,0 No,0 No,0 dropped,0 No,,0 dropped,NA,NA,0 declarative,,0 declarative,,NA,NA,2 不,NA,2 不
6207,zhidao,/Chang1/10.cha,investigator,EXP: 对呀你怎么知道?,0 No,0 No,2 second_person,0 No,,2 second_person,NA,NA,3 how/why,,3 how/why,,NA,NA,0 no negation,NA,0 no negation
6208,zhidao,/Chang1/10.cha,investigator,EXP: 阿姨也不知道.,0 No,0 No,3 third/NP,0 No,,3 third/NP,NA,NA,0 declarative,,0 declarative,,NA,NA,2 不,NA,2 不
6209,zhidao,/Chang1/10.cha,investigator,EXP: 阿姨也不知道.,0 No,0 No,3 third/NP,0 No,,3 third/NP,NA,NA,0 declarative,,0 declarative,,NA,NA,2 不,NA,2 不
6210,zhidao,/Chang1/10.cha,investigator,EXP: 我也不知道啊[=!laughs].,0 No,0 No,1 first_person,0 No,,1 first_person,NA,NA,0 declarative,,0 declarative,,NA,NA,2 不,NA,2 不
6212,zhidao,/Chang1/11.cha,investigator,EXP: 而且你知道怎样吗?,2 CP,,2 second_person,2 CP,,2 second_person,NA,NA,1 polar_question,2 wh_question,1 polar_question,2 wh_question,NA,NA,0 no negation,NA,0 no negation
6214,zhidao,/Chang1/11.cha,investigator,EXP: 你不知道怎么玩啊?,2 CP,,2 second_person,2 CP,,2 second_person,NA,NA,1 polar_question,2 wh_question,1 polar_question,2 wh_question,NA,NA,2 不,NA,2 不
6215,zhidao,/Chang1/12.cha,investigator,EXP: 你知道大象应该是什么颜色吗?,2 CP,,2 second_person,2 CP,,2 second_person,NA,NA,1 polar_question,2 wh_question,1 polar_question,2 wh_question,NA,NA,0 no negation,NA,0 no negation
6216,zhidao,/Chang1/12.cha,investigator,EXP: 所以你知道怎么样吗?,2 CP,,2 second_person,2 CP,,2 second_person,NA,NA,1 polar_question,2 wh_question,1 polar_question,2 wh_question,NA,NA,0 no negation,NA,0 no negation
6217,zhidao,/Chang1/12.cha,investigator,EXP: 你知道是什么东西出来了吗?,2 CP,,2 second_person,2 CP,,2 second_person,NA,NA,1 polar_question,2 wh_question,1 polar_question,2 wh_question,NA,NA,0 no negation,NA,0 no negation
6220,zhidao,/Chang1/13.cha,investigator,EXP: 力可你知道吗森林里有好多好多树哦.,0 No,0 No,2 second_person,0 No,,2 second_person,NA,NA,1 polar_question,,1 polar_question,,NA,NA,0 no negation,NA,0 no negation
6222,zhidao,/Chang1/13.cha,investigator,EXP: 不知道.,0 No,0 No,0 dropped,0 No,,0 dropped,NA,NA,0 declarative,,0 declarative,,NA,NA,2 不,NA,2 不
6223,zhidao,/Chang1/13.cha,investigator,EXP: 你知道是什么动物出来了吗?,2 CP,,2 second_person,2 CP,,2 second_person,NA,NA,1 polar_question,2 wh_question,1 polar_question,2 wh_question,NA,NA,0 no negation,NA,0 no negation
6224,zhidao,/Chang1/14.cha,investigator,EXP: 你知道大象应该是什么颜色吗?,2 CP,,2 second_person,2 CP,,2 second_person,NA,NA,1 polar_question,2 wh_question,1 polar_question,2 wh_question,NA,NA,0 no negation,NA,0 no negation
6225,zhidao,/Chang1/14.cha,investigator,EXP: 然后你知道怎么样吗?,2 CP,,2 second_person,2 CP,,2 second_person,NA,NA,1 polar_question,2 wh_question,1 polar_question,2 wh_question,NA,NA,0 no negation,NA,0 no negation
6227,zhidao,/Chang1/14.cha,investigator,EXP: 不知道啊.,0 No,0 No,0 dropped,0 No,,0 dropped,NA,NA,0 declarative,,0 declarative,,NA,NA,2 不,NA,2 不
6228,zhidao,/Chang1/14.cha,investigator,EXP: 阿姨也不知道啊.,0 No,0 No,3 third/NP,0 No,,3 third/NP,NA,NA,0 declarative,,0 declarative,,NA,NA,2 不,NA,2 不
6229,zhidao,/Chang1/14.cha,investigator,EXP: 你知道是什么吗?,2 CP,,2 second_person,2 CP,,2 second_person,NA,NA,1 polar_question,2 wh_question,1 polar_question,2 wh_question,NA,NA,0 no negation,NA,0 no negation
6231,zhidao,/Chang1/14.cha,investigator,EXP: 而且你知道这条龙怎么样吗?,2 CP,,2 second_person,2 CP,,2 second_person,NA,NA,1 polar_question,2 wh_question,1 polar_question,2 wh_question,NA,NA,0 no negation,NA,0 no negation
6234,zhidao,/Chang1/14.cha,investigator,EXP: 不知道啊.,0 No,0 No,0 dropped,0 No,,0 dropped,NA,NA,0 declarative,,0 declarative,,NA,NA,2 不,NA,2 不
6235,zhidao,/Chang1/14.cha,investigator,EXP: 阿姨也不知道[^c].,0 No,0 No,3 third/NP,0 No,,3 third/NP,NA,NA,0 declarative,,0 declarative,,NA,NA,2 不,NA,2 不
6236,zhidao,/Chang1/15.cha,investigator,EXP: 你知道什么叫森林?,2 CP,,2 second_person,2 CP,,2 second_person,NA,NA,1 polar_question,2 wh_question,1 polar_question,2 wh_question,NA,NA,0 no negation,NA,0 no negation
6237,zhidao,/Chang1/15.cha,investigator,EXP: 然后你知道怎样吗?,2 CP,,2 second_person,2 CP,,2 second_person,NA,NA,1 polar_question,2 wh_question,1 polar_question,2 wh_question,NA,NA,0 no negation,NA,0 no negation
6238,zhidao,/Chang1/15.cha,investigator,EXP: 你知道是什么吗?,2 CP,,2 second_person,2 CP,,2 second_person,NA,NA,1 polar_question,2 wh_question,1 polar_question,2 wh_question,NA,NA,0 no negation,NA,0 no negation
6239,zhidao,/Chang1/15.cha,investigator,EXP: 你知道是什么吗?,2 CP,,2 second_person,2 CP,,2 second_person,NA,NA,1 polar_question,2 wh_question,1 polar_question,2 wh_question,NA,NA,0 no negation,NA,0 no negation
6240,zhidao,/Chang1/15.cha,investigator,EXP: 然后你知道这个龙怎样吗?,2 CP,,2 second_person,2 CP,,2 second_person,NA,NA,1 polar_question,2 wh_question,1 polar_question,2 wh_question,NA,NA,0 no negation,NA,0 no negation
6246,zhidao,/Chang1/16.cha,investigator,EXP: 你知道是什么出来了吗?,2 CP,,2 second_person,2 CP,,2 second_person,NA,NA,1 polar_question,2 wh_question,1 polar_question,2 wh_question,NA,NA,0 no negation,NA,0 no negation
6250,zhidao,/Chang1/16.cha,investigator,EXP: 不知道啊.,0 No,0 No,0 dropped,0 No,,0 dropped,NA,NA,0 declarative,,0 declarative,,NA,NA,2 不,NA,2 不
6251,zhidao,/Chang1/17.cha,investigator,EXP: 如薇你知道什么叫森林啊?,2 CP,,2 second_person,2 CP,,2 second_person,NA,NA,1 polar_question,2 wh_question,1 polar_question,2 wh_question,NA,NA,0 no negation,NA,0 no negation
6253,zhidao,/Chang1/17.cha,investigator,EXP: 你知道这个小狮子跟大象说什么吗?,2 CP,,2 second_person,2 CP,,2 second_person,NA,NA,1 polar_question,2 wh_question,1 polar_question,2 wh_question,NA,NA,0 no negation,NA,0 no negation
6254,zhidao,/Chang1/17.cha,investigator,EXP: 你知道是什么出来了吗?,2 CP,,2 second_person,2 CP,,2 second_person,NA,NA,1 polar_question,2 wh_question,1 polar_question,2 wh_question,NA,NA,0 no negation,NA,0 no negation
6256,zhidao,/Chang1/17.cha,investigator,EXP: 而且你知道这条龙怎样吗?,2 CP,,2 second_person,2 CP,,2 second_person,NA,NA,1 polar_question,2 wh_question,1 polar_question,2 wh_question,NA,NA,0 no negation,NA,0 no negation
6257,zhidao,/Chang1/17.cha,investigator,EXP: 阿姨不知道.,0 No,0 No,3 third/NP,0 No,,3 third/NP,NA,NA,0 declarative,,0 declarative,,NA,NA,2 不,NA,2 不
6258,zhidao,/Chang1/17.cha,investigator,EXP: 我也不知道.,0 No,0 No,1 first_person,0 No,,1 first_person,NA,NA,0 declarative,,0 declarative,,NA,NA,2 不,NA,2 不
6260,zhidao,/Chang1/18.cha,investigator,EXP: 不知道.,0 No,0 No,0 dropped,0 No,,0 dropped,NA,NA,0 declarative,,0 declarative,,NA,NA,2 不,NA,2 不
6261,zhidao,/Chang1/18.cha,investigator,EXP: 而且你知道这龙怎样吗?,2 CP,,2 second_person,2 CP,,2 second_person,NA,NA,1 polar_question,2 wh_question,1 polar_question,2 wh_question,NA,NA,0 no negation,NA,0 no negation
6262,zhidao,/Chang1/19.cha,investigator,EXP: 你知道是什么出来了吗?,2 CP,,2 second_person,2 CP,,2 second_person,NA,NA,1 polar_question,2 wh_question,1 polar_question,2 wh_question,NA,NA,0 no negation,NA,0 no negation
6263,zhidao,/Chang1/20.cha,investigator,EXP: 所以你知道怎样吗?,2 CP,,2 second_person,2 CP,,2 second_person,NA,NA,1 polar_question,2 wh_question,1 polar_question,2 wh_question,NA,NA,0 no negation,NA,0 no negation
6264,zhidao,/Chang1/20.cha,investigator,EXP: 你知道什么出来了吗?,2 CP,,2 second_person,2 CP,,2 second_person,NA,NA,1 polar_question,2 wh_question,1 polar_question,2 wh_question,NA,NA,0 no negation,NA,0 no negation
6265,zhidao,/Chang1/20.cha,investigator,EXP: 而且你知道这龙怎样吗?,2 CP,,2 second_person,2 CP,,2 second_person,NA,NA,1 polar_question,2 wh_question,1 polar_question,2 wh_question,NA,NA,0 no negation,NA,0 no negation
6267,zhidao,/Chang1/20.cha,investigator,EXP: 不知道.,0 No,0 No,0 dropped,0 No,,0 dropped,NA,NA,0 declarative,,0 declarative,,NA,NA,2 不,NA,2 不
6268,zhidao,/Chang1/20.cha,investigator,EXP: 我也不知道.,0 No,0 No,1 first_person,0 No,,1 first_person,NA,NA,0 declarative,,0 declarative,,NA,NA,2 不,NA,2 不
6269,zhidao,/Chang1/21.cha,investigator,EXP: 你知道是什么出来啦?,2 CP,,2 second_person,2 CP,,2 second_person,NA,NA,1 polar_question,2 wh_question,1 polar_question,2 wh_question,NA,NA,0 no negation,NA,0 no negation
6270,zhidao,/Chang1/21.cha,investigator,EXP: 而且你知道牠怎样吗?,2 CP,,2 second_person,2 CP,,2 second_person,NA,NA,1 polar_question,2 wh_question,1 polar_question,2 wh_question,NA,NA,0 no negation,NA,0 no negation
6272,zhidao,/Chang1/22.cha,investigator,EXP: 所以你知道怎样吗?,2 CP,,2 second_person,2 CP,,2 second_person,NA,NA,1 polar_question,2 wh_question,1 polar_question,2 wh_question,NA,NA,0 no negation,NA,0 no negation
6273,zhidao,/Chang1/22.cha,investigator,EXP: 你知道是什么出来了吗?,2 CP,,2 second_person,2 CP,,2 second_person,NA,NA,1 polar_question,2 wh_question,1 polar_question,2 wh_question,NA,NA,0 no negation,NA,0 no negation
6279,zhidao,/Chang1/23.cha,investigator,EXP: 不知道.,0 No,0 No,0 dropped,0 No,,0 dropped,NA,NA,0 declarative,,0 declarative,,NA,NA,2 不,NA,2 不
6280,zhidao,/Chang1/23.cha,investigator,EXP: 你知道是什么出来了吗?,2 CP,,2 second_person,2 CP,,2 second_person,NA,NA,1 polar_question,2 wh_question,1 polar_question,2 wh_question,NA,NA,0 no negation,NA,0 no negation
6281,zhidao,/Chang1/23.cha,investigator,EXP: 而且你知道怎样吗?,2 CP,,2 second_person,2 CP,,2 second_person,NA,NA,1 polar_question,2 wh_question,1 polar_question,2 wh_question,NA,NA,0 no negation,NA,0 no negation
6283,zhidao,/Chang1/23.cha,investigator,EXP: 不知道啊.,0 No,0 No,0 dropped,0 No,,0 dropped,NA,NA,0 declarative,,0 declarative,,NA,NA,2 不,NA,2 不
6285,zhidao,/Chang1/24.cha,investigator,EXP: 所以你知道吗?,0 No,0 No,2 second_person,0 No,,2 second_person,NA,NA,1 polar_question,,0 declarative,,NA,NA,0 no negation,NA,0 no negation
6286,zhidao,/Chang1/24.cha,investigator,EXP: 然后你知道这龙怎样吗?,2 CP,,2 second_person,2 CP,,2 second_person,NA,NA,1 polar_question,2 wh_question,1 polar_question,2 wh_question,NA,NA,0 no negation,NA,0 no negation
6291,zhidao,/Chang2/Anecdote/05.cha,mother,MOT: 怎么会不知道.,0 No,0 No,0 dropped,0 No,,0 dropped,NA,NA,NA,NA,3 how/why,,NA,NA,2 不,NA,2 不
6293,zhidao,/Chang2/Anecdote/05.cha,mother,MOT: 嗯又不知道.,0 No,0 No,0 dropped,0 No,,0 dropped,NA,NA,NA,NA,0 declarative,,NA,NA,2 不,NA,2 不
6295,zhidao,/Chang2/Anecdote/05.cha,mother,MOT: 又不知道.,0 No,0 No,0 dropped,0 No,,0 dropped,NA,NA,NA,NA,0 declarative,,NA,NA,2 不,NA,2 不
6298,zhidao,/Chang2/Anecdote/06.cha,mother,MOT: 怎么会不知道.,0 No,0 No,0 dropped,0 No,,0 dropped,NA,NA,NA,NA,3 how/why,,NA,NA,2 不,NA,2 不
6300,zhidao,/Chang2/Anecdote/06.cha,mother,MOT: 嗯又不知道.,0 No,0 No,0 dropped,0 No,,0 dropped,NA,NA,NA,NA,0 declarative,,NA,NA,2 不,NA,2 不
6302,zhidao,/Chang2/Anecdote/06.cha,mother,MOT: 又不知道.,0 No,0 No,0 dropped,0 No,,0 dropped,NA,NA,NA,NA,0 declarative,,NA,NA,2 不,NA,2 不
6311,zhidao,/Chang2/Anecdote/08.cha,mother,"MOT: 不知道叫什么名字,是不是?",2 CP,,0 dropped,2 CP,,0 dropped,NA,NA,NA,NA,4 tag_question,0 declarative,NA,NA,2 不,NA,2 不
6313,zhidao,/Chang2/Anecdote/09.cha,mother,"MOT: 都不知道被你放哪里去了,是不是?",2 CP,,0 dropped,2 CP,,0 dropped,NA,NA,NA,NA,4 tag_question,0 declarative,NA,NA,2 不,NA,2 不
6318,zhidao,/Chang2/Anecdote/12.cha,mother,MOT: 什么不知道.,0 No,0 No,0 dropped,0 No,,0 dropped,NA,NA,NA,NA,0 declarative,,NA,NA,2 不,NA,2 不
6321,zhidao,/Chang2/Anecdote/12.cha,mother,MOT: 你只会讲不知道.,0 No,0 No,0 dropped,0 No,,0 dropped,NA,NA,NA,NA,0 declarative,,NA,NA,2 不,NA,2 不
6323,zhidao,/Chang2/Anecdote/12.cha,mother,MOT: 你怎么会不知道.,0 No,0 No,2 second_person,0 No,,2 second_person,NA,NA,NA,NA,3 how/why,,NA,NA,2 不,NA,2 不
6324,zhidao,/Chang2/Anecdote/12.cha,mother,MOT: 你怎么会不知道.,0 No,0 No,2 second_person,0 No,,2 second_person,NA,NA,NA,NA,3 how/why,,NA,NA,2 不,NA,2 不
6327,zhidao,/Chang2/Anecdote/13.cha,mother,MOT: 你怎么知道啊?,0 No,0 No,2 second_person,0 No,,2 second_person,NA,NA,NA,NA,3 how/why,,NA,NA,0 no negation,NA,0 no negation
8649,zhidao,/BJCMC/0300_TB.cha,mother,MOT: 你说我也知道花钱了.,2 CP,,1 first_person,2 CP,,1 first_person,0 declarative,0 declarative,NA,NA,0 declarative,0 declarative,NA,NA,0 no negation,NA,0 no negation
8650,zhidao,/BJCMC/0300_TB.cha,investigator,INV: 你不知道啊.,0 No,0 No,2 second_person,0 No,,2 second_person,0 declarative,,NA,NA,0 declarative,,NA,NA,2 不,NA,2 不
8651,zhidao,/BJCMC/0300_WW.cha,investigator,INV: 你怎么知道是犀牛?,2 CP,,2 second_person,2 CP,,2 second_person,3 how/why,0 declarative,NA,NA,3 how/why,0 declarative,NA,NA,0 no negation,NA,0 no negation
8652,zhidao,/BJCMC/0300_WW.cha,investigator,INV: 你知道这是什么吗?,2 CP,,2 second_person,2 CP,,2 second_person,1 polar_question,2 wh_question,NA,NA,1 polar_question,2 wh_question,NA,NA,0 no negation,NA,0 no negation
8653,zhidao,/BJCMC/0300_WW.cha,investigator,INV: 你怎么知道&=laughs?,0 No,0 No,2 second_person,0 No,,2 second_person,3 how/why,,NA,NA,3 how/why,,NA,NA,0 no negation,NA,0 no negation
8654,zhidao,/BJCMC/0300_YX.cha,investigator,INV: 你知道货拉拉是什么吗?,2 CP,,2 second_person,2 CP,,2 second_person,1 polar_question,2 wh_question,NA,NA,1 polar_question,2 wh_question,NA,NA,0 no negation,NA,0 no negation
8655,zhidao,/BJCMC/0300_YX.cha,investigator,INV: 知道啊?,0 No,0 No,0 dropped,0 No,,0 dropped,1 polar_question,,NA,NA,1 polar_question,,NA,NA,0 no negation,NA,0 no negation
8656,zhidao,/BJCMC/0300_YX.cha,investigator,INV: 姐姐都不知道.,0 No,0 No,3 third/NP,0 No,,3 third/NP,0 declarative,,NA,NA,0 declarative,,NA,NA,2 不,NA,2 不
8657,zhidao,/BJCMC/0303_HH.cha,investigator,"INV: 嗯,我也不知道.",0 No,0 No,1 first_person,0 No,,1 first_person,0 declarative,,NA,NA,0 declarative,,NA,NA,2 不,NA,2 不
8658,zhidao,/BJCMC/0303_HH.cha,investigator,INV: 不知道呀.,0 No,0 No,0 dropped,0 No,,0 dropped,0 declarative,,NA,NA,0 declarative,,NA,NA,2 不,NA,2 不
8659,zhidao,/BJCMC/0303_LG.cha,investigator,"INV: 不知道诶,我们看一下.",0 No,0 No,0 dropped,0 No,,0 dropped,0 declarative,,NA,NA,0 declarative,,NA,NA,2 不,NA,2 不
8660,zhidao,/BJCMC/0303_LG.cha,investigator,"INV: 嗯,不知道能不能飞呀.",2 CP,,0 dropped,0 No,,0 dropped,0 declarative,1 polar_question,NA,NA,0 declarative,1 polar_question,NA,NA,2 不,NA,2 不
8661,zhidao,/BJCMC/0303_LG.cha,investigator,"INV: 不知道诶,我看一下.",0 No,0 No,0 dropped,0 No,,0 dropped,0 declarative,,NA,NA,0 declarative,,NA,NA,2 不,NA,2 不
8662,zhidao,/BJCMC/0303_LG.cha,investigator,"INV: 嗯,不知道有没有肉吃,它在北极.",2 CP,,0 dropped,2 CP,,0 dropped,0 declarative,1 polar_question,NA,NA,0 declarative,1 polar_question,NA,NA,2 不,NA,2 不
8663,zhidao,/BJCMC/0303_LG.cha,investigator,INV: 不知道它在吃什么.,2 CP,,0 dropped,2 CP,,0 dropped,0 declarative,2 wh_question,NA,NA,0 declarative,2 wh_question,NA,NA,2 不,NA,2 不
8664,zhidao,/BJCMC/0306_MM.cha,investigator,INV: 你知道降落伞是拿来干嘛的吗?,2 CP,,2 second_person,2 CP,,1 first_person,1 polar_question,2 wh_question,NA,NA,1 polar_question,2 wh_question,NA,NA,0 no negation,NA,0 no negation
8665,zhidao,/BJCMC/0306_MM.cha,investigator,INV: 不知道.,0 No,0 No,0 dropped,0 No,,0 dropped,0 declarative,,NA,NA,0 declarative,,NA,NA,2 不,NA,2 不
8666,zhidao,/BJCMC/0306_MM.cha,investigator,INV: 你知道些什么花呀?,2 CP,,2 second_person,2 CP,,1 first_person,1 polar_question,2 wh_question,NA,NA,2 wh_question,,NA,NA,0 no negation,NA,0 no negation
8667,zhidao,/BJCMC/0306_MM.cha,investigator,INV: <<你知道>[/]你知道蜘蛛侠吗?,0 No,0 No,2 second_person,0 No,,2 second_person,,,NA,NA,,,NA,NA,0 no negation,NA,0 no negation
8667_b,zhidao,/BJCMC/0306_MM.cha,investigator,INV: <<你知道>[/]你知道蜘蛛侠吗?,2 CP,,2 second_person,0 No,,2 second_person,1 polar_question,,NA,NA,1 polar_question,,NA,NA,0 no negation,NA,0 no negation
8668,zhidao,/BJCMC/0306_NW.cha,investigator,INV: 你咋知道?,0 No,0 No,2 second_person,0 No,,2 second_person,3 how/why,,NA,NA,3 how/why,,NA,NA,0 no negation,NA,0 no negation
8669,zhidao,/BJCMC/0306_NW.cha,investigator,INV: 你咋知道有点坏?,1 Adj,1 Adj,2 second_person,0 No,,2 second_person,3 how/why,0 declarative,NA,NA,3 how/why,0 declarative,NA,NA,0 no negation,NA,0 no negation
8670,zhidao,/BJCMC/0306_NW.cha,investigator,"INV: 你没吃过,你怎么知道它辣?",2 CP,,2 second_person,2 CP,,2 second_person,3 how/why,0 declarative,NA,NA,3 how/why,0 declarative,NA,NA,0 no negation,NA,0 no negation
8671,zhidao,/BJCMC/0306_NW.cha,investigator,"INV: 这么多,那你不知道你吃什么好吃的.",2 CP,,2 second_person,2 CP,,2 second_person,0 declarative,2 wh_question,NA,NA,0 declarative,2 wh_question,NA,NA,2 不,NA,2 不
8672,zhidao,/BJCMC/0306_NW.cha,investigator,INV: 不知道门自己开了嗯.,2 CP,,0 dropped,2 CP,,0 dropped,0 declarative,0 declarative,NA,NA,0 declarative,0 declarative,NA,NA,2 不,NA,2 不
8673,zhidao,/BJCMC/0306_NW.cha,investigator,"INV: 对,<这这这这>[/]这些图都是啥你<认(识)>[//]知道不?",0 No,0 No,0 dropped,0 No,,0 dropped,4 tag_question,2 wh_question,NA,NA,4 tag_question,2 wh_question,NA,NA,0 no negation,NA,0 no negation
8674,zhidao,/BJCMC/0306_TT.cha,investigator,"INV: 哦,知道了,我知道了&=laughs.",0 No,0 No,0 dropped,0 No,,0 dropped,0 declarative,,NA,NA,0 declarative,,NA,NA,0 no negation,NA,0 no negation
8674_b,zhidao,/BJCMC/0306_TT.cha,investigator,"INV: 哦,知道了,我知道了&=laughs.",0 No,0 No,1 first_person,0 No,,1 first_person,0 declarative,,NA,NA,,,NA,NA,0 no negation,NA,0 no negation
8675,zhidao,/BJCMC/0309_MD.cha,investigator,"INV: 啊,<好好好>[/]好,我知道了.",0 No,0 No,1 first_person,0 No,,1 first_person,0 declarative,,NA,NA,0 declarative,,NA,NA,0 no negation,NA,0 no negation
8676,zhidao,/BJCMC/0309_MD.cha,investigator,"INV: 好,我知道了.",0 No,0 No,1 first_person,0 No,,1 first_person,0 declarative,,NA,NA,0 declarative,,NA,NA,0 no negation,NA,0 no negation
8677,zhidao,/BJCMC/0309_XYE.cha,investigator,"INV: 哦,那怎么知道是谁的呢?",2 CP,,0 dropped,2 CP,,0 dropped,3 how/why,2 wh_question,NA,NA,3 how/why,2 wh_question,NA,NA,0 no negation,NA,0 no negation
8678,zhidao,/BJCMC/0309_XYE.cha,investigator,"INV: 这个叫,不知道.",0 No,0 No,0 dropped,0 No,,0 dropped,0 declarative,,NA,NA,0 declarative,,NA,NA,2 不,NA,2 不
8679,zhidao,/BJCMC/0309_XYE.cha,investigator,"INV: 不知道,我也不知道这怎么玩.",0 No,0 No,0 dropped,0 No,,0 dropped,0 declarative,,NA,NA,,,NA,NA,2 不,NA,2 不
8679_b,zhidao,/BJCMC/0309_XYE.cha,investigator,"INV: 不知道,我也不知道这怎么玩.",2 CP,,1 first_person,2 CP,,1 first_person,0 declarative,2 wh_question,NA,NA,0 declarative,2 wh_question,NA,NA,2 不,NA,2 不
8680,zhidao,/BJCMC/0309_YY.cha,investigator,INV: 你知道澳大利亚吗?,2 CP,,2 second_person,0 No,,2 second_person,1 polar_question,,NA,NA,1 polar_question,,NA,NA,0 no negation,NA,0 no negation
8681,zhidao,/BJCMC/0400_DD.cha,investigator,"INV: 哦,我知道好像[?]问题出在哪了.",2 CP,,1 first_person,2 CP,,1 first_person,0 declarative,2 wh_question,NA,NA,0 declarative,2 wh_question,NA,NA,0 no negation,NA,0 no negation
8682,zhidao,/BJCMC/0400_DD.cha,investigator,"INV: 你知道它们都是干什么的吗,四号/.",2 CP,,2 second_person,2 CP,,2 second_person,1 polar_question,2 wh_question,NA,NA,1 polar_question,2 wh_question,NA,NA,0 no negation,NA,0 no negation
8683,zhidao,/BJCMC/0400_DD.cha,investigator,INV: 不知道.,0 No,0 No,0 dropped,0 No,,0 dropped,0 declarative,,NA,NA,0 declarative,,NA,NA,2 不,NA,2 不
8684,zhidao,/BJCMC/0400_DD.cha,investigator,"INV: 嗯,不知道呀.",0 No,0 No,0 dropped,0 No,,0 dropped,0 declarative,,NA,NA,0 declarative,,NA,NA,2 不,NA,2 不
8685,zhidao,/BJCMC/0400_XL.cha,investigator,"INV: 哦,我知道这是什么了.",2 CP,,1 first_person,2 CP,,1 first_person,0 declarative,2 wh_question,NA,NA,0 declarative,2 wh_question,NA,NA,0 no negation,NA,0 no negation
8686,zhidao,/BJCMC/0400_XL.cha,investigator,"INV: 哦,那你知道这里面是什么恐龙吗&=points:toy?",2 CP,,1 first_person,2 CP,,2 second_person,1 polar_question,2 wh_question,NA,NA,1 polar_question,2 wh_question,NA,NA,0 no negation,NA,0 no negation
8687,zhidao,/BJCMC/0400_XL.cha,investigator,"INV: 是呀,不知道是什么呢?",2 CP,,2 second_person,2 CP,,0 dropped,1 polar_question,2 wh_question,NA,NA,1 polar_question,2 wh_question,NA,NA,2 不,NA,2 不
8688,zhidao,/BJCMC/0400_ZZ.cha,investigator,"INV: 啊,你还知道/.",0 No,0 No,0 dropped,0 No,,2 second_person,0 declarative,,NA,NA,0 declarative,,NA,NA,0 no negation,NA,0 no negation
8689,zhidao,/BJCMC/0403_AA.cha,investigator,INV: 那你的衣服谁买的你都不知道.,0 No,0 No,2 second_person,0 No,,2 second_person,0 declarative,2 wh_question,NA,NA,0 declarative,2 wh_question,NA,NA,2 不,NA,2 不
8690,zhidao,/BJCMC/0403_AA.cha,investigator,"INV: 哦,不知道从哪买.",2 CP,,2 second_person,2 CP,,0 dropped,0 declarative,2 wh_question,NA,NA,0 declarative,2 wh_question,NA,NA,2 不,NA,2 不
8691,zhidao,/BJCMC/0403_AA.cha,investigator,INV: <啊你怎么知道它还记着呢.,2 CP,,0 dropped,2 CP,,2 second_person,3 how/why,0 declarative,NA,NA,3 how/why,0 declarative,NA,NA,0 no negation,NA,0 no negation
8692,zhidao,/BJCMC/0403_AA.cha,investigator,"INV: 哦,差点,你怎么知道.",0 No,0 No,2 second_person,0 No,,2 second_person,3 how/why,,NA,NA,3 how/why,,NA,NA,0 no negation,NA,0 no negation
8693,zhidao,/BJCMC/0403_TT.cha,investigator,INV: 我知道它为什么撅屁股了.,2 CP,,1 first_person,2 CP,,1 first_person,0 declarative,2 wh_question,NA,NA,0 declarative,2 wh_question,NA,NA,0 no negation,NA,0 no negation
8694,zhidao,/BJCMC/0403_WW.cha,investigator,INV: 哇这里面的东西你都知道吗?,0 No,0 No,2 second_person,0 No,,2 second_person,1 polar_question,,NA,NA,1 polar_question,,NA,NA,0 no negation,NA,0 no negation
8695,zhidao,/BJCMC/0403_WW.cha,investigator,"INV: 啊,你知道这是什么恐龙吗&=holds:toy?",2 CP,,2 second_person,2 CP,,2 second_person,1 polar_question,2 wh_question,NA,NA,1 polar_question,2 wh_question,NA,NA,0 no negation,NA,0 no negation
8696,zhidao,/BJCMC/0403_WW.cha,investigator,INV: 不知道&=laughs.,0 No,0 No,0 dropped,0 No,,0 dropped,0 declarative,,NA,NA,0 declarative,,NA,NA,2 不,NA,2 不
8697,zhidao,/BJCMC/0403_WW.cha,investigator,INV: 我也不知道.,0 No,0 No,1 first_person,0 No,,1 first_person,0 declarative,,NA,NA,0 declarative,,NA,NA,2 不,NA,2 不
8698,zhidao,/BJCMC/0406_AA.cha,investigator,"INV: 哦,这个故事你知道吗?",0 No,0 No,2 second_person,0 No,,2 second_person,1 polar_question,,NA,NA,4 tag_question,,NA,NA,0 no negation,NA,0 no negation
8699,zhidao,/BJCMC/0406_AA.cha,investigator,"INV: 这是什么,你知道吗?",0 No,0 No,2 second_person,0 No,,2 second_person,4 tag_question,2 wh_question,NA,NA,4 tag_question,2 wh_question,NA,NA,0 no negation,NA,0 no negation
8700,zhidao,/BJCMC/0406_AA.cha,investigator,INV: 哦那这个故事你知道吗?,0 No,0 No,2 second_person,0 No,,2 second_person,1 polar_question,,NA,NA,4 tag_question,,NA,NA,0 no negation,NA,0 no negation
8701,zhidao,/BJCMC/0406_AA.cha,investigator,INV: 你知道昨天是什么节日吗?,2 CP,,2 second_person,2 CP,,2 second_person,1 polar_question,2 wh_question,NA,NA,1 polar_question,2 wh_question,NA,NA,0 no negation,NA,0 no negation
8702,zhidao,/BJCMC/0406_AA.cha,investigator,INV: 你知道端午节要干嘛么?,2 CP,,2 second_person,2 CP,,2 second_person,1 polar_question,2 wh_question,NA,NA,1 polar_question,2 wh_question,NA,NA,0 no negation,NA,0 no negation
8703,zhidao,/BJCMC/0406_DD.cha,investigator,INV: 不知道了.,0 No,0 No,0 dropped,0 No,,0 dropped,0 declarative,,NA,NA,0 declarative,,NA,NA,2 不,NA,2 不
8704,zhidao,/BJCMC/0406_DD.cha,investigator,INV: 不知道.,0 No,0 No,0 dropped,0 No,,0 dropped,0 declarative,,NA,NA,0 declarative,,NA,NA,2 不,NA,2 不
8705,zhidao,/BJCMC/0406_DD.cha,investigator,INV: 不知道&=nods.,0 No,0 No,0 dropped,0 No,,0 dropped,0 declarative,,NA,NA,0 declarative,,NA,NA,2 不,NA,2 不
8706,zhidao,/BJCMC/0406_DD.cha,investigator,INV: 我也不知道.,0 No,0 No,1 first_person,0 No,,1 first_person,0 declarative,,NA,NA,0 declarative,,NA,NA,2 不,NA,2 不
8707,zhidao,/BJCMC/0406_DD.cha,investigator,INV: 我要看了图片才知道怎么拼.,2 CP,,0 dropped,2 CP,,0 dropped,0 declarative,2 wh_question,NA,NA,0 declarative,2 wh_question,NA,NA,0 no negation,NA,0 no negation
8708,zhidao,/BJCMC/0406_XB.cha,investigator,INV: 我也不知道.,0 No,0 No,1 first_person,0 No,,1 first_person,0 declarative,,NA,NA,0 declarative,,NA,NA,2 不,NA,2 不
8709,zhidao,/BJCMC/0406_XB.cha,investigator,INV: 你知道吗&=points:book?,0 No,0 No,2 second_person,0 No,,2 second_person,1 polar_question,,NA,NA,1 polar_question,,NA,NA,0 no negation,NA,0 no negation
8710,zhidao,/BJCMC/0409_HH.cha,investigator,"INV: 哦,你怎么知道它是小猪?",2 CP,,2 second_person,2 CP,,2 second_person,3 how/why,0 declarative,NA,NA,3 how/why,0 declarative,NA,NA,0 no negation,NA,0 no negation
8711,zhidao,/BJCMC/0409_HH.cha,investigator,INV: 你不知道什么时候.,2 CP,,2 second_person,2 CP,,2 second_person,0 declarative,2 wh_question,NA,NA,0 declarative,2 wh_question,NA,NA,2 不,NA,2 不
8712,zhidao,/BJCMC/0409_HH.cha,investigator,INV: 那你怎么知道我说没说完?,2 CP,,2 second_person,2 CP,,2 second_person,3 how/why,1 polar_question,NA,NA,3 how/why,1 polar_question,NA,NA,0 no negation,NA,0 no negation
8713,zhidao,/BJCMC/0409_HH.cha,investigator,INV: 不知道哪儿来那么多玩具是吗&=laughs?,2 CP,,0 dropped,2 CP,,0 dropped,1 polar_question,2 wh_question,NA,NA,4 tag_question,2 wh_question,NA,NA,2 不,NA,2 不
8714,zhidao,/BJCMC/0409_HH.cha,investigator,INV: 我不知道怎么画.,2 CP,,1 first_person,2 CP,,1 first_person,0 declarative,2 wh_question,NA,NA,0 declarative,,NA,NA,2 不,NA,2 不
8715,zhidao,/BJCMC/0409_HH.cha,investigator,INV: 我不知道怎么画.,2 CP,,1 first_person,2 CP,,1 first_person,0 declarative,2 wh_question,NA,NA,0 declarative,,NA,NA,2 不,NA,2 不
8716,zhidao,/BJCMC/0409_HH.cha,investigator,INV: 我不知道你[/]你哪有黑纸.,2 CP,,1 first_person,2 CP,,1 first_person,0 declarative,2 wh_question,NA,NA,0 declarative,2 wh_question,NA,NA,2 不,NA,2 不
8717,zhidao,/BJCMC/0409_KL.cha,investigator,INV: 我知道这本来流血了&=points:drawing.,2 CP,,1 first_person,2 CP,,1 first_person,0 declarative,0 declarative,NA,NA,0 declarative,0 declarative,NA,NA,0 no negation,NA,0 no negation
8718,zhidao,/BJCMC/0409_KL.cha,investigator,INV2: 你怎么知道?,0 No,0 No,2 second_person,0 No,,2 second_person,3 how/why,,NA,NA,3 how/why,,NA,NA,0 no negation,NA,0 no negation
8719,zhidao,/BJCMC/0409_SS.cha,investigator,"INV: 不知道,哪[/]哪两个字啊?",0 No,0 No,0 dropped,0 No,,0 dropped,0 declarative,,NA,NA,0 declarative,,NA,NA,2 不,NA,2 不
8720,zhidao,/BJCMC/0409_SS.cha,investigator,"INV: 啊[/]啊,好,我知道了,看见了.",0 No,0 No,1 first_person,0 No,,1 first_person,0 declarative,,NA,NA,0 declarative,,NA,NA,0 no negation,NA,0 no negation
8721,zhidao,/BJCMC/0409_SS.cha,investigator,"INV: 中班[/]中班啊,中班干啥你也不知道是吧?",2 CP,,2 second_person,0 No,,2 second_person,4 tag_question,2 wh_question,NA,NA,4 tag_question,2 wh_question,NA,NA,2 不,NA,2 不
8722,zhidao,/BJCMC/0500_BB.cha,investigator,INV: 那你知道麻将怎么赢吗?,2 CP,,2 second_person,2 CP,,2 second_person,1 polar_question,2 wh_question,NA,NA,1 polar_question,2 wh_question,NA,NA,0 no negation,NA,0 no negation
8723,zhidao,/BJCMC/0500_TT.cha,investigator,INV: 我也不知道为什么.,2 CP,,1 first_person,2 CP,,1 first_person,0 declarative,2 wh_question,NA,NA,0 declarative,2 wh_question,NA,NA,2 不,NA,2 不
8724,zhidao,/BJCMC/0500_TT.cha,investigator,"INV: 嗯,我也不知道.",0 No,0 No,1 first_person,0 No,,1 first_person,0 declarative,,NA,NA,0 declarative,,NA,NA,2 不,NA,2 不
8725,zhidao,/BJCMC/0500_XY.cha,investigator,INV: 你知道它为什么叫天空之城吗?,2 CP,,2 second_person,2 CP,,2 second_person,1 polar_question,2 wh_question,NA,NA,1 polar_question,2 wh_question,NA,NA,0 no negation,NA,0 no negation
8726,zhidao,/BJCMC/0500_XY.cha,investigator,"INV: 哦,那这个故事是你就是看书知道的.",0 No,0 No,0 dropped,0 No,,0 dropped,0 declarative,,NA,NA,0 declarative,0 declarative,NA,NA,0 no negation,NA,0 no negation
8727,zhidao,/BJCMC/0500_YD.cha,investigator,INV: 我就知道了.,0 No,0 No,1 first_person,0 No,,1 first_person,0 declarative,,NA,NA,0 declarative,,NA,NA,0 no negation,NA,0 no negation
8728,zhidao,/BJCMC/0503_DD.cha,investigator,INV: 不知道.,0 No,0 No,0 dropped,0 No,,0 dropped,0 declarative,,NA,NA,0 declarative,,NA,NA,2 不,NA,2 不
8729,zhidao,/BJCMC/0503_DD.cha,investigator,INV: 但是我也不知道是什么虫子.,2 CP,,2 second_person,2 CP,,1 first_person,0 declarative,2 wh_question,NA,NA,0 declarative,2 wh_question,NA,NA,2 不,NA,2 不
8730,zhidao,/BJCMC/0503_DD.cha,investigator,INV: 嗯那你知道什么[?]/.,4 NP,2 NP,1 first_person,2 CP,,2 second_person,2 wh_question,,NA,NA,1 polar_question,,NA,NA,0 no negation,NA,0 no negation
8731,zhidao,/BJCMC/0503_DD.cha,investigator,INV: 嗯我不知道啊.,0 No,0 No,1 first_person,0 No,,1 first_person,0 declarative,,NA,NA,0 declarative,,NA,NA,2 不,NA,2 不
8732,zhidao,/BJCMC/0503_DD.cha,investigator,INV: 这个我知道怎么玩.,2 CP,,1 first_person,2 CP,,1 first_person,0 declarative,2 wh_question,NA,NA,0 declarative,2 wh_question,NA,NA,0 no negation,NA,0 no negation
8733,zhidao,/BJCMC/0503_LL.cha,investigator,INV: 我知道啊.,0 No,0 No,1 first_person,0 No,,1 first_person,0 declarative,,NA,NA,0 declarative,,NA,NA,0 no negation,NA,0 no negation
8734,zhidao,/BJCMC/0503_LL.cha,investigator,INV: 你咋知道还有三个?,2 CP,,2 second_person,2 CP,,2 second_person,3 how/why,0 declarative,NA,NA,3 how/why,0 declarative,NA,NA,0 no negation,NA,0 no negation
8735,zhidao,/BJCMC/0503_LL.cha,investigator,INV: 不知道?,0 No,0 No,0 dropped,0 No,,0 dropped,1 polar_question,,NA,NA,1 polar_question,,NA,NA,2 不,NA,2 不
8736,zhidao,/BJCMC/0503_LL.cha,investigator,INV: 我知道.,0 No,0 No,1 first_person,0 No,,1 first_person,0 declarative,,NA,NA,0 declarative,,NA,NA,0 no negation,NA,0 no negation
8737,zhidao,/BJCMC/0503_LL.cha,investigator,INV: 为啥知道不?,0 No,0 No,0 dropped,0 No,,0 dropped,3 how/why,,NA,NA,4 tag_question,2 wh_question,NA,NA,0 no negation,NA,0 no negation
8738,zhidao,/BJCMC/0506_DD.cha,investigator,INV: 哦确实我也不知道.,0 No,0 No,1 first_person,0 No,,1 first_person,0 declarative,,NA,NA,0 declarative,,NA,NA,2 不,NA,2 不
8739,zhidao,/BJCMC/0506_DD.cha,investigator,"INV: <哦你,就是说你只是知道这个线叫这个.",2 CP,,2 second_person,2 CP,,2 second_person,0 declarative,0 declarative,NA,NA,0 declarative,0 declarative,NA,NA,0 no negation,NA,0 no negation
8740,zhidao,/BJCMC/0506_DD.cha,investigator,INV: 但我不知道为什么.,2 CP,,1 first_person,2 CP,,1 first_person,0 declarative,2 wh_question,NA,NA,0 declarative,2 wh_question,NA,NA,2 不,NA,2 不
8741,zhidao,/BJCMC/0506_HH.cha,investigator,INV: 你也不知道.,0 No,0 No,2 second_person,0 No,,2 second_person,0 declarative,,NA,NA,0 declarative,,NA,NA,2 不,NA,2 不
8742,zhidao,/BJCMC/0506_XZZ.cha,investigator,INV: 你知道自己小时候长什么样子吗?,2 CP,,2 second_person,2 CP,,2 second_person,1 polar_question,2 wh_question,NA,NA,1 polar_question,2 wh_question,NA,NA,0 no negation,NA,0 no negation
8743,zhidao,/BJCMC/0506_XZZ.cha,investigator,INV: 还不知道?,0 No,0 No,0 dropped,0 No,,0 dropped,1 polar_question,,NA,NA,1 polar_question,,NA,NA,2 不,NA,2 不
8744,zhidao,/BJCMC/0509_SQ.cha,investigator,INV: 不知道他在说什么.,2 CP,,0 dropped,2 CP,,0 dropped,0 declarative,2 wh_question,NA,NA,0 declarative,2 wh_question,NA,NA,2 不,NA,2 不
8745,zhidao,/BJCMC/0509_SQ.cha,investigator,"INV: 呃,这个人好像还不知道发生了什么.",2 CP,,0 dropped,2 CP,,3 third/NP,0 declarative,2 wh_question,NA,NA,0 declarative,2 wh_question,NA,NA,2 不,NA,2 不
8746,zhidao,/BJCMC/0509_SQ.cha,investigator,INV: 我怎么知道的?,0 No,0 No,1 first_person,0 No,,1 first_person,3 how/why,,NA,NA,3 how/why,,NA,NA,0 no negation,NA,0 no negation
8747,zhidao,/BJCMC/0509_YY.cha,investigator,INV: 我不知道啊.,0 No,0 No,1 first_person,0 No,,1 first_person,0 declarative,,NA,NA,0 declarative,,NA,NA,2 不,NA,2 不
8748,zhidao,/BJCMC/0509_ZC.cha,investigator,"INV: &-呃,不知道.",0 No,0 No,0 dropped,0 No,,0 dropped,0 declarative,,NA,NA,0 declarative,,NA,NA,2 不,NA,2 不
8749,zhidao,/BJCMC/0509_ZC.cha,investigator,INV: 不知道.,0 No,0 No,0 dropped,0 No,,0 dropped,0 declarative,,NA,NA,0 declarative,,NA,NA,2 不,NA,2 不
8750,zhidao,/BJCMC/0509_ZC.cha,investigator,INV: 这什么东西你知道吗?,0 No,0 No,2 second_person,0 No,,2 second_person,4 tag_question,2 wh_question,NA,NA,4 tag_question,2 wh_question,NA,NA,0 no negation,NA,0 no negation
8751,zhidao,/BJCMC/0509_ZC.cha,investigator,"INV: 噢,知道了.",0 No,0 No,0 dropped,0 No,,0 dropped,0 declarative,,NA,NA,0 declarative,,NA,NA,0 no negation,NA,0 no negation
8752,zhidao,/BJCMC/0600_MD.cha,investigator,"INV: 还有迪迦,你知道迪迦吗?",2 CP,,2 second_person,0 No,,2 second_person,1 polar_question,,NA,NA,1 polar_question,,NA,NA,0 no negation,NA,0 no negation
8753,zhidao,/BJCMC/0600_MD.cha,investigator,"INV: 这个是什么,这是谁,你知道吗?",0 No,0 No,2 second_person,0 No,,2 second_person,4 tag_question,2 wh_question,NA,NA,4 tag_question,2 wh_question,NA,NA,0 no negation,NA,0 no negation
8754,zhidao,/BJCMC/0600_MD.cha,investigator,"INV: 哦,这是小猪佩奇,你知道吧?",0 No,0 No,2 second_person,0 No,,2 second_person,4 tag_question,0 declarative,NA,NA,4 tag_question,0 declarative,NA,NA,0 no negation,NA,0 no negation
8755,zhidao,/BJCMC/0600_MD.cha,investigator,"INV: 这个我知道,这是不是霸王龙&=holds:toy!",0 No,0 No,1 first_person,0 No,,1 first_person,0 declarative,,NA,NA,0 declarative,,NA,NA,0 no negation,NA,0 no negation
8756,zhidao,/BJCMC/0600_MM.cha,investigator,INV: 我不知道诶.,0 No,0 No,1 first_person,0 No,,1 first_person,0 declarative,,NA,NA,0 declarative,,NA,NA,2 不,NA,2 不
8757,zhidao,/BJCMC/0600_MM.cha,investigator,INV: 你知道它叫什么吗?,2 CP,,2 second_person,2 CP,,2 second_person,1 polar_question,2 wh_question,NA,NA,1 polar_question,2 wh_question,NA,NA,0 no negation,NA,0 no negation
8758,zhidao,/BJCMC/0600_MM.cha,investigator,"INV: 哦我知道了这个是里面可以放水泥,是不是?",0 No,0 No,1 first_person,0 No,,1 first_person,4 tag_question,0 declarative,NA,NA,4 tag_question,0 declarative,NA,NA,0 no negation,NA,0 no negation
8759,zhidao,/BJCMC/0600_MM.cha,investigator,INV: &-诶你知道怎么搭房子吗这个?,2 CP,,2 second_person,2 CP,,2 second_person,1 polar_question,2 wh_question,NA,NA,1 polar_question,2 wh_question,NA,NA,0 no negation,NA,0 no negation
8760,zhidao,/BJCMC/0600_MM.cha,mother,MOT: 你不知道在哪里呀?,2 CP,,2 second_person,2 CP,,2 second_person,1 polar_question,2 wh_question,NA,NA,1 polar_question,2 wh_question,NA,NA,2 不,NA,2 不
8761,zhidao,/BJCMC/0600_MM.cha,investigator,INV: 哦这个[/]这个我知道.,0 No,0 No,1 first_person,0 No,,1 first_person,0 declarative,,NA,NA,0 declarative,,NA,NA,0 no negation,NA,0 no negation
8762,zhidao,/BJCMC/0600_MM.cha,investigator,INV: <&-哦我知道为什么了.,2 CP,,1 first_person,2 CP,,1 first_person,0 declarative,2 wh_question,NA,NA,0 declarative,2 wh_question,NA,NA,0 no negation,NA,0 no negation
8763,zhidao,/BJCMC/0600_YY.cha,investigator,INV: <知道的很多了.,0 No,4 RC的,0 dropped,0 No,,0 dropped,0 declarative,,NA,NA,0 declarative,,NA,NA,0 no negation,NA,0 no negation
8764,zhidao,/BJCMC/0603_XX.cha,investigator,"INV: &-噢你知道在哪,是吧?",2 CP,,2 second_person,2 CP,,2 second_person,4 tag_question,2 wh_question,NA,NA,4 tag_question,0 declarative,NA,NA,0 no negation,NA,0 no negation
8765,zhidao,/BJCMC/0603_XX.cha,investigator,INV: &-嗯不知道.,0 No,0 No,0 dropped,0 No,,0 dropped,0 declarative,,NA,NA,0 declarative,,NA,NA,2 不,NA,2 不
8766,zhidao,/BJCMC/0603_XX.cha,investigator,INV: <你还在哪>[//]你怎么知道俄罗斯方块这个游戏?,2 CP,,2 second_person,2 CP,,2 second_person,3 how/why,,NA,NA,3 how/why,0 declarative,NA,NA,0 no negation,NA,0 no negation
8767,zhidao,/BJCMC/0603_XX.cha,investigator,INV: &-噢知道了.,0 No,0 No,0 dropped,0 No,,0 dropped,0 declarative,,NA,NA,0 declarative,,NA,NA,0 no negation,NA,0 no negation
8768,zhidao,/BJCMC/0606_AA.cha,investigator,INV: 我知道你啥/.,2 CP,,1 first_person,2 CP,,1 first_person,0 declarative,2 wh_question,NA,NA,0 declarative,2 wh_question,NA,NA,0 no negation,NA,0 no negation
8769,zhidao,/BJCMC/0606_AA.cha,investigator,INV: 我也不知道叫啥&=laughs.,2 CP,,1 first_person,2 CP,,1 first_person,0 declarative,2 wh_question,NA,NA,0 declarative,,NA,NA,2 不,NA,2 不
8770,zhidao,/BJCMC/0606_AA.cha,investigator,INV: 你咋知道?,0 No,0 No,2 second_person,0 No,,2 second_person,3 how/why,,NA,NA,3 how/why,,NA,NA,0 no negation,NA,0 no negation
8771,zhidao,/BJCMC/0606_AA.cha,investigator,INV: <你怎么知道?,0 No,0 No,2 second_person,0 No,,2 second_person,3 how/why,,NA,NA,3 how/why,,NA,NA,0 no negation,NA,0 no negation
8772,zhidao,/BJCMC/0606_AA.cha,investigator,INV: 嗯[/]嗯知道.,0 No,0 No,0 dropped,0 No,,0 dropped,0 declarative,,NA,NA,0 declarative,,NA,NA,0 no negation,NA,0 no negation
8773,zhidao,/BJCMC/0606_AA.cha,investigator,INV: &-嗯不知道.,0 No,0 No,0 dropped,0 No,,0 dropped,0 declarative,,NA,NA,0 declarative,,NA,NA,2 不,NA,2 不
8774,zhidao,/BJCMC/0606_LL.cha,investigator,"INV: 不知道,就是喜欢.",0 No,0 No,0 dropped,0 No,,0 dropped,0 declarative,,NA,NA,0 declarative,,NA,NA,2 不,NA,2 不
8775,zhidao,/BJCMC/0606_LL.cha,investigator,INV: 我很想知道为什么.,2 CP,,1 first_person,2 CP,,1 first_person,0 declarative,2 wh_question,NA,NA,0 declarative,2 wh_question,NA,NA,0 no negation,NA,0 no negation
8776,zhidao,/BJCMC/0606_LL.cha,mother,MOT: 他们不知道你说哪个地儿.,2 CP,,3 third/NP,2 CP,,3 third/NP,0 declarative,2 wh_question,NA,NA,0 declarative,2 wh_question,NA,NA,2 不,NA,2 不
8777,zhidao,/BJCMC/0606_LL.cha,investigator,"INV: <哦,我知道什么意思了&=laughs.",2 CP,,1 first_person,2 CP,,1 first_person,0 declarative,2 wh_question,NA,NA,0 declarative,2 wh_question,NA,NA,0 no negation,NA,0 no negation
8778,zhidao,/BJCMC/0606_YY.cha,investigator,INV: 我不知道.,0 No,0 No,1 first_person,0 No,,1 first_person,0 declarative,,NA,NA,0 declarative,,NA,NA,2 不,NA,2 不
8779,zhidao,/BJCMC/0609_GG.cha,investigator,INV: <啊我知道小时候玩儿过.,2 CP,,1 first_person,2 CP,,1 first_person,0 declarative,0 declarative,NA,NA,0 declarative,0 declarative,NA,NA,0 no negation,NA,0 no negation
8780,zhidao,/BJCMC/0609_GG.cha,investigator,INV: 你知道小马宝莉吗?,2 CP,,2 second_person,0 No,,2 second_person,1 polar_question,,NA,NA,1 polar_question,,NA,NA,0 no negation,NA,0 no negation
8781,zhidao,/BJCMC/0609_GG.cha,investigator,"INV: <啊我知道,小猪佩奇&=laughs.",0 No,0 No,1 first_person,0 No,,1 first_person,0 declarative,,NA,NA,0 declarative,,NA,NA,0 no negation,NA,0 no negation
8782,zhidao,/BJCMC/0609_YE.cha,investigator,"INV: 哦,我知道.",0 No,0 No,1 first_person,0 No,,1 first_person,0 declarative,,NA,NA,0 declarative,,NA,NA,0 no negation,NA,0 no negation
8783,zhidao,/BJCMC/0609_YE.cha,investigator,INV: 我知道你手表密码了.,2 CP,,1 first_person,2 CP,,1 first_person,0 declarative,,NA,NA,0 declarative,,NA,NA,0 no negation,NA,0 no negation
1,juede,/ZhouDinner/middle/15.cha,father,FAT: 你觉得今天的这几个菜哪个菜好吃一点呀?,2 CP,,2 second_person,2 CP,,2 second_person,2 wh_question,3 base-generated wh/polar,2 wh_question,3 base-generated wh/polar,NA,NA,NA,NA,0 no negation,NA,0 no negation
4,juede,/ZhouDinner/middle/32.cha,mother,MOT: 我觉得北极熊有可能追不上他.,2 CP,,1 first_person,2 CP,,1 first_person,0 declarative,0 declarative,0 declarative,0 declarative,NA,NA,NA,NA,0 no negation,NA,0 no negation
5,juede,/ZhouDinner/middle/35.cha,mother,"MOT: 我觉得那个皮还香呢,脆脆的!",2 CP,,1 first_person,2 CP,,1 first_person,0 declarative,0 declarative,0 declarative,0 declarative,NA,NA,NA,NA,0 no negation,NA,0 no negation
7,juede,/ZhouDinner/middle/47.cha,mother,MOT: 我觉得香香的.,0 No,1 Adj,1 first_person,2 CP,,1 first_person,0 declarative,0 declarative,0 declarative,0 declarative,NA,NA,NA,NA,0 no negation,NA,0 no negation
9,juede,/ZhouDinner/middle/47.cha,father,FAT: 觉得那个蛋饺怎么样?,2 CP,,0 dropped,2 CP,,0 dropped,2 wh_question,3 base-generated wh/polar,2 wh_question,0 declarative,NA,NA,NA,NA,0 no negation,NA,0 no negation
10,juede,/ZhouDinner/middle/51.cha,mother,MOT: 我觉得有点甜.,0 No,1 Adj,1 first_person,0 No,1 Adj,1 first_person,0 declarative,0 declarative,0 declarative,0 declarative,NA,NA,NA,NA,0 no negation,NA,0 no negation
11,juede,/ZhouDinner/middle/58.cha,mother,MOT: 还是你觉得你比我吃得快?,2 CP,,2 second_person,2 CP,,2 second_person,1 polar_question,0 declarative,1 polar_question,0 declarative,NA,NA,NA,NA,0 no negation,NA,0 no negation
12,juede,/ZhouDinner/middle/58.cha,mother,MOT: 你有没有觉得你的饭已经冷掉啦?,2 CP,,2 second_person,2 CP,,2 second_person,1 polar_question,0 declarative,1 polar_question,0 declarative,NA,NA,NA,NA,0 no negation,NA,0 no negation
13,juede,/ZhouDinner/middle/59.cha,grandma,GMO: 我觉得这个桌子太小.,2 CP,,1 first_person,2 CP,,1 first_person,0 declarative,0 declarative,0 declarative,0 declarative,NA,NA,NA,NA,0 no negation,NA,0 no negation
15,juede,/ZhouDinner/middle/66.cha,mother,MOT: <你觉得这个>[//]我觉得这个菠菜特别好吃.,2 CP,,1 first_person,2 CP,,1 first_person,0 declarative,0 declarative,0 declarative,0 declarative,NA,NA,NA,NA,0 no negation,NA,0 no negation
16,juede,/ZhouDinner/middle/66.cha,mother,MOT: 你觉得你的牙齿蛀掉了吗?,2 CP,,2 second_person,2 CP,,2 second_person,1 polar_question,0 declarative,1 polar_question,0 declarative,NA,NA,NA,NA,0 no negation,NA,0 no negation
19,juede,/ZhouDinner/middle/66.cha,mother,MOT: 然后你也会觉得啊这个菜真好吃!,2 CP,,2 second_person,2 CP,,2 second_person,0 declarative,0 declarative,0 declarative,0 declarative,NA,NA,NA,NA,0 no negation,NA,0 no negation
20,juede,/ZhouDinner/middle/70.cha,mother,MOT: 但是妈妈觉得你菜和饭都要吃啊.,2 CP,,4 self_reference,2 CP,,4 self_reference,0 declarative,0 declarative,0 declarative,0 declarative,NA,NA,NA,NA,0 no negation,NA,0 no negation
23,juede,/ZhouDinner/upper/02.cha,mother,MOT: 今天上课觉得打瞌睡不?,2 CP,,0 dropped,2 CP,,0 dropped,1 polar_question,3 base-generated wh/polar,1 polar_question,0 declarative,NA,NA,NA,NA,0 no negation,NA,0 no negation
24,juede,/ZhouDinner/upper/02.cha,mother,"MOT: 觉得很困,对吧?",0 No,1 Adj,0 dropped,0 No,1 Adj,0 dropped,4 tag_question,0 declarative,4 tag_question,0 declarative,NA,NA,NA,NA,0 no negation,NA,0 no negation
25,juede,/ZhouDinner/upper/02.cha,mother,MOT: 你觉得味道怎么样?,2 CP,,2 second_person,2 CP,,2 second_person,2 wh_question,3 base-generated wh/polar,2 wh_question,3 base-generated wh/polar,NA,NA,NA,NA,0 no negation,NA,0 no negation
26,juede,/ZhouDinner/upper/02.cha,mother,"MOT: 今天画画课,你觉得怎么样?",2 CP,,2 second_person,2 CP,,2 second_person,2 wh_question,3 base-generated wh/polar,2 wh_question,3 base-generated wh/polar,NA,NA,NA,NA,0 no negation,NA,0 no negation
27,juede,/ZhouDinner/upper/02.cha,mother,MOT: 我就觉得你的那个<大象呀>[//]大象身上的毯子没画好!,2 CP,,1 first_person,2 CP,,1 first_person,0 declarative,0 declarative,0 declarative,0 declarative,NA,NA,NA,NA,0 no negation,NA,0 no negation
28,juede,/ZhouDinner/upper/07.cha,father,FAT: 你觉得这个鸡蛋给谁吃啊?,2 CP,,2 second_person,2 CP,,2 second_person,2 wh_question,3 base-generated wh/polar,2 wh_question,3 base-generated wh/polar,NA,NA,NA,NA,0 no negation,NA,0 no negation
29,juede,/ZhouDinner/upper/19.cha,mother,MOT: 那你觉得汉堡包应该xxx?,0 No,3 Incomplete,2 second_person,0 No,3 Incomplete,2 second_person,,,,,NA,NA,NA,NA,0 no negation,NA,0 no negation
30,juede,/ZhouDinner/upper/19.cha,mother,"MOT: 这个汉堡包,你觉得应该怎么做?",2 CP,,2 second_person,2 CP,,2 second_person,2 wh_question,3 base-generated wh/polar,3 how/why,3 base-generated wh/polar,NA,NA,NA,NA,0 no negation,NA,0 no negation
31,juede,/ZhouDinner/upper/19.cha,mother,MOT: 那你觉得它为什么要把这些东西放在一起呢?,2 CP,,2 second_person,2 CP,,2 second_person,2 wh_question,3 base-generated wh/polar,3 how/why,3 base-generated wh/polar,NA,NA,NA,NA,0 no negation,NA,0 no negation
34,juede,/ZhouDinner/upper/44.cha,father,FAT: 我觉得我们像外地人一样的.,2 CP,,1 first_person,2 CP,,1 first_person,0 declarative,0 declarative,0 declarative,0 declarative,NA,NA,NA,NA,0 no negation,NA,0 no negation
35,juede,/ZhouDinner/upper/45.cha,mother,MOT: 你觉得谁白啦?,2 CP,,2 second_person,2 CP,,2 second_person,2 wh_question,3 base-generated wh/polar,2 wh_question,3 base-generated wh/polar,NA,NA,NA,NA,0 no negation,NA,0 no negation
37,juede,/ZhouDinner/upper/62.cha,mother,MOT: 其实我觉得鱼肉很好吃的.,2 CP,,1 first_person,2 CP,,1 first_person,0 declarative,0 declarative,0 declarative,0 declarative,NA,NA,NA,NA,0 no negation,NA,0 no negation
779,juede,/Zhou2/60/fa07.cha,mother,MOT: 你觉得自己搭的那个.,0 No,4 RC的,2 second_person,0 No,4 RC的,2 second_person,0 declarative,0 declarative,0 declarative,0 declarative,NA,NA,NA,NA,0 no negation,NA,0 no negation
781,juede,/Zhou2/60/fb16.cha,mother,MOT: 小乌龟觉得奇怪.,0 No,1 Adj,3 third/NP,0 No,1 Adj,3 third/NP,0 declarative,0 declarative,0 declarative,0 declarative,NA,NA,NA,NA,0 no negation,NA,0 no negation
782,juede,/Zhou2/60/fb17.cha,mother,MOT: 嗯我觉得这个像什么?,2 CP,,1 first_person,2 CP,,1 first_person,2 wh_question,3 base-generated wh/polar,2 wh_question,3 base-generated wh/polar,NA,NA,NA,NA,0 no negation,NA,0 no negation
783,juede,/Zhou2/60/fb17.cha,mother,"MOT: 嗯你觉得像个小乌龟,就像个小乌龟.",2 CP,,2 second_person,2 CP,,2 second_person,0 declarative,0 declarative,0 declarative,0 declarative,NA,NA,NA,NA,0 no negation,NA,0 no negation
784,juede,/Zhou2/60/fb17.cha,mother,MOT: 我觉得是个恐龙.,2 CP,,1 first_person,2 CP,,1 first_person,0 declarative,0 declarative,0 declarative,0 declarative,NA,NA,NA,NA,0 no negation,NA,0 no negation
785,juede,/Zhou2/60/fb17.cha,mother,MOT: 那我觉得这边好像还差个小鸟什么的.,2 CP,,1 first_person,2 CP,,1 first_person,0 declarative,0 declarative,0 declarative,0 declarative,NA,NA,NA,NA,0 no negation,NA,0 no negation
786,juede,/Zhou2/60/fb17.cha,mother,MOT: 我觉得他像个海豚.,2 CP,,1 first_person,2 CP,,1 first_person,0 declarative,0 declarative,0 declarative,0 declarative,NA,NA,NA,NA,0 no negation,NA,0 no negation
787,juede,/Zhou2/60/ma02.cha,mother,MOT: 我觉得火箭也蛮好.,2 CP,,1 first_person,2 CP,,1 first_person,0 declarative,0 declarative,0 declarative,0 declarative,NA,NA,NA,NA,0 no negation,NA,0 no negation
788,juede,/Zhou2/60/ma02.cha,mother,MOT: 我觉得你画得不好.,2 CP,,1 first_person,2 CP,,1 first_person,0 declarative,0 declarative,0 declarative,0 declarative,NA,NA,NA,NA,0 no negation,NA,0 no negation
789,juede,/Zhou2/60/ma02.cha,mother,MOT: 我觉得你画得不好.,2 CP,,1 first_person,2 CP,,1 first_person,0 declarative,0 declarative,0 declarative,0 declarative,NA,NA,NA,NA,0 no negation,NA,0 no negation
790,juede,/Zhou2/60/ma02.cha,mother,MOT: 我觉得你应该在画上再加点东西.,2 CP,,1 first_person,2 CP,,1 first_person,0 declarative,0 declarative,0 declarative,0 declarative,NA,NA,NA,NA,0 no negation,NA,0 no negation
791,juede,/Zhou2/60/ma02.cha,mother,"MOT: 爸爸,妈妈觉得很奇怪嗯.",0 No,1 Adj,4 self_reference,0 No,1 Adj,4 self_reference,0 declarative,0 declarative,0 declarative,0 declarative,NA,NA,NA,NA,0 no negation,NA,0 no negation
792,juede,/Zhou2/60/ma03.cha,mother,MOT: 你还觉得?,0 No,0 No,2 second_person,0 No,0 No,2 second_person,1 polar_question,,1 polar_question,,NA,NA,NA,NA,0 no negation,NA,0 no negation
793,juede,/Zhou2/60/ma03.cha,mother,MOT: 你觉得呢?,0 No,0 No,2 second_person,0 No,0 No,2 second_person,1 polar_question,,1 polar_question,,NA,NA,NA,NA,0 no negation,NA,0 no negation
794,juede,/Zhou2/60/ma03.cha,mother,"MOT: 小乌龟觉得奇怪,去摸小星星.",0 No,1 Adj,3 third/NP,0 No,1 Adj,3 third/NP,0 declarative,0 declarative,0 declarative,0 declarative,NA,NA,NA,NA,0 no negation,NA,0 no negation
795,juede,/Zhou2/60/ma03.cha,mother,"MOT: 小企鹅觉得奇怪,赶紧上前去摸一下.",0 No,1 Adj,3 third/NP,0 No,1 Adj,3 third/NP,0 declarative,0 declarative,0 declarative,0 declarative,NA,NA,NA,NA,0 no negation,NA,0 no negation
796,juede,/Zhou2/60/ma03.cha,mother,MOT: 你觉得星星长的什么样就画什么样.,2 CP,,2 second_person,2 CP,,2 second_person,0 declarative,2 wh_question,0 declarative,0 declarative,NA,NA,NA,NA,0 no negation,NA,0 no negation
798,juede,/Zhou2/60/ma03.cha,mother,MOT: 我觉得像那个超级光能里面<那个>[/]那个坏蛋叫什么.,2 CP,,1 first_person,2 CP,,1 first_person,0 declarative,0 declarative,0 declarative,0 declarative,NA,NA,NA,NA,0 no negation,NA,0 no negation
799,juede,/Zhou2/60/ma05.cha,mother,MOT: 老鼠的尾巴妈妈觉得不长嘛.,0 No,1 Adj,4 self_reference,0 No,1 Adj,4 self_reference,0 declarative,0 declarative,0 declarative,0 declarative,NA,NA,NA,NA,0 no negation,NA,0 no negation
800,juede,/Zhou2/60/ma05.cha,mother,MOT: 小乌龟觉得很奇怪.,0 No,1 Adj,3 third/NP,0 No,1 Adj,3 third/NP,0 declarative,0 declarative,0 declarative,0 declarative,NA,NA,NA,NA,0 no negation,NA,0 no negation
801,juede,/Zhou2/60/ma05.cha,mother,MOT: 企鹅觉得奇怪就伸手去摸了一下小星星.,0 No,1 Adj,3 third/NP,0 No,1 Adj,3 third/NP,0 declarative,0 declarative,0 declarative,0 declarative,NA,NA,NA,NA,0 no negation,NA,0 no negation
802,juede,/Zhou2/42/fa08.cha,mother,MOT: 大家觉得这个主意不错.,2 CP,,3 third/NP,2 CP,,3 third/NP,0 declarative,0 declarative,0 declarative,0 declarative,NA,NA,NA,NA,0 no negation,NA,0 no negation
803,juede,/Zhou2/42/fa10.cha,mother,MOT: 这样子你觉得它坚固吗?,2 CP,,2 second_person,2 CP,,2 second_person,1 polar_question,0 declarative,1 polar_question,0 declarative,NA,NA,NA,NA,0 no negation,NA,0 no negation
804,juede,/Zhou2/42/fa10.cha,mother,MOT: 你觉得它会不会听话?,2 CP,,2 second_person,2 CP,,2 second_person,1 polar_question,3 base-generated wh/polar,1 polar_question,3 base-generated wh/polar,NA,NA,NA,NA,0 no negation,NA,0 no negation
805,juede,/Zhou2/42/ma04.cha,mother,"MOT: 你看爸爸在这边看报纸,觉得真奇怪.",0 No,1 Adj,0 dropped,0 No,1 Adj,0 dropped,0 declarative,0 declarative,0 declarative,0 declarative,NA,NA,NA,NA,0 no negation,NA,0 no negation
806,juede,/Zhou2/42/ma05.cha,mother,MOT: 小乌龟觉得奇怪.,0 No,1 Adj,3 third/NP,0 No,1 Adj,3 third/NP,0 declarative,0 declarative,0 declarative,0 declarative,NA,NA,NA,NA,0 no negation,NA,0 no negation
807,juede,/Zhou2/72/fa07.cha,mother,MOT: 小乌龟觉得很奇怪它摸了摸小星星.,0 No,1 Adj,3 third/NP,0 No,1 Adj,3 third/NP,0 declarative,0 declarative,0 declarative,0 declarative,NA,NA,NA,NA,0 no negation,NA,0 no negation
808,juede,/Zhou2/72/fa07.cha,mother,MOT: 小企鹅觉得奇怪伸手摸了摸.,0 No,1 Adj,3 third/NP,0 No,1 Adj,3 third/NP,0 declarative,0 declarative,0 declarative,0 declarative,NA,NA,NA,NA,0 no negation,NA,0 no negation
809,juede,/Zhou2/72/fa07.cha,mother,MOT: 小乌龟觉得它太软了要给它一个什么?,2 CP,,3 third/NP,2 CP,,3 third/NP,0 declarative,0 declarative,0 declarative,0 declarative,NA,NA,NA,NA,0 no negation,NA,0 no negation
810,juede,/Zhou2/72/fa07.cha,mother,MOT: 觉得它太冷了给它一个什么?,2 CP,,0 dropped,2 CP,,0 dropped,0 declarative,0 declarative,0 declarative,0 declarative,NA,NA,NA,NA,0 no negation,NA,0 no negation
811,juede,/Zhou2/72/fa07.cha,mother,MOT: 嗯它觉得.,0 No,0 No,3 third/NP,0 No,0 No,3 third/NP,0 declarative,,0 declarative,,NA,NA,NA,NA,0 no negation,NA,0 no negation
812,juede,/Zhou2/72/fa07.cha,mother,MOT: 小企鹅觉得它太热了给它一个冷的什么?,2 CP,,3 third/NP,2 CP,,3 third/NP,0 declarative,0 declarative,0 declarative,0 declarative,NA,NA,NA,NA,0 no negation,NA,0 no negation
813,juede,/Zhou2/72/fa08.cha,mother,MOT: 你觉得...,0 No,0 No,2 second_person,0 No,0 No,2 second_person,,,0 declarative,,NA,NA,NA,NA,0 no negation,NA,0 no negation
814,juede,/Zhou2/72/fa08.cha,mother,MOT: 你觉得画画给你带来什么感觉?,2 CP,,2 second_person,2 CP,,2 second_person,2 wh_question,3 base-generated wh/polar,2 wh_question,3 base-generated wh/polar,NA,NA,NA,NA,0 no negation,NA,0 no negation
817,juede,/Zhou2/72/fa08.cha,mother,MOT: 你看这些东西妈妈觉得很好.,0 No,1 Adj,4 self_reference,0 No,1 Adj,4 self_reference,0 declarative,0 declarative,0 declarative,0 declarative,NA,NA,NA,NA,0 no negation,NA,0 no negation
818,juede,/Zhou2/72/fa09.cha,mother,"MOT: 然后它爸爸,妈妈又觉得奇怪了.",0 No,1 Adj,4 self_reference,0 No,1 Adj,3 third/NP,0 declarative,0 declarative,0 declarative,0 declarative,NA,NA,NA,NA,0 no negation,NA,0 no negation
819,juede,/Zhou2/72/fa10.cha,mother,MOT: 他们觉得怎么了?,2 CP,,3 third/NP,2 CP,,3 third/NP,2 wh_question,3 base-generated wh/polar,2 wh_question,3 base-generated wh/polar,NA,NA,NA,NA,0 no negation,NA,0 no negation
821,juede,/Zhou2/72/fb16.cha,mother,MOT: 你觉得你做得快还是妈妈做得快?,2 CP,,2 second_person,2 CP,,2 second_person,1 polar_question,3 base-generated wh/polar,1 polar_question,3 base-generated wh/polar,NA,NA,NA,NA,0 no negation,NA,0 no negation
822,juede,/Zhou2/72/fb18.cha,mother,MOT: 这个你觉得还有意思啊?,0 No,1 Adj,2 second_person,2 CP,,2 second_person,1 polar_question,0 declarative,1 polar_question,0 declarative,NA,NA,NA,NA,0 no negation,NA,0 no negation
823,juede,/Zhou2/72/ma03.cha,mother,"MOT: 小企鹅觉得很奇怪,就伸出手来摸了摸.",0 No,1 Adj,3 third/NP,0 No,1 Adj,3 third/NP,0 declarative,0 declarative,0 declarative,0 declarative,NA,NA,NA,NA,0 no negation,NA,0 no negation
824,juede,/Zhou2/72/ma05.cha,mother,MOT: 他摸到冰袋上去了觉得好冷是不是啊?,0 No,1 Adj,0 dropped,0 No,1 Adj,0 dropped,1 polar_question,0 declarative,4 tag_question,0 declarative,NA,NA,NA,NA,0 no negation,NA,0 no negation
825,juede,/Zhou2/72/mb11.cha,mother,MOT: 你觉得好不好玩啊?,2 CP,,2 second_person,2 CP,,2 second_person,1 polar_question,3 base-generated wh/polar,1 polar_question,3 base-generated wh/polar,NA,NA,NA,NA,0 no negation,NA,0 no negation
828,juede,/Zhou2/48/fa05.cha,mother,MOT: 你觉得他不像乌龟.,2 CP,,2 second_person,2 CP,,2 second_person,0 declarative,0 declarative,0 declarative,0 declarative,NA,NA,NA,NA,0 no negation,NA,0 no negation
829,juede,/Zhou2/48/fa05.cha,mother,MOT: 小乌龟觉得很奇怪.,0 No,1 Adj,3 third/NP,0 No,1 Adj,3 third/NP,0 declarative,0 declarative,0 declarative,0 declarative,NA,NA,NA,NA,0 no negation,NA,0 no negation
830,juede,/Zhou2/48/fa05.cha,mother,MOT: 摸了摸觉得什么东西这么软啊?,2 CP,,0 dropped,2 CP,,0 dropped,2 wh_question,3 base-generated wh/polar,2 wh_question,3 base-generated wh/polar,NA,NA,NA,NA,0 no negation,NA,0 no negation
831,juede,/Zhou2/48/fa06.cha,mother,MOT: 你不觉得这像小白兔吗?,2 CP,,2 second_person,2 CP,,2 second_person,1 polar_question,0 declarative,1 polar_question,0 declarative,NA,NA,NA,NA,2 不,NA,2 不
832,juede,/Zhou2/48/fa06.cha,mother,MOT: 我觉得我们还是有问题哎.,2 CP,,1 first_person,2 CP,,1 first_person,0 declarative,0 declarative,0 declarative,0 declarative,NA,NA,NA,NA,0 no negation,NA,0 no negation
834,juede,/Zhou2/48/fa06.cha,mother,MOT: 你觉得很不错吗?,0 No,1 Adj,2 second_person,0 No,1 Adj,2 second_person,1 polar_question,0 declarative,1 polar_question,0 declarative,NA,NA,NA,NA,0 no negation,NA,0 no negation
835,juede,/Zhou2/48/fa06.cha,mother,MOT: 我觉得你真会搞笑.,2 CP,,1 first_person,2 CP,,1 first_person,0 declarative,0 declarative,0 declarative,0 declarative,NA,NA,NA,NA,0 no negation,NA,0 no negation
836,juede,/Zhou2/48/fa06.cha,mother,MOT: 我觉得你这个不错.,2 CP,,1 first_person,2 CP,,1 first_person,0 declarative,0 declarative,0 declarative,0 declarative,NA,NA,NA,NA,0 no negation,NA,0 no negation
837,juede,/Zhou2/48/fa06.cha,mother,MOT: 我觉得这个玩具蛮好的.,2 CP,,1 first_person,2 CP,,1 first_person,0 declarative,0 declarative,0 declarative,0 declarative,NA,NA,NA,NA,0 no negation,NA,0 no negation
838,juede,/Zhou2/48/fa06.cha,mother,MOT: 我觉得这个红蜻蜓是xxx的.,0 No,3 Incomplete,1 first_person,2 CP,,1 first_person,0 declarative,0 declarative,0 declarative,0 declarative,NA,NA,NA,NA,0 no negation,NA,0 no negation
839,juede,/Zhou2/48/fa06.cha,mother,MOT: 我觉得像蚂蚁.,2 CP,,1 first_person,2 CP,,1 first_person,0 declarative,0 declarative,0 declarative,0 declarative,NA,NA,NA,NA,0 no negation,NA,0 no negation
840,juede,/Zhou2/48/fa08.cha,mother,"MOT: 你要是觉得太难,就叫妈妈帮你一起做啊.",0 No,1 Adj,2 second_person,0 No,1 Adj,2 second_person,0 declarative,0 declarative,0 declarative,0 declarative,NA,NA,NA,NA,0 no negation,NA,0 no negation
842,juede,/Zhou2/48/fa08.cha,mother,MOT: 那我们你觉得画好嘞?,2 CP,,2 second_person,2 CP,,2 second_person,1 polar_question,0 declarative,1 polar_question,0 declarative,NA,NA,NA,NA,0 no negation,NA,0 no negation
843,juede,/Zhou2/48/fa08.cha,mother,MOT: 你觉得这个小朋友好不好看?,2 CP,,2 second_person,2 CP,,2 second_person,1 polar_question,3 base-generated wh/polar,1 polar_question,3 base-generated wh/polar,NA,NA,NA,NA,0 no negation,NA,0 no negation
844,juede,/Zhou2/48/fa09.cha,mother,MOT: 小乌龟觉得很奇怪.,0 No,1 Adj,3 third/NP,0 No,1 Adj,3 third/NP,0 declarative,0 declarative,0 declarative,0 declarative,NA,NA,NA,NA,0 no negation,NA,0 no negation
845,juede,/Zhou2/48/fa09.cha,mother,MOT: 小企鹅觉得很奇怪就伸手去摸.,0 No,1 Adj,3 third/NP,0 No,1 Adj,3 third/NP,0 declarative,0 declarative,0 declarative,0 declarative,NA,NA,NA,NA,0 no negation,NA,0 no negation
846,juede,/Zhou2/48/fa10.cha,mother,MOT: 他觉得很奇怪.,0 No,1 Adj,3 third/NP,0 No,1 Adj,3 third/NP,0 declarative,0 declarative,0 declarative,0 declarative,NA,NA,NA,NA,0 no negation,NA,0 no negation
847,juede,/Zhou2/48/ma03.cha,mother,MOT: 你觉得它是什么形状?,2 CP,,2 second_person,2 CP,,2 second_person,2 wh_question,3 base-generated wh/polar,2 wh_question,3 base-generated wh/polar,NA,NA,NA,NA,0 no negation,NA,0 no negation
848,juede,/Zhou2/48/mb11.cha,mother,MOT: 大家都觉得这个主意不错.,2 CP,,3 third/NP,2 CP,,3 third/NP,0 declarative,0 declarative,0 declarative,0 declarative,NA,NA,NA,NA,0 no negation,NA,0 no negation
849,juede,/Zhou2/48/mb12.cha,mother,MOT: 小乌龟觉得奇怪.,0 No,1 Adj,3 third/NP,0 No,1 Adj,3 third/NP,0 declarative,0 declarative,0 declarative,0 declarative,NA,NA,NA,NA,0 no negation,NA,0 no negation
850,juede,/Zhou2/48/mb12.cha,mother,MOT: 小企鹅觉得奇怪.,0 No,1 Adj,3 third/NP,0 No,1 Adj,3 third/NP,0 declarative,0 declarative,0 declarative,0 declarative,NA,NA,NA,NA,0 no negation,NA,0 no negation
851,juede,/Zhou2/48/mb13.cha,mother,MOT: 你看看觉得这个图是怎么搭的?,2 CP,,0 dropped,2 CP,,0 dropped,2 wh_question,3 base-generated wh/polar,3 how/why,3 base-generated wh/polar,NA,NA,NA,NA,0 no negation,NA,0 no negation
852,juede,/Zhou2/48/mb13.cha,mother,MOT: 我看好像觉得还有一点不像.,2 CP,,0 dropped,2 CP,,0 dropped,0 declarative,0 declarative,0 declarative,0 declarative,NA,NA,NA,NA,0 no negation,NA,0 no negation
853,juede,/Zhou2/66/fa08.cha,mother,MOT: 小乌龟觉得很奇怪它摸了摸小星星.,0 No,1 Adj,3 third/NP,0 No,1 Adj,3 third/NP,0 declarative,0 declarative,0 declarative,0 declarative,NA,NA,NA,NA,0 no negation,NA,0 no negation
854,juede,/Zhou2/66/fa08.cha,mother,MOT: 小企鹅觉得很热.,0 No,1 Adj,3 third/NP,0 No,1 Adj,3 third/NP,0 declarative,0 declarative,0 declarative,0 declarative,NA,NA,NA,NA,0 no negation,NA,0 no negation
855,juede,/Zhou2/66/fa08.cha,mother,MOT: 觉得很奇怪.,0 No,1 Adj,0 dropped,0 No,1 Adj,0 dropped,0 declarative,0 declarative,0 declarative,0 declarative,NA,NA,NA,NA,0 no negation,NA,0 no negation
856,juede,/Zhou2/66/fb19.cha,mother,"MOT: ""好像有什么声音觉得很奇怪,是不是?",0 No,1 Adj,0 dropped,0 No,1 Adj,0 dropped,0 declarative,0 declarative,4 tag_question,0 declarative,NA,NA,NA,NA,0 no negation,NA,0 no negation
857,juede,/Zhou2/66/fb19.cha,mother,"MOT: 它们爸爸,妈妈又觉得好像又声音在响.",2 CP,,3 third/NP,2 CP,,3 third/NP,0 declarative,0 declarative,0 declarative,0 declarative,NA,NA,NA,NA,0 no negation,NA,0 no negation
858,juede,/Zhou2/66/fb19.cha,mother,"MOT: 这只皮皮鼠又听到爸爸,妈妈在说话觉得好害怕.",0 No,1 Adj,0 dropped,0 No,1 Adj,0 dropped,0 declarative,0 declarative,0 declarative,0 declarative,NA,NA,NA,NA,0 no negation,NA,0 no negation
860,juede,/Zhou2/66/ma02.cha,mother,MOT: 你觉得像不像?,2 CP,,2 second_person,2 CP,,2 second_person,1 polar_question,3 base-generated wh/polar,1 polar_question,3 base-generated wh/polar,NA,NA,NA,NA,0 no negation,NA,0 no negation
861,juede,/Zhou2/66/ma04.cha,mother,MOT: 我觉得不对吧.,0 No,1 Adj,1 first_person,2 CP,,1 first_person,1 polar_question,0 declarative,0 declarative,0 declarative,NA,NA,NA,NA,0 no negation,NA,0 no negation
862,juede,/Zhou2/66/mb11.cha,mother,MOT: 你觉得呢?,0 No,0 No,2 second_person,0 No,0 No,2 second_person,1 polar_question,,1 polar_question,,NA,NA,NA,NA,0 no negation,NA,0 no negation
863,juede,/Zhou2/66/mb11.cha,mother,MOT: 小乌龟就问小星星你是谁呀小星星还是不说话小乌龟觉得很奇怪它就摸摸小星星的摸摸小星星说什么东西这么软呀.,0 No,1 Adj,3 third/NP,0 No,1 Adj,3 third/NP,0 declarative,0 declarative,0 declarative,0 declarative,NA,NA,NA,NA,0 no negation,NA,0 no negation
864,juede,/Zhou2/66/mb11.cha,mother,MOT: 觉得怎么样啊?,2 CP,,0 dropped,2 CP,,0 dropped,2 wh_question,3 base-generated wh/polar,2 wh_question,3 base-generated wh/polar,NA,NA,NA,NA,0 no negation,NA,0 no negation
865,juede,/Zhou2/66/mb11.cha,mother,MOT: 你觉得那四样不好玩啊?,2 CP,,2 second_person,2 CP,,2 second_person,1 polar_question,0 declarative,1 polar_question,0 declarative,NA,NA,NA,NA,0 no negation,NA,0 no negation
866,juede,/Zhou2/36/fa06.cha,mother,MOT: 妈妈觉得呢是菱形.,2 CP,,4 self_reference,2 CP,,4 self_reference,0 declarative,0 declarative,0 declarative,0 declarative,NA,NA,NA,NA,0 no negation,NA,0 no negation
868,juede,/Zhou2/36/ma04.cha,mother,MOT: 你觉得不像蛋糕.,2 CP,,2 second_person,2 CP,,2 second_person,0 declarative,0 declarative,0 declarative,0 declarative,NA,NA,NA,NA,0 no negation,NA,0 no negation
869,juede,/Zhou2/36/ma04.cha,mother,MOT: 你觉得像什么?,2 CP,,2 second_person,2 CP,,2 second_person,2 wh_question,3 base-generated wh/polar,2 wh_question,3 base-generated wh/polar,NA,NA,NA,NA,0 no negation,NA,0 no negation
870,juede,/Zhou2/54/fa07.cha,mother,MOT: 我觉得这都不像一个皮袄.,2 CP,,1 first_person,2 CP,,1 first_person,0 declarative,0 declarative,0 declarative,0 declarative,NA,NA,NA,NA,0 no negation,NA,0 no negation
871,juede,/Zhou2/54/fa07.cha,mother,MOT: 小乌龟呢就觉得奇怪.,0 No,1 Adj,3 third/NP,0 No,1 Adj,3 third/NP,0 declarative,0 declarative,0 declarative,0 declarative,NA,NA,NA,NA,0 no negation,NA,0 no negation
872,juede,/Zhou2/54/fa07.cha,mother,MOT: 你觉得呢?,0 No,0 No,2 second_person,0 No,0 No,2 second_person,1 polar_question,,1 polar_question,,NA,NA,NA,NA,0 no negation,NA,0 no negation
873,juede,/Zhou2/54/fa07.cha,mother,MOT: 然后小企鹅就觉得很奇怪.,0 No,1 Adj,3 third/NP,0 No,1 Adj,3 third/NP,0 declarative,0 declarative,0 declarative,0 declarative,NA,NA,NA,NA,0 no negation,NA,0 no negation
874,juede,/Zhou2/54/fa07.cha,mother,MOT: 你觉得这个是什么啊?,2 CP,,2 second_person,2 CP,,2 second_person,2 wh_question,3 base-generated wh/polar,2 wh_question,3 base-generated wh/polar,NA,NA,NA,NA,0 no negation,NA,0 no negation
875,juede,/Zhou2/54/fa07.cha,mother,MOT: 你觉得是冷还是热呢?,2 CP,,2 second_person,2 CP,,2 second_person,1 polar_question,3 base-generated wh/polar,1 polar_question,3 base-generated wh/polar,NA,NA,NA,NA,0 no negation,NA,0 no negation
876,juede,/Zhou2/54/fa09.cha,mother,MOT: 你觉得呢?,0 No,0 No,2 second_person,0 No,0 No,2 second_person,1 polar_question,,1 polar_question,,NA,NA,NA,NA,0 no negation,NA,0 no negation
877,juede,/Zhou2/54/fa09.cha,mother,MOT: 小乌龟觉得奇怪.,0 No,1 Adj,3 third/NP,0 No,1 Adj,3 third/NP,0 declarative,0 declarative,0 declarative,0 declarative,NA,NA,NA,NA,0 no negation,NA,0 no negation
878,juede,/Zhou2/54/fa09.cha,mother,"MOT: 小企鹅觉得奇怪,就伸手去摸了一下.",0 No,1 Adj,3 third/NP,0 No,1 Adj,3 third/NP,0 declarative,0 declarative,0 declarative,0 declarative,NA,NA,NA,NA,0 no negation,NA,0 no negation
879,juede,/Zhou2/54/fa09.cha,mother,"MOT: 所以它一摸被子,觉得很热.",0 No,1 Adj,0 dropped,0 No,1 Adj,0 dropped,0 declarative,0 declarative,0 declarative,0 declarative,NA,NA,NA,NA,0 no negation,NA,0 no negation
880,juede,/Zhou2/54/fa09.cha,mother,MOT: 觉得太冷.,0 No,1 Adj,0 dropped,0 No,1 Adj,0 dropped,0 declarative,0 declarative,0 declarative,0 declarative,NA,NA,NA,NA,0 no negation,NA,0 no negation
881,juede,/Zhou2/54/fa09.cha,mother,MOT: 觉得很冷啊?,0 No,1 Adj,0 dropped,0 No,1 Adj,0 dropped,1 polar_question,0 declarative,1 polar_question,0 declarative,NA,NA,NA,NA,0 no negation,NA,0 no negation
882,juede,/Zhou2/54/fa09.cha,mother,MOT: 你觉得好不好玩?,2 CP,,2 second_person,2 CP,,2 second_person,1 polar_question,3 base-generated wh/polar,1 polar_question,3 base-generated wh/polar,NA,NA,NA,NA,0 no negation,NA,0 no negation
883,juede,/Zhou2/54/fa09.cha,mother,MOT: 你觉得这个应该放哪?,2 CP,,2 second_person,2 CP,,2 second_person,2 wh_question,3 base-generated wh/polar,2 wh_question,3 base-generated wh/polar,NA,NA,NA,NA,0 no negation,NA,0 no negation
884,juede,/Zhou2/54/fb19.cha,mother,MOT: 妈妈觉得这个好.,2 CP,,4 self_reference,2 CP,,4 self_reference,0 declarative,0 declarative,0 declarative,0 declarative,NA,NA,NA,NA,0 no negation,NA,0 no negation
885,juede,/Zhou2/54/fb19.cha,mother,MOT: 你觉得它应该怎么玩?,2 CP,,2 second_person,2 CP,,2 second_person,2 wh_question,3 base-generated wh/polar,3 how/why,3 base-generated wh/polar,NA,NA,NA,NA,0 no negation,NA,0 no negation
886,juede,/Zhou2/54/fb19.cha,mother,MOT: 你觉得他是人啊?,2 CP,,2 second_person,2 CP,,2 second_person,1 polar_question,0 declarative,1 polar_question,0 declarative,NA,NA,NA,NA,0 no negation,NA,0 no negation
888,juede,/Zhou2/54/ma04.cha,mother,MOT: 小企鹅觉得奇怪.,0 No,1 Adj,3 third/NP,0 No,1 Adj,3 third/NP,0 declarative,0 declarative,0 declarative,0 declarative,NA,NA,NA,NA,0 no negation,NA,0 no negation
889,juede,/Zhou2/54/ma04.cha,mother,MOT: 这个小企鹅觉得满意了.,0 No,1 Adj,3 third/NP,0 No,1 Adj,3 third/NP,0 declarative,0 declarative,0 declarative,0 declarative,NA,NA,NA,NA,0 no negation,NA,0 no negation
890,juede,/Zhou2/54/ma05.cha,mother,MOT: 你觉得呢?,0 No,0 No,2 second_person,0 No,0 No,2 second_person,1 polar_question,,1 polar_question,,NA,NA,NA,NA,0 no negation,NA,0 no negation
891,juede,/Zhou2/54/ma05.cha,mother,MOT: 这个尾巴你觉得还缺不缺啊?,2 CP,,2 second_person,2 CP,,2 second_person,1 polar_question,3 base-generated wh/polar,1 polar_question,0 declarative,NA,NA,NA,NA,0 no negation,NA,0 no negation
892,juede,/Zhou2/54/ma05.cha,mother,MOT: 你觉得呢?,0 No,0 No,2 second_person,0 No,0 No,2 second_person,1 polar_question,,1 polar_question,,NA,NA,NA,NA,0 no negation,NA,0 no negation
893,juede,/Zhou2/54/ma05.cha,mother,MOT: 你觉得应该先找轮子还是先做什么呢?,2 CP,,2 second_person,2 CP,,2 second_person,1 polar_question,3 base-generated wh/polar,1 polar_question,3 base-generated wh/polar,NA,NA,NA,NA,0 no negation,NA,0 no negation
894,juede,/Zhou2/54/mb12.cha,mother,MOT: 你觉得这个呢?,0 No,2 NP,2 second_person,0 No,2 NP,2 second_person,1 polar_question,0 declarative,1 polar_question,0 declarative,NA,NA,NA,NA,0 no negation,NA,0 no negation
895,juede,/Zhou2/54/mb13.cha,mother,MOT: 我觉得你画得很好.,2 CP,,1 first_person,2 CP,,1 first_person,0 declarative,0 declarative,0 declarative,0 declarative,NA,NA,NA,NA,0 no negation,NA,0 no negation
896,juede,/Zhou3/000227.cha,mother,MOT: 小老虎毛毛觉得很为难.,0 No,1 Adj,3 third/NP,0 No,1 Adj,3 third/NP,0 declarative,0 declarative,0 declarative,0 declarative,NA,NA,NA,NA,0 no negation,NA,0 no negation
897,juede,/Zhou3/001005.cha,mother,MOT: 你觉得呢?,0 No,0 No,2 second_person,0 No,0 No,2 second_person,1 polar_question,,1 polar_question,,NA,NA,NA,NA,0 no negation,NA,0 no negation
898,juede,/Zhou3/001005.cha,mother,MOT: 你觉得呢?,0 No,0 No,2 second_person,0 No,0 No,2 second_person,1 polar_question,,1 polar_question,,NA,NA,NA,NA,0 no negation,NA,0 no negation
900,juede,/Zhou3/020800.cha,investigator,SHE: 我觉得雪儿长得有点像你啊.,2 CP,,1 first_person,2 CP,,1 first_person,0 declarative,0 declarative,0 declarative,0 declarative,NA,NA,NA,NA,0 no negation,NA,0 no negation
901,juede,/Tong/010919.cha,mother,MOT: 你觉得臭吗?,0 No,1 Adj,2 second_person,0 No,1 Adj,2 second_person,1 polar_question,0 declarative,NA,NA,1 polar_question,0 declarative,NA,NA,0 no negation,NA,0 no negation
903,juede,/Tong/010919.cha,mother,"MOT: 嗯,你也觉得臭啊?",0 No,1 Adj,2 second_person,0 No,1 Adj,2 second_person,1 polar_question,0 declarative,NA,NA,1 polar_question,0 declarative,NA,NA,0 no negation,NA,0 no negation
904,juede,/Tong/010919.cha,mother,MOT: 我还觉得他声音太细了呢.,2 CP,,1 first_person,2 CP,,1 first_person,0 declarative,0 declarative,NA,NA,0 declarative,0 declarative,NA,NA,0 no negation,NA,0 no negation
905,juede,/Tong/010919.cha,mother,MOT: 我觉得他这个走路姿势好像贝克汉姆.,2 CP,,1 first_person,2 CP,,1 first_person,0 declarative,0 declarative,NA,NA,0 declarative,0 declarative,NA,NA,0 no negation,NA,0 no negation
906,juede,/Tong/011017.cha,mother,"MOT: 同同,我怎么觉得有点臭啊.",0 No,1 Adj,1 first_person,0 No,1 Adj,1 first_person,3 how/why,0 declarative,NA,NA,0 declarative,0 declarative,NA,NA,0 no negation,NA,0 no negation
907,juede,/Tong/020019.cha,mother,MOT: 你觉得牛奶好喝还是酸奶好喝?,2 CP,,2 second_person,2 CP,,2 second_person,1 polar_question,3 base-generated wh/polar,NA,NA,1 polar_question,3 base-generated wh/polar,NA,NA,0 no negation,NA,0 no negation
908,juede,/Tong/020019.cha,mother,"MOT: 他们幼儿园,我觉得挺好的.",0 No,1 Adj,1 first_person,2 CP,,1 first_person,0 declarative,0 declarative,NA,NA,0 declarative,0 declarative,NA,NA,0 no negation,NA,0 no negation
909,juede,/Tong/020019.cha,mother,"MOT: <可青[/]可青,那邓碧云幼儿园,我觉得特别好>[<].",0 No,1 Adj,1 first_person,0 No,1 Adj,1 first_person,0 declarative,0 declarative,NA,NA,0 declarative,0 declarative,NA,NA,0 no negation,NA,0 no negation
910,juede,/Tong/020019.cha,mother,MOT: 而且我觉得那个司机都很nice.,2 CP,,1 first_person,2 CP,,1 first_person,0 declarative,0 declarative,NA,NA,0 declarative,0 declarative,NA,NA,0 no negation,NA,0 no negation
911,juede,/Tong/020019.cha,father,FAT: 我觉得还有一种办法[<].,2 CP,,1 first_person,2 CP,,1 first_person,0 declarative,0 declarative,NA,NA,0 declarative,0 declarative,NA,NA,0 no negation,NA,0 no negation
912,juede,/Tong/020019.cha,father,FAT: 我觉得反而竞争会少一点.,2 CP,,1 first_person,2 CP,,1 first_person,0 declarative,0 declarative,NA,NA,0 declarative,0 declarative,NA,NA,0 no negation,NA,0 no negation
913,juede,/Tong/020019.cha,mother,MOT: 我也觉得这腐竹好吃.,2 CP,,1 first_person,2 CP,,1 first_person,0 declarative,0 declarative,NA,NA,0 declarative,0 declarative,NA,NA,0 no negation,NA,0 no negation
914,juede,/Tong/020117.cha,mother,MOT: <妈妈肚子觉得好饿>[<].,0 No,1 Adj,3 third/NP,0 No,1 Adj,3 third/NP,0 declarative,0 declarative,NA,NA,0 declarative,0 declarative,NA,NA,0 no negation,NA,0 no negation
915,juede,/Tong/020314.cha,mother,"MOT: 嗯,你觉得晨晨的玩具好不好玩?",2 CP,,2 second_person,2 CP,,2 second_person,1 polar_question,3 base-generated wh/polar,NA,NA,1 polar_question,3 base-generated wh/polar,NA,NA,0 no negation,NA,0 no negation
917,juede,/Tong/020416.cha,mother,"MOT: 哦,外面是有点烟进来了,我觉得.",0 No,0 No,1 first_person,0 No,0 No,1 first_person,0 declarative,0 declarative,NA,NA,0 declarative,0 declarative,NA,NA,0 no negation,NA,0 no negation
918,juede,/Tong/020416.cha,mother,MOT: 我怎么没有觉得有蚊子呀?,2 CP,,1 first_person,2 CP,,1 first_person,3 how/why,0 declarative,NA,NA,3 how/why,0 declarative,NA,NA,1 没,NA,1 没
919,juede,/Tong/020416.cha,mother,MOT: 你觉得不重哈?,0 No,1 Adj,2 second_person,0 No,1 Adj,2 second_person,1 polar_question,0 declarative,NA,NA,1 polar_question,0 declarative,NA,NA,0 no negation,NA,0 no negation
920,juede,/Tong/020416.cha,mother,MOT: 我觉得有点重.,0 No,1 Adj,1 first_person,0 No,1 Adj,1 first_person,0 declarative,0 declarative,NA,NA,0 declarative,0 declarative,NA,NA,0 no negation,NA,0 no negation
922,juede,/Tong/020613.cha,mother,MOT: 但是我觉得好像还没太擦干净.,2 CP,,1 first_person,2 CP,,1 first_person,0 declarative,0 declarative,NA,NA,0 declarative,0 declarative,NA,NA,0 no negation,NA,0 no negation
923,juede,/Tong/020613.cha,mother,MOT: 我觉得他好像下午不怎么说话.,2 CP,,1 first_person,2 CP,,1 first_person,0 declarative,0 declarative,NA,NA,0 declarative,0 declarative,NA,NA,0 no negation,NA,0 no negation
924,juede,/Tong/020613.cha,mother,"MOT: 同同,你觉得这里面什么东西最香啊?",2 CP,,2 second_person,2 CP,,2 second_person,2 wh_question,3 base-generated wh/polar,NA,NA,2 wh_question,3 base-generated wh/polar,NA,NA,0 no negation,NA,0 no negation
925,juede,/Tong/020613.cha,mother,"MOT: 你觉得鸡腿最香,是吧?",2 CP,,2 second_person,2 CP,,2 second_person,4 tag_question,0 declarative,NA,NA,4 tag_question,0 declarative,NA,NA,0 no negation,NA,0 no negation
926,juede,/Tong/020613.cha,mother,MOT: 你觉得呢?,0 No,0 No,2 second_person,0 No,0 No,2 second_person,1 polar_question,,NA,NA,1 polar_question,,NA,NA,0 no negation,NA,0 no negation
927,juede,/Tong/020613.cha,mother,MOT: 你觉得苹果香不香啊?,2 CP,,2 second_person,2 CP,,2 second_person,1 polar_question,3 base-generated wh/polar,NA,NA,1 polar_question,3 base-generated wh/polar,NA,NA,0 no negation,NA,0 no negation
928,juede,/Tong/020906.cha,mother,MOT: 我觉得他目光呆滞.,2 CP,,1 first_person,2 CP,,1 first_person,0 declarative,0 declarative,NA,NA,0 declarative,0 declarative,NA,NA,0 no negation,NA,0 no negation
929,juede,/Tong/030012.cha,mother,MOT: 你[/]你觉得夏天热不热啊?,2 CP,,2 second_person,2 CP,,2 second_person,1 polar_question,3 base-generated wh/polar,NA,NA,1 polar_question,3 base-generated wh/polar,NA,NA,0 no negation,NA,0 no negation
930,juede,/Tong/030110.cha,mother,"MOT: 同同,你[/]<你觉得>[/]你觉得龙可怕吗?",2 CP,,2 second_person,2 CP,,2 second_person,1 polar_question,0 declarative,NA,NA,1 polar_question,0 declarative,NA,NA,0 no negation,NA,0 no negation
936,juede,/Tong/030306.cha,mother,"MOT: 嗯,我觉得这首歌和喜羊羊那首歌都很好听.",2 CP,,1 first_person,2 CP,,1 first_person,0 declarative,0 declarative,NA,NA,0 declarative,0 declarative,NA,NA,0 no negation,NA,0 no negation
939,juede,/Tong/030306.cha,mother,MOT: 我觉得不好听.,0 No,1 Adj,1 first_person,0 No,1 Adj,1 first_person,0 declarative,0 declarative,NA,NA,0 declarative,0 declarative,NA,NA,0 no negation,NA,0 no negation
941,juede,/Tong/030409.cha,mother,MOT: 我觉得这个不像枪管.,2 CP,,1 first_person,2 CP,,1 first_person,0 declarative,0 declarative,NA,NA,0 declarative,0 declarative,NA,NA,0 no negation,NA,0 no negation
942,juede,/Tong/030409.cha,mother,"MOT: 嗯,我觉得这像一个钓鱼竿.",2 CP,,1 first_person,2 CP,,1 first_person,0 declarative,0 declarative,NA,NA,0 declarative,0 declarative,NA,NA,0 no negation,NA,0 no negation
943,juede,/Tong/030409.cha,mother,MOT: 我觉得像.,2 CP,,1 first_person,2 CP,,1 first_person,0 declarative,0 declarative,NA,NA,0 declarative,,NA,NA,0 no negation,NA,0 no negation
944,juede,/Tong/030409.cha,mother,"MOT: 嗯,我觉得这个太直了,不好钓.",2 CP,,1 first_person,2 CP,,1 first_person,0 declarative,0 declarative,NA,NA,0 declarative,0 declarative,NA,NA,0 no negation,NA,0 no negation
945,juede,/Tong/030409.cha,mother,"MOT: 同同,你觉得这本书是非常有趣还是非常感动还是很精彩和刺激?",2 CP,,2 second_person,2 CP,,2 second_person,1 polar_question,3 base-generated wh/polar,NA,NA,1 polar_question,3 base-generated wh/polar,NA,NA,0 no negation,NA,0 no negation
946,juede,/Tong/030409.cha,mother,MOT: 我觉得我好喜欢小狐狸.,2 CP,,1 first_person,2 CP,,1 first_person,0 declarative,0 declarative,NA,NA,0 declarative,0 declarative,NA,NA,0 no negation,NA,0 no negation
947,juede,/Tong/030409.cha,mother,"MOT: 同同,所以你觉得这本书感动不感动啊?",2 CP,,2 second_person,2 CP,,2 second_person,1 polar_question,3 base-generated wh/polar,NA,NA,1 polar_question,3 base-generated wh/polar,NA,NA,0 no negation,NA,0 no negation
948,juede,/Tong/030409.cha,mother,MOT: 你觉得他做得对不对啊?,2 CP,,2 second_person,2 CP,,2 second_person,1 polar_question,3 base-generated wh/polar,NA,NA,1 polar_question,3 base-generated wh/polar,NA,NA,0 no negation,NA,0 no negation
949,juede,/Tong/030409.cha,mother,MOT: 我觉得是你.,2 CP,,1 first_person,2 CP,,1 first_person,0 declarative,0 declarative,NA,NA,0 declarative,0 declarative,NA,NA,0 no negation,NA,0 no negation
950,juede,/Zhou1/cs20a.cha,mother,MOT: 这个小车子是妈妈觉得最可爱的.,0 No,1 Adj,4 self_reference,2 CP,,4 self_reference,0 declarative,0 declarative,NA,NA,0 declarative,0 declarative,NA,NA,0 no negation,NA,0 no negation
951,juede,/Zhou1/cs26i.cha,mother,MOT: 妈妈觉得有点像蝴蝶哎.,2 CP,,4 self_reference,2 CP,,4 self_reference,0 declarative,0 declarative,NA,NA,0 declarative,0 declarative,NA,NA,0 no negation,NA,0 no negation
952,juede,/Zhou1/cs26i.cha,mother,MOT: 沙和尚你觉得怎么样?,2 CP,,2 second_person,2 CP,,2 second_person,2 wh_question,3 base-generated wh/polar,NA,NA,2 wh_question,3 base-generated wh/polar,NA,NA,0 no negation,NA,0 no negation
953,juede,/Zhou1/cs26j.cha,mother,MOT: 你们有谁觉得自己长得不好看就赶快告诉我.,2 CP,,3 third/NP,2 CP,,2 second_person,0 declarative,0 declarative,NA,NA,0 declarative,0 declarative,NA,NA,0 no negation,NA,0 no negation
954,juede,/Zhou1/cs26j.cha,mother,MOT: 我倒是觉得大象的鼻子太长了一点.,2 CP,,1 first_person,2 CP,,1 first_person,0 declarative,0 declarative,NA,NA,0 declarative,0 declarative,NA,NA,0 no negation,NA,0 no negation
955,juede,/Zhou1/cs32c.cha,mother,MOT: 不过妈妈觉得还是先看这个.,2 CP,,4 self_reference,2 CP,,4 self_reference,0 declarative,0 declarative,NA,NA,0 declarative,0 declarative,NA,NA,0 no negation,NA,0 no negation
970,juede,/Xinjiang/AcadLang/201303/hqx301.cha,adult,ADU: 那你觉得摸一摸苹果的果皮有什么感觉呢?,2 CP,,2 second_person,2 CP,,2 second_person,2 wh_question,3 base-generated wh/polar,NA,NA,2 wh_question,3 base-generated wh/polar,NA,NA,0 no negation,NA,0 no negation
971,juede,/Xinjiang/AcadLang/201303/hqx302.cha,adult,ADU: 嗯你觉得吃一口苹果会有什么感觉呢?,2 CP,,2 second_person,2 CP,,2 second_person,2 wh_question,3 base-generated wh/polar,NA,NA,2 wh_question,3 base-generated wh/polar,NA,NA,0 no negation,NA,0 no negation
972,juede,/Xinjiang/AcadLang/201303/hqx303.cha,adult,ADU: 呃那你觉得摸一摸苹果的表皮会有什么样的感觉?,2 CP,,2 second_person,2 CP,,2 second_person,2 wh_question,3 base-generated wh/polar,NA,NA,2 wh_question,3 base-generated wh/polar,NA,NA,0 no negation,NA,0 no negation
973,juede,/Xinjiang/AcadLang/201303/hqx304.cha,adult,"ADU: 不知道,那你觉得咬一口苹果会有什么样的感觉呢?",2 CP,,2 second_person,2 CP,,2 second_person,2 wh_question,3 base-generated wh/polar,NA,NA,2 wh_question,3 base-generated wh/polar,NA,NA,0 no negation,NA,0 no negation
974,juede,/Xinjiang/AcadLang/201303/hqx305.cha,adult,ADU: 觉得感觉怎么样呢?,2 CP,,0 dropped,2 CP,,0 dropped,2 wh_question,3 base-generated wh/polar,NA,NA,2 wh_question,3 base-generated wh/polar,NA,NA,0 no negation,NA,0 no negation
975,juede,/Xinjiang/AcadLang/201303/hqx306.cha,adult,"ADU: 圆形的啊,那你觉得咬一口苹果会有什么样的味道呢?",2 CP,,2 second_person,2 CP,,2 second_person,2 wh_question,3 base-generated wh/polar,NA,NA,2 wh_question,3 base-generated wh/polar,NA,NA,0 no negation,NA,0 no negation
976,juede,/Xinjiang/AcadLang/201303/hqx306.cha,adult,"ADU: 甜甜的啊,那你觉得闻一下苹果会有什么样的味道?",2 CP,,2 second_person,2 CP,,2 second_person,2 wh_question,3 base-generated wh/polar,NA,NA,2 wh_question,3 base-generated wh/polar,NA,NA,0 no negation,NA,0 no negation
977,juede,/Xinjiang/AcadLang/201303/hqx306.cha,adult,ADU: 那你觉得摸一下苹果的果皮什么感觉?,2 CP,,2 second_person,2 CP,,2 second_person,2 wh_question,3 base-generated wh/polar,NA,NA,2 wh_question,3 base-generated wh/polar,NA,NA,0 no negation,NA,0 no negation
978,juede,/Xinjiang/AcadLang/201303/hqx307.cha,adult,"ADU: 哦,你觉得闻一下苹果会有什么样的味道呢?",2 CP,,2 second_person,2 CP,,2 second_person,2 wh_question,3 base-generated wh/polar,NA,NA,2 wh_question,3 base-generated wh/polar,NA,NA,0 no negation,NA,0 no negation
979,juede,/Xinjiang/AcadLang/201303/hqx308.cha,adult,"ADU: 黄色的,那你觉得摸一摸苹果会有什么样的感觉呢?",2 CP,,2 second_person,2 CP,,2 second_person,2 wh_question,3 base-generated wh/polar,NA,NA,2 wh_question,3 base-generated wh/polar,NA,NA,0 no negation,NA,0 no negation
980,juede,/Xinjiang/AcadLang/201303/hqx308.cha,adult,ADU: 那你觉得咬一口苹果会有什么样的味道啊?,2 CP,,2 second_person,2 CP,,2 second_person,2 wh_question,3 base-generated wh/polar,NA,NA,2 wh_question,3 base-generated wh/polar,NA,NA,0 no negation,NA,0 no negation
981,juede,/Xinjiang/AcadLang/201303/hqz203.cha,adult,ADU: 那你觉得苹果是什么形状的呢?,2 CP,,2 second_person,2 CP,,2 second_person,2 wh_question,3 base-generated wh/polar,NA,NA,2 wh_question,3 base-generated wh/polar,NA,NA,0 no negation,NA,0 no negation
982,juede,/Xinjiang/AcadLang/201303/hqz203.cha,adult,"ADU: 不知道啊,那你觉得闻一闻苹果会有什么样的味道呢?",2 CP,,2 second_person,2 CP,,2 second_person,2 wh_question,3 base-generated wh/polar,NA,NA,2 wh_question,3 base-generated wh/polar,NA,NA,0 no negation,NA,0 no negation
983,juede,/Xinjiang/AcadLang/201303/hqz207.cha,adult,ADU: 那你觉得咬一口苹果会有什么样的味道?,2 CP,,2 second_person,2 CP,,2 second_person,2 wh_question,3 base-generated wh/polar,NA,NA,2 wh_question,3 base-generated wh/polar,NA,NA,0 no negation,NA,0 no negation
984,juede,/Xinjiang/AcadLang/201303/hqz207.cha,adult,"ADU: 甜甜的,摸一摸果皮觉得会有什么感觉呢?",2 CP,,0 dropped,2 CP,,0 dropped,2 wh_question,3 base-generated wh/polar,NA,NA,2 wh_question,3 base-generated wh/polar,NA,NA,0 no negation,NA,0 no negation
986,juede,/Xinjiang/AcadLang/201303/jgd110.cha,adult,"ADU: 好,好,下面<小羊>[/]小羊觉得你说得非常好.",2 CP,,3 third/NP,2 CP,,3 third/NP,0 declarative,0 declarative,NA,NA,0 declarative,0 declarative,NA,NA,0 no negation,NA,0 no negation
988,juede,/Xinjiang/AcadLang/201209/dez310.cha,adult,"ADU: 小羊,你觉得它喜欢吃吗?",2 CP,,2 second_person,2 CP,,2 second_person,1 polar_question,0 declarative,NA,NA,1 polar_question,0 declarative,NA,NA,0 no negation,NA,0 no negation
989,juede,/Xinjiang/AcadLang/201209/hqx307.cha,adult,ADU: <<那你觉得>[//]然后你把你.,0 No,0 No,2 second_person,2 CP,,2 second_person,0 declarative,0 declarative,NA,NA,,,NA,NA,0 no negation,NA,0 no negation
991,juede,/Xinjiang/AcadLang/201209/sdfyxb01.cha,adult,"ADU: 哦,你觉得它是什么?",2 CP,,2 second_person,2 CP,,2 second_person,2 wh_question,3 base-generated wh/polar,NA,NA,2 wh_question,3 base-generated wh/polar,NA,NA,0 no negation,NA,0 no negation
1022,juede,/Xinjiang/ENNI/201204/dez301.cha,adult,ADU: 觉得故事里发生了什么事情?,2 CP,,0 dropped,2 CP,,0 dropped,2 wh_question,3 base-generated wh/polar,NA,NA,2 wh_question,3 base-generated wh/polar,NA,NA,0 no negation,NA,0 no negation
1051,juede,/TCCM/pan/020100.cha,investigator,EXA: 我觉得是妹妹的哦.,2 CP,,1 first_person,2 CP,,1 first_person,0 declarative,0 declarative,NA,NA,0 declarative,0 declarative,NA,NA,0 no negation,NA,0 no negation
1052,juede,/TCCM/pan/030200.cha,investigator,EXA: 你不觉得吗?,0 No,0 No,2 second_person,0 No,0 No,2 second_person,1 polar_question,,NA,NA,1 polar_question,,NA,NA,2 不,NA,2 不
1053,juede,/TCCM/cheng/030800.cha,adult,"ADU: 你觉得好高兴,是不是?",0 No,1 Adj,2 second_person,0 No,1 Adj,2 second_person,4 tag_question,0 declarative,NA,NA,4 tag_question,0 declarative,NA,NA,0 no negation,NA,0 no negation
1054,juede,/TCCM/jc/020200.cha,investigator,"EXA: 哼对呀,我也觉得.",0 No,0 No,1 first_person,0 No,0 No,1 first_person,0 declarative,,NA,NA,0 declarative,,NA,NA,0 no negation,NA,0 no negation
1055,juede,/TCCM/wang/020500.cha,mother,MOT: 我觉得很好看耶!,0 No,1 Adj,1 first_person,0 No,1 Adj,1 first_person,0 declarative,0 declarative,NA,NA,0 declarative,0 declarative,NA,NA,0 no negation,NA,0 no negation
1056,juede,/TCCM/wang/020900.cha,mother,MOT: 我觉得太亮了!,0 No,1 Adj,1 first_person,0 No,1 Adj,1 first_person,0 declarative,0 declarative,NA,NA,0 declarative,0 declarative,NA,NA,0 no negation,NA,0 no negation
1057,juede,/TCCM/wang/021000.cha,mother,MOT: 我也觉得漂亮.,0 No,1 Adj,1 first_person,0 No,1 Adj,1 first_person,0 declarative,0 declarative,NA,NA,0 declarative,0 declarative,NA,NA,0 no negation,NA,0 no negation
1058,juede,/TCCM/wang/021000.cha,mother,MOT: 你觉得像不像?,2 CP,,2 second_person,2 CP,,2 second_person,1 polar_question,3 base-generated wh/polar,NA,NA,1 polar_question,3 base-generated wh/polar,NA,NA,0 no negation,NA,0 no negation
1060,juede,/TCCM/wang/021000.cha,mother,MOT: 我怎么觉得好久没看到你.,2 CP,,1 first_person,2 CP,,1 first_person,3 how/why,0 declarative,NA,NA,3 how/why,0 declarative,NA,NA,0 no negation,NA,0 no negation
1061,juede,/TCCM/wang/021000.cha,mother,MOT: 我都觉得你长不一样了!,2 CP,,1 first_person,2 CP,,1 first_person,0 declarative,0 declarative,NA,NA,0 declarative,0 declarative,NA,NA,0 no negation,NA,0 no negation
1062,juede,/TCCM/wang/021100.cha,mother,MOT: 我觉得.,0 No,0 No,1 first_person,0 No,0 No,1 first_person,0 declarative,,NA,NA,,,NA,NA,0 no negation,NA,0 no negation
1064,juede,/TCCM/wang/021100.cha,mother,MOT: 你觉得呢?,0 No,0 No,2 second_person,0 No,0 No,2 second_person,1 polar_question,,NA,NA,1 polar_question,,NA,NA,0 no negation,NA,0 no negation
1065,juede,/TCCM/wang/021100.cha,mother,MOT: 我觉得他很像香蕉耶!,2 CP,,1 first_person,2 CP,,1 first_person,0 declarative,0 declarative,NA,NA,0 declarative,0 declarative,NA,NA,0 no negation,NA,0 no negation
1066,juede,/TCCM/wang/030000.cha,mother,MOT: 就觉得很暖和.,0 No,1 Adj,0 dropped,0 No,1 Adj,0 dropped,0 declarative,0 declarative,NA,NA,0 declarative,0 declarative,NA,NA,0 no negation,NA,0 no negation
1067,juede,/TCCM/wang/030000.cha,mother,MOT: 我觉得啊.,0 No,0 No,1 first_person,0 No,0 No,1 first_person,0 declarative,,NA,NA,0 declarative,,NA,NA,0 no negation,NA,0 no negation
1068,juede,/TCCM/wang/030000.cha,mother,MOT: 我觉得你用黏的不好喔!,2 CP,,1 first_person,2 CP,,1 first_person,0 declarative,0 declarative,NA,NA,0 declarative,0 declarative,NA,NA,0 no negation,NA,0 no negation
1069,juede,/TCCM/wang/030000.cha,mother,MOT: 他们觉得他好厉害喔!,2 CP,,3 third/NP,2 CP,,3 third/NP,0 declarative,0 declarative,NA,NA,0 declarative,0 declarative,NA,NA,0 no negation,NA,0 no negation
1070,juede,/TCCM/wang/030000.cha,mother,MOT: 我觉得我的鼻涕好像喷到你脸上!,2 CP,,1 first_person,2 CP,,1 first_person,0 declarative,0 declarative,NA,NA,0 declarative,0 declarative,NA,NA,0 no negation,NA,0 no negation
1071,juede,/TCCM/wang/030100.cha,mother,MOT: 你觉得这个漂亮还那个?,2 CP,,2 second_person,2 CP,,2 second_person,1 polar_question,3 base-generated wh/polar,NA,NA,1 polar_question,1 polar_question,NA,NA,0 no negation,NA,0 no negation
1072,juede,/TCCM/wang/030100.cha,mother,MOT: 你觉得胖好看不好看?,2 CP,,2 second_person,2 CP,,2 second_person,1 polar_question,3 base-generated wh/polar,NA,NA,1 polar_question,3 base-generated wh/polar,NA,NA,0 no negation,NA,0 no negation
1073,juede,/TCCM/wang/030200.cha,mother,MOT: 我觉得那样好脏喔!,2 CP,,1 first_person,2 CP,,1 first_person,0 declarative,0 declarative,NA,NA,0 declarative,0 declarative,NA,NA,0 no negation,NA,0 no negation
1074,juede,/TCCM/wang/030200.cha,mother,MOT: 他觉得这样子比较漂亮.,2 CP,,3 third/NP,2 CP,,3 third/NP,0 declarative,0 declarative,NA,NA,0 declarative,0 declarative,NA,NA,0 no negation,NA,0 no negation
1075,juede,/TCCM/wang/030200.cha,mother,MOT: 他们觉得这样很好啊!,2 CP,,3 third/NP,2 CP,,3 third/NP,0 declarative,0 declarative,NA,NA,0 declarative,0 declarative,NA,NA,0 no negation,NA,0 no negation
1076,juede,/TCCM/wang/030400.cha,mother,MOT: 我觉得我越来越漂亮了耶.,2 CP,,1 first_person,2 CP,,1 first_person,0 declarative,0 declarative,NA,NA,0 declarative,0 declarative,NA,NA,0 no negation,NA,0 no negation
1077,juede,/TCCM/wang/030400.cha,mother,MOT: 我觉得我是一个最漂亮的熊耶!,2 CP,,1 first_person,2 CP,,1 first_person,0 declarative,0 declarative,NA,NA,0 declarative,0 declarative,NA,NA,0 no negation,NA,0 no negation
1078,juede,/TCCM/wu/010900.cha,investigator,TSA: 他一定觉得很可惜.,0 No,1 Adj,3 third/NP,0 No,1 Adj,3 third/NP,0 declarative,0 declarative,NA,NA,0 declarative,0 declarative,NA,NA,0 no negation,NA,0 no negation
1079,juede,/TCCM/wu/020200.cha,investigator,TSA: 他觉得很不好意思.,0 No,1 Adj,3 third/NP,0 No,1 Adj,3 third/NP,0 declarative,0 declarative,NA,NA,0 declarative,0 declarative,NA,NA,0 no negation,NA,0 no negation
1081,juede,/TCCM/yang/020900.cha,mother,MOT: 你觉得好像房屋啊.,2 CP,,2 second_person,2 CP,,2 second_person,0 declarative,0 declarative,NA,NA,0 declarative,0 declarative,NA,NA,0 no negation,NA,0 no negation
1082,juede,/TCCM/chou/020100.cha,mother,MOT: 我只是那时候觉得想说.,2 CP,,0 dropped,2 CP,,1 first_person,0 declarative,0 declarative,NA,NA,0 declarative,0 declarative,NA,NA,0 no negation,NA,0 no negation
1083,juede,/TCCM/chou/020100.cha,mother,MOT: 我一直觉得他讲的话很清楚.,2 CP,,1 first_person,2 CP,,1 first_person,0 declarative,0 declarative,NA,NA,0 declarative,0 declarative,NA,NA,0 no negation,NA,0 no negation
1084,juede,/TCCM/chou/020100.cha,investigator,EXA: 我觉得他其实还算好的喔!,2 CP,,1 first_person,2 CP,,1 first_person,0 declarative,0 declarative,NA,NA,0 declarative,0 declarative,NA,NA,0 no negation,NA,0 no negation
1085,juede,/TCCM/chou/020100.cha,mother,MOT: 阿姨觉得不大舒服.,0 No,1 Adj,3 third/NP,0 No,1 Adj,3 third/NP,0 declarative,0 declarative,NA,NA,0 declarative,0 declarative,NA,NA,0 no negation,NA,0 no negation
1086,juede,/TCCM/chou/020100.cha,mother,"MOT: 他插了花以后,哎觉得好像比较好看.",2 CP,,0 dropped,2 CP,,0 dropped,0 declarative,0 declarative,NA,NA,0 declarative,0 declarative,NA,NA,0 no negation,NA,0 no negation
1087,juede,/TCCM/chou/020100.cha,mother,MOT: 他好像觉得比较有安全感.,0 No,1 Adj,3 third/NP,0 No,1 Adj,3 third/NP,0 declarative,0 declarative,NA,NA,0 declarative,0 declarative,NA,NA,0 no negation,NA,0 no negation
1088,juede,/TCCM/chou/020200.cha,mother,MOT: 我说你会不会觉得我的话太多他的话太少?,2 CP,,2 second_person,2 CP,,2 second_person,1 polar_question,0 declarative,NA,NA,1 polar_question,0 declarative,NA,NA,0 no negation,NA,0 no negation
1089,juede,/TCCM/chou/020200.cha,mother,MOT: 阿姨觉得好奇怪.,0 No,1 Adj,3 third/NP,0 No,1 Adj,3 third/NP,0 declarative,0 declarative,NA,NA,0 declarative,0 declarative,NA,NA,0 no negation,NA,0 no negation
1090,juede,/TCCM/chou/020300.cha,investigator,EXA: 我觉得我听不懂你在讲什么ne!,2 CP,,1 first_person,2 CP,,1 first_person,0 declarative,2 wh_question,NA,NA,0 declarative,0 declarative,NA,NA,0 no negation,NA,0 no negation
1091,juede,/TCCM/chou/030100.cha,mother,MOT: 因为他觉得游览车非常漂亮.,2 CP,,3 third/NP,2 CP,,3 third/NP,0 declarative,0 declarative,NA,NA,0 declarative,0 declarative,NA,NA,0 no negation,NA,0 no negation
1092,juede,/TCCM/chw/040300.cha,investigator,INV: 你觉得怎么样?,2 CP,,2 second_person,2 CP,,2 second_person,2 wh_question,3 base-generated wh/polar,NA,NA,2 wh_question,3 base-generated wh/polar,NA,NA,0 no negation,NA,0 no negation
1093,juede,/TCCM/wuys/021000.cha,investigator,EXA: 他觉得很合理.,0 No,1 Adj,3 third/NP,0 No,1 Adj,3 third/NP,0 declarative,0 declarative,NA,NA,0 declarative,0 declarative,NA,NA,0 no negation,NA,0 no negation
1094,juede,/TCCM/wuys/030200.cha,investigator,EXA: 他觉得这个很好玩啊.,2 CP,,3 third/NP,2 CP,,3 third/NP,0 declarative,0 declarative,NA,NA,0 declarative,0 declarative,NA,NA,0 no negation,NA,0 no negation
1095,juede,/TCCM/wuys/031000.cha,mother,MOT: 我觉得他很怕啊.,2 CP,,1 first_person,2 CP,,1 first_person,0 declarative,0 declarative,NA,NA,0 declarative,0 declarative,NA,NA,0 no negation,NA,0 no negation
1096,juede,/TCCM/xu/010600.cha,mother,MOT: 我觉得时间好像很宝贵.,2 CP,,1 first_person,2 CP,,1 first_person,0 declarative,0 declarative,NA,NA,0 declarative,0 declarative,NA,NA,0 no negation,NA,0 no negation
1097,juede,/TCCM/xu/010600.cha,mother,MOT: 反正我觉得怎么样都还好.,2 CP,,1 first_person,2 CP,,1 first_person,0 declarative,0 declarative,NA,NA,0 declarative,0 declarative,NA,NA,0 no negation,NA,0 no negation
1098,juede,/TCCM/xu/010600.cha,mother,MOT: 那我觉得还好.,0 No,1 Adj,1 first_person,0 No,1 Adj,1 first_person,0 declarative,0 declarative,NA,NA,0 declarative,0 declarative,NA,NA,0 no negation,NA,0 no negation
1099,juede,/TCCM/xu/010600.cha,mother,MOT: 我除了觉得他自己跟自己讲.,2 CP,,1 first_person,2 CP,,1 first_person,0 declarative,0 declarative,NA,NA,0 declarative,0 declarative,NA,NA,0 no negation,NA,0 no negation
1100,juede,/TCCM/xu/010600.cha,mother,MOT: 真的我那时觉得他两站起来差不多高.,2 CP,,1 first_person,2 CP,,1 first_person,0 declarative,0 declarative,NA,NA,0 declarative,0 declarative,NA,NA,0 no negation,NA,0 no negation
1101,juede,/TCCM/xu/010600.cha,mother,"MOT: 他自从会用好吃,吃到东西0conj,他自己就会觉得好吃.",0 No,1 Adj,3 third/NP,0 No,1 Adj,5 自己,0 declarative,0 declarative,NA,NA,0 declarative,0 declarative,NA,NA,0 no negation,NA,0 no negation
1102,juede,/TCCM/xu/010600.cha,mother,MOT: 你觉得他是讲自己还是Kitty啊?,2 CP,,3 third/NP,2 CP,,2 second_person,1 polar_question,3 base-generated wh/polar,NA,NA,1 polar_question,3 base-generated wh/polar,NA,NA,0 no negation,NA,0 no negation
1103,juede,/TCCM/xu/010600.cha,mother,MOT: 我觉得他很可爱耶xxx.,2 CP,,1 first_person,0 No,1 Adj,1 first_person,0 declarative,0 declarative,NA,NA,0 declarative,0 declarative,NA,NA,0 no negation,NA,0 no negation
1104,juede,/TCCM/xu/010600.cha,mother,MOT: 那就自己觉得好就好了.,2 CP,,5 自己,2 CP,,5 自己,0 declarative,0 declarative,NA,NA,0 declarative,0 declarative,NA,NA,0 no negation,NA,0 no negation
1105,juede,/TCCM/xu/010600.cha,mother,MOT: 我觉得这盒子好可爱.,2 CP,,1 first_person,2 CP,,1 first_person,0 declarative,0 declarative,NA,NA,0 declarative,0 declarative,NA,NA,0 no negation,NA,0 no negation
1106,juede,/TCCM/xu/020400.cha,investigator,INV: 你觉得呢?,0 No,0 No,2 second_person,0 No,0 No,2 second_person,1 polar_question,,NA,NA,1 polar_question,,NA,NA,0 no negation,NA,0 no negation
1109,juede,/NSCtoys/3-6/c01_2.cha,father,FAT: 你觉得他敢吃中药吗?,2 CP,,2 second_person,2 CP,,2 second_person,0 declarative,0 declarative,NA,NA,1 polar_question,0 declarative,1 polar_question,0 declarative,0 no negation,NA,0 no negation
1110,juede,/NSCtoys/3-6/c01_2.cha,father,FAT: <你觉得嘞>[<]?,0 No,0 No,2 second_person,0 No,0 No,2 second_person,0 declarative,0 declarative,NA,NA,1 polar_question,,1 polar_question,,0 no negation,NA,0 no negation
1111,juede,/NSCtoys/3-6/c01_2.cha,father,FAT: 你觉得流血要怎么处理?,2 CP,,2 second_person,2 CP,,2 second_person,3 how/why,0 declarative,NA,NA,2 wh_question,3 base-generated wh/polar,2 wh_question,3 base-generated wh/polar,0 no negation,NA,0 no negation
1112,juede,/NSCtoys/3-6/c01_3.cha,father,FAT: 你觉得这是哪里?,2 CP,,2 second_person,2 CP,,2 second_person,0 declarative,0 declarative,NA,NA,2 wh_question,3 base-generated wh/polar,2 wh_question,3 base-generated wh/polar,0 no negation,NA,0 no negation
1113,juede,/NSCtoys/3-6/c01_3.cha,father,FAT: 你觉得这只像什么动物?,2 CP,,2 second_person,2 CP,,2 second_person,0 declarative,0 declarative,NA,NA,2 wh_question,3 base-generated wh/polar,2 wh_question,3 base-generated wh/polar,0 no negation,NA,0 no negation
1115,juede,/NSCtoys/3-6/c03_1.cha,father,FAT: 你觉得他会不会倒?,2 CP,,2 second_person,2 CP,,2 second_person,0 declarative,0 declarative,NA,NA,1 polar_question,3 base-generated wh/polar,1 polar_question,3 base-generated wh/polar,0 no negation,NA,0 no negation
1116,juede,/NSCtoys/3-6/c03_1.cha,father,FAT: 你觉得会倒吗?,2 CP,,2 second_person,2 CP,,2 second_person,0 declarative,0 declarative,NA,NA,1 polar_question,0 declarative,1 polar_question,0 declarative,0 no negation,NA,0 no negation
1118,juede,/NSCtoys/3-6/c03_3.cha,father,FAT: 你觉得是吗?,2 CP,,2 second_person,2 CP,,2 second_person,NA,NA,NA,NA,1 polar_question,,1 polar_question,0 declarative,0 no negation,NA,0 no negation
1119,juede,/NSCtoys/3-6/c04_1.cha,mother,MOT: 你觉得他是放什么的?,2 CP,,2 second_person,2 CP,,2 second_person,NA,NA,NA,NA,2 wh_question,3 base-generated wh/polar,2 wh_question,3 base-generated wh/polar,0 no negation,NA,0 no negation
1120,juede,/NSCtoys/3-6/c06_3.cha,mother,MOT: 你觉得在哪.,2 CP,,2 second_person,2 CP,,2 second_person,NA,NA,NA,NA,2 wh_question,3 base-generated wh/polar,2 wh_question,3 base-generated wh/polar,0 no negation,NA,0 no negation
1121,juede,/NSCtoys/3-6/c08_2.cha,mother,MOT: 因为我觉得他快要倒了!,2 CP,,1 first_person,2 CP,,1 first_person,NA,NA,NA,NA,0 declarative,0 declarative,0 declarative,0 declarative,0 no negation,NA,0 no negation
1122,juede,/NSCtoys/3-6/c09_1.cha,mother,MOT: 你觉得可以吗?,2 CP,,2 second_person,2 CP,,2 second_person,NA,NA,NA,NA,1 polar_question,0 declarative,1 polar_question,0 declarative,0 no negation,NA,0 no negation
1123,juede,/NSCtoys/3-6/c09_1.cha,mother,MOT: 我就觉得好像比较不像桥一点.,2 CP,,1 first_person,2 CP,,1 first_person,NA,NA,NA,NA,0 declarative,0 declarative,0 declarative,0 declarative,0 no negation,NA,0 no negation
1124,juede,/NSCtoys/3-6/c09_2.cha,mother,MOT: 你觉得他是什么颜色的?,2 CP,,2 second_person,2 CP,,2 second_person,NA,NA,NA,NA,2 wh_question,3 base-generated wh/polar,2 wh_question,2 wh_question,0 no negation,NA,0 no negation
1125,juede,/NSCtoys/3-6/c09_2.cha,mother,"MOT: 因为他是粉色,那你觉得他像什么动物?",2 CP,,2 second_person,2 CP,,2 second_person,NA,NA,NA,NA,2 wh_question,3 base-generated wh/polar,2 wh_question,2 wh_question,0 no negation,NA,0 no negation
1126,juede,/NSCtoys/3-6/c09_3.cha,mother,MOT: 你觉得是<这一个吗>[>]?,2 CP,,2 second_person,2 CP,,2 second_person,NA,NA,NA,NA,1 polar_question,0 declarative,1 polar_question,0 declarative,0 no negation,NA,0 no negation
1127,juede,/NSCtoys/3-6/c09_3.cha,mother,MOT: 你不觉得拼图很好玩吗?,2 CP,,2 second_person,2 CP,,2 second_person,NA,NA,NA,NA,1 polar_question,0 declarative,1 polar_question,0 declarative,2 不,NA,2 不
1128,juede,/NSCtoys/5/b01_1.cha,mother,MOT: 你觉得会成功吗?,2 CP,,2 second_person,2 CP,,2 second_person,NA,NA,NA,NA,1 polar_question,0 declarative,1 polar_question,0 declarative,0 no negation,NA,0 no negation
1129,juede,/NSCtoys/5/b01_1.cha,mother,MOT: 嗯我觉得你警察局快要倒了.,2 CP,,1 first_person,2 CP,,1 first_person,NA,NA,NA,NA,0 declarative,0 declarative,0 declarative,0 declarative,0 no negation,NA,0 no negation
1130,juede,/NSCtoys/5/b01_2.cha,mother,MOT: 你觉得这次会是什么?,2 CP,,2 second_person,2 CP,,2 second_person,NA,NA,NA,NA,2 wh_question,3 base-generated wh/polar,2 wh_question,3 base-generated wh/polar,0 no negation,NA,0 no negation
1131,juede,/NSCtoys/5/b01_2.cha,mother,MOT: 我觉得有一点不太舒服.,0 No,1 Adj,1 first_person,0 No,1 Adj,1 first_person,NA,NA,NA,NA,0 declarative,0 declarative,0 declarative,0 declarative,0 no negation,NA,0 no negation
1132,juede,/NSCtoys/5/b01_3.cha,mother,MOT: 你觉得这里面有什么?,2 CP,,2 second_person,2 CP,,2 second_person,NA,NA,NA,NA,2 wh_question,3 base-generated wh/polar,2 wh_question,3 base-generated wh/polar,0 no negation,NA,0 no negation
1133,juede,/NSCtoys/5/b01_3.cha,mother,MOT: 你觉得是这样子还是这样啊?,2 CP,,2 second_person,2 CP,,2 second_person,NA,NA,NA,NA,1 polar_question,3 base-generated wh/polar,1 polar_question,3 base-generated wh/polar,0 no negation,NA,0 no negation
1134,juede,/NSCtoys/5/b01_3.cha,mother,"MOT: 好,那你觉得这个呢?",0 No,2 NP,2 second_person,0 No,2 NP,2 second_person,NA,NA,NA,NA,1 polar_question,,1 polar_question,0 declarative,0 no negation,NA,0 no negation
1135,juede,/NSCtoys/5/b01_3.cha,mother,MOT: 你觉得呢?,0 No,0 No,2 second_person,0 No,0 No,2 second_person,NA,NA,NA,NA,1 polar_question,,1 polar_question,,0 no negation,NA,0 no negation
1136,juede,/NSCtoys/5/b01_3.cha,mother,MOT: 你看我觉得他真的有点像Mina欸.,2 CP,,1 first_person,2 CP,,1 first_person,NA,NA,NA,NA,0 declarative,0 declarative,0 declarative,0 declarative,0 no negation,NA,0 no negation
1137,juede,/NSCtoys/5/b01_3.cha,mother,MOT: 你觉得他的头在哪啊?,2 CP,,2 second_person,2 CP,,2 second_person,NA,NA,NA,NA,2 wh_question,3 base-generated wh/polar,2 wh_question,3 base-generated wh/polar,0 no negation,NA,0 no negation
1138,juede,/NSCtoys/5/b02_2.cha,mother,MOT: 你觉得我们直接放进去.,2 CP,,2 second_person,2 CP,,2 second_person,NA,NA,NA,NA,0 declarative,0 declarative,0 declarative,0 declarative,0 no negation,NA,0 no negation
1139,juede,/NSCtoys/5/b02_2.cha,mother,MOT: 你觉得.,0 No,0 No,2 second_person,0 No,0 No,2 second_person,NA,NA,NA,NA,,,0 declarative,,0 no negation,NA,0 no negation
1142,juede,/NSCtoys/5/b02_3.cha,mother,MOT: 你觉得?,0 No,0 No,2 second_person,0 No,0 No,2 second_person,NA,NA,NA,NA,1 polar_question,,1 polar_question,,0 no negation,NA,0 no negation
1144,juede,/NSCtoys/5/b03_1.cha,mother,MOT: 你觉得咧?,0 No,0 No,2 second_person,0 No,0 No,2 second_person,NA,NA,NA,NA,1 polar_question,,1 polar_question,,0 no negation,NA,0 no negation
1145,juede,/NSCtoys/5/b03_3.cha,mother,MOT: 我觉得盒子好像不是这一个.,2 CP,,1 first_person,2 CP,,1 first_person,NA,NA,NA,NA,0 declarative,0 declarative,0 declarative,0 declarative,0 no negation,NA,0 no negation
1146,juede,/NSCtoys/5/b05_1.cha,mother,MOT: 你觉得他看起来像什么?,2 CP,,2 second_person,2 CP,,2 second_person,NA,NA,NA,NA,2 wh_question,3 base-generated wh/polar,2 wh_question,3 base-generated wh/polar,0 no negation,NA,0 no negation
1147,juede,/NSCtoys/5/b05_1.cha,mother,MOT: <好像一个>[//]我觉得好像一个学校喔.,2 CP,,1 first_person,2 CP,,1 first_person,NA,NA,NA,NA,0 declarative,0 declarative,0 declarative,0 declarative,0 no negation,NA,0 no negation
1148,juede,/NSCtoys/5/b05_2.cha,mother,MOT: <这是>[//]你觉得这是什么游戏啊?,2 CP,,2 second_person,2 CP,,2 second_person,NA,NA,NA,NA,2 wh_question,3 base-generated wh/polar,2 wh_question,3 base-generated wh/polar,0 no negation,NA,0 no negation
1149,juede,/NSCtoys/5/b05_2.cha,mother,MOT: 我觉得热热的耶.,0 No,1 Adj,1 first_person,2 CP,,1 first_person,NA,NA,NA,NA,0 declarative,0 declarative,0 declarative,0 declarative,0 no negation,NA,0 no negation
1150,juede,/NSCtoys/5/b05_3.cha,mother,MOT: 你觉得...,0 No,0 No,2 second_person,0 No,0 No,2 second_person,NA,NA,NA,NA,,,0 declarative,,0 no negation,NA,0 no negation
1151,juede,/NSCtoys/5/b05_3.cha,mother,MOT: 你觉得应该是怎么样才是对的.,2 CP,,2 second_person,2 CP,,2 second_person,NA,NA,NA,NA,2 wh_question,3 base-generated wh/polar,2 wh_question,3 base-generated wh/polar,0 no negation,NA,0 no negation
1152,juede,/NSCtoys/5/b05_3.cha,mother,MOT: 还是<你把相同图案的>[//]你觉得相同图案的(.)有关键的...,0 No,4 RC的,2 second_person,2 CP,,2 second_person,NA,NA,NA,NA,,,0 declarative,0 declarative,0 no negation,NA,0 no negation
1153,juede,/NSCtoys/5/b05_3.cha,mother,MOT: 你觉得他像什么?,2 CP,,2 second_person,2 CP,,2 second_person,NA,NA,NA,NA,2 wh_question,3 base-generated wh/polar,2 wh_question,3 base-generated wh/polar,0 no negation,NA,0 no negation
1154,juede,/NSCtoys/5/b06_1.cha,mother,MOT: 你觉得这是剪什么?,2 CP,,2 second_person,2 CP,,2 second_person,NA,NA,NA,NA,2 wh_question,3 base-generated wh/polar,2 wh_question,3 base-generated wh/polar,0 no negation,NA,0 no negation
1155,juede,/NSCtoys/5/b06_1.cha,mother,MOT: 你觉得这是剪什么?,2 CP,,2 second_person,2 CP,,2 second_person,NA,NA,NA,NA,2 wh_question,3 base-generated wh/polar,2 wh_question,3 base-generated wh/polar,0 no negation,NA,0 no negation
1156,juede,/NSCtoys/5/b06_3.cha,mother,MOT: 你觉得这是什么拼图?,2 CP,,2 second_person,2 CP,,2 second_person,NA,NA,NA,NA,2 wh_question,3 base-generated wh/polar,2 wh_question,3 base-generated wh/polar,0 no negation,NA,0 no negation
1157,juede,/NSCtoys/5/b07_1.cha,mother,MOT: 但是我觉得...,0 No,0 No,1 first_person,0 No,0 No,1 first_person,NA,NA,NA,NA,,,0 declarative,,0 no negation,NA,0 no negation
1158,juede,/NSCtoys/5/b07_1.cha,mother,MOT: 你觉得这样有没有可能?,2 CP,,2 second_person,2 CP,,2 second_person,NA,NA,NA,NA,1 polar_question,3 base-generated wh/polar,1 polar_question,3 base-generated wh/polar,0 no negation,NA,0 no negation
1159,juede,/NSCtoys/5/b07_2.cha,mother,"MOT: ""我觉得我的脚这样痛.",2 CP,,1 first_person,2 CP,,1 first_person,NA,NA,NA,NA,0 declarative,0 declarative,0 declarative,0 declarative,0 no negation,NA,0 no negation
1160,juede,/NSCtoys/5/b07_3.cha,mother,MOT: 你(..)觉得这边不行.,2 CP,,2 second_person,2 CP,,2 second_person,NA,NA,NA,NA,0 declarative,0 declarative,0 declarative,0 declarative,0 no negation,NA,0 no negation
1161,juede,/NSCtoys/5/b07_3.cha,mother,MOT: 你觉得它会拼哪里?,2 CP,,2 second_person,2 CP,,2 second_person,NA,NA,NA,NA,2 wh_question,3 base-generated wh/polar,2 wh_question,3 base-generated wh/polar,0 no negation,NA,0 no negation
1162,juede,/NSCtoys/5/b07_3.cha,mother,MOT: 我觉得差不多可以开始拼了.,2 CP,,1 first_person,2 CP,,1 first_person,NA,NA,NA,NA,0 declarative,0 declarative,0 declarative,0 declarative,0 no negation,NA,0 no negation
1163,juede,/NSCtoys/5/b07_3.cha,mother,MOT: 我觉得鹦鹉的翅膀很明显了.,2 CP,,1 first_person,2 CP,,1 first_person,NA,NA,NA,NA,0 declarative,0 declarative,0 declarative,0 declarative,0 no negation,NA,0 no negation
1164,juede,/NSCtoys/5/b07_3.cha,mother,MOT: 因为我开始觉得.,0 No,0 No,1 first_person,0 No,0 No,1 first_person,NA,NA,NA,NA,,,0 declarative,,0 no negation,NA,0 no negation
1165,juede,/NSCtoys/5/b07_3.cha,mother,MOT: 你有没有觉得事情不是我们想得那么简单.,2 CP,,1 first_person,2 CP,,2 second_person,NA,NA,NA,NA,1 polar_question,0 declarative,1 polar_question,0 declarative,0 no negation,NA,0 no negation
1166,juede,/NSCtoys/5/b07_3.cha,mother,MOT: 然后我们一直觉得哪里怪怪的.,2 CP,,1 first_person,2 CP,,1 first_person,NA,NA,NA,NA,0 declarative,2 wh_question,0 declarative,2 wh_question,0 no negation,NA,0 no negation
1167,juede,/NSCtoys/5/b08_1.cha,mother,MOT: 你觉得我们要玩什么呢?,2 CP,,2 second_person,2 CP,,2 second_person,NA,NA,NA,NA,2 wh_question,3 base-generated wh/polar,2 wh_question,0 declarative,0 no negation,NA,0 no negation
1168,juede,/NSCtoys/5/b12_1.cha,father,"FAT: ""我觉得(.)我的鼻子有点不舒服耶.",2 CP,,1 first_person,0 No,0 No,1 first_person,NA,NA,NA,NA,0 declarative,0 declarative,0 declarative,0 declarative,0 no negation,NA,0 no negation
1169,juede,/NSCtoys/5/b12_1.cha,father,"FAT: ""我好像觉得比较好一点.",0 No,1 Adj,1 first_person,0 No,1 Adj,1 first_person,NA,NA,NA,NA,0 declarative,0 declarative,0 declarative,0 declarative,0 no negation,NA,0 no negation
1173,juede,/NSCtoys/5/b14_3.cha,mother,"MOT: 你觉得这个放这边,好不好?",2 CP,,2 second_person,2 CP,,2 second_person,NA,NA,NA,NA,4 tag_question,0 declarative,4 tag_question,0 declarative,0 no negation,NA,0 no negation
1174,juede,/NSCtoys/5/b14_3.cha,mother,MOT: 你觉得嘞?,0 No,0 No,2 second_person,0 No,0 No,2 second_person,NA,NA,NA,NA,1 polar_question,,1 polar_question,,0 no negation,NA,0 no negation
1175,juede,/NSCtoys/5/b15_1.cha,mother,MOT: 我觉得我这个黄色系也不错欸!,2 CP,,1 first_person,2 CP,,1 first_person,NA,NA,NA,NA,0 declarative,0 declarative,0 declarative,0 declarative,0 no negation,NA,0 no negation
1176,juede,/NSCtoys/5/b17_1.cha,mother,MOT: 你觉得呢?,0 No,0 No,2 second_person,0 No,0 No,2 second_person,NA,NA,NA,NA,1 polar_question,,1 polar_question,,0 no negation,NA,0 no negation
1177,juede,/NSCtoys/5/b17_1.cha,mother,MOT: 你觉得.,0 No,0 No,2 second_person,0 No,0 No,2 second_person,NA,NA,NA,NA,,,0 declarative,,0 no negation,NA,0 no negation
1178,juede,/NSCtoys/5/b17_1.cha,mother,MOT: 你觉得好吗?,0 No,1 Adj,2 second_person,0 No,1 Adj,2 second_person,NA,NA,NA,NA,1 polar_question,0 declarative,1 polar_question,0 declarative,0 no negation,NA,0 no negation
1179,juede,/NSCtoys/5/b17_1.cha,mother,MOT: 你觉得?,0 No,0 No,2 second_person,0 No,0 No,2 second_person,NA,NA,NA,NA,1 polar_question,,1 polar_question,,0 no negation,NA,0 no negation
1180,juede,/NSCtoys/5/b17_1.cha,mother,MOT: 我觉得这有点像阿姨做的蛋糕耶.,2 CP,,1 first_person,2 CP,,1 first_person,NA,NA,NA,NA,0 declarative,0 declarative,0 declarative,0 declarative,0 no negation,NA,0 no negation
1181,juede,/NSCtoys/5/b17_1.cha,mother,MOT: 这个所以你觉得这个好玩吗?,2 CP,,2 second_person,2 CP,,2 second_person,NA,NA,NA,NA,1 polar_question,0 declarative,1 polar_question,0 declarative,0 no negation,NA,0 no negation
1182,juede,/NSCtoys/5/b17_2.cha,mother,MOT: 那你觉得呢?,0 No,0 No,2 second_person,0 No,0 No,2 second_person,NA,NA,NA,NA,1 polar_question,,1 polar_question,,0 no negation,NA,0 no negation
1183,juede,/NSCtoys/5/b17_3.cha,mother,MOT: 你觉得呢?,0 No,0 No,2 second_person,0 No,0 No,2 second_person,NA,NA,NA,NA,1 polar_question,,1 polar_question,,0 no negation,NA,0 no negation
1184,juede,/NSCtoys/5/b18_2.cha,father,FAT: 爸爸觉得是不是要开一点.,2 CP,,4 self_reference,2 CP,,4 self_reference,NA,NA,NA,NA,1 polar_question,3 base-generated wh/polar,1 polar_question,3 base-generated wh/polar,0 no negation,NA,0 no negation
1185,juede,/NSCtoys/5/b18_2.cha,father,FAT: 还是你觉得城堡里有什么?,2 CP,,2 second_person,2 CP,,2 second_person,NA,NA,NA,NA,2 wh_question,3 base-generated wh/polar,2 wh_question,3 base-generated wh/polar,0 no negation,NA,0 no negation
1186,juede,/NSCtoys/5/b18_3.cha,father,FAT: 新拼图会不会觉得比较难?,0 No,1 Adj,0 dropped,0 No,1 Adj,0 dropped,NA,NA,NA,NA,1 polar_question,0 declarative,1 polar_question,0 declarative,0 no negation,NA,0 no negation
1187,juede,/NSCtoys/5/b18_3.cha,father,FAT: 那你觉得这只蛇很凶吗?,2 CP,,2 second_person,2 CP,,2 second_person,NA,NA,NA,NA,1 polar_question,0 declarative,1 polar_question,0 declarative,,NA,0 no negation
1188,juede,/NSCtoys/5/b20_1.cha,father,FAT: 你觉得要可以怎么玩?,2 CP,,2 second_person,2 CP,,2 second_person,NA,NA,NA,NA,2 wh_question,3 base-generated wh/polar,2 wh_question,3 base-generated wh/polar,0 no negation,NA,0 no negation
1189,juede,/NSCtoys/5/b20_1.cha,father,FAT: <你觉得怎样比较好>[>]?,2 CP,,2 second_person,2 CP,,2 second_person,NA,NA,NA,NA,2 wh_question,3 base-generated wh/polar,2 wh_question,3 base-generated wh/polar,0 no negation,NA,0 no negation
1190,juede,/NSCtoys/5/b20_1.cha,father,"FAT: 又觉得好羡慕,好想要去玩喔!",0 No,1 Adj,0 dropped,0 No,1 Adj,0 dropped,NA,NA,NA,NA,0 declarative,0 declarative,0 declarative,0 declarative,0 no negation,NA,0 no negation
1191,juede,/NSCtoys/5/b23_2.cha,father,FAT: 爸爸也觉得.,0 No,0 No,4 self_reference,0 No,0 No,4 self_reference,NA,NA,NA,NA,0 declarative,,0 declarative,,0 no negation,NA,0 no negation
1192,juede,/NSCtoys/5/b23_3.cha,father,FAT: 有没有这觉得很像?,2 CP,,0 dropped,2 CP,,0 dropped,NA,NA,NA,NA,1 polar_question,,1 polar_question,0 declarative,0 no negation,NA,0 no negation
1193,juede,/NSCtoys/5/b26_1.cha,mother,MOT: 哇我[/]我[/]我觉得全身都好痛喔!,2 CP,,1 first_person,2 CP,,1 first_person,NA,NA,NA,NA,0 declarative,0 declarative,0 declarative,0 declarative,0 no negation,NA,0 no negation
1194,juede,/NSCtoys/5/b26_1.cha,mother,MOT: 医生我突然觉得这里好舒服喔.,2 CP,,1 first_person,2 CP,,1 first_person,NA,NA,NA,NA,0 declarative,0 declarative,0 declarative,0 declarative,0 no negation,NA,0 no negation
1196,juede,/NSCtoys/5/b26_1.cha,mother,MOT: 我觉得好像好了一点耶.,2 CP,,1 first_person,2 CP,,1 first_person,NA,NA,NA,NA,0 declarative,0 declarative,0 declarative,0 declarative,0 no negation,NA,0 no negation
1197,juede,/NSCtoys/5/b26_1.cha,mother,MOT: 可是总觉得还是哪里怪怪的.,2 CP,,0 dropped,2 CP,,0 dropped,NA,NA,NA,NA,0 declarative,2 wh_question,0 declarative,0 declarative,0 no negation,NA,0 no negation
1198,juede,/NSCtoys/5/b26_3.cha,mother,MOT: 我突然觉得这个比较简单.,2 CP,,1 first_person,2 CP,,1 first_person,NA,NA,NA,NA,0 declarative,0 declarative,0 declarative,0 declarative,0 no negation,NA,0 no negation
1201,juede,/NSCtoys/5/b26_3.cha,mother,MOT: 你觉得不像.,2 CP,,2 second_person,2 CP,,2 second_person,NA,NA,NA,NA,0 declarative,0 declarative,0 declarative,0 declarative,0 no negation,NA,0 no negation
1202,juede,/NSCtoys/5/b27_1.cha,mother,MOT: 那你觉得这个像谁啊?,2 CP,,2 second_person,2 CP,,2 second_person,NA,NA,NA,NA,2 wh_question,3 base-generated wh/polar,2 wh_question,3 base-generated wh/polar,0 no negation,NA,0 no negation
1205,juede,/NSCtoys/5/b27_2.cha,mother,"MOT: ""我觉得喉咙很不舒服啊.",2 CP,,1 first_person,2 CP,,1 first_person,NA,NA,NA,NA,0 declarative,0 declarative,0 declarative,0 declarative,0 no negation,NA,0 no negation
1207,juede,/NSCtoys/5/b27_2.cha,mother,"MOT: ""我觉得一直流鼻涕.",2 CP,,1 first_person,2 CP,,1 first_person,NA,NA,NA,NA,0 declarative,0 declarative,0 declarative,0 declarative,0 no negation,NA,0 no negation
1208,juede,/NSCtoys/5/b27_2.cha,mother,"MOT: ""有时候就没办法呼吸,觉得www塞住.",0 No,3 Incomplete,0 dropped,2 CP,,0 dropped,NA,NA,NA,NA,0 declarative,0 declarative,0 declarative,0 declarative,0 no negation,NA,0 no negation
1209,juede,/NSCtoys/5/b27_3.cha,mother,MOT: 我觉得从边边开始拼.,2 CP,,1 first_person,2 CP,,1 first_person,NA,NA,NA,NA,0 declarative,0 declarative,0 declarative,0 declarative,0 no negation,NA,0 no negation
1210,juede,/NSCtoys/5/b29_2.cha,mother,"MOT: ""我觉得(.)我喉咙痛痛的.",2 CP,,1 first_person,2 CP,,1 first_person,NA,NA,NA,NA,0 declarative,0 declarative,0 declarative,0 declarative,0 no negation,NA,0 no negation
1211,juede,/NSCtoys/5/b29_2.cha,mother,"MOT: ""可是我觉得我现在好像有一点发烧,喉咙有一点痛欸.",2 CP,,1 first_person,2 CP,,1 first_person,NA,NA,NA,NA,0 declarative,0 declarative,0 declarative,0 declarative,0 no negation,NA,0 no negation
1213,juede,/NSCtoys/5/b32_1.cha,mother,MOT: 那你觉得要打哪里?,2 CP,,2 second_person,2 CP,,2 second_person,NA,NA,NA,NA,2 wh_question,3 base-generated wh/polar,2 wh_question,3 base-generated wh/polar,0 no negation,NA,0 no negation
1214,juede,/NSCtoys/5/b37_2.cha,mother,"MOT: ""你现在开始觉得头晕晕的,站不直了.",2 CP,,2 second_person,2 CP,,2 second_person,NA,NA,NA,NA,0 declarative,0 declarative,0 declarative,0 declarative,0 no negation,NA,0 no negation
1215,juede,/NSCtoys/5/b37_3.cha,mother,MOT: 你觉得这个是什么图案?,2 CP,,2 second_person,2 CP,,2 second_person,NA,NA,NA,NA,2 wh_question,3 base-generated wh/polar,2 wh_question,3 base-generated wh/polar,0 no negation,NA,0 no negation
1216,juede,/NSCtoys/5/b37_3.cha,mother,MOT: 那你觉得你跟我谁快?,2 CP,,2 second_person,2 CP,,2 second_person,NA,NA,NA,NA,2 wh_question,3 base-generated wh/polar,1 polar_question,3 base-generated wh/polar,0 no negation,NA,0 no negation
1217,juede,/NSCtoys/5/b37_3.cha,mother,MOT: 你觉得<我>[//]你跟我谁会比较快?,2 CP,,2 second_person,2 CP,,2 second_person,NA,NA,NA,NA,2 wh_question,3 base-generated wh/polar,1 polar_question,3 base-generated wh/polar,0 no negation,NA,0 no negation
1218,juede,/NSCtoys/5/b38_3.cha,father,FAT: ^我觉得这里应该是在下面的.,2 CP,,1 first_person,2 CP,,1 first_person,NA,NA,NA,NA,0 declarative,0 declarative,0 declarative,0 declarative,0 no negation,NA,0 no negation
1219,juede,/NSCtoys/5/b39_1.cha,mother,MOT: 你<觉得>[>]咧?,0 No,0 No,2 second_person,0 No,0 No,2 second_person,NA,NA,NA,NA,1 polar_question,,1 polar_question,,0 no negation,NA,0 no negation
1220,juede,/NSCtoys/5/b39_1.cha,mother,MOT: 我也觉得为什么还是他们有点正方.,2 CP,,1 first_person,2 CP,,1 first_person,NA,NA,NA,NA,0 declarative,2 wh_question,0 declarative,2 wh_question,0 no negation,NA,0 no negation
1221,juede,/NSCtoys/5/b39_3.cha,mother,MOT: 这<我觉应该是>[//]我觉得要这样子.,2 CP,,1 first_person,2 CP,,1 first_person,NA,NA,NA,NA,0 declarative,0 declarative,0 declarative,0 declarative,0 no negation,NA,0 no negation
1222,juede,/NSCtoys/5/b39_3.cha,mother,MOT: <我觉得这个好像>[//]我可以帮你(..)调整一下吗?,2 CP,,1 first_person,2 CP,,1 first_person,NA,NA,NA,NA,,,0 declarative,0 declarative,0 no negation,NA,0 no negation
1223,juede,/NSCtoys/5/b39_3.cha,mother,MOT: 你有没有觉得他应该要转过来.,2 CP,,2 second_person,2 CP,,2 second_person,NA,NA,NA,NA,1 polar_question,0 declarative,1 polar_question,0 declarative,0 no negation,NA,0 no negation
1224,juede,/NSCtoys/5-6_2/b08_1.cha,mother,MOT: 那你觉得会用在<哪里>[>]?,2 CP,,2 second_person,2 CP,,2 second_person,NA,NA,NA,NA,2 wh_question,3 base-generated wh/polar,2 wh_question,3 base-generated wh/polar,0 no negation,NA,0 no negation
1225,juede,/NSCtoys/5-6_2/b08_1.cha,mother,MOT: 你觉得会用在哪里?,2 CP,,2 second_person,2 CP,,2 second_person,NA,NA,NA,NA,2 wh_question,3 base-generated wh/polar,2 wh_question,3 base-generated wh/polar,0 no negation,NA,0 no negation
1226,juede,/NSCtoys/5-6_2/b08_1.cha,mother,MOT: 你觉得可以用来怎么玩.,2 CP,,2 second_person,2 CP,,2 second_person,NA,NA,NA,NA,2 wh_question,3 base-generated wh/polar,2 wh_question,3 base-generated wh/polar,0 no negation,NA,0 no negation
1227,juede,/NSCtoys/5-6_2/b08_1.cha,mother,MOT: 你觉得会像什么游戏吗?,2 CP,,2 second_person,2 CP,,2 second_person,NA,NA,NA,NA,2 wh_question,3 base-generated wh/polar,1 polar_question,0 declarative,0 no negation,NA,0 no negation
1228,juede,/NSCtoys/5-6_2/b08_2.cha,mother,"MOT: 好,你觉得可以盖什么?",2 CP,,2 second_person,2 CP,,2 second_person,NA,NA,NA,NA,2 wh_question,3 base-generated wh/polar,2 wh_question,3 base-generated wh/polar,0 no negation,NA,0 no negation
1229,juede,/NSCtoys/5-6_2/b12_2.cha,father,FAT: 我觉得我又想到一招了.,2 CP,,1 first_person,2 CP,,1 first_person,NA,NA,NA,NA,0 declarative,0 declarative,0 declarative,0 declarative,0 no negation,NA,0 no negation
1230,juede,/NSCtoys/5-6_2/b12_3.cha,father,FAT: 所以你觉得他是哪一个?,2 CP,,2 second_person,2 CP,,2 second_person,NA,NA,NA,NA,2 wh_question,3 base-generated wh/polar,2 wh_question,3 base-generated wh/polar,0 no negation,NA,0 no negation
1231,juede,/NSCtoys/5-6_2/b12_3.cha,father,FAT: 你觉得他像什么形状.,2 CP,,2 second_person,2 CP,,2 second_person,NA,NA,NA,NA,2 wh_question,3 base-generated wh/polar,2 wh_question,3 base-generated wh/polar,0 no negation,NA,0 no negation
1232,juede,/NSCtoys/5-6_2/b12_3.cha,father,FAT: 你觉得呢?,0 No,0 No,2 second_person,0 No,0 No,2 second_person,NA,NA,NA,NA,1 polar_question,,1 polar_question,,0 no negation,NA,0 no negation
1233,juede,/NSCtoys/5-6_2/b20_2.cha,mother,MOT: 你觉得你的城堡想要有(.)<什么>[/]什么功能?,2 CP,,2 second_person,2 CP,,2 second_person,NA,NA,NA,NA,2 wh_question,3 base-generated wh/polar,2 wh_question,3 base-generated wh/polar,0 no negation,NA,0 no negation
1234,juede,/NSCtoys/5-6_2/b20_2.cha,mother,"MOT: 所以其实你盖的是儿童乐园耶,我觉得.",0 No,0 No,1 first_person,0 No,0 No,1 first_person,NA,NA,NA,NA,0 declarative,0 declarative,0 declarative,0 declarative,0 no negation,NA,0 no negation
1235,juede,/NSCtoys/5-6_2/b20_2.cha,mother,MOT: 我觉得这样子小朋友会直接掉下来.,2 CP,,1 first_person,2 CP,,1 first_person,NA,NA,NA,NA,0 declarative,0 declarative,0 declarative,0 declarative,0 no negation,NA,0 no negation
1236,juede,/NSCtoys/5-6_2/b20_2.cha,mother,MOT: 这样子我觉得可能小朋友有点害怕.,2 CP,,1 first_person,2 CP,,1 first_person,NA,NA,NA,NA,0 declarative,0 declarative,0 declarative,0 declarative,0 no negation,NA,0 no negation
1237,juede,/NSCtoys/5-6_2/b20_2.cha,mother,MOT: 欸我觉得你可以烤乳猪.,2 CP,,1 first_person,2 CP,,1 first_person,NA,NA,NA,NA,0 declarative,0 declarative,0 declarative,0 declarative,0 no negation,NA,0 no negation
1238,juede,/NSCtoys/5-6_2/b20_2.cha,mother,MOT: 我觉得要因为那个太窄了啊过不去啊.,2 CP,,1 first_person,2 CP,,1 first_person,NA,NA,NA,NA,0 declarative,0 declarative,0 declarative,0 declarative,0 no negation,NA,0 no negation
1239,juede,/NSCtoys/5-6_2/b20_3.cha,mother,"MOT: 没关系,我觉得你也可以(.)<试试看>[/]试试看.",2 CP,,1 first_person,2 CP,,1 first_person,NA,NA,NA,NA,0 declarative,0 declarative,0 declarative,0 declarative,0 no negation,NA,0 no negation
1240,juede,/NSCtoys/5-6_2/b20_3.cha,mother,MOT: 你觉得好不好?,2 CP,,2 second_person,2 CP,,2 second_person,NA,NA,NA,NA,1 polar_question,3 base-generated wh/polar,1 polar_question,3 base-generated wh/polar,0 no negation,NA,0 no negation
1241,juede,/NSCtoys/5-6_2/b20_3.cha,mother,MOT: 我觉得他还缺一个牙齿.,2 CP,,1 first_person,2 CP,,1 first_person,NA,NA,NA,NA,0 declarative,0 declarative,0 declarative,0 declarative,0 no negation,NA,0 no negation
1242,juede,/NSCtoys/5-6_2/b20_3.cha,mother,"MOT: 对啊,我觉得那个地方是对的.",2 CP,,1 first_person,2 CP,,1 first_person,NA,NA,NA,NA,0 declarative,0 declarative,0 declarative,0 declarative,0 no negation,NA,0 no negation
1243,juede,/NSCtoys/5-6_2/b20_3.cha,mother,MOT: 我觉得那个很像<河马的那个我觉得>[//]河马的紫色.,2 CP,,1 first_person,2 CP,,1 first_person,NA,NA,NA,NA,0 declarative,0 declarative,0 declarative,0 declarative,0 no negation,NA,0 no negation
1244,juede,/NSCtoys/5-6_2/b20_3.cha,mother,MOT: 我觉得这边(.)我放这里喔.,0 No,2 NP,1 first_person,0 No,2 NP,1 first_person,NA,NA,NA,NA,0 declarative,0 declarative,0 declarative,0 declarative,0 no negation,NA,0 no negation
1245,juede,/NSCtoys/5-6_2/b20_3.cha,mother,MOT: 我个人觉得这个是...,0 No,3 Incomplete,1 first_person,0 No,3 Incomplete,1 first_person,NA,NA,NA,NA,,,0 declarative,0 declarative,0 no negation,NA,0 no negation
1247,juede,/NSCtoys/5-6_2/b21_2.cha,mother,"MOT: ""我今天觉得喉咙有点不舒服欸.",2 CP,,1 first_person,2 CP,,1 first_person,NA,NA,NA,NA,0 declarative,0 declarative,0 declarative,0 declarative,0 no negation,NA,0 no negation
1248,juede,/NSCtoys/5-6_2/b21_3.cha,mother,MOT: 你觉得他像什么?,2 CP,,2 second_person,2 CP,,2 second_person,NA,NA,NA,NA,2 wh_question,3 base-generated wh/polar,2 wh_question,3 base-generated wh/polar,0 no negation,NA,0 no negation
1249,juede,/NSCtoys/2/d03_1.cha,mother,MOT: 妈妈觉得你可以做起来.,2 CP,,4 self_reference,2 CP,,4 self_reference,NA,NA,NA,NA,0 declarative,0 declarative,0 declarative,0 declarative,0 no negation,NA,0 no negation
1250,juede,/NSCtoys/2/d03_3.cha,mother,MOT: 那你觉得是谁?,2 CP,,2 second_person,2 CP,,2 second_person,NA,NA,NA,NA,2 wh_question,3 base-generated wh/polar,2 wh_question,3 base-generated wh/polar,0 no negation,NA,0 no negation
1252,juede,/NSCtoys/2/d07_1.cha,father,FAT: 你觉得只加番茄酱喔?,2 CP,,2 second_person,2 CP,,2 second_person,NA,NA,NA,NA,1 polar_question,0 declarative,1 polar_question,0 declarative,0 no negation,NA,0 no negation
1253,juede,/NSCtoys/2/d10_2.cha,father,FAT: 你不觉得吗?,0 No,0 No,2 second_person,0 No,0 No,2 second_person,NA,NA,NA,NA,1 polar_question,,1 polar_question,,2 不,NA,2 不
1254,juede,/NSCtoys/2/d10_2.cha,father,FAT: 我觉得超像的.,2 CP,,1 first_person,2 CP,,1 first_person,NA,NA,NA,NA,0 declarative,0 declarative,0 declarative,0 declarative,0 no negation,NA,0 no negation
1255,juede,/NSCtoys/2/d14_1.cha,mother,MOT: 如果你觉得不好看的话.,0 No,1 Adj,2 second_person,0 No,1 Adj,2 second_person,NA,NA,NA,NA,0 declarative,0 declarative,0 declarative,0 declarative,0 no negation,NA,0 no negation
1256,juede,/NSCtoys/2/d14_1.cha,mother,"MOT: 我觉得给他载玉米,好不好?",2 CP,,1 first_person,2 CP,,1 first_person,NA,NA,NA,NA,4 tag_question,0 declarative,4 tag_question,0 declarative,0 no negation,NA,0 no negation
1257,juede,/NSCtoys/2/d14_3.cha,mother,MOT: 有鸭鸭那应该是黄色的要拼哪边你觉得?,0 No,0 No,2 second_person,0 No,0 No,2 second_person,NA,NA,NA,NA,4 tag_question,2 wh_question,4 tag_question,2 wh_question,0 no negation,NA,0 no negation
1258,juede,/NSCtoys/2/d15_1.cha,mother,"MOT: 孩名,我觉得他长得有点像小船欸.",2 CP,,1 first_person,2 CP,,1 first_person,NA,NA,NA,NA,0 declarative,0 declarative,0 declarative,0 declarative,0 no negation,NA,0 no negation
1259,juede,/NSCtoys/2/d16_3.cha,mother,MOT: <我觉得这个>[/]我觉得这个应该是在这边.,2 CP,,1 first_person,2 CP,,1 first_person,NA,NA,NA,NA,0 declarative,0 declarative,0 declarative,0 declarative,0 no negation,NA,0 no negation
1260,juede,/NSCtoys/2/d16_3.cha,mother,MOT: 我觉得这个应该是在这里的.,2 CP,,1 first_person,2 CP,,1 first_person,NA,NA,NA,NA,0 declarative,0 declarative,0 declarative,0 declarative,0 no negation,NA,0 no negation
1261,juede,/NSCtoys/2/d16_3.cha,mother,MOT: 我觉得是在这里.,2 CP,,1 first_person,2 CP,,1 first_person,NA,NA,NA,NA,0 declarative,0 declarative,0 declarative,0 declarative,0 no negation,NA,0 no negation
1262,juede,/NSCtoys/2/d16_3.cha,mother,MOT: 我觉得他在这里耶.,2 CP,,1 first_person,2 CP,,1 first_person,NA,NA,NA,NA,0 declarative,0 declarative,0 declarative,0 declarative,0 no negation,NA,0 no negation
1263,juede,/NSCtoys/2/d16_3.cha,mother,MOT: 觉得在这里.,2 CP,,0 dropped,2 CP,,0 dropped,NA,NA,NA,NA,0 declarative,0 declarative,0 declarative,0 declarative,0 no negation,NA,0 no negation
1264,juede,/NSCtoys/2/d19_3.cha,mother,MOT: 我也觉得这个拼图有一点点难.,2 CP,,1 first_person,2 CP,,1 first_person,NA,NA,NA,NA,0 declarative,0 declarative,0 declarative,0 declarative,0 no negation,NA,0 no negation
1265,juede,/NSCtoys/2/d20_1.cha,mother,MOT: 我觉得他有一点大欸.,2 CP,,1 first_person,2 CP,,1 first_person,NA,NA,NA,NA,0 declarative,0 declarative,0 declarative,0 declarative,0 no negation,NA,0 no negation
1266,juede,/NSCtoys/4/a01_3.cha,mother,MOT: 你觉得?,0 No,0 No,2 second_person,0 No,0 No,2 second_person,NA,NA,NA,NA,1 polar_question,,1 polar_question,,0 no negation,NA,0 no negation
1267,juede,/NSCtoys/4/a01_3.cha,mother,MOT: 你有没有觉得他是其中的一块吗?,2 CP,,2 second_person,2 CP,,2 second_person,NA,NA,NA,NA,1 polar_question,0 declarative,1 polar_question,0 declarative,0 no negation,NA,0 no negation
1268,juede,/NSCtoys/4/a01_3.cha,mother,MOT: 你不觉得这个颜色跟那边蛮像的吗?,2 CP,,2 second_person,2 CP,,2 second_person,NA,NA,NA,NA,1 polar_question,0 declarative,1 polar_question,0 declarative,2 不,NA,2 不
1269,juede,/NSCtoys/4/a03_2.cha,mother,MOT: 你觉得呢?,0 No,0 No,2 second_person,0 No,0 No,2 second_person,NA,NA,NA,NA,1 polar_question,,1 polar_question,,0 no negation,NA,0 no negation
1270,juede,/NSCtoys/4/a03_2.cha,mother,MOT: 你觉得他是什么?,2 CP,,2 second_person,2 CP,,2 second_person,NA,NA,NA,NA,2 wh_question,3 base-generated wh/polar,2 wh_question,3 base-generated wh/polar,0 no negation,NA,0 no negation
1271,juede,/NSCtoys/4/a03_2.cha,mother,MOT: 你觉得他是什么啊?,2 CP,,2 second_person,2 CP,,2 second_person,NA,NA,NA,NA,2 wh_question,3 base-generated wh/polar,2 wh_question,3 base-generated wh/polar,0 no negation,NA,0 no negation
1272,juede,/NSCtoys/4/a04_1.cha,mother,MOT: 你觉得呢?,0 No,0 No,2 second_person,0 No,0 No,2 second_person,NA,NA,NA,NA,1 polar_question,,1 polar_question,,0 no negation,NA,0 no negation
1273,juede,/NSCtoys/4/a04_3.cha,mother,"MOT: 这个,你觉得这个是什么?",2 CP,,2 second_person,2 CP,,2 second_person,NA,NA,NA,NA,2 wh_question,3 base-generated wh/polar,2 wh_question,3 base-generated wh/polar,0 no negation,NA,0 no negation
1274,juede,/NSCtoys/4/a05_3.cha,mother,MOT: 没有拼这块就觉得怪怪的.,0 No,1 Adj,0 dropped,2 CP,,0 dropped,NA,NA,NA,NA,0 declarative,0 declarative,0 declarative,0 declarative,0 no negation,NA,0 no negation
1275,juede,/NSCtoys/4/a08_3.cha,mother,MOT: 你觉得咧?,0 No,0 No,2 second_person,0 No,0 No,2 second_person,NA,NA,NA,NA,1 polar_question,,1 polar_question,,0 no negation,NA,0 no negation
1276,juede,/NSCtoys/4/a09_2.cha,mother,MOT: 蛤你觉得这是什么?,2 CP,,2 second_person,2 CP,,2 second_person,NA,NA,NA,NA,2 wh_question,3 base-generated wh/polar,2 wh_question,3 base-generated wh/polar,0 no negation,NA,0 no negation
1277,juede,/NSCtoys/4/a09_2.cha,mother,MOT: 蛤你觉得咧?,0 No,0 No,2 second_person,0 No,0 No,2 second_person,NA,NA,NA,NA,1 polar_question,,1 polar_question,,0 no negation,NA,0 no negation
1278,juede,/NSCtoys/4/a09_2.cha,mother,MOT: 你觉得他为什么会跌倒?,2 CP,,2 second_person,2 CP,,2 second_person,NA,NA,NA,NA,2 wh_question,3 base-generated wh/polar,3 how/why,3 base-generated wh/polar,0 no negation,NA,0 no negation
1279,juede,/NSCtoys/4/a10_1.cha,mother,MOT: 可是我觉得这不像剪刀耶.,2 CP,,1 first_person,2 CP,,1 first_person,NA,NA,NA,NA,0 declarative,0 declarative,0 declarative,0 declarative,0 no negation,NA,0 no negation
1280,juede,/NSCtoys/4/a10_1.cha,mother,MOT: 你觉得这像什么?,2 CP,,2 second_person,2 CP,,2 second_person,NA,NA,NA,NA,2 wh_question,3 base-generated wh/polar,2 wh_question,3 base-generated wh/polar,0 no negation,NA,0 no negation
1281,juede,/NSCtoys/4/a10_2.cha,mother,MOT: 可是我觉得你的被风吹一下就倒了.,2 CP,,1 first_person,2 CP,,1 first_person,NA,NA,NA,NA,0 declarative,0 declarative,0 declarative,0 declarative,0 no negation,NA,0 no negation
1282,juede,/NSCtoys/4/a11_1.cha,mother,"MOT: 好,你觉得我几分钟可以完成?",2 CP,,2 second_person,2 CP,,2 second_person,NA,NA,NA,NA,2 wh_question,3 base-generated wh/polar,2 wh_question,3 base-generated wh/polar,0 no negation,NA,0 no negation
1283,juede,/NSCtoys/4/a11_1.cha,mother,MOT: 但我觉得应该要一点点时间.,2 CP,,1 first_person,2 CP,,1 first_person,NA,NA,NA,NA,0 declarative,0 declarative,0 declarative,0 declarative,0 no negation,NA,0 no negation
1284,juede,/NSCtoys/4/a11_1.cha,mother,MOT: 我觉得好像香水瓶子喔.,2 CP,,1 first_person,2 CP,,1 first_person,NA,NA,NA,NA,0 declarative,0 declarative,0 declarative,0 declarative,0 no negation,NA,0 no negation
1285,juede,/NSCtoys/4/a12_2.cha,mother,MOT: 妈妈觉得他有一点点像电线杆.,2 CP,,4 self_reference,2 CP,,4 self_reference,NA,NA,NA,NA,0 declarative,0 declarative,0 declarative,0 declarative,0 no negation,NA,0 no negation
1286,juede,/NSCtoys/4/a12_2.cha,mother,MOT: 你觉得他有没有像?,2 CP,,2 second_person,2 CP,,2 second_person,NA,NA,NA,NA,1 polar_question,3 base-generated wh/polar,1 polar_question,3 base-generated wh/polar,0 no negation,NA,0 no negation
1287,juede,/NSCtoys/4/a12_3.cha,mother,"MOT: 没有啊,你真的觉得很好玩,对不对?",0 No,1 Adj,2 second_person,0 No,1 Adj,2 second_person,NA,NA,NA,NA,4 tag_question,0 declarative,4 tag_question,0 declarative,0 no negation,NA,0 no negation
1288,juede,/NSCtoys/4/a12_3.cha,mother,MOT: 妈妈觉得你比妈妈会拼耶.,2 CP,,4 self_reference,2 CP,,4 self_reference,NA,NA,NA,NA,0 declarative,0 declarative,0 declarative,0 declarative,0 no negation,NA,0 no negation
1289,juede,/NSCtoys/4/a13_1.cha,mother,MOT: <你觉得圆的要做什么呢>[<]?,2 CP,,2 second_person,2 CP,,2 second_person,NA,NA,NA,NA,2 wh_question,3 base-generated wh/polar,2 wh_question,3 base-generated wh/polar,0 no negation,NA,0 no negation
1290,juede,/NSCtoys/4/a13_2.cha,mother,MOT: 你觉得你有发烧吗?,2 CP,,2 second_person,2 CP,,2 second_person,NA,NA,NA,NA,1 polar_question,0 declarative,1 polar_question,0 declarative,0 no negation,NA,0 no negation
1293,juede,/NSCtoys/4/a15_3.cha,father,FAT: 如果你(.)觉得是.,2 CP,,2 second_person,2 CP,,2 second_person,NA,NA,NA,NA,0 declarative,,0 declarative,0 declarative,0 no negation,NA,0 no negation
1294,juede,/NSCtoys/4/a18_1.cha,mother,MOT: 你觉得这种东西是在做什么?,2 CP,,2 second_person,2 CP,,2 second_person,NA,NA,NA,NA,2 wh_question,3 base-generated wh/polar,2 wh_question,3 base-generated wh/polar,0 no negation,NA,0 no negation
1296,juede,/NSCtoys/4/a18_3.cha,mother,MOT: 我觉得这个也是.,2 CP,,1 first_person,2 CP,,1 first_person,NA,NA,NA,NA,0 declarative,0 declarative,0 declarative,0 declarative,0 no negation,NA,0 no negation
1297,juede,/NSCtoys/4/a18_3.cha,mother,MOT: 再来你觉得这边谁最好放.,2 CP,,2 second_person,2 CP,,2 second_person,NA,NA,NA,NA,2 wh_question,3 base-generated wh/polar,2 wh_question,3 base-generated wh/polar,0 no negation,NA,0 no negation
1298,juede,/NSCtoys/4/a20_1_1.cha,mother,MOT: 你觉得他发生什么事了?,2 CP,,2 second_person,2 CP,,2 second_person,NA,NA,NA,NA,2 wh_question,3 base-generated wh/polar,2 wh_question,3 base-generated wh/polar,0 no negation,NA,0 no negation
1299,juede,/NSCtoys/4/a20_1_2.cha,mother,MOT: 你觉得他怎么了?,2 CP,,2 second_person,2 CP,,2 second_person,NA,NA,NA,NA,2 wh_question,3 base-generated wh/polar,2 wh_question,3 base-generated wh/polar,0 no negation,NA,0 no negation
1300,juede,/NSCtoys/4/a20_2.cha,mother,MOT: 你觉得这样子拼有什么特别之处吗?,2 CP,,2 second_person,2 CP,,2 second_person,NA,NA,NA,NA,2 wh_question,3 base-generated wh/polar,1 polar_question,2 wh_question,0 no negation,NA,0 no negation
1301,juede,/NSCtoys/4/a20_3.cha,mother,MOT: 你觉得是没有形状吗?,2 CP,,2 second_person,2 CP,,2 second_person,NA,NA,NA,NA,1 polar_question,0 declarative,1 polar_question,0 declarative,0 no negation,NA,0 no negation
1302,juede,/NSCtoys/4/a22_2.cha,mother,MOT: 妈咪觉得他好像飞机喔!,2 CP,,4 self_reference,2 CP,,4 self_reference,NA,NA,NA,NA,0 declarative,0 declarative,0 declarative,0 declarative,0 no negation,NA,0 no negation
1303,juede,/NSCtoys/4/a22_3.cha,mother,MOT: 我觉得好像...,0 No,3 Incomplete,1 first_person,0 No,3 Incomplete,1 first_person,NA,NA,NA,NA,,,0 declarative,0 declarative,0 no negation,NA,0 no negation
1304,juede,/NSCtoys/4/a24_3.cha,father,FAT: 哇那你觉得这里有...,2 CP,,2 second_person,0 No,3 Incomplete,2 second_person,NA,NA,NA,NA,,,0 declarative,0 declarative,0 no negation,NA,0 no negation
1305,juede,/NSCtoys/4/a27_1.cha,mother,MOT: 你觉得<可以干嘛>[>]?,2 CP,,2 second_person,2 CP,,2 second_person,NA,NA,NA,NA,2 wh_question,3 base-generated wh/polar,2 wh_question,3 base-generated wh/polar,0 no negation,NA,0 no negation
1306,juede,/NSCtoys/4/a27_3.cha,mother,MOT: <我觉得是(.)猫>[//]是小鸟的翅膀吧.,2 CP,,1 first_person,2 CP,,1 first_person,NA,NA,NA,NA,0 declarative,0 declarative,0 declarative,0 declarative,0 no negation,NA,0 no negation
1307,juede,/NSCtoys/4/a28_1.cha,mother,MOT: 你觉得呢?,0 No,0 No,2 second_person,0 No,0 No,2 second_person,NA,NA,NA,NA,1 polar_question,,1 polar_question,,0 no negation,NA,0 no negation
1308,juede,/NSCtoys/4/a28_3.cha,mother,MOT: 你觉得这个是什么?,2 CP,,2 second_person,2 CP,,2 second_person,NA,NA,NA,NA,2 wh_question,3 base-generated wh/polar,2 wh_question,3 base-generated wh/polar,0 no negation,NA,0 no negation
1309,juede,/NSCtoys/4/a28_3.cha,mother,MOT: 你觉得这个是什么?,2 CP,,2 second_person,2 CP,,2 second_person,NA,NA,NA,NA,2 wh_question,3 base-generated wh/polar,2 wh_question,3 base-generated wh/polar,0 no negation,NA,0 no negation
1310,juede,/NSCtoys/4/a28_3.cha,mother,MOT: 你觉得牠们在什么地方呢?,2 CP,,2 second_person,2 CP,,2 second_person,NA,NA,NA,NA,2 wh_question,3 base-generated wh/polar,2 wh_question,3 base-generated wh/polar,0 no negation,NA,0 no negation
1311,juede,/NSCtoys/4/a28_3.cha,mother,MOT: 你觉得牠们今天为什么都(.)大家都聚在一起?,2 CP,,2 second_person,2 CP,,2 second_person,NA,NA,NA,NA,2 wh_question,3 base-generated wh/polar,3 how/why,3 base-generated wh/polar,0 no negation,NA,0 no negation
1312,juede,/NSCtoys/4/a29_1.cha,mother,MOT: 那你觉得城堡要给谁住?,2 CP,,2 second_person,2 CP,,2 second_person,NA,NA,NA,NA,2 wh_question,3 base-generated wh/polar,2 wh_question,3 base-generated wh/polar,0 no negation,NA,0 no negation
1313,juede,/NSCtoys/4/a29_1.cha,mother,"MOT: 所以你觉得这个会很像小蝌蚪,因为它小小的,是吗?",2 CP,,2 second_person,2 CP,,2 second_person,NA,NA,NA,NA,4 tag_question,0 declarative,4 tag_question,0 declarative,0 no negation,NA,0 no negation
1314,juede,/NSCtoys/4/a29_1.cha,mother,MOT: 你觉得好玩吗?,0 No,1 Adj,2 second_person,0 No,1 Adj,2 second_person,NA,NA,NA,NA,1 polar_question,0 declarative,1 polar_question,0 declarative,0 no negation,NA,0 no negation
1315,juede,/NSCtoys/4/a29_1.cha,mother,MOT: 我觉得你好棒喔!,2 CP,,1 first_person,2 CP,,1 first_person,NA,NA,NA,NA,0 declarative,0 declarative,0 declarative,0 declarative,0 no negation,NA,0 no negation
1317,juede,/NSCtoys/4/a29_3.cha,mother,MOT: 妈妈也觉得有点像鹿.,2 CP,,4 self_reference,2 CP,,4 self_reference,NA,NA,NA,NA,0 declarative,0 declarative,0 declarative,0 declarative,0 no negation,NA,0 no negation
1318,juede,/NSCtoys/4/a29_3.cha,mother,MOT: 嗯(..)但是妈妈觉得蝴蝶是这样子飞的.,2 CP,,4 self_reference,2 CP,,4 self_reference,NA,NA,NA,NA,0 declarative,0 declarative,0 declarative,0 declarative,0 no negation,NA,0 no negation
1319,juede,/NSCtoys/4/a29_3.cha,mother,MOT: 所以我觉得牠好像是在这里.,2 CP,,1 first_person,2 CP,,1 first_person,NA,NA,NA,NA,0 declarative,0 declarative,0 declarative,0 declarative,0 no negation,NA,0 no negation
1320,juede,/NSCtoys/4/a29_3.cha,mother,MOT: 你觉得呢?,0 No,0 No,2 second_person,0 No,0 No,2 second_person,NA,NA,NA,NA,1 polar_question,,1 polar_question,,0 no negation,NA,0 no negation
1321,juede,/NSCtoys/4/a29_3.cha,mother,MOT: 你觉得是吗?,2 CP,,2 second_person,2 CP,,2 second_person,NA,NA,NA,NA,1 polar_question,,1 polar_question,0 declarative,0 no negation,NA,0 no negation
1323,juede,/NSCtoys/4/a29_3.cha,mother,MOT: 那如果你看这个图片你觉得它是哪里?,2 CP,,2 second_person,2 CP,,2 second_person,NA,NA,NA,NA,2 wh_question,3 base-generated wh/polar,2 wh_question,3 base-generated wh/polar,0 no negation,NA,0 no negation
1324,juede,/NSCtoys/4/a29_3.cha,mother,"MOT: 我觉得它们好像不是一起的,对不对?",2 CP,,1 first_person,2 CP,,1 first_person,NA,NA,NA,NA,4 tag_question,0 declarative,4 tag_question,0 declarative,0 no negation,NA,0 no negation
1325,juede,/NSCtoys/4/a29_3.cha,mother,MOT: 这个跟你觉得照片里面哪里有这个东西?,2 CP,,2 second_person,2 CP,,2 second_person,NA,NA,NA,NA,2 wh_question,3 base-generated wh/polar,2 wh_question,3 base-generated wh/polar,0 no negation,NA,0 no negation
1326,juede,/NSCtoys/4/a31_3.cha,father,FAT: 那你觉得这样拼得对吗?,2 CP,,2 second_person,2 CP,,2 second_person,NA,NA,NA,NA,1 polar_question,0 declarative,1 polar_question,0 declarative,0 no negation,NA,0 no negation
1327,juede,/NSCtoys/4/a31_3.cha,father,FAT: 你觉得咧?,0 No,0 No,2 second_person,0 No,0 No,2 second_person,NA,NA,NA,NA,1 polar_question,,1 polar_question,,0 no negation,NA,0 no negation
1328,juede,/NSCtoys/4/a31_3.cha,father,FAT: 你觉得对吗?,0 No,1 Adj,2 second_person,0 No,1 Adj,2 second_person,NA,NA,NA,NA,1 polar_question,0 declarative,1 polar_question,0 declarative,0 no negation,NA,0 no negation
1329,juede,/NSCtoys/4/a31_3.cha,father,FAT: 你觉得是吗?,2 CP,,2 second_person,2 CP,,2 second_person,NA,NA,NA,NA,1 polar_question,,1 polar_question,0 declarative,0 no negation,NA,0 no negation
1330,juede,/NSCtoys/4/a31_3.cha,father,"FAT: 你觉得转这样,对吗?",2 CP,,2 second_person,2 CP,,2 second_person,NA,NA,NA,NA,4 tag_question,0 declarative,4 tag_question,0 declarative,0 no negation,NA,0 no negation
1331,juede,/NSCtoys/4/a32_1.cha,mother,"MOT: ""<你觉得是什么>[>]/.",2 CP,,2 second_person,2 CP,,2 second_person,NA,NA,NA,NA,2 wh_question,3 base-generated wh/polar,2 wh_question,3 base-generated wh/polar,0 no negation,NA,0 no negation
1332,juede,/NSCtoys/4/a32_1.cha,mother,MOT: <可是我觉得你>[<]这边<好像>[/]<好像>[/]好像有个伤口耶.,2 CP,,1 first_person,2 CP,,1 first_person,NA,NA,NA,NA,0 declarative,0 declarative,0 declarative,0 declarative,0 no negation,NA,0 no negation
1333,juede,/NSCtoys/4/a32_2.cha,mother,MOT: 我觉得你的围栏好像彩色的火车喔.,2 CP,,1 first_person,2 CP,,1 first_person,NA,NA,NA,NA,0 declarative,0 declarative,0 declarative,0 declarative,0 no negation,NA,0 no negation
1334,juede,/NSCtoys/4/a32_2.cha,mother,MOT: 啊你觉得这是木头的吗?,2 CP,,2 second_person,2 CP,,2 second_person,NA,NA,NA,NA,1 polar_question,0 declarative,1 polar_question,0 declarative,0 no negation,NA,0 no negation
1337,juede,/NSCtoys/4/a32_3.cha,mother,MOT: 你觉得是那一片.,2 CP,,2 second_person,2 CP,,2 second_person,NA,NA,NA,NA,0 declarative,0 declarative,0 declarative,0 declarative,0 no negation,NA,0 no negation
1338,juede,/NSCtoys/4/a32_3.cha,mother,MOT: 那你觉得...,0 No,0 No,2 second_person,0 No,0 No,2 second_person,NA,NA,NA,NA,,,0 declarative,0 declarative,0 no negation,NA,0 no negation
1339,juede,/NSCtoys/4/a32_3.cha,mother,"MOT: ,你觉得这个拼图是应该在那一边还这一边?",2 CP,,2 second_person,2 CP,,2 second_person,NA,NA,NA,NA,1 polar_question,1 polar_question,1 polar_question,3 base-generated wh/polar,0 no negation,NA,0 no negation
1340,juede,/NSCtoys/4/a32_3.cha,mother,MOT: 那你觉得<牠>[/]牠应该在那边还是这边?,2 CP,,2 second_person,2 CP,,2 second_person,NA,NA,NA,NA,1 polar_question,3 base-generated wh/polar,1 polar_question,3 base-generated wh/polar,0 no negation,NA,0 no negation
1341,juede,/NSCtoys/4/a32_3.cha,mother,MOT: 你觉得呢?,0 No,0 No,2 second_person,0 No,0 No,2 second_person,NA,NA,NA,NA,1 polar_question,,1 polar_question,,0 no negation,NA,0 no negation
1342,juede,/NSCtoys/4/a32_3.cha,mother,MOT: 你可以觉得这一块在哪里?,2 CP,,2 second_person,2 CP,,2 second_person,NA,NA,NA,NA,2 wh_question,3 base-generated wh/polar,2 wh_question,3 base-generated wh/polar,0 no negation,NA,0 no negation
1343,juede,/NSCtoys/4/a32_3.cha,mother,MOT: 我觉得<啊>[>].,0 No,0 No,1 first_person,0 No,0 No,1 first_person,NA,NA,NA,NA,,,0 declarative,,0 no negation,NA,0 no negation
1344,juede,/NSCtoys/4/a32_3.cha,mother,MOT: 我觉得你已经快找到了耶.,2 CP,,1 first_person,2 CP,,1 first_person,NA,NA,NA,NA,0 declarative,0 declarative,0 declarative,0 declarative,0 no negation,NA,0 no negation
1345,juede,/NSCtoys/4/a32_3.cha,mother,MOT: 我觉得你快要找到了.,2 CP,,1 first_person,2 CP,,1 first_person,NA,NA,NA,NA,0 declarative,0 declarative,0 declarative,0 declarative,0 no negation,NA,0 no negation
1346,juede,/NSCtoys/4/a32_3.cha,mother,MOT: 你觉得这一块要不要试试看?,2 CP,,2 second_person,2 CP,,2 second_person,NA,NA,NA,NA,1 polar_question,3 base-generated wh/polar,1 polar_question,3 base-generated wh/polar,0 no negation,NA,0 no negation
1347,juede,/NSCtoys/4/a32_3.cha,mother,MOT: 你觉得<比较像>[>]在哪里?,2 CP,,2 second_person,2 CP,,2 second_person,NA,NA,NA,NA,2 wh_question,3 base-generated wh/polar,2 wh_question,3 base-generated wh/polar,0 no negation,NA,0 no negation
1348,juede,/NSCtoys/4/a32_3.cha,mother,MOT: 我觉得你要先找尾巴.,2 CP,,1 first_person,2 CP,,1 first_person,NA,NA,NA,NA,0 declarative,0 declarative,0 declarative,0 declarative,0 no negation,NA,0 no negation
1349,juede,/NSCtoys/4/a32_3.cha,mother,MOT: 你觉得是哪一个角没放?,2 CP,,2 second_person,2 CP,,2 second_person,NA,NA,NA,NA,2 wh_question,3 base-generated wh/polar,2 wh_question,3 base-generated wh/polar,0 no negation,NA,0 no negation
1350,juede,/NSCtoys/4/a32_3.cha,mother,MOT: 你觉得<应该在哪里>[>]?,2 CP,,2 second_person,2 CP,,2 second_person,NA,NA,NA,NA,2 wh_question,3 base-generated wh/polar,2 wh_question,3 base-generated wh/polar,0 no negation,NA,0 no negation
1351,juede,/NSCtoys/4/a32_3.cha,mother,MOT: 你觉得这个应该在哪里?,2 CP,,2 second_person,2 CP,,2 second_person,NA,NA,NA,NA,2 wh_question,3 base-generated wh/polar,2 wh_question,3 base-generated wh/polar,0 no negation,NA,0 no negation
1352,juede,/NSCtoys/4-6_1/f02_1.cha,mother,MOT: 那你觉得咧?,0 No,0 No,2 second_person,0 No,0 No,2 second_person,NA,NA,1 polar_question,,1 polar_question,,NA,NA,0 no negation,NA,0 no negation
1353,juede,/NSCtoys/4-6_1/f02_2.cha,mother,MOT: 我觉得这个可以做兔兔房子.,2 CP,,1 first_person,2 CP,,1 first_person,NA,NA,0 declarative,0 declarative,0 declarative,0 declarative,NA,NA,0 no negation,NA,0 no negation
1354,juede,/NSCtoys/4-6_1/f02_2.cha,mother,MOT: 我怎么觉得他会摔下来.,2 CP,,1 first_person,2 CP,,1 first_person,NA,NA,3 how/why,0 declarative,3 how/why,0 declarative,NA,NA,0 no negation,NA,0 no negation
1355,juede,/NSCtoys/4-6_1/f05_1.cha,mother,MOT: 是觉得不搭配吗?,2 CP,,0 dropped,2 CP,,0 dropped,NA,NA,1 polar_question,0 declarative,1 polar_question,0 declarative,NA,NA,0 no negation,NA,0 no negation
1356,juede,/NSCtoys/4-6_1/f05_2.cha,mother,MOT: 我觉得药好苦喔!,2 CP,,1 first_person,2 CP,,1 first_person,NA,NA,0 declarative,0 declarative,0 declarative,0 declarative,NA,NA,0 no negation,NA,0 no negation
1357,juede,/NSCtoys/4-6_1/f05_2.cha,mother,MOT: 我觉得我很健康啊.,2 CP,,1 first_person,2 CP,,1 first_person,NA,NA,0 declarative,0 declarative,0 declarative,0 declarative,NA,NA,0 no negation,NA,0 no negation
1358,juede,/NSCtoys/4-6_1/f05_2.cha,mother,MOT: 我觉得你这样夹我肚子有点痛.,2 CP,,1 first_person,2 CP,,1 first_person,NA,NA,0 declarative,0 declarative,0 declarative,0 declarative,NA,NA,0 no negation,NA,0 no negation
1359,juede,/NSCtoys/4-6_1/f05_2.cha,mother,MOT: 我觉得我好多啦!,2 CP,,1 first_person,2 CP,,1 first_person,NA,NA,0 declarative,0 declarative,0 declarative,0 declarative,NA,NA,0 no negation,NA,0 no negation
1360,juede,/NSCtoys/4-6_1/f05_3.cha,mother,"MOT: 对,我觉得你可以先看一下.",2 CP,,1 first_person,2 CP,,1 first_person,NA,NA,0 declarative,0 declarative,0 declarative,0 declarative,NA,NA,0 no negation,NA,0 no negation
1361,juede,/NSCtoys/4-6_1/f13_3.cha,mother,MOT: 我觉得应该是(.)这样.,2 CP,,1 first_person,2 CP,,1 first_person,NA,NA,0 declarative,0 declarative,0 declarative,0 declarative,NA,NA,0 no negation,NA,0 no negation
1362,juede,/NSCtoys/4-6_2/a02_2.cha,mother,MOT: 哇我觉得你这次的房子好像有越来越坚固耶!,2 CP,,1 first_person,2 CP,,1 first_person,NA,NA,0 declarative,0 declarative,0 declarative,0 declarative,NA,NA,0 no negation,NA,0 no negation
1363,juede,/NSCtoys/4-6_2/a02_3.cha,mother,MOT: 哇那你觉得哪一个颜色你最喜欢?,2 CP,,2 second_person,2 CP,,2 second_person,NA,NA,2 wh_question,3 base-generated wh/polar,2 wh_question,3 base-generated wh/polar,NA,NA,0 no negation,NA,0 no negation
1364,juede,/NSCtoys/4-6_2/a03_3.cha,mother,MOT: 你觉得(..)这是什么拼图?,2 CP,,2 second_person,2 CP,,2 second_person,NA,NA,2 wh_question,3 base-generated wh/polar,2 wh_question,3 base-generated wh/polar,NA,NA,0 no negation,NA,0 no negation
1365,juede,/NSCtoys/4-6_2/a03_3.cha,mother,MOT: 你觉得牠是谁?,2 CP,,2 second_person,2 CP,,2 second_person,NA,NA,2 wh_question,3 base-generated wh/polar,2 wh_question,3 base-generated wh/polar,NA,NA,0 no negation,NA,0 no negation
1366,juede,/NSCtoys/4-6_2/a07_2.cha,father,"FAT: ""我觉得好不舒服喔.",0 No,1 Adj,1 first_person,0 No,1 Adj,1 first_person,NA,NA,0 declarative,0 declarative,0 declarative,0 declarative,NA,NA,0 no negation,NA,0 no negation
1367,juede,/NSCtoys/4-6_2/a07_2.cha,father,"FAT: ""我觉得你不是医生欸.",2 CP,,1 first_person,2 CP,,1 first_person,NA,NA,0 declarative,0 declarative,0 declarative,0 declarative,NA,NA,0 no negation,NA,0 no negation
1368,juede,/NSCtoys/4-6_2/a10_3.cha,father,FAT: 你觉得这看起来像边边吗?,2 CP,,2 second_person,2 CP,,1 first_person,NA,NA,1 polar_question,0 declarative,1 polar_question,0 declarative,NA,NA,0 no negation,NA,0 no negation
1369,juede,/NSCtoys/4-6_2/a12_1.cha,mother,MOT: 你觉得打针会痛吗?,2 CP,,2 second_person,2 CP,,2 second_person,NA,NA,1 polar_question,0 declarative,1 polar_question,0 declarative,NA,NA,0 no negation,NA,0 no negation
1370,juede,/NSCtoys/4-6_2/a12_2.cha,mother,MOT: 你觉得这个有办法做xxx积木里面的东西吗?,2 CP,,2 second_person,2 CP,,2 second_person,NA,NA,1 polar_question,0 declarative,1 polar_question,0 declarative,NA,NA,0 no negation,NA,0 no negation
1371,juede,/NSCtoys/4-6_2/a12_2.cha,mother,"MOT: 那你觉得如果这四周都是海的话,船可不可以过去呀?",2 CP,,2 second_person,2 CP,,2 second_person,NA,NA,1 polar_question,3 base-generated wh/polar,1 polar_question,3 base-generated wh/polar,NA,NA,0 no negation,NA,0 no negation
1372,juede,/NSCtoys/4-6_2/a12_3.cha,mother,MOT: 那你觉得呢?,0 No,0 No,2 second_person,0 No,0 No,2 second_person,NA,NA,1 polar_question,,1 polar_question,,NA,NA,0 no negation,NA,0 no negation
1373,juede,/NSCtoys/4-6_2/a12_3.cha,mother,"MOT: 那你觉得是这里,是不是?",2 CP,,2 second_person,2 CP,,2 second_person,NA,NA,4 tag_question,0 declarative,4 tag_question,0 declarative,NA,NA,0 no negation,NA,0 no negation
1374,juede,/NSCtoys/4-6_2/a12_3.cha,mother,MOT: 你觉得他在哪?,2 CP,,2 second_person,2 CP,,2 second_person,NA,NA,2 wh_question,3 base-generated wh/polar,2 wh_question,3 base-generated wh/polar,NA,NA,0 no negation,NA,0 no negation
1375,juede,/NSCtoys/4-6_2/a12_3.cha,mother,MOT: 我觉得你拼得很好.,2 CP,,1 first_person,2 CP,,1 first_person,NA,NA,0 declarative,0 declarative,0 declarative,0 declarative,NA,NA,0 no negation,NA,0 no negation
1376,juede,/NSCtoys/4-6_2/a12_3.cha,mother,MOT: 你觉得是哪里呢?,2 CP,,2 second_person,2 CP,,2 second_person,NA,NA,2 wh_question,3 base-generated wh/polar,2 wh_question,3 base-generated wh/polar,NA,NA,0 no negation,NA,0 no negation
1382,juede,/NSCtoys/4-6_2/a13_2.cha,mother,MOT: 你觉得什么声音?,2 CP,,2 second_person,0 No,2 NP,2 second_person,NA,NA,2 wh_question,3 base-generated wh/polar,2 wh_question,3 base-generated wh/polar,NA,NA,0 no negation,NA,0 no negation
1384,juede,/NSCtoys/5-6_1/g03_1.cha,mother,MOT: 那你觉得这个好玩吗?,2 CP,,2 second_person,2 CP,,2 second_person,1 polar_question,0 declarative,NA,NA,1 polar_question,0 declarative,NA,NA,0 no negation,NA,0 no negation
1385,juede,/NSCtoys/5-6_1/g03_3.cha,mother,MOT: 为什么你觉得我放反了呢?,2 CP,,2 second_person,2 CP,,2 second_person,3 how/why,0 declarative,NA,NA,3 how/why,0 declarative,NA,NA,0 no negation,NA,0 no negation
1386,juede,/NSCtoys/5-6_1/g03_3.cha,mother,MOT: 你觉得?,0 No,0 No,2 second_person,0 No,0 No,2 second_person,1 polar_question,,NA,NA,1 polar_question,,NA,NA,0 no negation,NA,0 no negation
1387,juede,/NSCtoys/5-6_1/g03_3.cha,mother,"MOT: 他的身体,你觉得是什么?",2 CP,,2 second_person,2 CP,,2 second_person,2 wh_question,3 base-generated wh/polar,NA,NA,2 wh_question,3 base-generated wh/polar,NA,NA,0 no negation,NA,0 no negation
1388,juede,/NSCtoys/5-6_1/g03_3.cha,mother,MOT: 你觉得是什么?,2 CP,,2 second_person,2 CP,,2 second_person,2 wh_question,3 base-generated wh/polar,NA,NA,2 wh_question,3 base-generated wh/polar,NA,NA,0 no negation,NA,0 no negation
1389,juede,/NSCtoys/5-6_1/g03_3.cha,mother,MOT: 欸那你觉得这个像什么?,2 CP,,2 second_person,2 CP,,2 second_person,2 wh_question,3 base-generated wh/polar,NA,NA,2 wh_question,3 base-generated wh/polar,NA,NA,0 no negation,NA,0 no negation
1390,juede,/NSCtoys/5-6_1/g03_3.cha,mother,MOT: 欸那你觉得这个像什么?,2 CP,,2 second_person,2 CP,,2 second_person,2 wh_question,3 base-generated wh/polar,NA,NA,2 wh_question,3 base-generated wh/polar,NA,NA,0 no negation,NA,0 no negation
1391,juede,/NSCtoys/5-6_1/g03_3.cha,mother,MOT: 我觉得好像是在这里耶.,2 CP,,1 first_person,2 CP,,1 first_person,0 declarative,0 declarative,NA,NA,0 declarative,0 declarative,NA,NA,0 no negation,NA,0 no negation
1392,juede,/NSCtoys/5-6_1/g03_3.cha,mother,MOT: 然后<我可看>[//]你觉得这是像什么?,2 CP,,2 second_person,2 CP,,2 second_person,2 wh_question,3 base-generated wh/polar,NA,NA,2 wh_question,3 base-generated wh/polar,NA,NA,0 no negation,NA,0 no negation
1393,juede,/NSCtoys/5-6_1/g03_3.cha,mother,MOT: 你觉得这有一点xxx的.,2 CP,,2 second_person,0 No,3 Incomplete,2 second_person,0 declarative,0 declarative,NA,NA,0 declarative,0 declarative,NA,NA,0 no negation,NA,0 no negation
1394,juede,/NSCtoys/5-6_1/g03_3.cha,mother,MOT: 那你觉得这个呢?,0 No,2 NP,2 second_person,0 No,2 NP,2 second_person,1 polar_question,0 declarative,NA,NA,1 polar_question,,NA,NA,0 no negation,NA,0 no negation
1395,juede,/NSCtoys/5-6_1/g03_3.cha,mother,MOT: 那你觉得这个也要不要在一起?,2 CP,,2 second_person,2 CP,,2 second_person,1 polar_question,3 base-generated wh/polar,NA,NA,1 polar_question,3 base-generated wh/polar,NA,NA,0 no negation,NA,0 no negation
1396,juede,/NSCtoys/5-6_1/g03_3.cha,mother,MOT: 但是我觉得如果我们这样子转.,2 CP,,1 first_person,0 No,3 Incomplete,1 first_person,0 declarative,0 declarative,NA,NA,0 declarative,0 declarative,NA,NA,0 no negation,NA,0 no negation
1397,juede,/NSCtoys/5-6_1/g03_3.cha,mother,MOT: 你觉得可以吗?,2 CP,,2 second_person,2 CP,,2 second_person,1 polar_question,0 declarative,NA,NA,1 polar_question,0 declarative,NA,NA,0 no negation,NA,0 no negation
1398,juede,/NSCtoys/5-6_1/g03_3.cha,mother,MOT: 你觉得这三片.,0 No,2 NP,2 second_person,0 No,2 NP,2 second_person,0 declarative,,NA,NA,,,NA,NA,0 no negation,NA,0 no negation
1399,juede,/NSCtoys/5-6_1/g03_3.cha,mother,MOT: 你觉得他是像什么东西?,2 CP,,2 second_person,2 CP,,2 second_person,2 wh_question,3 base-generated wh/polar,NA,NA,2 wh_question,3 base-generated wh/polar,NA,NA,0 no negation,NA,0 no negation
1400,juede,/NSCtoys/5-6_1/g03_3.cha,mother,MOT: <你觉得>[//]然后这只呢?,0 No,0 No,2 second_person,0 No,2 NP,2 second_person,1 polar_question,0 declarative,NA,NA,,,NA,NA,0 no negation,NA,0 no negation
1401,juede,/NSCtoys/5-6_1/g03_3.cha,mother,MOT: 你觉得这只大象是女生还是男生?,2 CP,,2 second_person,2 CP,,2 second_person,1 polar_question,3 base-generated wh/polar,NA,NA,1 polar_question,3 base-generated wh/polar,NA,NA,0 no negation,NA,0 no negation
1402,juede,/NSCtoys/5-6_1/g04_1.cha,mother,MOT: 那你觉得是走路不小心是什么原因?,2 CP,,2 second_person,2 CP,,2 second_person,2 wh_question,3 base-generated wh/polar,NA,NA,2 wh_question,3 base-generated wh/polar,NA,NA,0 no negation,NA,0 no negation
1403,juede,/NSCtoys/5-6_1/g04_3.cha,mother,MOT: 你觉得他要拼什么?,2 CP,,2 second_person,2 CP,,2 second_person,2 wh_question,3 base-generated wh/polar,NA,NA,2 wh_question,3 base-generated wh/polar,NA,NA,0 no negation,NA,0 no negation
1404,juede,/NSCtoys/5-6_1/g04_3.cha,mother,MOT: 嗯看看你觉得这是什么?,2 CP,,2 second_person,2 CP,,2 second_person,2 wh_question,3 base-generated wh/polar,NA,NA,2 wh_question,3 base-generated wh/polar,NA,NA,0 no negation,NA,0 no negation
1405,juede,/NSCtoys/5-6_1/g04_3.cha,mother,MOT: 你觉得他是什么?,2 CP,,2 second_person,2 CP,,2 second_person,2 wh_question,3 base-generated wh/polar,NA,NA,2 wh_question,3 base-generated wh/polar,NA,NA,0 no negation,NA,0 no negation
1406,juede,/NSCtoys/5-6_1/g04_3.cha,mother,MOT: 那你觉得这个是什么?,2 CP,,2 second_person,2 CP,,2 second_person,2 wh_question,3 base-generated wh/polar,NA,NA,2 wh_question,3 base-generated wh/polar,NA,NA,0 no negation,NA,0 no negation
1407,juede,/NSCtoys/5-6_1/g04_3.cha,mother,MOT: 那你觉得这是什么?,2 CP,,2 second_person,2 CP,,2 second_person,2 wh_question,3 base-generated wh/polar,NA,NA,2 wh_question,3 base-generated wh/polar,NA,NA,0 no negation,NA,0 no negation
1408,juede,/NSCtoys/5-6_1/g04_3.cha,mother,MOT: 我觉得平平的对平平的就是可能会在这边.,2 CP,,1 first_person,2 CP,,1 first_person,0 declarative,0 declarative,NA,NA,0 declarative,0 declarative,NA,NA,0 no negation,NA,0 no negation
1409,juede,/NSCtoys/5-6_1/g09_1.cha,mother,MOT: 你觉得没有很厉害吗?,0 No,1 Adj,2 second_person,2 CP,,2 second_person,1 polar_question,0 declarative,NA,NA,1 polar_question,0 declarative,NA,NA,0 no negation,NA,0 no negation
1410,juede,/NSCtoys/5-6_1/g09_2.cha,mother,"MOT: 你觉得这游戏太幼稚,是不是?",2 CP,,2 second_person,2 CP,,2 second_person,4 tag_question,0 declarative,NA,NA,4 tag_question,0 declarative,NA,NA,0 no negation,NA,0 no negation
1411,juede,/NSCtoys/5-6_1/g10_1.cha,mother,MOT: 我[/](.)我觉得我耳朵好痛喔.,2 CP,,1 first_person,2 CP,,1 first_person,0 declarative,0 declarative,NA,NA,0 declarative,0 declarative,NA,NA,0 no negation,NA,0 no negation
1412,juede,/NSCtoys/5-6_1/g11_1.cha,mother,"MOT: 哥哥,你觉得我会不会倒?",2 CP,,2 second_person,2 CP,,2 second_person,1 polar_question,3 base-generated wh/polar,NA,NA,1 polar_question,3 base-generated wh/polar,NA,NA,0 no negation,NA,0 no negation
1413,juede,/NSCtoys/5-6_1/g11_1.cha,mother,MOT: 我觉得我会倒欸.,2 CP,,1 first_person,2 CP,,1 first_person,0 declarative,0 declarative,NA,NA,0 declarative,0 declarative,NA,NA,0 no negation,NA,0 no negation
1414,juede,/NSCtoys/5-6_1/g11_1.cha,mother,MOT: 我觉得不能这样叠.,2 CP,,1 first_person,2 CP,,1 first_person,0 declarative,0 declarative,NA,NA,0 declarative,0 declarative,NA,NA,0 no negation,NA,0 no negation
1415,juede,/NSCtoys/5-6_1/g11_1.cha,mother,"MOT: 我觉得我要有高,有低,才会比较那个...",2 CP,,1 first_person,2 CP,,1 first_person,0 declarative,0 declarative,NA,NA,0 declarative,0 declarative,NA,NA,0 no negation,NA,0 no negation
1416,juede,/NSCtoys/5-6_1/g11_2.cha,mother,MOT: 你觉得那是什么?,2 CP,,2 second_person,2 CP,,2 second_person,2 wh_question,3 base-generated wh/polar,NA,NA,2 wh_question,3 base-generated wh/polar,NA,NA,0 no negation,NA,0 no negation
1417,juede,/NSCtoys/5-6_1/g11_2.cha,mother,"MOT: 因为有声音,你觉得很像吗?",2 CP,,2 second_person,2 CP,,2 second_person,1 polar_question,0 declarative,NA,NA,1 polar_question,0 declarative,NA,NA,0 no negation,NA,0 no negation
1418,juede,/NSCtoys/5-6_1/g11_3.cha,mother,MOT: 难怪我怎么觉得怪怪的.,0 No,1 Adj,1 first_person,2 CP,,1 first_person,3 how/why,0 declarative,NA,NA,3 how/why,0 declarative,NA,NA,0 no negation,NA,0 no negation
1419,juede,/NSCtoys/5-6_1/g11_3.cha,mother,MOT: 为什么我怎么觉得这边哪边怪怪的啊?,2 CP,,1 first_person,2 CP,,1 first_person,3 how/why,0 declarative,NA,NA,3 how/why,0 declarative,NA,NA,0 no negation,NA,0 no negation
1420,juede,/NSCtoys/5-6_1/g11_3.cha,mother,MOT: 怎么总觉得有个地方怪怪的.,2 CP,,0 dropped,2 CP,,0 dropped,3 how/why,0 declarative,NA,NA,3 how/why,0 declarative,NA,NA,0 no negation,NA,0 no negation
1421,juede,/NSCtoys/5-6_1/g12_1.cha,mother,MOT: 我觉得好多了.,0 No,1 Adj,1 first_person,0 No,1 Adj,1 first_person,0 declarative,0 declarative,NA,NA,0 declarative,0 declarative,NA,NA,0 no negation,NA,0 no negation
1422,juede,/NSCtoys/5-6_1/g12_1.cha,mother,MOT: 唉呀难怪我也觉得头晕晕的.,2 CP,,1 first_person,2 CP,,1 first_person,0 declarative,0 declarative,NA,NA,0 declarative,0 declarative,NA,NA,0 no negation,NA,0 no negation
1423,juede,/NSCtoys/5-6_1/g12_1.cha,mother,"MOT: 医生,我觉得我刚刚回去,又有点不舒服欸.",2 CP,,1 first_person,2 CP,,1 first_person,0 declarative,0 declarative,NA,NA,0 declarative,0 declarative,NA,NA,0 no negation,NA,0 no negation
1424,juede,/NSCtoys/5-6_1/g14_1.cha,mother,MOT: 你觉得呢?,0 No,0 No,2 second_person,0 No,0 No,2 second_person,1 polar_question,0 declarative,NA,NA,1 polar_question,,NA,NA,0 no negation,NA,0 no negation
1425,juede,/NSCtoys/5-6_1/g14_1.cha,mother,"MOT: 你觉得他有声音,他就有声音.",2 CP,,2 second_person,2 CP,,2 second_person,0 declarative,0 declarative,NA,NA,0 declarative,0 declarative,NA,NA,0 no negation,NA,0 no negation
1427,juede,/NSCtoys/5-6_1/g14_2.cha,mother,MOT: 欸我觉得这样摆.,2 CP,,1 first_person,2 CP,,1 first_person,0 declarative,0 declarative,NA,NA,0 declarative,0 declarative,NA,NA,0 no negation,NA,0 no negation
1428,juede,/NSCtoys/5-6_1/g14_3.cha,mother,MOT: 你觉得他如果转过来咧?,2 CP,,2 second_person,2 CP,,1 first_person,1 polar_question,,NA,NA,1 polar_question,0 declarative,NA,NA,0 no negation,NA,0 no negation
1429,juede,/NSCtoys/5-6_1/g15_3.cha,mother,MOT: 再来我觉得有可能是这个.,2 CP,,1 first_person,2 CP,,1 first_person,0 declarative,0 declarative,NA,NA,0 declarative,0 declarative,NA,NA,0 no negation,NA,0 no negation
1430,juede,/NSCtoys/3/e03_2.cha,mother,MOT: 他觉得好苦喔.,0 No,1 Adj,3 third/NP,0 No,1 Adj,3 third/NP,0 declarative,0 declarative,NA,NA,0 declarative,0 declarative,NA,NA,0 no negation,NA,0 no negation
1431,juede,/NSCtoys/3/e03_3.cha,mother,MOT: 你觉得这个两块长得一样吗?,2 CP,,2 second_person,2 CP,,2 second_person,1 polar_question,0 declarative,NA,NA,1 polar_question,0 declarative,NA,NA,0 no negation,NA,0 no negation
1432,juede,/NSCtoys/3/e05_2.cha,mother,MOT: 你觉得他要吃药吗?,2 CP,,2 second_person,2 CP,,2 second_person,1 polar_question,0 declarative,NA,NA,1 polar_question,0 declarative,NA,NA,0 no negation,NA,0 no negation
1433,juede,/NSCtoys/3/e11_1.cha,mother,MOT: 你觉得okay了吗?,0 No,1 Adj,2 second_person,2 CP,,2 second_person,1 polar_question,0 declarative,NA,NA,1 polar_question,0 declarative,NA,NA,0 no negation,NA,0 no negation
1434,juede,/NSCtoys/3/e14_2.cha,mother,MOT: 我觉得这样两个还满好玩的.,2 CP,,1 first_person,2 CP,,1 first_person,0 declarative,0 declarative,NA,NA,0 declarative,0 declarative,NA,NA,0 no negation,NA,0 no negation
1435,juede,/NSCtoys/3/e14_3.cha,mother,MOT: 所以家里那一盒你都觉得太简单了喔?,0 No,1 Adj,2 second_person,2 CP,,2 second_person,1 polar_question,0 declarative,NA,NA,1 polar_question,0 declarative,NA,NA,0 no negation,NA,0 no negation
1436,juede,/NSCtoys/3/e14_3.cha,mother,MOT: 我觉得你的这个鹤怎么会是反过来的.,2 CP,,1 first_person,2 CP,,1 first_person,2 wh_question,3 base-generated wh/polar,NA,NA,2 wh_question,3 base-generated wh/polar,NA,NA,0 no negation,NA,0 no negation
1437,juede,/NSCtoys/3/e16_1.cha,mother,MOT: 那你觉得这是什么?,2 CP,,2 second_person,2 CP,,2 second_person,2 wh_question,3 base-generated wh/polar,NA,NA,2 wh_question,3 base-generated wh/polar,NA,NA,0 no negation,NA,0 no negation
1438,juede,/NSCtoys/3/e16_2.cha,mother,MOT: 你觉得把他盖上去会不会倒掉?,2 CP,,2 second_person,2 CP,,2 second_person,1 polar_question,3 base-generated wh/polar,NA,NA,1 polar_question,3 base-generated wh/polar,NA,NA,0 no negation,NA,0 no negation
1439,juede,/NSCtoys/3/e16_2.cha,mother,MOT: 我觉得我不会倒掉.,2 CP,,1 first_person,2 CP,,1 first_person,0 declarative,0 declarative,NA,NA,0 declarative,0 declarative,NA,NA,0 no negation,NA,0 no negation
1440,juede,/NSCtoys/3/e16_3.cha,mother,MOT: 你有没有觉得他是在上面?,2 CP,,2 second_person,2 CP,,2 second_person,1 polar_question,0 declarative,NA,NA,1 polar_question,0 declarative,NA,NA,0 no negation,NA,0 no negation
1441,juede,/NSCtoys/3/e16_3.cha,mother,MOT: 你觉得他眼睛很凶喔?,2 CP,,2 second_person,2 CP,,2 second_person,1 polar_question,0 declarative,NA,NA,1 polar_question,0 declarative,NA,NA,0 no negation,NA,0 no negation
1442,juede,/NSCtoys/3/e16_3.cha,mother,MOT: 我觉得好像可以先找长颈鹿.,2 CP,,1 first_person,2 CP,,1 first_person,0 declarative,0 declarative,NA,NA,0 declarative,0 declarative,NA,NA,0 no negation,NA,0 no negation
1443,juede,/NSCtoys/3/e16_3.cha,mother,MOT: 我觉得好像还有看到长颈鹿.,2 CP,,1 first_person,2 CP,,1 first_person,0 declarative,0 declarative,NA,NA,0 declarative,0 declarative,NA,NA,0 no negation,NA,0 no negation
1444,juede,/NSCtoys/3/e17_1.cha,mother,MOT: 那你觉得这个美吗?,2 CP,,2 second_person,2 CP,,2 second_person,1 polar_question,0 declarative,NA,NA,1 polar_question,0 declarative,NA,NA,0 no negation,NA,0 no negation
1445,juede,/NSCtoys/3/e17_1.cha,mother,MOT: 你觉得这个积木美不美?,2 CP,,2 second_person,2 CP,,2 second_person,1 polar_question,3 base-generated wh/polar,NA,NA,1 polar_question,3 base-generated wh/polar,NA,NA,0 no negation,NA,0 no negation
1446,juede,/NSCtoys/3/e17_1.cha,mother,MOT: 为什么觉得他很美?,2 CP,,0 dropped,2 CP,,0 dropped,3 how/why,0 declarative,NA,NA,3 how/why,0 declarative,NA,NA,0 no negation,NA,0 no negation
1447,juede,/NSCtoys/3/e17_1.cha,mother,"MOT: <你觉得>[/]你觉得很美,是不是?",0 No,1 Adj,2 second_person,0 No,1 Adj,2 second_person,4 tag_question,0 declarative,NA,NA,4 tag_question,0 declarative,NA,NA,0 no negation,NA,0 no negation
1448,juede,/NSCtoys/3/e17_1.cha,mother,"MOT: 真的我也觉得这个好美,对不对?",2 CP,,1 first_person,2 CP,,1 first_person,4 tag_question,0 declarative,NA,NA,4 tag_question,0 declarative,NA,NA,0 no negation,NA,0 no negation
1449,juede,/NSCtoys/3/e17_1.cha,mother,MOT: 你觉得差不多.,0 No,1 Adj,2 second_person,0 No,1 Adj,2 second_person,0 declarative,0 declarative,NA,NA,0 declarative,0 declarative,NA,NA,0 no negation,NA,0 no negation
1450,juede,/NSCtoys/3/e17_2.cha,mother,"MOT: ""医生,我觉得我喉咙不舒服.",2 CP,,1 first_person,2 CP,,1 first_person,0 declarative,0 declarative,NA,NA,0 declarative,0 declarative,NA,NA,0 no negation,NA,0 no negation
1451,juede,/NSCtoys/3/e17_2.cha,mother,"MOT: ""我觉得有比较好了.",2 CP,,1 first_person,0 No,1 Adj,1 first_person,0 declarative,0 declarative,NA,NA,0 declarative,0 declarative,NA,NA,0 no negation,NA,0 no negation
1452,juede,/NSCtoys/3/e17_2.cha,mother,"MOT: ""我觉得有比较舒服喔.",2 CP,,1 first_person,0 No,1 Adj,1 first_person,0 declarative,0 declarative,NA,NA,0 declarative,0 declarative,NA,NA,0 no negation,NA,0 no negation
1453,juede,/NSCtoys/3/e17_2.cha,mother,"MOT: ""医生,我觉得我已经快好了耶.",2 CP,,1 first_person,2 CP,,1 first_person,0 declarative,0 declarative,NA,NA,0 declarative,0 declarative,NA,NA,0 no negation,NA,0 no negation
1454,juede,/NSCtoys/3/e19_2.cha,mother,MOT: 你觉得呢?,0 No,0 No,2 second_person,0 No,0 No,2 second_person,1 polar_question,,NA,NA,1 polar_question,,NA,NA,0 no negation,NA,0 no negation
1455,juede,/NSCtoys/3/e19_2.cha,mother,MOT: 那你觉得他还需要什么?,2 CP,,2 second_person,2 CP,,2 second_person,2 wh_question,3 base-generated wh/polar,NA,NA,2 wh_question,3 base-generated wh/polar,NA,NA,0 no negation,NA,0 no negation
1456,juede,/NSCtoys/3/e19_3.cha,mother,MOT: 你觉得他在哪里?,2 CP,,2 second_person,2 CP,,2 second_person,2 wh_question,3 base-generated wh/polar,NA,NA,2 wh_question,3 base-generated wh/polar,NA,NA,0 no negation,NA,0 no negation
1457,juede,/NSCtoys/3/e19_3.cha,mother,MOT: 你觉得他是谁?,2 CP,,2 second_person,2 CP,,2 second_person,2 wh_question,3 base-generated wh/polar,NA,NA,2 wh_question,3 base-generated wh/polar,NA,NA,0 no negation,NA,0 no negation
1458,juede,/NSCtoys/3/e19_3.cha,mother,MOT: 我觉得是(.)这一个!,2 CP,,1 first_person,2 CP,,1 first_person,0 declarative,0 declarative,NA,NA,0 declarative,0 declarative,NA,NA,0 no negation,NA,0 no negation
1459,juede,/NSCtoys/3/e19_3.cha,mother,MOT: 你觉得他的头在哪?,2 CP,,2 second_person,2 CP,,2 second_person,2 wh_question,3 base-generated wh/polar,NA,NA,2 wh_question,3 base-generated wh/polar,NA,NA,0 no negation,NA,0 no negation
1460,juede,/NSCtoys/3/e19_3.cha,mother,MOT: 你觉得呢?,0 No,0 No,2 second_person,0 No,0 No,2 second_person,1 polar_question,,NA,NA,1 polar_question,,NA,NA,0 no negation,NA,0 no negation
1461,juede,/NSCtoys/3/e19_3.cha,mother,MOT: 我觉得河马应该在这里.,2 CP,,1 first_person,2 CP,,1 first_person,0 declarative,0 declarative,NA,NA,0 declarative,0 declarative,NA,NA,0 no negation,NA,0 no negation
1463,juede,/NSCtoys/3/e19_3.cha,mother,MOT: 你觉得是这个吗?,2 CP,,2 second_person,2 CP,,2 second_person,1 polar_question,0 declarative,NA,NA,1 polar_question,0 declarative,NA,NA,0 no negation,NA,0 no negation
1464,juede,/NSCtoys/3/e19_3.cha,mother,MOT: 我觉得应该在这里吧?,2 CP,,1 first_person,2 CP,,1 first_person,1 polar_question,0 declarative,NA,NA,1 polar_question,0 declarative,NA,NA,0 no negation,NA,0 no negation
1465,juede,/NSCtoys/3/e19_3.cha,mother,MOT: 可是你不觉得<斑>[//]那个长颈鹿跟狮子的颜色很像吗?,2 CP,,2 second_person,2 CP,,2 second_person,1 polar_question,0 declarative,NA,NA,1 polar_question,0 declarative,NA,NA,2 不,NA,2 不
1466,juede,/NSCtoys/3/e21_3.cha,mother,MOT: 你觉得这个要放在哪里?,2 CP,,2 second_person,2 CP,,2 second_person,2 wh_question,3 base-generated wh/polar,NA,NA,2 wh_question,3 base-generated wh/polar,NA,NA,0 no negation,NA,0 no negation
1467,juede,/NSCtoys/3/e21_3.cha,mother,MOT: 你觉得他要放在哪里?,2 CP,,2 second_person,2 CP,,2 second_person,2 wh_question,3 base-generated wh/polar,NA,NA,2 wh_question,3 base-generated wh/polar,NA,NA,0 no negation,NA,0 no negation
1468,juede,/NSCtoys/3/e21_3.cha,mother,MOT: 你觉得是这个吗?,2 CP,,2 second_person,2 CP,,2 second_person,1 polar_question,0 declarative,NA,NA,1 polar_question,0 declarative,NA,NA,0 no negation,NA,0 no negation
1469,juede,/NSCtoys/3/e21_3.cha,mother,MOT: 你觉得是吗?,2 CP,,2 second_person,2 CP,,2 second_person,1 polar_question,0 declarative,NA,NA,1 polar_question,,NA,NA,0 no negation,NA,0 no negation
1470,juede,/NSCtoys/3/e21_3.cha,mother,MOT: 你有没有觉得这里(.)这里有没有狮子的头?,0 No,2 NP,2 second_person,0 No,2 NP,2 second_person,1 polar_question,1 polar_question,NA,NA,1 polar_question,3 base-generated wh/polar,NA,NA,0 no negation,NA,0 no negation
1471,juede,/NSCtoys/3/e21_3.cha,mother,MOT: 那你可以跟我说你觉得他在哪里.,2 CP,,2 second_person,2 CP,,2 second_person,2 wh_question,3 base-generated wh/polar,NA,NA,0 declarative,2 wh_question,NA,NA,0 no negation,NA,0 no negation
1472,juede,/NSCtoys/3/e21_3.cha,mother,MOT: 你觉得他要放哪里?,2 CP,,2 second_person,2 CP,,2 second_person,2 wh_question,3 base-generated wh/polar,NA,NA,2 wh_question,3 base-generated wh/polar,NA,NA,0 no negation,NA,0 no negation
1474,juede,/NSCtoys/3/e22_1.cha,mother,MOT: 你觉得他衣服变长了喔.,2 CP,,2 second_person,2 CP,,2 second_person,1 polar_question,0 declarative,NA,NA,0 declarative,0 declarative,NA,NA,0 no negation,NA,0 no negation
1475,juede,/NSCtoys/3/e22_2.cha,mother,MOT: 你觉得这是什么?,2 CP,,2 second_person,2 CP,,2 second_person,2 wh_question,3 base-generated wh/polar,NA,NA,2 wh_question,3 base-generated wh/polar,NA,NA,0 no negation,NA,0 no negation
1476,juede,/NSCtoys/3/e22_2.cha,mother,MOT: 你觉得咧?,0 No,0 No,2 second_person,0 No,0 No,2 second_person,1 polar_question,,NA,NA,1 polar_question,,NA,NA,0 no negation,NA,0 no negation
1477,juede,/NSCtoys/3/e22_2.cha,mother,MOT: 妈妈觉得可以这样.,2 CP,,4 self_reference,2 CP,,4 self_reference,0 declarative,0 declarative,NA,NA,0 declarative,0 declarative,NA,NA,0 no negation,NA,0 no negation
1478,juede,/NSCtoys/3/e22_3.cha,mother,MOT: 你觉得<这块>[>]要怎么接.,2 CP,,2 second_person,2 CP,,2 second_person,2 wh_question,3 base-generated wh/polar,NA,NA,2 wh_question,3 base-generated wh/polar,NA,NA,0 no negation,NA,0 no negation
1479,juede,/NSCtoys/3/e22_3.cha,mother,MOT: 你觉得对吗?,0 No,1 Adj,2 second_person,0 No,1 Adj,2 second_person,1 polar_question,0 declarative,NA,NA,1 polar_question,0 declarative,NA,NA,0 no negation,NA,0 no negation
1480,juede,/NSCtoys/3/e25_2.cha,mother,MOT: 我觉得喉咙有痰.,2 CP,,1 first_person,2 CP,,1 first_person,0 declarative,0 declarative,NA,NA,0 declarative,0 declarative,NA,NA,0 no negation,NA,0 no negation
1481,juede,/NSCtoys/3/e25_2.cha,mother,MOT: 我觉得喉咙好像有好一点了.,2 CP,,1 first_person,2 CP,,1 first_person,0 declarative,0 declarative,NA,NA,0 declarative,0 declarative,NA,NA,0 no negation,NA,0 no negation
1482,juede,/NSCtoys/3/e25_2.cha,mother,MOT: 我觉得好痛喔!,0 No,1 Adj,1 first_person,0 No,1 Adj,1 first_person,0 declarative,0 declarative,NA,NA,0 declarative,0 declarative,NA,NA,0 no negation,NA,0 no negation
1483,juede,/NSCtoys/3/e25_2.cha,mother,MOT: 请问小猪你有觉得好一点吗?,2 CP,,2 second_person,0 No,1 Adj,2 second_person,1 polar_question,0 declarative,NA,NA,1 polar_question,0 declarative,NA,NA,0 no negation,NA,0 no negation
1484,juede,/NSCtoys/3/e25_3.cha,mother,MOT: 你觉得图案对吗?,2 CP,,2 second_person,2 CP,,2 second_person,1 polar_question,0 declarative,NA,NA,1 polar_question,0 declarative,NA,NA,0 no negation,NA,0 no negation
1487,juede,/LiZhou/5/07.cha,other_child,CH2: 她今天好像觉得肚子痛.,2 CP,,3 third/NP,2 CP,,3 third/NP,0 declarative,0 declarative,NA,NA,0 declarative,0 declarative,NA,NA,0 no negation,NA,0 no negation
1488,juede,/LiZhou/5/07.cha,other_child,CH2: <她觉得>[/]肚子痛她觉得.,0 No,0 No,3 third/NP,2 CP,,3 third/NP,NA,NA,NA,NA,NA,NA,NA,NA,0 no negation,NA,0 no negation
1488_b,juede,/LiZhou/5/07.cha,other_child,CH2: <她觉得>[/]肚子痛她觉得.,0 No,0 No,3 third/NP,2 CP,,3 third/NP,0 declarative,0 declarative,NA,NA,0 declarative,0 declarative,NA,NA,0 no negation,NA,0 no negation
1489,juede,/LiZhou/5/10.cha,other_child,CH2: 嗯我怎么觉得不太棒.,0 No,1 Adj,1 first_person,0 No,1 Adj,1 first_person,3 how/why,0 declarative,NA,NA,3 how/why,0 declarative,NA,NA,0 no negation,NA,0 no negation
1491,juede,/LiZhou/6/04.cha,other_child,CH2: 我觉得不够吃.,2 CP,,1 first_person,2 CP,,1 first_person,0 declarative,0 declarative,NA,NA,0 declarative,0 declarative,NA,NA,0 no negation,NA,0 no negation
1493,juede,/LiZhou/6/08.cha,other_child,CH2: 我觉得应该这样放.,2 CP,,1 first_person,2 CP,,1 first_person,0 declarative,0 declarative,NA,NA,0 declarative,0 declarative,NA,NA,0 no negation,NA,0 no negation
1495,juede,/LiZhou/6/08.cha,other_child,CH2: 我觉得应该在这边烧饭好.,2 CP,,1 first_person,2 CP,,1 first_person,0 declarative,0 declarative,NA,NA,0 declarative,0 declarative,NA,NA,0 no negation,NA,0 no negation
1500,juede,/LiZhou/6/10.cha,other_child,CH2: 我觉得玩这个很像办家家.,2 CP,,1 first_person,2 CP,,1 first_person,0 declarative,0 declarative,NA,NA,0 declarative,0 declarative,NA,NA,0 no negation,NA,0 no negation
2535,juede,/Erbaugh/Kang/01.cha,mother,"MOT: 嗯,我觉得不好看.",0 No,1 Adj,1 first_person,0 No,1 Adj,1 first_person,0 declarative,0 declarative,NA,NA,0 declarative,0 declarative,NA,NA,0 no negation,NA,0 no negation
2536,juede,/Erbaugh/Kang/02.cha,mother,MOT: 我觉得很好.,0 No,1 Adj,1 first_person,0 No,1 Adj,1 first_person,0 declarative,0 declarative,NA,NA,0 declarative,0 declarative,NA,NA,0 no negation,NA,0 no negation
2537,juede,/Erbaugh/Kang/04.cha,mother,"MOT: 哎呀,医生伯伯我今天觉得很不舒服.",0 No,1 Adj,1 first_person,0 No,1 Adj,1 first_person,0 declarative,0 declarative,NA,NA,0 declarative,0 declarative,NA,NA,0 no negation,NA,0 no negation
2538,juede,/Erbaugh/Kang/05.cha,mother,MOT: 这个我觉得这个拖车.,0 No,2 NP,1 first_person,0 No,2 NP,1 first_person,0 declarative,0 declarative,NA,NA,0 declarative,0 declarative,NA,NA,0 no negation,NA,0 no negation
2539,juede,/Erbaugh/Kang/05.cha,mother,MOT: 这是太好玩了我觉得.,0 No,0 No,1 first_person,0 No,0 No,1 first_person,0 declarative,0 declarative,NA,NA,0 declarative,0 declarative,NA,NA,0 no negation,NA,0 no negation
2540,juede,/Erbaugh/Kang/05.cha,mother,MOT: 然后翻下来我觉得那样比较好.,2 CP,,1 first_person,2 CP,,1 first_person,0 declarative,0 declarative,NA,NA,0 declarative,0 declarative,NA,NA,0 no negation,NA,0 no negation
2541,juede,/Erbaugh/Kang/06.cha,mother,MOT: 我觉得很好听.,0 No,1 Adj,1 first_person,0 No,1 Adj,1 first_person,0 declarative,0 declarative,NA,NA,0 declarative,0 declarative,NA,NA,0 no negation,NA,0 no negation
2542,juede,/Erbaugh/Kang/07.cha,mother,MOT: 你觉得不好看.,0 No,1 Adj,2 second_person,0 No,1 Adj,1 first_person,0 declarative,0 declarative,NA,NA,0 declarative,0 declarative,NA,NA,0 no negation,NA,0 no negation
2543,juede,/Erbaugh/Kang/07.cha,mother,MOT: 那我觉得那很奇怪.,2 CP,,1 first_person,2 CP,,1 first_person,0 declarative,0 declarative,NA,NA,0 declarative,0 declarative,NA,NA,0 no negation,NA,0 no negation
2545,juede,/Erbaugh/Kang/08.cha,mother,MOT: 擦了以后你觉得舒服一点没有.,2 CP,,2 second_person,0 No,1 Adj,2 second_person,0 declarative,0 declarative,NA,NA,1 polar_question,0 declarative,NA,NA,0 no negation,NA,0 no negation
2546,juede,/Erbaugh/Kang/08.cha,mother,MOT: 你觉得怎么样.,2 CP,,2 second_person,2 CP,,2 second_person,2 wh_question,3 base-generated wh/polar,NA,NA,2 wh_question,3 base-generated wh/polar,NA,NA,0 no negation,NA,0 no negation
2547,juede,/Erbaugh/Kang/08.cha,mother,MOT: 你觉得怎么样.,2 CP,,2 second_person,2 CP,,2 second_person,2 wh_question,3 base-generated wh/polar,NA,NA,2 wh_question,3 base-generated wh/polar,NA,NA,0 no negation,NA,0 no negation
2548,juede,/Erbaugh/Kang/08.cha,mother,MOT: 你觉得这个阿姨怎么样.,2 CP,,2 second_person,2 CP,,2 second_person,2 wh_question,3 base-generated wh/polar,NA,NA,2 wh_question,3 base-generated wh/polar,NA,NA,0 no negation,NA,0 no negation
2549,juede,/Erbaugh/Kang/09.cha,adult,ADU: 英国人觉得这是一种药是我们.,2 CP,,3 third/NP,2 CP,,3 third/NP,0 declarative,0 declarative,NA,NA,0 declarative,0 declarative,NA,NA,0 no negation,NA,0 no negation
2550,juede,/Erbaugh/Kang/09.cha,mother,MOT: 现在她觉得很高兴.,0 No,1 Adj,3 third/NP,0 No,1 Adj,3 third/NP,0 declarative,0 declarative,NA,NA,0 declarative,0 declarative,NA,NA,0 no negation,NA,0 no negation
2551,juede,/Erbaugh/Kang/09.cha,mother,MOT: 我觉得还可以.,2 CP,,1 first_person,0 No,1 Adj,1 first_person,0 declarative,0 declarative,NA,NA,0 declarative,0 declarative,NA,NA,0 no negation,NA,0 no negation
2552,juede,/Erbaugh/Kang/09.cha,mother,MOT: 你自己的觉得怎么样?,2 CP,,2 second_person,2 CP,,5 自己,2 wh_question,3 base-generated wh/polar,NA,NA,2 wh_question,3 base-generated wh/polar,NA,NA,0 no negation,NA,0 no negation
2553,juede,/Erbaugh/Kang/09.cha,mother,"MOT: 哎哟,我觉得还不错嘛.",0 No,1 Adj,1 first_person,0 No,1 Adj,1 first_person,0 declarative,0 declarative,NA,NA,0 declarative,0 declarative,NA,NA,0 no negation,NA,0 no negation
2554,juede,/Erbaugh/Kang/09.cha,mother,MOT: 我觉得来这里很高兴.,2 CP,,1 first_person,2 CP,,1 first_person,0 declarative,0 declarative,NA,NA,0 declarative,0 declarative,NA,NA,0 no negation,NA,0 no negation
2555,juede,/Erbaugh/Kang/10.cha,mother,MOT: 我觉得很好吃嘛.,0 No,1 Adj,1 first_person,0 No,1 Adj,1 first_person,0 declarative,0 declarative,NA,NA,0 declarative,0 declarative,NA,NA,0 no negation,NA,0 no negation
2556,juede,/Erbaugh/Kang/10.cha,mother,"MOT: 你告诉我你觉得这茶,怎么样?",2 CP,,2 second_person,2 CP,,2 second_person,2 wh_question,3 base-generated wh/polar,NA,NA,2 wh_question,3 base-generated wh/polar,NA,NA,0 no negation,NA,0 no negation
2557,juede,/Erbaugh/Kang/10.cha,mother,MOT: 你觉得怎么样?,2 CP,,2 second_person,2 CP,,2 second_person,2 wh_question,3 base-generated wh/polar,NA,NA,2 wh_question,3 base-generated wh/polar,NA,NA,0 no negation,NA,0 no negation
2558,juede,/Erbaugh/Kang/10.cha,mother,MOT: 那他觉得他一天生一个蛋太少了.,2 CP,,3 third/NP,2 CP,,3 third/NP,0 declarative,0 declarative,NA,NA,0 declarative,0 declarative,NA,NA,0 no negation,NA,0 no negation
2559,juede,/Erbaugh/Kang/11.cha,mother,MOT: 太高我觉得贴不住.,2 CP,,1 first_person,2 CP,,1 first_person,0 declarative,0 declarative,NA,NA,0 declarative,0 declarative,NA,NA,0 no negation,NA,0 no negation
2560,juede,/Erbaugh/Kang/11.cha,mother,MOT: 我不觉得倒霉.,0 No,1 Adj,1 first_person,0 No,1 Adj,1 first_person,0 declarative,0 declarative,NA,NA,0 declarative,0 declarative,NA,NA,2 不,NA,2 不
2562,juede,/Erbaugh/Kang/13.cha,mother,MOT: 你不觉得像猪鼻子吗.,2 CP,,2 second_person,2 CP,,2 second_person,1 polar_question,0 declarative,NA,NA,1 polar_question,0 declarative,NA,NA,2 不,NA,2 不
2563,juede,/Erbaugh/Kang/13.cha,mother,"MOT: 好,我再问他你觉得这个人长得好不好看?",2 CP,,2 second_person,2 CP,,2 second_person,1 polar_question,3 base-generated wh/polar,NA,NA,1 polar_question,3 base-generated wh/polar,NA,NA,0 no negation,NA,0 no negation
2564,juede,/Erbaugh/Kang/13.cha,mother,MOT: 我怎么觉得你出了一身汗呢.,2 CP,,1 first_person,2 CP,,1 first_person,3 how/why,0 declarative,NA,NA,3 how/why,0 declarative,NA,NA,0 no negation,NA,0 no negation
2565,juede,/Erbaugh/Kang/14.cha,mother,MOT: 因为看的人比较多我我问你那个唱戏的穿的衣服你觉得怎么样.,2 CP,,2 second_person,2 CP,,2 second_person,2 wh_question,3 base-generated wh/polar,NA,NA,2 wh_question,0 declarative,NA,NA,0 no negation,NA,0 no negation
2566,juede,/Erbaugh/Kang/14.cha,mother,MOT: 就是让它带着这样他会觉得比较不累觉得比较舒服.,0 No,1 Adj,3 third/NP,0 No,1 Adj,3 third/NP,0 declarative,0 declarative,NA,NA,0 declarative,0 declarative,NA,NA,0 no negation,NA,0 no negation
2566_b,juede,/Erbaugh/Kang/14.cha,mother,MOT: 就是让它带着这样他会觉得比较不累觉得比较舒服.,0 No,1 Adj,0 dropped,0 No,1 Adj,0 dropped,NA,NA,NA,NA,NA,NA,NA,NA,0 no negation,NA,0 no negation
2567,juede,/Erbaugh/Kang/14.cha,mother,MOT: 啊你为啥不怕呢我很怕哎我觉得那些人.,0 No,2 NP,1 first_person,0 No,2 NP,1 first_person,0 declarative,,NA,NA,0 declarative,0 declarative,NA,NA,0 no negation,NA,0 no negation
2568,juede,/Erbaugh/Kang/14.cha,mother,MOT: 哦你觉得你好一点没啊?,2 CP,,2 second_person,2 CP,,2 second_person,1 polar_question,3 base-generated wh/polar,NA,NA,1 polar_question,0 declarative,NA,NA,0 no negation,NA,0 no negation
2569,juede,/Erbaugh/Kang/15.cha,mother,MOT: 这样你手不觉得很烫嘛.,0 No,1 Adj,3 third/NP,0 No,1 Adj,3 third/NP,1 polar_question,0 declarative,NA,NA,1 polar_question,0 declarative,NA,NA,2 不,NA,2 不
2570,juede,/Erbaugh/Kang/15.cha,mother,MOT: 你不觉得很累嘛?,0 No,1 Adj,2 second_person,0 No,1 Adj,2 second_person,1 polar_question,0 declarative,NA,NA,1 polar_question,0 declarative,NA,NA,2 不,NA,2 不
2571,juede,/Erbaugh/Kang/15.cha,mother,MOT: 香的嘛你觉得牛奶没有味道啊.,2 CP,,2 second_person,2 CP,,2 second_person,1 polar_question,0 declarative,NA,NA,0 declarative,0 declarative,NA,NA,0 no negation,NA,0 no negation
2572,juede,/Erbaugh/Kang/15.cha,mother,MOT: 我也最喜欢这四本书诶我觉得请你把那三本书都拿过来.,2 CP,,1 first_person,2 CP,,1 first_person,0 declarative,0 declarative,NA,NA,0 declarative,0 declarative,NA,NA,0 no negation,NA,0 no negation
2573,juede,/Erbaugh/Kang/15.cha,mother,MOT: 他拿了一朵花在路上走路觉得很高兴一边走一边唱歌.,0 No,1 Adj,0 dropped,2 CP,,0 dropped,0 declarative,0 declarative,NA,NA,0 declarative,0 declarative,NA,NA,0 no negation,NA,0 no negation
2574,juede,/Erbaugh/Kang/15.cha,mother,MOT: 那么在他旁边有一个年轻人看到他那么生气觉得何必发这么大的脾气呢他就笑了就想要来安慰这个老公公.,2 CP,,3 third/NP,2 CP,,0 dropped,1 polar_question,0 declarative,NA,NA,0 declarative,2 wh_question,NA,NA,0 no negation,NA,0 no negation
2575,juede,/Erbaugh/Kang/16.cha,mother,MOT: 当工人比较好我觉得.,0 No,0 No,1 first_person,0 No,0 No,1 first_person,0 declarative,0 declarative,NA,NA,0 declarative,0 declarative,NA,NA,0 no negation,NA,0 no negation
2576,juede,/Erbaugh/Kang/17.cha,mother,MOT: 你觉得这太高啦!,2 CP,,2 second_person,2 CP,,2 second_person,0 declarative,0 declarative,NA,NA,0 declarative,0 declarative,NA,NA,0 no negation,NA,0 no negation
2577,juede,/Erbaugh/Kang/17.cha,adult,ADU: 我觉得姜正康你把你的袍子脱下来好不好你.,2 CP,,1 first_person,2 CP,,1 first_person,1 polar_question,3 base-generated wh/polar,NA,NA,0 declarative,0 declarative,NA,NA,0 no negation,NA,0 no negation
2578,juede,/Erbaugh/Kang/18.cha,mother,MOT: 他还觉得很好吃.,0 No,1 Adj,3 third/NP,0 No,1 Adj,3 third/NP,0 declarative,0 declarative,NA,NA,0 declarative,0 declarative,NA,NA,0 no negation,NA,0 no negation
2579,juede,/Erbaugh/Kang/18.cha,mother,MOT: 你不觉得这个比较好看吗?,2 CP,,2 second_person,2 CP,,2 second_person,1 polar_question,0 declarative,NA,NA,1 polar_question,0 declarative,NA,NA,2 不,NA,2 不
2580,juede,/Erbaugh/Kang/18.cha,mother,MOT: 你咳嗽我就觉得这个xxx.,0 No,2 NP,1 first_person,0 No,3 Incomplete,1 first_person,NA,,NA,NA,0 declarative,0 declarative,NA,NA,0 no negation,NA,0 no negation
2581,juede,/Erbaugh/Kang/18.cha,father,FAT: 我突然间觉得我会画画了.,2 CP,,1 first_person,2 CP,,1 first_person,0 declarative,0 declarative,NA,NA,0 declarative,0 declarative,NA,NA,0 no negation,NA,0 no negation
2582,juede,/Erbaugh/Kang/19.cha,mother,MOT: 可是那时候我觉得粉蜡笔是大人或者是专家的专利.,2 CP,,1 first_person,2 CP,,1 first_person,0 declarative,0 declarative,NA,NA,0 declarative,0 declarative,NA,NA,0 no negation,NA,0 no negation
2583,juede,/Erbaugh/Kang/19.cha,mother,MOT: 我小时候觉得粉蜡笔是很贵很不得了的东西.,2 CP,,1 first_person,2 CP,,1 first_person,0 declarative,0 declarative,NA,NA,0 declarative,0 declarative,NA,NA,0 no negation,NA,0 no negation
2584,juede,/Erbaugh/Kang/19.cha,mother,MOT: 我觉得很好看啊.,0 No,1 Adj,1 first_person,0 No,1 Adj,1 first_person,0 declarative,0 declarative,NA,NA,0 declarative,0 declarative,NA,NA,0 no negation,NA,0 no negation
2585,juede,/Erbaugh/Kang/19.cha,mother,MOT: 我也觉得.,0 No,0 No,1 first_person,0 No,0 No,1 first_person,0 declarative,,NA,NA,0 declarative,,NA,NA,0 no negation,NA,0 no negation
2586,juede,/Erbaugh/Kang/20.cha,mother,MOT: 后来这些做工的人因为觉得很苦就逃走了.,0 No,1 Adj,3 third/NP,2 CP,,0 dropped,0 declarative,0 declarative,NA,NA,0 declarative,0 declarative,NA,NA,0 no negation,NA,0 no negation
2587,juede,/Erbaugh/Kang/20.cha,mother,MOT: 那么大家觉得这么凶的人做国王不可以.,2 CP,,3 third/NP,2 CP,,3 third/NP,0 declarative,0 declarative,NA,NA,0 declarative,0 declarative,NA,NA,0 no negation,NA,0 no negation
2588,juede,/Erbaugh/Kang/20.cha,mother,MOT: 他觉得他一看橘子里面外面的皮这么好看.,2 CP,,3 third/NP,2 CP,,3 third/NP,0 declarative,0 declarative,NA,NA,0 declarative,0 declarative,NA,NA,0 no negation,NA,0 no negation
2589,juede,/Erbaugh/Kang/20.cha,mother,MOT: 可是你觉得骆驼好不好看?,2 CP,,2 second_person,2 CP,,2 second_person,1 polar_question,3 base-generated wh/polar,NA,NA,1 polar_question,3 base-generated wh/polar,NA,NA,0 no negation,NA,0 no negation
2590,juede,/Erbaugh/Kang/20.cha,mother,MOT: 我觉得不太好看?,0 No,1 Adj,1 first_person,0 No,1 Adj,2 second_person,0 declarative,0 declarative,NA,NA,0 declarative,0 declarative,NA,NA,0 no negation,NA,0 no negation
2591,juede,/Erbaugh/Kang/20.cha,mother,MOT: 我就觉得它设计不好.,2 CP,,1 first_person,2 CP,,1 first_person,0 declarative,0 declarative,NA,NA,0 declarative,0 declarative,NA,NA,0 no negation,NA,0 no negation
2592,juede,/Erbaugh/Kang/21.cha,mother,MOT: 如果老师觉得要洗一洗.,2 CP,,3 third/NP,2 CP,,3 third/NP,0 declarative,0 declarative,NA,NA,0 declarative,0 declarative,NA,NA,0 no negation,NA,0 no negation
2593,juede,/Erbaugh/Kang/21.cha,mother,MOT: 要是回来以后觉得眼睛还是痛呢就跟妈妈讲.,2 CP,,0 dropped,2 CP,,0 dropped,0 declarative,0 declarative,NA,NA,0 declarative,0 declarative,NA,NA,0 no negation,NA,0 no negation
2594,juede,/Erbaugh/Kang/21.cha,adult,ADU: 觉得这样写起来比较方便.,2 CP,,0 dropped,2 CP,,0 dropped,0 declarative,0 declarative,NA,NA,0 declarative,0 declarative,NA,NA,0 no negation,NA,0 no negation
2595,juede,/Erbaugh/Kang/21.cha,adult,ADU: 我觉得很好.,0 No,1 Adj,1 first_person,0 No,1 Adj,1 first_person,0 declarative,0 declarative,NA,NA,0 declarative,0 declarative,NA,NA,0 no negation,NA,0 no negation
2598,juede,/Erbaugh/Kang/22.cha,mother,MOT: 我觉得这节目很好玩的呐.,2 CP,,1 first_person,2 CP,,1 first_person,0 declarative,0 declarative,NA,NA,0 declarative,0 declarative,NA,NA,0 no negation,NA,0 no negation
2599,juede,/Erbaugh/Kang/22.cha,mother,MOT: 你不觉得难受吗?,0 No,1 Adj,2 second_person,0 No,1 Adj,2 second_person,1 polar_question,3 base-generated wh/polar,NA,NA,1 polar_question,0 declarative,NA,NA,2 不,NA,2 不
2600,juede,/Erbaugh/Kang/23.cha,mother,MOT: 那我们觉得我们好想xxx.,2 CP,,1 first_person,0 No,3 Incomplete,1 first_person,0 declarative,,NA,NA,0 declarative,0 declarative,NA,NA,0 no negation,NA,0 no negation
2601,juede,/Erbaugh/Kang/23.cha,adult,ADU: 你是不是觉得不舒服?,0 No,1 Adj,2 second_person,0 No,1 Adj,2 second_person,1 polar_question,0 declarative,NA,NA,1 polar_question,0 declarative,NA,NA,0 no negation,NA,0 no negation
2602,juede,/Erbaugh/Kang/23.cha,mother,MOT: 我觉得.,0 No,0 No,1 first_person,0 No,0 No,1 first_person,0 declarative,,NA,NA,,,NA,NA,0 no negation,NA,0 no negation
2603,juede,/Erbaugh/Laohu/02.cha,adult,ADU: 你觉得两个够了?,2 CP,,2 second_person,2 CP,,2 second_person,1 polar_question,0 declarative,NA,NA,1 polar_question,0 declarative,NA,NA,0 no negation,NA,0 no negation
2604,juede,/Erbaugh/Laohu/02.cha,adult,ADU: 我觉得这些够了.,2 CP,,1 first_person,2 CP,,1 first_person,0 declarative,0 declarative,NA,NA,0 declarative,0 declarative,NA,NA,0 no negation,NA,0 no negation
2605,juede,/Erbaugh/Laohu/05.cha,adult,ADU1: 它们也觉得大骨头大的.,2 CP,,3 third/NP,2 CP,,3 third/NP,0 declarative,0 declarative,NA,NA,0 declarative,0 declarative,NA,NA,0 no negation,NA,0 no negation
2606,juede,/Erbaugh/Laohu/05.cha,adult,ADU1: 你觉得大骨头好不好吃?,2 CP,,2 second_person,2 CP,,2 second_person,1 polar_question,3 base-generated wh/polar,NA,NA,1 polar_question,3 base-generated wh/polar,NA,NA,0 no negation,NA,0 no negation
2607,juede,/Erbaugh/Laohu/06.cha,adult,ADU: 我觉得这两个孩子一样聪明.,2 CP,,1 first_person,2 CP,,1 first_person,0 declarative,0 declarative,NA,NA,0 declarative,0 declarative,NA,NA,0 no negation,NA,0 no negation
2608,juede,/Erbaugh/Peng/16.cha,sister,SIS: 我觉得.,0 No,0 No,1 first_person,0 No,0 No,1 first_person,0 declarative,,NA,NA,,,NA,NA,0 no negation,NA,0 no negation
2610,juede,/Erbaugh/Zhong/01.cha,adult,ADU: 我觉得现在最好是就等他讲讲.,2 CP,,1 first_person,2 CP,,1 first_person,0 declarative,0 declarative,NA,NA,0 declarative,0 declarative,NA,NA,0 no negation,NA,0 no negation
2611,juede,/Erbaugh/Zhong/01.cha,adult,ADU: 可是我觉得你们不[/]呃不应该帮他讲.,2 CP,,1 first_person,2 CP,,1 first_person,0 declarative,0 declarative,NA,NA,0 declarative,0 declarative,NA,NA,0 no negation,NA,0 no negation
2612,juede,/Erbaugh/Zhong/01.cha,adult,ADU: 可是我觉得最好是用英文.,2 CP,,1 first_person,2 CP,,1 first_person,0 declarative,0 declarative,NA,NA,0 declarative,0 declarative,NA,NA,0 no negation,NA,0 no negation
2613,juede,/Erbaugh/Zhong/01.cha,adult,ADU: 你觉得他们讲得怎么样?,2 CP,,2 second_person,2 CP,,2 second_person,2 wh_question,3 base-generated wh/polar,NA,NA,2 wh_question,3 base-generated wh/polar,NA,NA,0 no negation,NA,0 no negation
2614,juede,/Erbaugh/Zhong/02.cha,adult,ADU: 我觉得累.,0 No,1 Adj,1 first_person,0 No,1 Adj,1 first_person,0 declarative,0 declarative,NA,NA,0 declarative,0 declarative,NA,NA,0 no negation,NA,0 no negation
2615,juede,/Erbaugh/Zhong/04.cha,adult,ADU: 我觉得她<我说英文的时候>[//]跟不上我的速度.,0 No,2 NP,1 first_person,2 CP,,1 first_person,0 declarative,0 declarative,NA,NA,0 declarative,0 declarative,NA,NA,0 no negation,NA,0 no negation
2616,juede,/Erbaugh/Zhong/04.cha,adult,ADU: 我觉得在这方面<不咋好>[/]不咋好.,2 CP,,1 first_person,2 CP,,1 first_person,0 declarative,0 declarative,NA,NA,0 declarative,0 declarative,NA,NA,0 no negation,NA,0 no negation
2617,juede,/Erbaugh/Zhong/06.cha,adult,ADU: 我觉得很有意思.,0 No,1 Adj,1 first_person,0 No,1 Adj,1 first_person,0 declarative,0 declarative,NA,NA,0 declarative,0 declarative,NA,NA,0 no negation,NA,0 no negation
2619,juede,/Erbaugh/Zhong/08.cha,mother,MOT: 我觉得这种比这种好.,2 CP,,1 first_person,2 CP,,1 first_person,0 declarative,0 declarative,NA,NA,0 declarative,0 declarative,NA,NA,0 no negation,NA,0 no negation
2621,juede,/ChangPlay/3/016.cha,investigator,EXP: 我觉得是车车耶.,2 CP,,1 first_person,2 CP,,1 first_person,0 declarative,0 declarative,NA,NA,0 declarative,0 declarative,NA,NA,0 no negation,NA,0 no negation
2622,juede,/ChangPlay/3/019.cha,mother,"MOT: 0n,我觉得你弄错了.",2 CP,,1 first_person,2 CP,,1 first_person,0 declarative,0 declarative,NA,NA,0 declarative,0 declarative,NA,NA,0 no negation,NA,0 no negation
2623,juede,/ChangPlay/4/003.cha,mother,MOT: 觉得这顶比较可爱.,2 CP,,0 dropped,2 CP,,0 dropped,0 declarative,0 declarative,NA,NA,0 declarative,0 declarative,NA,NA,0 no negation,NA,0 no negation
2624,juede,/ChangPlay/4/003.cha,mother,MOT: 你觉得怎么样?,2 CP,,2 second_person,2 CP,,2 second_person,2 wh_question,3 base-generated wh/polar,NA,NA,2 wh_question,3 base-generated wh/polar,NA,NA,0 no negation,NA,0 no negation
2625,juede,/ChangPlay/4/013.cha,mother,MOT: 你觉得要放哪里?,2 CP,,2 second_person,2 CP,,2 second_person,2 wh_question,3 base-generated wh/polar,NA,NA,2 wh_question,3 base-generated wh/polar,NA,NA,0 no negation,NA,0 no negation
2626,juede,/ChangPlay/4/013.cha,mother,MOT: 你觉得这张是吗?,2 CP,,2 second_person,2 CP,,2 second_person,1 polar_question,0 declarative,NA,NA,1 polar_question,,NA,NA,0 no negation,NA,0 no negation
2627,juede,/ChangPlay/4/013.cha,mother,MOT: 你觉得呢?,0 No,0 No,2 second_person,0 No,0 No,2 second_person,1 polar_question,,NA,NA,1 polar_question,,NA,NA,0 no negation,NA,0 no negation
2628,juede,/ChangPlay/4/013.cha,mother,MOT: 你不觉得很奇怪吗?,0 No,1 Adj,2 second_person,0 No,1 Adj,2 second_person,1 polar_question,0 declarative,NA,NA,1 polar_question,0 declarative,NA,NA,2 不,NA,2 不
2629,juede,/ChangPlay/4/019.cha,mother,MOT: 可是他觉得那个...,0 No,3 Incomplete,3 third/NP,0 No,3 Incomplete,3 third/NP,0 declarative,,NA,NA,,,NA,NA,0 no negation,NA,0 no negation
2630,juede,/ChangPlay/4/019.cha,mother,MOT: 他觉得要那个...,2 CP,,3 third/NP,0 No,3 Incomplete,3 third/NP,0 declarative,,NA,NA,,,NA,NA,0 no negation,NA,0 no negation
2631,juede,/ChangPlay/4/022.cha,mother,"MOT: 你觉得漂亮,是吗?",0 No,1 Adj,2 second_person,0 No,1 Adj,2 second_person,4 tag_question,0 declarative,NA,NA,4 tag_question,0 declarative,NA,NA,0 no negation,NA,0 no negation
2638,juede,/ChangPlay/5/014.cha,mother,MOT: 诶我觉得这一颗很好笑.,2 CP,,1 first_person,2 CP,,1 first_person,0 declarative,0 declarative,NA,NA,0 declarative,0 declarative,NA,NA,0 no negation,NA,0 no negation
2639,juede,/ChangPlay/5/015.cha,mother,MOT: 难放我也觉得耶.,0 No,0 No,1 first_person,0 No,0 No,1 first_person,0 declarative,0 declarative,NA,NA,0 declarative,,NA,NA,0 no negation,NA,0 no negation
2640,juede,/ChangPlay/5/015.cha,mother,MOT: 刚刚我看的也觉得很像.,2 CP,,1 first_person,2 CP,,0 dropped,0 declarative,0 declarative,NA,NA,0 declarative,0 declarative,NA,NA,0 no negation,NA,0 no negation
2641,juede,/ChangPlay/5/017.cha,mother,MOT: 你觉得呢?,0 No,0 No,2 second_person,0 No,0 No,2 second_person,1 polar_question,,NA,NA,1 polar_question,,NA,NA,0 no negation,NA,0 no negation
2642,juede,/ChangPlay/5/020.cha,mother,MOT: 你觉得要不要妈妈帮忙?,2 CP,,2 second_person,2 CP,,2 second_person,1 polar_question,3 base-generated wh/polar,NA,NA,1 polar_question,3 base-generated wh/polar,NA,NA,0 no negation,NA,0 no negation
2644,juede,/ChangPlay/5/020.cha,mother,MOT: 还是你觉得要保护它?,2 CP,,2 second_person,2 CP,,2 second_person,1 polar_question,0 declarative,NA,NA,1 polar_question,0 declarative,NA,NA,0 no negation,NA,0 no negation
2645,juede,/ChangPlay/5/020.cha,mother,MOT: 我觉得像北极熊耶.,2 CP,,1 first_person,2 CP,,1 first_person,0 declarative,0 declarative,NA,NA,0 declarative,0 declarative,NA,NA,0 no negation,NA,0 no negation
2646,juede,/ChangPlay/5/020.cha,mother,MOT: 你觉得哩?,0 No,0 No,2 second_person,0 No,0 No,2 second_person,1 polar_question,,NA,NA,1 polar_question,,NA,NA,0 no negation,NA,0 no negation
2649,juede,/ChangPN/age4/083.cha,investigator,"EXP: 然后呢你就觉得你很厉害,<就可以过第二关>[>]?",2 CP,,2 second_person,2 CP,,2 second_person,0 declarative,0 declarative,1 polar_question,0 declarative,NA,NA,NA,NA,0 no negation,NA,0 no negation
2657,juede,/ChangPN/age6/117.cha,investigator,EXP: 姊姊觉得你好会说话喔.,2 CP,,3 third/NP,2 CP,,3 third/NP,0 declarative,0 declarative,0 declarative,0 declarative,NA,NA,NA,NA,0 no negation,NA,0 no negation
2660,juede,/ChangPN/age6/126.cha,investigator,EXP: 爸爸妈妈觉得你很吵.,2 CP,,3 third/NP,2 CP,,3 third/NP,0 declarative,0 declarative,0 declarative,0 declarative,NA,NA,NA,NA,0 no negation,NA,0 no negation
2664,juede,/ChangPN/age5/093.cha,investigator,EXP: 你就觉得很可怕.,0 No,1 Adj,2 second_person,0 No,1 Adj,2 second_person,0 declarative,0 declarative,0 declarative,0 declarative,NA,NA,NA,NA,0 no negation,NA,0 no negation
2666,juede,/ChangPN/age5/093.cha,investigator,EXP: 就觉得好恐怖喔.,0 No,1 Adj,0 dropped,0 No,1 Adj,0 dropped,0 declarative,0 declarative,0 declarative,0 declarative,NA,NA,NA,NA,0 no negation,NA,0 no negation
2667,juede,/ChangPN/age5/104.cha,investigator,"EXP: 在打扫我的房间的时候,我突然觉得我的脚怎么痒痒的.",2 CP,,1 first_person,2 CP,,1 first_person,0 declarative,0 declarative,0 declarative,2 wh_question,NA,NA,NA,NA,0 no negation,NA,0 no negation
2672,juede,/ChangPN/age5/120.cha,investigator,EXP: 你觉得好痛喔.,0 No,1 Adj,2 second_person,0 No,1 Adj,2 second_person,0 declarative,0 declarative,0 declarative,0 declarative,NA,NA,NA,NA,0 no negation,NA,0 no negation
2677,juede,/ChangPN/age5/122.cha,investigator,EXP: 突然就觉得脚痒痒的.,2 CP,,0 dropped,2 CP,,0 dropped,0 declarative,0 declarative,0 declarative,0 declarative,NA,NA,NA,NA,0 no negation,NA,0 no negation
2678,juede,/ChangPN/age5/134.cha,investigator,EXP: <那你觉得>[//]诶(.)那你记不记得你去玩的事情?,0 No,0 No,2 second_person,0 No,0 No,2 second_person,0 declarative,0 declarative,,,NA,NA,NA,NA,0 no negation,NA,0 no negation
2680,juede,/ChangPN/grade1/137.cha,investigator,"EXP: 哦吃完药后,就不会觉得很苦哦.",0 No,1 Adj,0 dropped,0 No,1 Adj,0 dropped,0 declarative,0 declarative,0 declarative,0 declarative,NA,NA,NA,NA,2 不,NA,2 不
2681,juede,/ChangPN/grade1/137.cha,investigator,EXP: 然后突然觉得诶脚怎么痒痒的.,2 CP,,0 dropped,2 CP,,0 dropped,0 declarative,0 declarative,0 declarative,2 wh_question,NA,NA,NA,NA,0 no negation,NA,0 no negation
2682,juede,/ChangPN/grade1/137.cha,investigator,EXP: 然后它就跑掉了然后就觉得哦好可怕喔.,0 No,1 Adj,0 dropped,0 No,1 Adj,0 dropped,0 declarative,0 declarative,0 declarative,0 declarative,NA,NA,NA,NA,0 no negation,NA,0 no negation
2683,juede,/ChangPN/grade1/141.cha,investigator,EXP: 我觉得好痛喔!,0 No,1 Adj,1 first_person,0 No,1 Adj,1 first_person,0 declarative,0 declarative,0 declarative,0 declarative,NA,NA,NA,NA,0 no negation,NA,0 no negation
2684,juede,/ChangPN/grade1/141.cha,investigator,EXP: 结果突然觉得脚痒痒的然后就往下看.,2 CP,,0 dropped,2 CP,,0 dropped,0 declarative,0 declarative,0 declarative,0 declarative,NA,NA,NA,NA,0 no negation,NA,0 no negation
2685,juede,/ChangPN/grade1/142.cha,investigator,EXP: 忽然我觉得脚好痒.,2 CP,,1 first_person,2 CP,,1 first_person,0 declarative,0 declarative,0 declarative,0 declarative,NA,NA,NA,NA,0 no negation,NA,0 no negation
2688,juede,/ChangPN/grade1/145.cha,investigator,"EXP: 好,你一想到那个就觉得很恐怖喔.",0 No,1 Adj,0 dropped,0 No,1 Adj,0 dropped,0 declarative,0 declarative,0 declarative,0 declarative,NA,NA,NA,NA,0 no negation,NA,0 no negation
2689,juede,/ChangPN/grade1/147.cha,investigator,EXP: 突然觉得脚怎么痒痒的.,2 CP,,0 dropped,2 CP,,1 first_person,0 declarative,0 declarative,0 declarative,2 wh_question,NA,NA,NA,NA,0 no negation,NA,0 no negation
2690,juede,/ChangPN/grade1/147.cha,investigator,EXP: 嚯我觉得好恶心喔!,0 No,1 Adj,1 first_person,0 No,1 Adj,1 first_person,0 declarative,0 declarative,0 declarative,0 declarative,NA,NA,NA,NA,0 no negation,NA,0 no negation
2691,juede,/ChangPN/grade1/149.cha,investigator,EXP: 昨天啊姊姊啊吃完饭以后就觉得肚子好痛好痛喔.,2 CP,,0 dropped,2 CP,,0 dropped,0 declarative,0 declarative,0 declarative,0 declarative,NA,NA,NA,NA,0 no negation,NA,0 no negation
2692,juede,/ChangPN/grade1/150.cha,investigator,EXP: 扫一扫[/]扫一扫突然觉得诶脚怎么痒痒的.,2 CP,,0 dropped,2 CP,,0 dropped,0 declarative,0 declarative,0 declarative,2 wh_question,NA,NA,NA,NA,0 no negation,NA,0 no negation
2693,juede,/ChangPN/grade1/150.cha,investigator,"EXP: 然后就觉得""/.",0 No,0 No,0 dropped,0 No,0 No,0 dropped,0 declarative,,0 declarative,0 declarative,NA,NA,NA,NA,0 no negation,NA,0 no negation
2695,juede,/ChangPN/grade2/168.cha,investigator,"EXP: 好,那<你最>[//]你说你<觉得最>[//]最记得最清楚的一次.",0 No,4 RC的,2 second_person,2 CP,,2 second_person,0 declarative,0 declarative,0 declarative,0 declarative,NA,NA,NA,NA,0 no negation,NA,0 no negation
2696,juede,/ChangPN/grade2/169.cha,investigator,EXP: 我觉得你讲得很好耶.,2 CP,,1 first_person,2 CP,,1 first_person,0 declarative,0 declarative,0 declarative,0 declarative,NA,NA,NA,NA,0 no negation,NA,0 no negation
2698,juede,/ChangPN/grade2/169.cha,investigator,EXP: 喔你觉得很臭.,0 No,1 Adj,2 second_person,0 No,1 Adj,2 second_person,0 declarative,0 declarative,0 declarative,0 declarative,NA,NA,NA,NA,0 no negation,NA,0 no negation
2704,juede,/ChangPN/grade2/180.cha,investigator,EXP: 你觉得最好玩的是去哪里玩?,2 CP,,2 second_person,2 CP,,2 second_person,2 wh_question,3 base-generated wh/polar,2 wh_question,3 base-generated wh/polar,NA,NA,NA,NA,0 no negation,NA,0 no negation
2716,juede,/AcadLang/upper/003.cha,adult,ADU: 你觉得苹果有营养吗?,2 CP,,2 second_person,2 CP,,2 second_person,1 polar_question,0 declarative,1 polar_question,0 declarative,NA,NA,NA,NA,0 no negation,NA,0 no negation
2717,juede,/AcadLang/upper/007.cha,adult,ADU: 你觉得没有什么可以告诉小羊的是吗?,2 CP,,2 second_person,2 CP,,2 second_person,4 tag_question,,4 tag_question,0 declarative,NA,NA,NA,NA,0 no negation,NA,0 no negation
2718,juede,/AcadLang/upper/018.cha,adult,ADU: 那小羊听了你的描述呢他觉得嗯我大体知道苹果是什么样子的了.,2 CP,,3 third/NP,2 CP,,3 third/NP,2 wh_question,3 base-generated wh/polar,0 declarative,0 declarative,NA,NA,NA,NA,0 no negation,NA,0 no negation
2719,juede,/AcadLang/upper/019.cha,adult,ADU: 买过那你觉得苹果的价钱贵不贵.,2 CP,,2 second_person,2 CP,,2 second_person,1 polar_question,3 base-generated wh/polar,1 polar_question,3 base-generated wh/polar,NA,NA,NA,NA,0 no negation,NA,0 no negation
2720,juede,/AcadLang/upper/024.cha,adult,ADU: 那你觉得苹果有没有营养啊.,2 CP,,2 second_person,2 CP,,2 second_person,1 polar_question,3 base-generated wh/polar,1 polar_question,3 base-generated wh/polar,NA,NA,NA,NA,0 no negation,NA,0 no negation
2721,juede,/AcadLang/upper/024.cha,adult,ADU: 那你觉得苹果的价钱怎么样.,2 CP,,2 second_person,2 CP,,2 second_person,2 wh_question,3 base-generated wh/polar,2 wh_question,3 base-generated wh/polar,NA,NA,NA,NA,0 no negation,NA,0 no negation
2724,juede,/AcadLang/upper/027.cha,adult,ADU: 对你觉得它可以做什么呢.,2 CP,,2 second_person,2 CP,,2 second_person,2 wh_question,3 base-generated wh/polar,2 wh_question,3 base-generated wh/polar,NA,NA,NA,NA,0 no negation,NA,0 no negation
2725,juede,/AcadLang/upper/027.cha,adult,ADU: 你觉得苹果可以用来做什么.,2 CP,,2 second_person,2 CP,,2 second_person,2 wh_question,3 base-generated wh/polar,2 wh_question,3 base-generated wh/polar,NA,NA,NA,NA,0 no negation,NA,0 no negation
2726,juede,/AcadLang/upper/029.cha,adult,ADU: 你觉得它贵吗.,2 CP,,2 second_person,2 CP,,2 second_person,1 polar_question,0 declarative,1 polar_question,0 declarative,NA,NA,NA,NA,0 no negation,NA,0 no negation
2728,juede,/AcadLang/lower/001.cha,adult,ADU: 那你觉得苹果的表皮.,0 No,4 RC的,2 second_person,0 No,4 RC的,2 second_person,,,0 declarative,,NA,NA,NA,NA,0 no negation,NA,0 no negation
2729,juede,/AcadLang/lower/001.cha,adult,ADU: 那你告诉老师你觉得苹果贵不贵.,2 CP,,2 second_person,2 CP,,2 second_person,1 polar_question,3 base-generated wh/polar,1 polar_question,3 base-generated wh/polar,NA,NA,NA,NA,0 no negation,NA,0 no negation
2730,juede,/AcadLang/lower/002.cha,adult,ADU: 你觉得是什么形状的啊.,2 CP,,2 second_person,2 CP,,2 second_person,2 wh_question,3 base-generated wh/polar,2 wh_question,3 base-generated wh/polar,NA,NA,NA,NA,0 no negation,NA,0 no negation
2731,juede,/AcadLang/lower/002.cha,adult,ADU: 你觉得苹果可以用来做什么啊.,2 CP,,2 second_person,2 CP,,2 second_person,2 wh_question,3 base-generated wh/polar,2 wh_question,3 base-generated wh/polar,NA,NA,NA,NA,0 no negation,NA,0 no negation
2734,juede,/AcadLang/lower/002.cha,adult,ADU: 你觉得苹果可以用来做什么呢.,2 CP,,2 second_person,2 CP,,2 second_person,2 wh_question,3 base-generated wh/polar,2 wh_question,3 base-generated wh/polar,NA,NA,NA,NA,0 no negation,NA,0 no negation
2735,juede,/AcadLang/lower/005.cha,adult,ADU: 忘记了没关系你觉得苹果摸起来是什么感觉呀?,2 CP,,2 second_person,2 CP,,2 second_person,2 wh_question,3 base-generated wh/polar,2 wh_question,3 base-generated wh/polar,NA,NA,NA,NA,0 no negation,NA,0 no negation
2736,juede,/AcadLang/lower/009.cha,adult,ADU: 那你觉得苹果价钱怎么样.,2 CP,,2 second_person,2 CP,,2 second_person,2 wh_question,3 base-generated wh/polar,2 wh_question,3 base-generated wh/polar,NA,NA,NA,NA,0 no negation,NA,0 no negation
2737,juede,/AcadLang/lower/010.cha,adult,ADU: 那你觉得苹果还可以用来做什么.,2 CP,,2 second_person,2 CP,,2 second_person,2 wh_question,3 base-generated wh/polar,2 wh_question,3 base-generated wh/polar,NA,NA,NA,NA,0 no negation,NA,0 no negation
2738,juede,/AcadLang/lower/016.cha,adult,ADU: 嗯你觉得苹果可以用来做什么.,2 CP,,2 second_person,2 CP,,2 second_person,2 wh_question,3 base-generated wh/polar,2 wh_question,3 base-generated wh/polar,NA,NA,NA,NA,0 no negation,NA,0 no negation
2739,juede,/AcadLang/lower/016.cha,adult,ADU: 你觉得我们可不可以把它送给小朋友做礼物呀.,2 CP,,2 second_person,2 CP,,2 second_person,1 polar_question,3 base-generated wh/polar,1 polar_question,3 base-generated wh/polar,NA,NA,NA,NA,0 no negation,NA,0 no negation
2740,juede,/AcadLang/lower/019.cha,adult,ADU: 你觉得贵不贵.,2 CP,,2 second_person,2 CP,,2 second_person,1 polar_question,3 base-generated wh/polar,1 polar_question,3 base-generated wh/polar,NA,NA,NA,NA,0 no negation,NA,0 no negation
2741,juede,/AcadLang/lower/023.cha,adult,ADU: 哦你觉得这是足球好圆呀.,2 CP,,2 second_person,2 CP,,2 second_person,1 polar_question,0 declarative,0 declarative,0 declarative,NA,NA,NA,NA,0 no negation,NA,0 no negation
2742,juede,/AcadLang/lower/028.cha,adult,ADU: 你觉得苹果还可以用来做什么.,2 CP,,2 second_person,2 CP,,2 second_person,2 wh_question,3 base-generated wh/polar,2 wh_question,3 base-generated wh/polar,NA,NA,NA,NA,0 no negation,NA,0 no negation
2743,juede,/AcadLang/lower/029.cha,adult,ADU: 那你觉得苹果还可以用来做什么.,2 CP,,2 second_person,2 CP,,2 second_person,2 wh_question,3 base-generated wh/polar,2 wh_question,3 base-generated wh/polar,NA,NA,NA,NA,0 no negation,NA,0 no negation
2744,juede,/AcadLang/lower/030.cha,adult,ADU: 那你觉得苹果贵不贵.,2 CP,,2 second_person,2 CP,,2 second_person,1 polar_question,3 base-generated wh/polar,1 polar_question,3 base-generated wh/polar,NA,NA,NA,NA,0 no negation,NA,0 no negation
2745,juede,/AcadLang/lower/031.cha,adult,ADU: 你觉得苹果好吃吗.,2 CP,,2 second_person,2 CP,,2 second_person,1 polar_question,0 declarative,1 polar_question,0 declarative,NA,NA,NA,NA,0 no negation,NA,0 no negation
2746,juede,/AcadLang/lower/031.cha,adult,ADU: 你觉得在店里买得苹果吗.,2 CP,,2 second_person,2 CP,,2 second_person,1 polar_question,0 declarative,1 polar_question,0 declarative,NA,NA,NA,NA,0 no negation,NA,0 no negation
2747,juede,/AcadLang/lower/033.cha,adult,ADU: 那你觉得苹果的价钱高不高.,2 CP,,2 second_person,2 CP,,2 second_person,1 polar_question,3 base-generated wh/polar,1 polar_question,3 base-generated wh/polar,NA,NA,NA,NA,0 no negation,NA,0 no negation
2748,juede,/AcadLang/lower/033.cha,adult,ADU: 就是你还是觉得苹果有点贵的是吗.,2 CP,,2 second_person,2 CP,,2 second_person,4 tag_question,0 declarative,4 tag_question,0 declarative,NA,NA,NA,NA,0 no negation,NA,0 no negation
2749,juede,/AcadLang/lower/034.cha,adult,ADU: 你觉得苹果是什么味道的.,2 CP,,2 second_person,2 CP,,2 second_person,2 wh_question,3 base-generated wh/polar,2 wh_question,3 base-generated wh/polar,NA,NA,NA,NA,0 no negation,NA,0 no negation
2750,juede,/AcadLang/lower/034.cha,adult,ADU: 有买过那你觉得苹果的价格贵不贵呀.,2 CP,,2 second_person,2 CP,,2 second_person,1 polar_question,3 base-generated wh/polar,1 polar_question,3 base-generated wh/polar,NA,NA,NA,NA,0 no negation,NA,0 no negation
2751,juede,/AcadLang/lower/036.cha,adult,ADU: 那你觉得苹果是什么味道.,2 CP,,2 second_person,2 CP,,2 second_person,2 wh_question,3 base-generated wh/polar,2 wh_question,3 base-generated wh/polar,NA,NA,NA,NA,0 no negation,NA,0 no negation
2753,juede,/AcadLang/lower/036.cha,adult,ADU: 那你觉得苹果贵不贵.,2 CP,,2 second_person,2 CP,,2 second_person,1 polar_question,3 base-generated wh/polar,1 polar_question,3 base-generated wh/polar,NA,NA,NA,NA,0 no negation,NA,0 no negation
2754,juede,/AcadLang/lower/037.cha,adult,ADU: 那你觉得苹果价格贵不贵.,2 CP,,2 second_person,2 CP,,2 second_person,1 polar_question,3 base-generated wh/polar,1 polar_question,3 base-generated wh/polar,NA,NA,NA,NA,0 no negation,NA,0 no negation
2755,juede,/AcadLang/lower/038.cha,adult,ADU: 你觉得苹果可以拿来做什么.,2 CP,,2 second_person,2 CP,,2 second_person,2 wh_question,3 base-generated wh/polar,2 wh_question,3 base-generated wh/polar,NA,NA,NA,NA,0 no negation,NA,0 no negation
2756,juede,/AcadLang/middle/003.cha,adult,ADU: 那你觉得苹果贵不贵.,2 CP,,2 second_person,2 CP,,2 second_person,1 polar_question,3 base-generated wh/polar,1 polar_question,3 base-generated wh/polar,NA,NA,NA,NA,0 no negation,NA,0 no negation
2758,juede,/AcadLang/middle/009.cha,adult,ADU: 那你[/]你觉得苹果闻起来是什么样子的.,2 CP,,2 second_person,2 CP,,2 second_person,2 wh_question,3 base-generated wh/polar,2 wh_question,3 base-generated wh/polar,NA,NA,NA,NA,0 no negation,NA,0 no negation
2759,juede,/AcadLang/middle/009.cha,adult,ADU: 有那你觉得苹果.,0 No,2 NP,2 second_person,0 No,2 NP,2 second_person,,,0 declarative,,NA,NA,NA,NA,0 no negation,NA,0 no negation
2760,juede,/AcadLang/middle/009.cha,adult,ADU: 你觉得苹果的价格贵不贵.,2 CP,,2 second_person,2 CP,,2 second_person,1 polar_question,3 base-generated wh/polar,1 polar_question,3 base-generated wh/polar,NA,NA,NA,NA,0 no negation,NA,0 no negation
2762,juede,/AcadLang/middle/013.cha,adult,ADU: 你觉得还有什么要说的?,2 CP,,2 second_person,2 CP,,2 second_person,2 wh_question,3 base-generated wh/polar,2 wh_question,3 base-generated wh/polar,NA,NA,NA,NA,0 no negation,NA,0 no negation
2763,juede,/AcadLang/middle/016.cha,adult,ADU: 有那你觉得苹果价钱贵不贵.,2 CP,,2 second_person,2 CP,,2 second_person,1 polar_question,3 base-generated wh/polar,1 polar_question,3 base-generated wh/polar,NA,NA,NA,NA,0 no negation,NA,0 no negation
2764,juede,/AcadLang/middle/016.cha,adult,ADU: 它觉得对苹果也比较了解了.,2 CP,,3 third/NP,2 CP,,3 third/NP,0 declarative,0 declarative,0 declarative,0 declarative,NA,NA,NA,NA,0 no negation,NA,0 no negation
2765,juede,/AcadLang/middle/028.cha,adult,ADU: 那你觉得苹果贵吗?,2 CP,,2 second_person,2 CP,,2 second_person,1 polar_question,0 declarative,1 polar_question,0 declarative,NA,NA,NA,NA,0 no negation,NA,0 no negation
2766,juede,/AcadLang/middle/030.cha,adult,ADU: 那苹果你觉得贵不贵呀.,2 CP,,2 second_person,2 CP,,2 second_person,1 polar_question,3 base-generated wh/polar,1 polar_question,3 base-generated wh/polar,NA,NA,NA,NA,0 no negation,NA,0 no negation
2767,juede,/AcadLang/middle/031.cha,adult,ADU: 那你觉得苹果是什么颜色的?,2 CP,,2 second_person,2 CP,,2 second_person,2 wh_question,3 base-generated wh/polar,2 wh_question,3 base-generated wh/polar,NA,NA,NA,NA,0 no negation,NA,0 no negation
2768,juede,/AcadLang/middle/031.cha,adult,ADU: 苹果可以干什么啊你觉得.,0 No,0 No,2 second_person,0 No,0 No,2 second_person,4 tag_question,2 wh_question,4 tag_question,2 wh_question,NA,NA,NA,NA,0 no negation,NA,0 no negation
2769,juede,/AcadLang/middle/034.cha,adult,ADU: 那你觉得苹果贵不贵.,2 CP,,2 second_person,2 CP,,2 second_person,1 polar_question,3 base-generated wh/polar,1 polar_question,3 base-generated wh/polar,NA,NA,NA,NA,0 no negation,NA,0 no negation
2770,juede,/AcadLang/middle/035.cha,adult,ADU: 那你觉得苹果贵不贵.,2 CP,,2 second_person,2 CP,,2 second_person,1 polar_question,3 base-generated wh/polar,1 polar_question,3 base-generated wh/polar,NA,NA,NA,NA,0 no negation,NA,0 no negation
2771,juede,/AcadLang/middle/037.cha,adult,"ADU: 你觉得苹果很好吃,对不对.",2 CP,,2 second_person,2 CP,,2 second_person,4 tag_question,0 declarative,4 tag_question,0 declarative,NA,NA,NA,NA,0 no negation,NA,0 no negation
2772,juede,/AcadLang/middle/038.cha,adult,ADU: 你觉得贵吗.,0 No,1 Adj,2 second_person,0 No,1 Adj,2 second_person,1 polar_question,0 declarative,1 polar_question,0 declarative,NA,NA,NA,NA,0 no negation,NA,0 no negation
2773,juede,/AcadLang/middle/039.cha,adult,ADU: 你觉得苹果贵不贵.,2 CP,,2 second_person,2 CP,,2 second_person,1 polar_question,3 base-generated wh/polar,1 polar_question,3 base-generated wh/polar,NA,NA,NA,NA,0 no negation,NA,0 no negation
2774,juede,/AcadLang/middle/040.cha,adult,ADU: 你觉得苹果贵不贵.,2 CP,,2 second_person,2 CP,,2 second_person,1 polar_question,3 base-generated wh/polar,1 polar_question,3 base-generated wh/polar,NA,NA,NA,NA,0 no negation,NA,0 no negation
2777,juede,/Chang1/14.cha,investigator,EXP: 这个小狮子啊就觉得这个大象好奇怪哦.,2 CP,,3 third/NP,2 CP,,3 third/NP,0 declarative,0 declarative,0 declarative,0 declarative,NA,NA,NA,NA,0 no negation,NA,0 no negation
2778,juede,/Chang2/Anecdote/02.cha,mother,MOT: 郝妈妈觉得怎么样子?,2 CP,,3 third/NP,2 CP,,4 self_reference,2 wh_question,3 base-generated wh/polar,2 wh_question,3 base-generated wh/polar,NA,NA,NA,NA,0 no negation,NA,0 no negation
2779,juede,/Chang2/Anecdote/02.cha,mother,MOT: 哦可是妈妈好像觉得不是这样哦.,2 CP,,4 self_reference,2 CP,,4 self_reference,0 declarative,0 declarative,0 declarative,0 declarative,NA,NA,NA,NA,0 no negation,NA,0 no negation
2780,juede,/Chang2/Anecdote/03.cha,mother,MOT: 你觉得婶婶家好玩不好玩?,2 CP,,2 second_person,2 CP,,2 second_person,1 polar_question,3 base-generated wh/polar,1 polar_question,3 base-generated wh/polar,NA,NA,NA,NA,0 no negation,NA,0 no negation
2782,juede,/Chang2/Anecdote/08.cha,mother,MOT: 你觉得好无聊.,0 No,1 Adj,2 second_person,0 No,1 Adj,2 second_person,0 declarative,0 declarative,0 declarative,0 declarative,NA,NA,NA,NA,0 no negation,NA,0 no negation
2783,juede,/Chang2/Anecdote/09.cha,mother,MOT: 你觉得好不好玩啊?,2 CP,,2 second_person,2 CP,,2 second_person,1 polar_question,3 base-generated wh/polar,1 polar_question,3 base-generated wh/polar,NA,NA,NA,NA,0 no negation,NA,0 no negation
2784,juede,/Chang2/Anecdote/11.cha,mother,MOT: 你觉得好吃不好吃?,2 CP,,2 second_person,2 CP,,2 second_person,1 polar_question,3 base-generated wh/polar,1 polar_question,3 base-generated wh/polar,NA,NA,NA,NA,0 no negation,NA,0 no negation
2785,juede,/Chang2/BookReading/03.cha,mother,"MOT: 嗳,你觉得他们有没有很漂亮[^c]?",2 CP,,2 second_person,2 CP,,2 second_person,1 polar_question,3 base-generated wh/polar,1 polar_question,3 base-generated wh/polar,NA,NA,NA,NA,0 no negation,NA,0 no negation
2786,juede,/Chang2/BookReading/06.cha,mother,MOT: 阿姨他们觉得好无聊哦[^c].,0 No,1 Adj,3 third/NP,0 No,1 Adj,3 third/NP,0 declarative,0 declarative,0 declarative,0 declarative,NA,NA,NA,NA,0 no negation,NA,0 no negation
2787,juede,/Chang2/BookReading/09.cha,mother,MOT: 那你觉得狗狗乖不乖[^c]?,2 CP,,2 second_person,2 CP,,2 second_person,1 polar_question,3 base-generated wh/polar,1 polar_question,3 base-generated wh/polar,NA,NA,NA,NA,0 no negation,NA,0 no negation
2788,juede,/Chang2/BookReading/09.cha,mother,MOT: 你觉得狗狗乖不乖[^c]?,2 CP,,2 second_person,2 CP,,2 second_person,1 polar_question,3 base-generated wh/polar,1 polar_question,3 base-generated wh/polar,NA,NA,NA,NA,0 no negation,NA,0 no negation
2789,juede,/Chang2/BookReading/14.cha,mother,"MOT: 哇,那小宝贝就喔跳[/]跳[/]跳觉得好舒服喔[^c].",0 No,1 Adj,0 dropped,0 No,1 Adj,0 dropped,0 declarative,0 declarative,0 declarative,0 declarative,NA,NA,NA,NA,0 no negation,NA,0 no negation
2934,juede,/BJCMC/0300_TB.cha,investigator,INV: 我觉得是狗.,2 CP,,1 first_person,2 CP,,1 first_person,NA,NA,0 declarative,0 declarative,NA,NA,0 declarative,0 declarative,0 no negation,NA,0 no negation
2935,juede,/BJCMC/0300_TB.cha,investigator,"INV: 嗯,我觉得这个&=points跑得更快.",2 CP,,1 first_person,2 CP,,1 first_person,NA,NA,0 declarative,0 declarative,NA,NA,0 declarative,0 declarative,0 no negation,NA,0 no negation
2936,juede,/BJCMC/0300_WW.cha,investigator,INV: 我也觉得它很漂亮.,2 CP,,1 first_person,2 CP,,1 first_person,NA,NA,0 declarative,0 declarative,NA,NA,0 declarative,0 declarative,0 no negation,NA,0 no negation
2937,juede,/BJCMC/0300_WW.cha,investigator,INV: 我觉得应该是姐姐.,2 CP,,1 first_person,2 CP,,1 first_person,NA,NA,0 declarative,0 declarative,NA,NA,0 declarative,0 declarative,0 no negation,NA,0 no negation
2938,juede,/BJCMC/0303_ZZ.cha,investigator,INV: 你觉得它应该放在哪里呀?,2 CP,,2 second_person,2 CP,,2 second_person,NA,NA,2 wh_question,3 base-generated wh/polar,NA,NA,2 wh_question,3 base-generated wh/polar,0 no negation,NA,0 no negation
2939,juede,/BJCMC/0306_NW.cha,investigator,"INV: 不像啊,哪儿不像,我觉得挺像的.",2 CP,,1 first_person,2 CP,,1 first_person,NA,NA,0 declarative,0 declarative,NA,NA,0 declarative,0 declarative,0 no negation,NA,0 no negation
2940,juede,/BJCMC/0309_YY.cha,investigator,INV: 我还是觉得这个最有意思&=moves:toy.,2 CP,,1 first_person,2 CP,,1 first_person,NA,NA,0 declarative,0 declarative,NA,NA,0 declarative,0 declarative,0 no negation,NA,0 no negation
2941,juede,/BJCMC/0400_XL.cha,investigator,INV: 你觉得它可怕吗?,2 CP,,2 second_person,2 CP,,2 second_person,NA,NA,1 polar_question,0 declarative,NA,NA,1 polar_question,0 declarative,0 no negation,NA,0 no negation
2942,juede,/BJCMC/0400_XL.cha,investigator,INV: 你觉得它迷路了吗?,2 CP,,2 second_person,2 CP,,2 second_person,NA,NA,1 polar_question,0 declarative,NA,NA,1 polar_question,0 declarative,0 no negation,NA,0 no negation
2943,juede,/BJCMC/0400_XL.cha,investigator,"INV: 嗯,我觉得它有一点像桌子,是桌子吗?",2 CP,,1 first_person,2 CP,,1 first_person,NA,NA,0 declarative,0 declarative,NA,NA,0 declarative,0 declarative,0 no negation,NA,0 no negation
2944,juede,/BJCMC/0400_XL.cha,investigator,INV: 我觉得这又是一个跳水的台子/.,2 CP,,1 first_person,2 CP,,1 first_person,NA,NA,0 declarative,0 declarative,NA,NA,0 declarative,0 declarative,0 no negation,NA,0 no negation
2945,juede,/BJCMC/0400_XL.cha,investigator,"INV: 这个,我觉得是一个[/]一个床.",2 CP,,1 first_person,2 CP,,1 first_person,NA,NA,0 declarative,0 declarative,NA,NA,0 declarative,0 declarative,0 no negation,NA,0 no negation
2946,juede,/BJCMC/0400_ZZ.cha,investigator,INV: 觉得羊肉有一股(.)奇怪的味道.,2 CP,,0 dropped,2 CP,,0 dropped,NA,NA,0 declarative,0 declarative,NA,NA,0 declarative,0 declarative,0 no negation,NA,0 no negation
2947,juede,/BJCMC/0400_ZZ.cha,investigator,INV: 你觉得好吃吗?,0 No,1 Adj,2 second_person,0 No,1 Adj,2 second_person,NA,NA,1 polar_question,3 base-generated wh/polar,NA,NA,1 polar_question,0 declarative,0 no negation,NA,0 no negation
2948,juede,/BJCMC/0403_AA.cha,investigator,"INV: 对,我也觉得很可爱.",0 No,1 Adj,1 first_person,0 No,1 Adj,1 first_person,NA,NA,0 declarative,0 declarative,NA,NA,0 declarative,0 declarative,0 no negation,NA,0 no negation
2949,juede,/BJCMC/0403_AA.cha,investigator,INV: 嗯现在我觉得你也可能.,2 CP,,1 first_person,2 CP,,1 first_person,NA,NA,0 declarative,0 declarative,NA,NA,0 declarative,0 declarative,0 no negation,NA,0 no negation
2950,juede,/BJCMC/0403_TT.cha,investigator,INV: 因为它觉得太重了.,0 No,1 Adj,3 third/NP,0 No,1 Adj,3 third/NP,NA,NA,0 declarative,0 declarative,NA,NA,0 declarative,0 declarative,0 no negation,NA,0 no negation
2951,juede,/BJCMC/0403_WW.cha,investigator,INV: 那你觉得他像什么?,2 CP,,2 second_person,2 CP,,2 second_person,NA,NA,2 wh_question,3 base-generated wh/polar,NA,NA,2 wh_question,3 base-generated wh/polar,0 no negation,NA,0 no negation
2952,juede,/BJCMC/0403_WW.cha,investigator,"INV: 啊,这个我觉得像一只小昆虫.",2 CP,,1 first_person,2 CP,,1 first_person,NA,NA,0 declarative,0 declarative,NA,NA,0 declarative,0 declarative,0 no negation,NA,0 no negation
2953,juede,/BJCMC/0403_WW.cha,investigator,INV: 那你觉得像什么?,2 CP,,2 second_person,2 CP,,2 second_person,NA,NA,2 wh_question,3 base-generated wh/polar,NA,NA,2 wh_question,3 base-generated wh/polar,0 no negation,NA,0 no negation
2954,juede,/BJCMC/0403_WW.cha,investigator,INV: 你一天只看一集你觉得够吗?,0 No,1 Adj,2 second_person,0 No,1 Adj,2 second_person,NA,NA,4 tag_question,0 declarative,NA,NA,1 polar_question,0 declarative,0 no negation,NA,0 no negation
2955,juede,/BJCMC/0403_WW.cha,investigator,INV: 我觉得<他像>[/]他像一个石头&=laughs.,2 CP,,1 first_person,2 CP,,1 first_person,NA,NA,0 declarative,0 declarative,NA,NA,0 declarative,0 declarative,0 no negation,NA,0 no negation
2956,juede,/BJCMC/0403_WW.cha,investigator,INV: 你觉得终极塞罗好看还是一般的塞罗好看?,2 CP,,2 second_person,2 CP,,2 second_person,NA,NA,1 polar_question,3 base-generated wh/polar,NA,NA,1 polar_question,3 base-generated wh/polar,0 no negation,NA,0 no negation
2957,juede,/BJCMC/0403_WW.cha,investigator,INV: <那你觉得他是最厉害的吗?,2 CP,,2 second_person,2 CP,,2 second_person,NA,NA,1 polar_question,0 declarative,NA,NA,1 polar_question,0 declarative,0 no negation,NA,0 no negation
2958,juede,/BJCMC/0403_WW.cha,investigator,"INV: 好,那你觉得你数对了吗?",2 CP,,2 second_person,2 CP,,2 second_person,NA,NA,1 polar_question,0 declarative,NA,NA,1 polar_question,0 declarative,0 no negation,NA,0 no negation
2959,juede,/BJCMC/0409_HH.cha,investigator,"INV: 对,我也觉得是这样.",2 CP,,1 first_person,2 CP,,1 first_person,NA,NA,0 declarative,0 declarative,NA,NA,0 declarative,0 declarative,0 no negation,NA,0 no negation
2960,juede,/BJCMC/0409_HH.cha,investigator,INV: 你觉得我画得好吗?,2 CP,,2 second_person,2 CP,,2 second_person,NA,NA,1 polar_question,0 declarative,NA,NA,1 polar_question,0 declarative,0 no negation,NA,0 no negation
2961,juede,/BJCMC/0500_BB.cha,investigator,INV: 你觉得拼这个容易吗?,2 CP,,2 second_person,2 CP,,2 second_person,NA,NA,1 polar_question,0 declarative,NA,NA,1 polar_question,0 declarative,0 no negation,NA,0 no negation
2962,juede,/BJCMC/0500_BB.cha,investigator,INV: 你觉得它会塌吗?,2 CP,,2 second_person,2 CP,,2 second_person,NA,NA,1 polar_question,0 declarative,NA,NA,1 polar_question,0 declarative,0 no negation,NA,0 no negation
2963,juede,/BJCMC/0500_BB.cha,investigator,INV: 你觉得它是一个什么呢?,2 CP,,2 second_person,2 CP,,2 second_person,NA,NA,2 wh_question,3 base-generated wh/polar,NA,NA,2 wh_question,3 base-generated wh/polar,0 no negation,NA,0 no negation
2964,juede,/BJCMC/0500_TT.cha,investigator,INV: 还有没有别的[/]别的<你觉得>[//]&-嗯最近看的?,0 No,0 No,2 second_person,2 CP,,2 second_person,NA,NA,1 polar_question,0 declarative,NA,NA,1 polar_question,3 base-generated wh/polar,0 no negation,NA,0 no negation
2965,juede,/BJCMC/0500_TT.cha,investigator,INV: 那你觉得晒黑了好看吗?,2 CP,,2 second_person,2 CP,,2 second_person,NA,NA,1 polar_question,0 declarative,NA,NA,1 polar_question,0 declarative,0 no negation,NA,0 no negation
2966,juede,/BJCMC/0500_TT.cha,investigator,INV: 你觉得哪个是夏天?,2 CP,,2 second_person,2 CP,,2 second_person,NA,NA,2 wh_question,3 base-generated wh/polar,NA,NA,2 wh_question,3 base-generated wh/polar,0 no negation,NA,0 no negation
2967,juede,/BJCMC/0500_TT.cha,investigator,INV: 那你觉得应该是什么颜色?,2 CP,,2 second_person,2 CP,,2 second_person,NA,NA,2 wh_question,3 base-generated wh/polar,NA,NA,2 wh_question,3 base-generated wh/polar,0 no negation,NA,0 no negation
2968,juede,/BJCMC/0500_TT.cha,investigator,"INV: 对,我也觉得,是吧?",0 No,0 No,1 first_person,0 No,0 No,1 first_person,NA,NA,4 tag_question,0 declarative,NA,NA,4 tag_question,0 declarative,0 no negation,NA,0 no negation
2969,juede,/BJCMC/0500_TT.cha,investigator,INV: 月亮[//]你觉得月亮[//]这[?]月亮讲的是什么?,2 CP,,2 second_person,2 CP,,2 second_person,NA,NA,2 wh_question,3 base-generated wh/polar,NA,NA,2 wh_question,2 wh_question,0 no negation,NA,0 no negation
2970,juede,/BJCMC/0500_TT.cha,investigator,"INV: 嗯,你觉得月球上面有生命吗?",2 CP,,2 second_person,2 CP,,2 second_person,NA,NA,1 polar_question,0 declarative,NA,NA,1 polar_question,0 declarative,0 no negation,NA,0 no negation
2971,juede,/BJCMC/0500_TT.cha,investigator,INV: 你觉得在月球上面能生活吗?,2 CP,,2 second_person,2 CP,,2 second_person,NA,NA,1 polar_question,0 declarative,NA,NA,1 polar_question,0 declarative,0 no negation,NA,0 no negation
2972,juede,/BJCMC/0503_DD.cha,investigator,INV: 我也觉得这个好看.,2 CP,,1 first_person,2 CP,,1 first_person,NA,NA,0 declarative,0 declarative,NA,NA,0 declarative,0 declarative,0 no negation,NA,0 no negation
2973,juede,/BJCMC/0503_LL.cha,investigator,INV: 你觉得我累不累?,2 CP,,2 second_person,2 CP,,2 second_person,NA,NA,1 polar_question,3 base-generated wh/polar,NA,NA,1 polar_question,3 base-generated wh/polar,0 no negation,NA,0 no negation
2974,juede,/BJCMC/0503_LL.cha,investigator,INV: 那你认识他你当然觉得简单&=laughs.,0 No,1 Adj,2 second_person,0 No,1 Adj,2 second_person,NA,NA,0 declarative,0 declarative,NA,NA,0 declarative,0 declarative,0 no negation,NA,0 no negation
2975,juede,/BJCMC/0503_LL.cha,investigator,INV: 我觉得你拼的是对的.,2 CP,,1 first_person,2 CP,,1 first_person,NA,NA,0 declarative,0 declarative,NA,NA,0 declarative,0 declarative,0 no negation,NA,0 no negation
2976,juede,/BJCMC/0506_DD.cha,investigator,INV: 那你觉得它为什么叫成功线?,2 CP,,2 second_person,2 CP,,2 second_person,NA,NA,3 how/why,3 base-generated wh/polar,NA,NA,3 how/why,3 base-generated wh/polar,0 no negation,NA,0 no negation
2977,juede,/BJCMC/0506_HH.cha,investigator,"INV: 上午还觉得有什么好玩的吗,你觉得?",2 CP,,0 dropped,2 CP,,0 dropped,NA,NA,1 polar_question,0 declarative,NA,NA,1 polar_question,2 wh_question,0 no negation,NA,0 no negation
2977_b,juede,/BJCMC/0506_HH.cha,investigator,"INV: 上午还觉得有什么好玩的吗,你觉得?",0 No,0 No,2 second_person,0 No,0 No,2 second_person,NA,NA,4 tag_question,1 polar_question,NA,NA,NA,NA,0 no negation,NA,0 no negation
2978,juede,/BJCMC/0506_HH.cha,investigator,INV: 不用动的你觉得好听吗?,0 No,1 Adj,2 second_person,0 No,1 Adj,2 second_person,NA,NA,1 polar_question,0 declarative,NA,NA,1 polar_question,0 declarative,0 no negation,NA,0 no negation
2979,juede,/BJCMC/0506_HH.cha,investigator,INV: 那你觉得&-嗯钢琴老师喜欢吗?,0 No,0 No,2 second_person,2 CP,,2 second_person,NA,NA,1 polar_question,0 declarative,NA,NA,1 polar_question,0 declarative,0 no negation,NA,0 no negation
2980,juede,/BJCMC/0506_HH.cha,investigator,INV: 你觉得是菜吗?,2 CP,,2 second_person,2 CP,,2 second_person,NA,NA,1 polar_question,0 declarative,NA,NA,1 polar_question,0 declarative,0 no negation,NA,0 no negation
2981,juede,/BJCMC/0506_HH.cha,investigator,INV: 我觉得可能是抓拍吧.,2 CP,,1 first_person,2 CP,,1 first_person,NA,NA,0 declarative,0 declarative,NA,NA,0 declarative,0 declarative,0 no negation,NA,0 no negation
2982,juede,/BJCMC/0506_XZZ.cha,investigator,INV: 你觉得呢?,0 No,0 No,2 second_person,0 No,0 No,2 second_person,NA,NA,1 polar_question,,NA,NA,1 polar_question,,0 no negation,NA,0 no negation
2983,juede,/BJCMC/0509_SQ.cha,investigator,INV: 那我觉得是不是这个呀.,2 CP,,1 first_person,2 CP,,1 first_person,NA,NA,0 declarative,1 polar_question,NA,NA,1 polar_question,3 base-generated wh/polar,0 no negation,NA,0 no negation
2984,juede,/BJCMC/0509_SQ.cha,investigator,"INV: 哎,这个是铠甲&=points:book,我觉得这个肯定是羊巴斯丁.",2 CP,,1 first_person,2 CP,,1 first_person,NA,NA,0 declarative,0 declarative,NA,NA,0 declarative,0 declarative,0 no negation,NA,0 no negation
2985,juede,/BJCMC/0509_SQ.cha,investigator,INV: 我觉得是羊柳先生&=points:book.,2 CP,,1 first_person,2 CP,,1 first_person,NA,NA,0 declarative,0 declarative,NA,NA,0 declarative,0 declarative,0 no negation,NA,0 no negation
2986,juede,/BJCMC/0509_SQ.cha,investigator,INV: 我觉得是羊柳先生&=points:book.,2 CP,,1 first_person,2 CP,,1 first_person,NA,NA,0 declarative,0 declarative,NA,NA,0 declarative,0 declarative,0 no negation,NA,0 no negation
2987,juede,/BJCMC/0509_SQ.cha,investigator,INV: 我觉得他是不是&=points:book?,2 CP,,1 first_person,2 CP,,1 first_person,NA,NA,1 polar_question,3 base-generated wh/polar,NA,NA,1 polar_question,,0 no negation,NA,0 no negation
2988,juede,/BJCMC/0509_ZC.cha,investigator,INV: 我觉得可能监控人好.,2 CP,,1 first_person,2 CP,,1 first_person,NA,NA,0 declarative,0 declarative,NA,NA,0 declarative,0 declarative,0 no negation,NA,0 no negation
2989,juede,/BJCMC/0509_ZC.cha,investigator,"INV: 我猜的,我没玩儿过,你觉得呢?",0 No,0 No,2 second_person,0 No,0 No,2 second_person,NA,NA,4 tag_question,0 declarative,NA,NA,1 polar_question,,0 no negation,NA,0 no negation
2990,juede,/BJCMC/0509_ZC.cha,investigator,"INV: <噢,不觉得好玩儿了.",0 No,1 Adj,0 dropped,0 No,1 Adj,0 dropped,NA,NA,0 declarative,0 declarative,NA,NA,0 declarative,0 declarative,2 不,NA,2 不
2991,juede,/BJCMC/0509_ZC.cha,investigator,INV: 你觉得爸爸那些游戏不好玩儿.,2 CP,,2 second_person,2 CP,,2 second_person,NA,NA,0 declarative,0 declarative,NA,NA,0 declarative,0 declarative,0 no negation,NA,0 no negation
2992,juede,/BJCMC/0509_ZC.cha,investigator,INV: 嗯你觉得学校的饭好吃吗?,2 CP,,2 second_person,2 CP,,2 second_person,NA,NA,1 polar_question,0 declarative,NA,NA,1 polar_question,0 declarative,0 no negation,NA,0 no negation
2993,juede,/BJCMC/0600_MD.cha,investigator,"INV: 滑轮滑,&-嗯,难吗,你觉得.",0 No,0 No,2 second_person,0 No,0 No,2 second_person,NA,NA,4 tag_question,1 polar_question,NA,NA,1 polar_question,0 declarative,0 no negation,NA,0 no negation
2994,juede,/BJCMC/0600_MM.cha,investigator,"INV: <我觉得小猪佩奇肯定拿不到,因为...",2 CP,,1 first_person,2 CP,,1 first_person,NA,NA,0 declarative,0 declarative,NA,NA,0 declarative,0 declarative,0 no negation,NA,0 no negation
2995,juede,/BJCMC/0603_RY.cha,investigator,INV: 那你觉得你画得好还是他们画得好.,2 CP,,2 second_person,2 CP,,2 second_person,NA,NA,1 polar_question,3 base-generated wh/polar,NA,NA,1 polar_question,3 base-generated wh/polar,0 no negation,NA,0 no negation
2996,juede,/BJCMC/0603_RY.cha,investigator,"INV: 对,我也觉得蝴蝶好好看.",2 CP,,1 first_person,2 CP,,1 first_person,NA,NA,0 declarative,0 declarative,NA,NA,0 declarative,0 declarative,0 no negation,NA,0 no negation
2997,juede,/BJCMC/0603_RY.cha,investigator,"INV: 那到时候,你的家人,你觉得他们谁玩的好?",2 CP,,2 second_person,2 CP,,2 second_person,NA,NA,2 wh_question,3 base-generated wh/polar,NA,NA,2 wh_question,3 base-generated wh/polar,0 no negation,NA,0 no negation
2998,juede,/BJCMC/0603_XG.cha,investigator,INV: 只要我对[//]我觉得不对米饭过敏都还好&=laughs.,2 CP,,1 first_person,2 CP,,1 first_person,NA,NA,0 declarative,0 declarative,NA,NA,0 declarative,0 declarative,0 no negation,NA,0 no negation
2999,juede,/BJCMC/0603_XG.cha,investigator,INV: 我觉得小学中学都应该睡午觉.,2 CP,,1 first_person,2 CP,,1 first_person,NA,NA,0 declarative,0 declarative,NA,NA,0 declarative,0 declarative,0 no negation,NA,0 no negation
3000,juede,/BJCMC/0603_XX.cha,investigator,INV: 我觉得不对.,0 No,1 Adj,1 first_person,0 No,1 Adj,3 third/NP,NA,NA,0 declarative,0 declarative,NA,NA,0 declarative,0 declarative,0 no negation,NA,0 no negation
3001,juede,/BJCMC/0606_LL.cha,investigator,"INV: 那,哪个游起来你觉得轻松一点?",0 No,1 Adj,2 second_person,0 No,1 Adj,2 second_person,NA,NA,2 wh_question,0 declarative,NA,NA,2 wh_question,3 base-generated wh/polar,0 no negation,NA,0 no negation
3002,juede,/BJCMC/0606_LL.cha,investigator,"INV: 我觉得是因为不用换衣服,比较方便&=laughs.",2 CP,,1 first_person,2 CP,,1 first_person,NA,NA,0 declarative,0 declarative,NA,NA,0 declarative,0 declarative,0 no negation,NA,0 no negation
3003,juede,/BJCMC/0606_LL.cha,investigator,INV: 你觉得哪种你更喜欢.,2 CP,,2 second_person,2 CP,,2 second_person,NA,NA,2 wh_question,3 base-generated wh/polar,NA,NA,2 wh_question,3 base-generated wh/polar,0 no negation,NA,0 no negation
3004,juede,/BJCMC/0606_LL.cha,investigator,INV: 我觉得你们应该会骑自行车出去玩儿.,2 CP,,1 first_person,2 CP,,1 first_person,NA,NA,0 declarative,0 declarative,NA,NA,0 declarative,0 declarative,0 no negation,NA,0 no negation
3005,juede,/BJCMC/0609_GG.cha,investigator,INV: 有没有什么你觉得特别好看的(.)可以给我讲讲?,0 No,1 Adj,2 second_person,2 CP,,2 second_person,NA,NA,1 polar_question,0 declarative,NA,NA,1 polar_question,0 declarative,0 no negation,NA,0 no negation
3087,juede,/NSCtoys/3-6/c12_1.cha,mother,MOT: 你可能是因為睡覺睡太少了覺得累累的.,0 No,1 Adj,0 dropped,2 CP,,0 dropped,NA,NA,0 declarative,0 declarative,NA,NA,0 declarative,0 declarative,0 no negation,NA,0 no negation
3088,juede,/NSCtoys/3-6/c12_1.cha,mother,MOT: <小豬>[//]你覺得小豬需要打針嗎?,2 CP,,2 second_person,2 CP,,2 second_person,NA,NA,1 polar_question,0 declarative,NA,NA,1 polar_question,0 declarative,0 no negation,NA,0 no negation
3089,juede,/NSCtoys/3-6/c12_1.cha,mother,MOT: 你覺得小豬需要什麼治療?,2 CP,,2 second_person,2 CP,,2 second_person,NA,NA,2 wh_question,3 base-generated wh/polar,NA,NA,2 wh_question,3 base-generated wh/polar,0 no negation,NA,0 no negation
3090,juede,/NSCtoys/3-6/c12_2.cha,mother,MOT: 你覺得像機器人.,2 CP,,2 second_person,2 CP,,2 second_person,NA,NA,0 declarative,0 declarative,NA,NA,0 declarative,0 declarative,0 no negation,NA,0 no negation
3091,juede,/NSCtoys/3-6/c12_3.cha,mother,MOT: 如果覺得這個很難就先放在旁邊.,2 CP,,0 dropped,2 CP,,0 dropped,NA,NA,0 declarative,0 declarative,NA,NA,0 declarative,0 declarative,0 no negation,NA,0 no negation
3092,juede,/NSCtoys/3-6/c14_3.cha,mother,MOT: 你覺得是嗎?,2 CP,,2 second_person,2 CP,,2 second_person,NA,NA,1 polar_question,0 declarative,NA,NA,1 polar_question,0 declarative,0 no negation,NA,0 no negation
3093,juede,/NSCtoys/3-6/c15_1.cha,mother,MOT: 你覺得怎麼辦?,2 CP,,2 second_person,2 CP,,2 second_person,NA,NA,2 wh_question,3 base-generated wh/polar,NA,NA,2 wh_question,3 base-generated wh/polar,0 no negation,NA,0 no negation
3094,juede,/NSCtoys/3-6/c15_1.cha,mother,MOT: 你覺得咧?,0 No,0 No,2 second_person,0 No,0 No,2 second_person,NA,NA,1 polar_question,,NA,NA,1 polar_question,,0 no negation,NA,0 no negation
3095,juede,/NSCtoys/3-6/c15_2.cha,mother,"MOT: ""你今天覺得身體怎麼樣?",2 CP,,2 second_person,2 CP,,2 second_person,NA,NA,2 wh_question,3 base-generated wh/polar,NA,NA,2 wh_question,3 base-generated wh/polar,0 no negation,NA,0 no negation
3096,juede,/NSCtoys/3-6/c15_3.cha,mother,MOT: 我覺得(.)怪怪的.,0 No,1 Adj,1 first_person,2 CP,,1 first_person,NA,NA,0 declarative,0 declarative,NA,NA,0 declarative,0 declarative,0 no negation,NA,0 no negation
3097,juede,/NSCtoys/3-6/c17_1.cha,mother,MOT: 媽媽覺得好像是一個狗狗的窩.,2 CP,,4 self_reference,2 CP,,4 self_reference,NA,NA,0 declarative,0 declarative,NA,NA,0 declarative,0 declarative,0 no negation,NA,0 no negation
3098,juede,/NSCtoys/3-6/c18_1.cha,mother,"MOT: ""你覺得我有需要嗎?",2 CP,,2 second_person,2 CP,,2 second_person,NA,NA,1 polar_question,0 declarative,NA,NA,1 polar_question,0 declarative,0 no negation,NA,0 no negation
3099,juede,/NSCtoys/3-6/c18_2.cha,mother,MOT: 你覺得有辦法嗎?,2 CP,,2 second_person,2 CP,,2 second_person,NA,NA,1 polar_question,0 declarative,NA,NA,1 polar_question,0 declarative,0 no negation,NA,0 no negation
3100,juede,/NSCtoys/3-6/c18_2.cha,mother,MOT: 有沒有覺得很刺激?,0 No,1 Adj,0 dropped,0 No,1 Adj,0 dropped,NA,NA,1 polar_question,0 declarative,NA,NA,1 polar_question,3 base-generated wh/polar,0 no negation,NA,0 no negation
3101,juede,/NSCtoys/3-6/c18_2.cha,mother,"MOT: ,你覺得還可以放哪裡?",2 CP,,2 second_person,2 CP,,2 second_person,NA,NA,2 wh_question,3 base-generated wh/polar,NA,NA,2 wh_question,3 base-generated wh/polar,0 no negation,NA,0 no negation
3102,juede,/NSCtoys/3-6/c18_2.cha,mother,MOT: 你覺得還可以放哪?,2 CP,,2 second_person,2 CP,,2 second_person,NA,NA,2 wh_question,3 base-generated wh/polar,NA,NA,2 wh_question,3 base-generated wh/polar,0 no negation,NA,0 no negation
3103,juede,/NSCtoys/3-6/c18_2.cha,mother,MOT: 這樣子你覺得比較安全是不是?,0 No,1 Adj,2 second_person,0 No,1 Adj,2 second_person,NA,NA,4 tag_question,0 declarative,NA,NA,4 tag_question,0 declarative,0 no negation,NA,0 no negation
3104,juede,/NSCtoys/3-6/c18_2.cha,mother,MOT: 那你覺得/.,0 No,0 No,2 second_person,0 No,0 No,2 second_person,NA,NA,0 declarative,,NA,NA,0 declarative,,0 no negation,NA,0 no negation
3105,juede,/NSCtoys/3-6/c18_2.cha,mother,MOT: 為什麼你覺得他很好?,2 CP,,2 second_person,2 CP,,2 second_person,NA,NA,3 how/why,0 declarative,NA,NA,3 how/why,0 declarative,0 no negation,NA,0 no negation
3106,juede,/NSCtoys/3-6/c18_2.cha,mother,MOT: 喔你覺得你自己排得很整齊是不是?,2 CP,,2 second_person,2 CP,,2 second_person,NA,NA,4 tag_question,0 declarative,NA,NA,4 tag_question,0 declarative,0 no negation,NA,0 no negation
3107,juede,/NSCtoys/3-6/c18_2.cha,mother,MOT: 可是我覺得還好沒有很整齊耶.,2 CP,,1 first_person,0 No,1 Adj,2 second_person,NA,NA,0 declarative,0 declarative,NA,NA,0 declarative,0 declarative,0 no negation,NA,0 no negation
3108,juede,/NSCtoys/3-6/c18_3.cha,mother,MOT: 你覺得那樣對嗎?,2 CP,,2 second_person,2 CP,,2 second_person,NA,NA,4 tag_question,0 declarative,NA,NA,1 polar_question,0 declarative,0 no negation,NA,0 no negation
3109,juede,/NSCtoys/3-6/c18_3.cha,mother,MOT: 那你覺得這邊像哪裡?,2 CP,,2 second_person,2 CP,,2 second_person,NA,NA,2 wh_question,3 base-generated wh/polar,NA,NA,2 wh_question,3 base-generated wh/polar,0 no negation,NA,0 no negation
3110,juede,/NSCtoys/3-6/c18_3.cha,mother,MOT: 這平平的你覺得應該在哪?,2 CP,,2 second_person,2 CP,,2 second_person,NA,NA,2 wh_question,3 base-generated wh/polar,NA,NA,2 wh_question,3 base-generated wh/polar,0 no negation,NA,0 no negation
3111,juede,/NSCtoys/3-6/c18_3.cha,mother,MOT: 那你覺得這個咧?,0 No,2 NP,2 second_person,0 No,2 NP,2 second_person,NA,NA,1 polar_question,0 declarative,NA,NA,2 wh_question,3 base-generated wh/polar,0 no negation,NA,0 no negation
3112,juede,/NSCtoys/3-6/c18_3.cha,mother,MOT: 所以你覺得應該是這樣嗎?,2 CP,,2 second_person,2 CP,,2 second_person,NA,NA,1 polar_question,0 declarative,NA,NA,1 polar_question,0 declarative,0 no negation,NA,0 no negation
3113,juede,/NSCtoys/3-6/c18_3.cha,mother,MOT: 你覺得這樣子咧?,2 CP,,2 second_person,0 No,2 NP,2 second_person,NA,NA,1 polar_question,0 declarative,NA,NA,2 wh_question,3 base-generated wh/polar,0 no negation,NA,0 no negation
3114,juede,/NSCtoys/3-6/c19_2.cha,father,FAT: 你覺得這支是什麽?,2 CP,,2 second_person,2 CP,,2 second_person,NA,NA,2 wh_question,3 base-generated wh/polar,NA,NA,2 wh_question,3 base-generated wh/polar,0 no negation,NA,0 no negation
3115,juede,/NSCtoys/3-6/c19_2.cha,father,FAT: 你覺得這刀子要做什麽?,2 CP,,2 second_person,2 CP,,2 second_person,NA,NA,2 wh_question,3 base-generated wh/polar,NA,NA,2 wh_question,3 base-generated wh/polar,0 no negation,NA,0 no negation
3116,juede,/NSCtoys/3-6/c19_3.cha,father,FAT: 你覺得是哪裡?,2 CP,,2 second_person,2 CP,,2 second_person,NA,NA,2 wh_question,3 base-generated wh/polar,NA,NA,2 wh_question,3 base-generated wh/polar,0 no negation,NA,0 no negation
3117,juede,/NSCtoys/3-6/c19_3.cha,father,FAT: 我覺得可能在這裡.,2 CP,,1 first_person,2 CP,,1 first_person,NA,NA,0 declarative,0 declarative,NA,NA,0 declarative,0 declarative,0 no negation,NA,0 no negation
3118,juede,/NSCtoys/3-6/c19_3.cha,father,FAT: <看他覺得>[//]<他是在>[//]他是鳥的哪邊?,0 No,0 No,3 third/NP,2 CP,,3 third/NP,NA,NA,2 wh_question,3 base-generated wh/polar,NA,NA,1 polar_question,0 declarative,0 no negation,NA,0 no negation
3119,juede,/NSCtoys/3-6/c19_3.cha,father,FAT: 所以他大象的眼睛你覺得是在哪裡?,2 CP,,2 second_person,2 CP,,2 second_person,NA,NA,2 wh_question,3 base-generated wh/polar,NA,NA,2 wh_question,3 base-generated wh/polar,0 no negation,NA,0 no negation
3120,juede,/NSCtoys/3-6/c20_1.cha,mother,MOT: 因為我覺得你呼吸不好.,2 CP,,1 first_person,2 CP,,1 first_person,NA,NA,0 declarative,0 declarative,NA,NA,0 declarative,0 declarative,0 no negation,NA,0 no negation
3121,juede,/NSCtoys/5/b09_2.cha,mother,MOT: 擦完會覺得涼涼的對不對?,0 No,1 Adj,0 dropped,0 No,1 Adj,0 dropped,NA,NA,4 tag_question,0 declarative,NA,NA,4 tag_question,0 declarative,0 no negation,NA,0 no negation
3122,juede,/NSCtoys/5/b10_2.cha,mother,MOT: 你覺得是什麼東西?,2 CP,,2 second_person,2 CP,,2 second_person,NA,NA,2 wh_question,3 base-generated wh/polar,NA,NA,2 wh_question,3 base-generated wh/polar,0 no negation,NA,0 no negation
3123,juede,/NSCtoys/5/b10_2.cha,mother,MOT: 你覺得他像一隻企鵝嗎?,2 CP,,2 second_person,2 CP,,2 second_person,NA,NA,1 polar_question,0 declarative,NA,NA,1 polar_question,0 declarative,0 no negation,NA,0 no negation
3124,juede,/NSCtoys/5/b11_1.cha,mother,MOT: 你覺得很像是他對不對?,2 CP,,2 second_person,2 CP,,2 second_person,NA,NA,4 tag_question,0 declarative,NA,NA,4 tag_question,0 declarative,0 no negation,NA,0 no negation
3125,juede,/NSCtoys/5/b11_2.cha,mother,MOT: 嗯(.)我覺得你看起來藍藍又紅紅.,2 CP,,1 first_person,2 CP,,1 first_person,NA,NA,0 declarative,0 declarative,NA,NA,0 declarative,0 declarative,0 no negation,NA,0 no negation
3126,juede,/NSCtoys/5/b11_2.cha,mother,MOT: 我覺得你有一邊是藍色一邊是紅色.,2 CP,,1 first_person,2 CP,,1 first_person,NA,NA,0 declarative,0 declarative,NA,NA,0 declarative,0 declarative,0 no negation,NA,0 no negation
3127,juede,/NSCtoys/5/b13_1.cha,mother,MOT: 因為我覺得你拼的機器人最xxx.,2 CP,,1 first_person,0 No,3 Incomplete,1 first_person,NA,NA,0 declarative,0 declarative,NA,NA,0 declarative,0 declarative,0 no negation,NA,0 no negation
3128,juede,/NSCtoys/5/b21_2.cha,mother,MOT: 那你覺得我們是什麼醫生?,2 CP,,2 second_person,2 CP,,2 second_person,NA,NA,2 wh_question,3 base-generated wh/polar,NA,NA,2 wh_question,3 base-generated wh/polar,0 no negation,NA,0 no negation
3129,juede,/NSCtoys/5/b21_3.cha,mother,MOT: 你覺得他看起來像女生.,2 CP,,2 second_person,2 CP,,2 second_person,NA,NA,0 declarative,0 declarative,NA,NA,0 declarative,0 declarative,0 no negation,NA,0 no negation
3130,juede,/NSCtoys/5/b30_2.cha,mother,MOT: 我覺得他會倒.,2 CP,,1 first_person,2 CP,,1 first_person,NA,NA,0 declarative,0 declarative,NA,NA,0 declarative,0 declarative,0 no negation,NA,0 no negation
3131,juede,/NSCtoys/5/b34_3.cha,mother,MOT: 我覺得啊.,0 No,0 No,1 first_person,0 No,0 No,1 first_person,NA,NA,0 declarative,,NA,NA,0 declarative,0 declarative,0 no negation,NA,0 no negation
3132,juede,/NSCtoys/5/b34_3.cha,mother,MOT: 我覺得好像...,0 No,3 Incomplete,1 first_person,0 No,3 Incomplete,1 first_person,NA,NA,0 declarative,,NA,NA,0 declarative,0 declarative,0 no negation,NA,0 no negation
3133,juede,/NSCtoys/5/b34_3.cha,mother,MOT: 我覺得他跟他的顏色很像.,2 CP,,1 first_person,2 CP,,1 first_person,NA,NA,0 declarative,0 declarative,NA,NA,0 declarative,0 declarative,0 no negation,NA,0 no negation
3134,juede,/NSCtoys/5/b34_3.cha,mother,MOT: 我覺得是那一個耶.,2 CP,,1 first_person,2 CP,,1 first_person,NA,NA,0 declarative,0 declarative,NA,NA,0 declarative,0 declarative,0 no negation,NA,0 no negation
3135,juede,/NSCtoys/5/b34_3.cha,mother,MOT: 但是媽咪覺得可能要在邊邊.,2 CP,,4 self_reference,2 CP,,4 self_reference,NA,NA,0 declarative,0 declarative,NA,NA,0 declarative,0 declarative,0 no negation,NA,0 no negation
3136,juede,/NSCtoys/5/b34_3.cha,mother,MOT: 這樣你覺得呢?,0 No,0 No,2 second_person,0 No,0 No,2 second_person,NA,NA,1 polar_question,0 declarative,NA,NA,1 polar_question,0 declarative,0 no negation,NA,0 no negation
3137,juede,/NSCtoys/5/b34_3.cha,mother,MOT: 我覺得他好像是...,2 CP,,1 first_person,0 No,3 Incomplete,1 first_person,NA,NA,0 declarative,0 declarative,NA,NA,0 declarative,0 declarative,0 no negation,NA,0 no negation
3138,juede,/NSCtoys/5/b35_2.cha,mother,MOT: 你覺得?,0 No,0 No,2 second_person,0 No,0 No,2 second_person,NA,NA,1 polar_question,,NA,NA,1 polar_question,,0 no negation,NA,0 no negation
3139,juede,/NSCtoys/5/b35_3.cha,mother,MOT: 那你覺得他要放哪裡?,2 CP,,2 second_person,2 CP,,2 second_person,NA,NA,2 wh_question,3 base-generated wh/polar,NA,NA,2 wh_question,3 base-generated wh/polar,0 no negation,NA,0 no negation
3140,juede,/NSCtoys/5/b35_3.cha,mother,MOT: xxx那你覺得這個要放哪裡?,2 CP,,2 second_person,2 CP,,2 second_person,NA,NA,2 wh_question,3 base-generated wh/polar,NA,NA,2 wh_question,3 base-generated wh/polar,0 no negation,NA,0 no negation
3141,juede,/NSCtoys/5/b35_3.cha,mother,MOT: 你覺得他要放哪裡?,2 CP,,2 second_person,2 CP,,2 second_person,NA,NA,2 wh_question,3 base-generated wh/polar,NA,NA,2 wh_question,3 base-generated wh/polar,0 no negation,NA,0 no negation
3142,juede,/NSCtoys/5/b35_3.cha,mother,MOT: 那你覺得他要放哪?,2 CP,,2 second_person,2 CP,,2 second_person,NA,NA,2 wh_question,3 base-generated wh/polar,NA,NA,2 wh_question,3 base-generated wh/polar,0 no negation,NA,0 no negation
3143,juede,/NSCtoys/5/b35_3.cha,mother,MOT: 你覺得是什麼?,2 CP,,2 second_person,2 CP,,2 second_person,NA,NA,2 wh_question,3 base-generated wh/polar,NA,NA,2 wh_question,3 base-generated wh/polar,0 no negation,NA,0 no negation
3144,juede,/NSCtoys/5/b35_3.cha,mother,MOT: 你覺得?,0 No,0 No,2 second_person,0 No,0 No,2 second_person,NA,NA,1 polar_question,,NA,NA,1 polar_question,,0 no negation,NA,0 no negation
3145,juede,/NSCtoys/5/b36_1.cha,mother,MOT: 我覺得...,0 No,0 No,1 first_person,0 No,0 No,1 first_person,NA,NA,0 declarative,,NA,NA,0 declarative,,0 no negation,NA,0 no negation
3146,juede,/NSCtoys/5/b36_1.cha,mother,MOT: 你覺得要打一針喔?,2 CP,,2 second_person,2 CP,,2 second_person,NA,NA,1 polar_question,0 declarative,NA,NA,1 polar_question,0 declarative,0 no negation,NA,0 no negation
3147,juede,/NSCtoys/5/b36_1.cha,mother,MOT: 我覺得好可怕.,0 No,1 Adj,1 first_person,0 No,1 Adj,1 first_person,NA,NA,0 declarative,0 declarative,NA,NA,0 declarative,0 declarative,0 no negation,NA,0 no negation
3148,juede,/NSCtoys/5/b36_1.cha,mother,MOT: 你是覺得肚子餓了嗎?,2 CP,,2 second_person,2 CP,,2 second_person,NA,NA,1 polar_question,0 declarative,NA,NA,1 polar_question,0 declarative,0 no negation,NA,0 no negation
3149,juede,/NSCtoys/5/b36_2.cha,mother,MOT: 我也覺得.,0 No,0 No,1 first_person,0 No,0 No,1 first_person,NA,NA,0 declarative,,NA,NA,0 declarative,0 declarative,0 no negation,NA,0 no negation
3150,juede,/NSCtoys/5/b36_2.cha,mother,MOT: 可是怎麼覺得這個好像<收回去不>[=收不回去]?,2 CP,,0 dropped,2 CP,,0 dropped,NA,NA,3 how/why,0 declarative,NA,NA,3 how/why,0 declarative,0 no negation,NA,0 no negation
3151,juede,/NSCtoys/5/b36_3.cha,mother,MOT: 你剛剛不是拼了一個我覺得還不錯啊?,0 No,1 Adj,1 first_person,0 No,1 Adj,1 first_person,NA,NA,1 polar_question,0 declarative,NA,NA,1 polar_question,0 declarative,0 no negation,NA,0 no negation
3152,juede,/NSCtoys/5/b36_3.cha,mother,MOT: 怎麼覺得這是長頸鹿還是什麼.,2 CP,,0 dropped,2 CP,,0 dropped,NA,NA,3 how/why,0 declarative,NA,NA,3 how/why,1 polar_question,0 no negation,NA,0 no negation
3153,juede,/NSCtoys/5/b36_3.cha,mother,MOT: 我也覺得耶.,0 No,0 No,1 first_person,0 No,0 No,1 first_person,NA,NA,0 declarative,,NA,NA,0 declarative,,0 no negation,NA,0 no negation
3154,juede,/NSCtoys/5/b36_3.cha,mother,MOT: 你為什麼會覺得nonono?,0 No,0 No,2 second_person,0 No,0 No,2 second_person,NA,NA,3 how/why,,NA,NA,3 how/why,0 declarative,0 no negation,NA,0 no negation
3155,juede,/NSCtoys/5/b36_3.cha,mother,MOT: 我覺得像.,2 CP,,1 first_person,2 CP,,1 first_person,NA,NA,0 declarative,0 declarative,NA,NA,0 declarative,,0 no negation,NA,0 no negation
3156,juede,/NSCtoys/5/b40_3.cha,father,FAT: 你覺得這一隻是什麼?,2 CP,,2 second_person,2 CP,,2 second_person,NA,NA,2 wh_question,3 base-generated wh/polar,NA,NA,2 wh_question,3 base-generated wh/polar,0 no negation,NA,0 no negation
3157,juede,/NSCtoys/5/b41_1.cha,mother,MOT: 我覺得有一點危險.,0 No,1 Adj,1 first_person,0 No,1 Adj,1 first_person,NA,NA,0 declarative,0 declarative,NA,NA,0 declarative,0 declarative,0 no negation,NA,0 no negation
3158,juede,/NSCtoys/5/b41_3.cha,mother,MOT: 怎麽覺得不太...,0 No,3 Incomplete,0 dropped,0 No,3 Incomplete,0 dropped,NA,NA,3 how/why,0 declarative,NA,NA,3 how/why,0 declarative,0 no negation,NA,0 no negation
3159,juede,/NSCtoys/5/b41_3.cha,mother,MOT: <我覺得>[<]不是.,2 CP,,1 first_person,2 CP,,1 first_person,NA,NA,0 declarative,0 declarative,NA,NA,0 declarative,0 declarative,0 no negation,NA,0 no negation
3160,juede,/NSCtoys/5/b42_2.cha,mother,MOT: 那你覺得哪個城堡<最漂>[//]最厲害?,2 CP,,2 second_person,2 CP,,2 second_person,NA,NA,2 wh_question,3 base-generated wh/polar,NA,NA,3 how/why,3 base-generated wh/polar,0 no negation,NA,0 no negation
3161,juede,/NSCtoys/5/b42_2.cha,mother,MOT: 我覺得你的最厲害.,2 CP,,1 first_person,2 CP,,1 first_person,NA,NA,0 declarative,0 declarative,NA,NA,0 declarative,0 declarative,0 no negation,NA,0 no negation
3162,juede,/NSCtoys/5/b42_2.cha,mother,MOT: 可是我覺得剛剛那樣就很厲害了耶.,2 CP,,1 first_person,2 CP,,1 first_person,NA,NA,0 declarative,0 declarative,NA,NA,0 declarative,0 declarative,0 no negation,NA,0 no negation
3163,juede,/NSCtoys/5/b42_2.cha,mother,MOT: <那你>[//]我覺得你把他擺好擺好...,2 CP,,1 first_person,0 No,3 Incomplete,1 first_person,NA,NA,0 declarative,0 declarative,NA,NA,0 declarative,0 declarative,0 no negation,NA,0 no negation
3164,juede,/NSCtoys/5/b42_3.cha,mother,MOT: <那你>[//]那我覺得是不是先把他翻過來全部翻過來看看.,2 CP,,1 first_person,2 CP,,1 first_person,NA,NA,0 declarative,1 polar_question,NA,NA,1 polar_question,0 declarative,0 no negation,NA,0 no negation
3165,juede,/NSCtoys/5/b42_3.cha,mother,MOT: 你覺得這是他哪裡?,2 CP,,2 second_person,2 CP,,2 second_person,NA,NA,2 wh_question,3 base-generated wh/polar,NA,NA,2 wh_question,3 base-generated wh/polar,0 no negation,NA,0 no negation
3166,juede,/NSCtoys/5/b42_3.cha,mother,MOT: 那你覺得這樣子呢?,2 CP,,2 second_person,0 No,2 NP,2 second_person,NA,NA,1 polar_question,0 declarative,NA,NA,1 polar_question,0 declarative,0 no negation,NA,0 no negation
3167,juede,/NSCtoys/5/b42_3.cha,mother,MOT: Chi你覺得這樣子可以嗎?,2 CP,,2 second_person,2 CP,,2 second_person,NA,NA,1 polar_question,0 declarative,NA,NA,1 polar_question,0 declarative,0 no negation,NA,0 no negation
3168,juede,/NSCtoys/5-6_2/b03_1.cha,father,FAT: 那你覺得我要蓋什麼?,2 CP,,2 second_person,2 CP,,2 second_person,NA,NA,2 wh_question,3 base-generated wh/polar,NA,NA,2 wh_question,3 base-generated wh/polar,0 no negation,NA,0 no negation
3169,juede,/NSCtoys/5-6_2/b03_3.cha,father,FAT: 你覺得是嗎?,2 CP,,2 second_person,2 CP,,2 second_person,NA,NA,1 polar_question,0 declarative,NA,NA,1 polar_question,0 declarative,0 no negation,NA,0 no negation
3170,juede,/NSCtoys/5-6_2/b03_3.cha,father,FAT: 不見你覺得不是嗎?,2 CP,,2 second_person,2 CP,,2 second_person,NA,NA,1 polar_question,0 declarative,NA,NA,1 polar_question,0 declarative,0 no negation,NA,0 no negation
3171,juede,/NSCtoys/5-6_2/b03_3.cha,father,FAT: 你覺得呢?,0 No,0 No,2 second_person,0 No,0 No,2 second_person,NA,NA,1 polar_question,,NA,NA,1 polar_question,,0 no negation,NA,0 no negation
3172,juede,/NSCtoys/5-6_2/b10_2.cha,mother,MOT: 你覺得呢?,0 No,0 No,2 second_person,0 No,0 No,2 second_person,NA,NA,1 polar_question,,NA,NA,1 polar_question,,0 no negation,NA,0 no negation
3173,juede,/NSCtoys/5-6_2/b10_3.cha,mother,MOT: 你覺得那是河馬的哪裡?,2 CP,,2 second_person,2 CP,,2 second_person,NA,NA,2 wh_question,3 base-generated wh/polar,NA,NA,2 wh_question,3 base-generated wh/polar,0 no negation,NA,0 no negation
3174,juede,/NSCtoys/5-6_2/b10_3.cha,mother,MOT: <那獅子>[>]獅子的哪裡你覺得?,0 No,0 No,2 second_person,0 No,0 No,2 second_person,NA,NA,4 tag_question,2 wh_question,NA,NA,4 tag_question,2 wh_question,0 no negation,NA,0 no negation
3175,juede,/NSCtoys/5-6_2/b16_1.cha,mother,"MOT: ""那<我>[/]<我>[/]<我>[/]我還是覺得(.)很熱耶.",0 No,1 Adj,1 first_person,0 No,1 Adj,1 first_person,NA,NA,0 declarative,0 declarative,NA,NA,0 declarative,0 declarative,0 no negation,NA,0 no negation
3176,juede,/NSCtoys/5-6_2/b16_1.cha,mother,"MOT: ""嗯我覺得我今天又換成肚子痛了耶.",2 CP,,1 first_person,2 CP,,1 first_person,NA,NA,0 declarative,0 declarative,NA,NA,0 declarative,0 declarative,0 no negation,NA,0 no negation
3177,juede,/NSCtoys/5-6_2/b24_1.cha,mother,MOT: 你覺得呢?,0 No,0 No,2 second_person,0 No,0 No,2 second_person,NA,NA,1 polar_question,,NA,NA,1 polar_question,,0 no negation,NA,0 no negation
3178,juede,/NSCtoys/5-6_2/b24_2.cha,mother,MOT: 嗯我覺得好像在你手上欸.,2 CP,,1 first_person,2 CP,,1 first_person,NA,NA,0 declarative,0 declarative,NA,NA,0 declarative,0 declarative,0 no negation,NA,0 no negation
3179,juede,/NSCtoys/5-6_2/b24_2.cha,mother,MOT: 你覺得那個新就是那個新喔?,2 CP,,2 second_person,2 CP,,2 second_person,NA,NA,1 polar_question,0 declarative,NA,NA,1 polar_question,3 base-generated wh/polar,0 no negation,NA,0 no negation
3180,juede,/NSCtoys/5-6_2/b24_3.cha,mother,MOT: 你不覺得平的應該對平的嗎?,2 CP,,2 second_person,2 CP,,2 second_person,NA,NA,1 polar_question,0 declarative,NA,NA,1 polar_question,0 declarative,2 不,NA,2 不
3181,juede,/NSCtoys/5-6_2/b24_3.cha,mother,MOT: 我覺得應該是這樣.,2 CP,,1 first_person,2 CP,,1 first_person,NA,NA,0 declarative,0 declarative,NA,NA,0 declarative,0 declarative,0 no negation,NA,0 no negation
3182,juede,/NSCtoys/5-6_2/b24_3.cha,mother,MOT: 你覺得呢?,0 No,0 No,2 second_person,0 No,0 No,2 second_person,NA,NA,1 polar_question,,NA,NA,1 polar_question,,0 no negation,NA,0 no negation
3183,juede,/NSCtoys/5-6_2/b24_3.cha,mother,MOT: 你覺得呢?,0 No,0 No,2 second_person,0 No,0 No,2 second_person,NA,NA,1 polar_question,,NA,NA,1 polar_question,,0 no negation,NA,0 no negation
3184,juede,/NSCtoys/5-6_2/b26_1.cha,mother,MOT: 你覺得我要怎麼辦?,2 CP,,2 second_person,2 CP,,2 second_person,NA,NA,2 wh_question,3 base-generated wh/polar,NA,NA,2 wh_question,3 base-generated wh/polar,0 no negation,NA,0 no negation
3185,juede,/NSCtoys/5-6_2/b26_1.cha,mother,MOT: 呃啊我覺得我越來越強壯了.,2 CP,,1 first_person,2 CP,,1 first_person,NA,NA,0 declarative,0 declarative,NA,NA,0 declarative,0 declarative,0 no negation,NA,0 no negation
3186,juede,/NSCtoys/5-6_2/b26_2.cha,mother,MOT: 你覺得呢?,0 No,0 No,2 second_person,0 No,0 No,2 second_person,NA,NA,1 polar_question,,NA,NA,1 polar_question,,0 no negation,NA,0 no negation
3187,juede,/NSCtoys/5-6_2/b26_3.cha,mother,MOT: 我倒覺得這個跟這一條線很像對不對?,2 CP,,1 first_person,2 CP,,1 first_person,NA,NA,4 tag_question,0 declarative,NA,NA,4 tag_question,0 declarative,0 no negation,NA,0 no negation
3188,juede,/NSCtoys/5-6_2/b29_2.cha,mother,"MOT: ""我覺得我今天喉嚨好痛喔!",2 CP,,1 first_person,2 CP,,1 first_person,NA,NA,0 declarative,0 declarative,NA,NA,0 declarative,0 declarative,0 no negation,NA,0 no negation
3189,juede,/NSCtoys/5-6_2/b29_2.cha,mother,MOT: 我覺得我今天眼睛好癢喔.,2 CP,,1 first_person,2 CP,,1 first_person,NA,NA,0 declarative,0 declarative,NA,NA,0 declarative,0 declarative,0 no negation,NA,0 no negation
3190,juede,/NSCtoys/5-6_2/b29_3.cha,mother,MOT: 你覺得呢?,0 No,0 No,2 second_person,0 No,0 No,2 second_person,NA,NA,1 polar_question,,NA,NA,1 polar_question,,0 no negation,NA,0 no negation
3191,juede,/NSCtoys/5-6_2/b29_3.cha,mother,MOT: 你覺得哪邊不對?,2 CP,,2 second_person,2 CP,,2 second_person,NA,NA,2 wh_question,3 base-generated wh/polar,NA,NA,2 wh_question,3 base-generated wh/polar,0 no negation,NA,0 no negation
3192,juede,/NSCtoys/5-6_2/b29_3.cha,mother,MOT: 你覺得什麼跟什麼接起來這樣感覺對嗎?,2 CP,,2 second_person,2 CP,,2 second_person,NA,NA,2 wh_question,3 base-generated wh/polar,NA,NA,1 polar_question,2 wh_question,0 no negation,NA,0 no negation
3193,juede,/NSCtoys/5-6_2/b30_1.cha,mother,"MOT: ""<嗯我>[<]覺得我的鼻子都塞住了.",2 CP,,1 first_person,2 CP,,1 first_person,NA,NA,0 declarative,0 declarative,NA,NA,0 declarative,0 declarative,0 no negation,NA,0 no negation
3194,juede,/NSCtoys/5-6_2/b30_2.cha,mother,MOT: 你覺得這樣就好了?,2 CP,,2 second_person,2 CP,,2 second_person,NA,NA,1 polar_question,0 declarative,NA,NA,1 polar_question,0 declarative,0 no negation,NA,0 no negation
3195,juede,/NSCtoys/5-6_2/b31_1.cha,mother,MOT: 那你覺得咧?,0 No,0 No,2 second_person,0 No,0 No,2 second_person,NA,NA,1 polar_question,,NA,NA,1 polar_question,,0 no negation,NA,0 no negation
3196,juede,/NSCtoys/5-6_2/b31_1.cha,mother,MOT: 然後你覺得怎麽蓋?,2 CP,,2 second_person,2 CP,,2 second_person,NA,NA,3 how/why,3 base-generated wh/polar,NA,NA,2 wh_question,3 base-generated wh/polar,0 no negation,NA,0 no negation
3197,juede,/NSCtoys/5-6_2/b31_1.cha,mother,MOT: 你覺得...,0 No,0 No,2 second_person,0 No,0 No,2 second_person,NA,NA,0 declarative,,NA,NA,0 declarative,,0 no negation,NA,0 no negation
3198,juede,/NSCtoys/5-6_2/b31_3.cha,mother,MOT: 我覺得不是.,2 CP,,1 first_person,2 CP,,1 first_person,NA,NA,0 declarative,0 declarative,NA,NA,0 declarative,0 declarative,0 no negation,NA,0 no negation
3199,juede,/NSCtoys/5-6_2/b31_3.cha,mother,MOT: 我覺得我們剛剛擺的是對的.,2 CP,,1 first_person,2 CP,,1 first_person,NA,NA,0 declarative,0 declarative,NA,NA,0 declarative,0 declarative,0 no negation,NA,0 no negation
3200,juede,/NSCtoys/5-6_2/b32_3.cha,mother,MOT: 我覺得四個角放左上.,2 CP,,1 first_person,2 CP,,1 first_person,NA,NA,0 declarative,0 declarative,NA,NA,0 declarative,0 declarative,0 no negation,NA,0 no negation
3201,juede,/NSCtoys/5-6_2/b32_3.cha,mother,MOT: 你覺得牠的眼睛會在哪裡?,2 CP,,2 second_person,2 CP,,2 second_person,NA,NA,2 wh_question,3 base-generated wh/polar,NA,NA,2 wh_question,3 base-generated wh/polar,0 no negation,NA,0 no negation
3202,juede,/NSCtoys/5-6_2/b34_1.cha,mother,MOT: 你覺得應該要怎麼收?,2 CP,,2 second_person,2 CP,,2 second_person,NA,NA,3 how/why,3 base-generated wh/polar,NA,NA,2 wh_question,3 base-generated wh/polar,0 no negation,NA,0 no negation
3203,juede,/NSCtoys/5-6_2/b34_3.cha,mother,MOT: 我覺得他眼睛在這裡.,2 CP,,1 first_person,2 CP,,1 first_person,NA,NA,0 declarative,0 declarative,NA,NA,0 declarative,0 declarative,0 no negation,NA,0 no negation
3204,juede,/NSCtoys/5-6_2/b34_3.cha,mother,MOT: 我覺得他的腳好像在下面.,2 CP,,1 first_person,2 CP,,1 first_person,NA,NA,0 declarative,0 declarative,NA,NA,0 declarative,0 declarative,0 no negation,NA,0 no negation
3205,juede,/NSCtoys/5-6_2/b34_3.cha,mother,MOT: 我覺得他這個啊.,0 No,2 NP,1 first_person,0 No,2 NP,1 first_person,NA,NA,0 declarative,0 declarative,NA,NA,0 declarative,0 declarative,0 no negation,NA,0 no negation
3206,juede,/NSCtoys/5-6_2/b34_3.cha,mother,MOT: 我覺得紫色的應該...,2 CP,,1 first_person,0 No,3 Incomplete,1 first_person,NA,NA,0 declarative,0 declarative,NA,NA,0 declarative,0 declarative,0 no negation,NA,0 no negation
3207,juede,/NSCtoys/5-6_2/b34_3.cha,mother,MOT: 我覺得很像耶.,2 CP,,1 first_person,2 CP,,1 first_person,NA,NA,0 declarative,0 declarative,NA,NA,0 declarative,0 declarative,0 no negation,NA,0 no negation
3208,juede,/NSCtoys/5-6_2/b35_3.cha,father,FAT: 我覺得這個在角.,2 CP,,1 first_person,2 CP,,1 first_person,NA,NA,0 declarative,0 declarative,NA,NA,0 declarative,0 declarative,0 no negation,NA,0 no negation
3209,juede,/NSCtoys/5-6_2/b35_3.cha,father,FAT: 嗯(..)我覺得這個應該是在這裡或這裡.,2 CP,,1 first_person,2 CP,,1 first_person,NA,NA,0 declarative,0 declarative,NA,NA,0 declarative,0 declarative,0 no negation,NA,0 no negation
3210,juede,/NSCtoys/5-6_2/b37_3.cha,mother,MOT: 這個(.)你覺得妹妹會拼嗎?,2 CP,,2 second_person,2 CP,,2 second_person,NA,NA,1 polar_question,0 declarative,NA,NA,1 polar_question,0 declarative,0 no negation,NA,0 no negation
3211,juede,/NSCtoys/5-6_2/b37_3.cha,mother,MOT: 那你覺得家裡最難的拼圖是什麼?,2 CP,,2 second_person,2 CP,,2 second_person,NA,NA,2 wh_question,3 base-generated wh/polar,NA,NA,2 wh_question,3 base-generated wh/polar,0 no negation,NA,0 no negation
3212,juede,/NSCtoys/5-6_2/b39_1.cha,mother,MOT: 你覺得哪一個比較容易掉下來?,2 CP,,2 second_person,2 CP,,2 second_person,NA,NA,2 wh_question,3 base-generated wh/polar,NA,NA,2 wh_question,3 base-generated wh/polar,0 no negation,NA,0 no negation
3213,juede,/NSCtoys/5-6_2/b40_1.cha,mother,MOT: 那你有沒有覺得很冷?,0 No,1 Adj,2 second_person,2 CP,,2 second_person,NA,NA,1 polar_question,0 declarative,NA,NA,1 polar_question,0 declarative,0 no negation,NA,0 no negation
3214,juede,/NSCtoys/4/a07_2.cha,mother,MOT: <你知道他們兩>[//]那你覺得他們兩個見面的時候會說什麼?,2 CP,,2 second_person,2 CP,,2 second_person,NA,NA,2 wh_question,3 base-generated wh/polar,NA,NA,2 wh_question,3 base-generated wh/polar,0 no negation,NA,0 no negation
3215,juede,/NSCtoys/4/a07_2.cha,mother,MOT: 你覺得<他們兩>[//]他們兩個在哪裡見面?,2 CP,,2 second_person,2 CP,,2 second_person,NA,NA,2 wh_question,3 base-generated wh/polar,NA,NA,2 wh_question,3 base-generated wh/polar,0 no negation,NA,0 no negation
3216,juede,/NSCtoys/4/a07_2.cha,mother,MOT: 那你覺得是誰感冒?,2 CP,,2 second_person,2 CP,,2 second_person,NA,NA,2 wh_question,3 base-generated wh/polar,NA,NA,2 wh_question,3 base-generated wh/polar,0 no negation,NA,0 no negation
3217,juede,/NSCtoys/4/a07_2.cha,mother,MOT: <我覺得>[/]我覺得...,0 No,0 No,1 first_person,0 No,0 No,1 first_person,NA,NA,0 declarative,,NA,NA,0 declarative,,0 no negation,NA,0 no negation
3218,juede,/NSCtoys/4/a07_2.cha,mother,MOT: 醫生我覺得你好像生病了.,2 CP,,1 first_person,2 CP,,1 first_person,NA,NA,0 declarative,0 declarative,NA,NA,0 declarative,0 declarative,0 no negation,NA,0 no negation
3219,juede,/NSCtoys/4/a07_2.cha,mother,MOT: 醫生我覺得你這樣子沒有辦法好好打針欸.,2 CP,,1 first_person,2 CP,,1 first_person,NA,NA,0 declarative,0 declarative,NA,NA,0 declarative,0 declarative,0 no negation,NA,0 no negation
3220,juede,/NSCtoys/4/a07_2.cha,mother,MOT: 你覺得咧?,0 No,0 No,2 second_person,0 No,0 No,2 second_person,NA,NA,1 polar_question,,NA,NA,1 polar_question,,0 no negation,NA,0 no negation
3221,juede,/NSCtoys/4/a07_2.cha,mother,MOT: 你覺得他看起來哪裡流血了?,2 CP,,2 second_person,2 CP,,2 second_person,NA,NA,2 wh_question,3 base-generated wh/polar,NA,NA,2 wh_question,3 base-generated wh/polar,0 no negation,NA,0 no negation
3222,juede,/NSCtoys/4/a07_2.cha,mother,MOT: 你覺得是誰流血?,2 CP,,2 second_person,2 CP,,2 second_person,NA,NA,2 wh_question,3 base-generated wh/polar,NA,NA,2 wh_question,3 base-generated wh/polar,0 no negation,NA,0 no negation
3223,juede,/NSCtoys/4/a07_2.cha,mother,MOT: 我也覺得是那裡流血了!,2 CP,,1 first_person,2 CP,,1 first_person,NA,NA,0 declarative,0 declarative,NA,NA,0 declarative,0 declarative,0 no negation,NA,0 no negation
3224,juede,/NSCtoys/4/a34_1.cha,mother,"MOT: ""喔我覺得我好多了.",2 CP,,1 first_person,0 No,1 Adj,1 first_person,NA,NA,0 declarative,0 declarative,NA,NA,0 declarative,0 declarative,0 no negation,NA,0 no negation
3225,juede,/NSCtoys/4/a34_1.cha,mother,"MOT: ""喔我覺得我好多了.",2 CP,,1 first_person,0 No,1 Adj,1 first_person,NA,NA,0 declarative,0 declarative,NA,NA,0 declarative,0 declarative,0 no negation,NA,0 no negation
3226,juede,/NSCtoys/4/a35_1.cha,mother,MOT: 我覺得你<這三>[//]這幾個可以<再弄>[//]再蓋一個.,2 CP,,1 first_person,2 CP,,1 first_person,NA,NA,0 declarative,0 declarative,NA,NA,0 declarative,0 declarative,0 no negation,NA,0 no negation
3227,juede,/NSCtoys/4/a35_1.cha,mother,MOT: 你覺得如何?,2 CP,,2 second_person,0 No,0 No,2 second_person,NA,NA,2 wh_question,3 base-generated wh/polar,NA,NA,1 polar_question,3 base-generated wh/polar,0 no negation,NA,0 no negation
3228,juede,/NSCtoys/4/a35_3.cha,mother,MOT: 欸我覺得你...,0 No,3 Incomplete,1 first_person,0 No,3 Incomplete,1 first_person,NA,NA,0 declarative,,NA,NA,0 declarative,0 declarative,0 no negation,NA,0 no negation
3229,juede,/NSCtoys/4-6_1/f03_1.cha,mother,MOT: 你覺得這個遊戲好玩嗎?,2 CP,,2 second_person,2 CP,,2 second_person,NA,NA,1 polar_question,0 declarative,NA,NA,1 polar_question,0 declarative,0 no negation,NA,0 no negation
3230,juede,/NSCtoys/4-6_1/f03_1.cha,mother,MOT: 還是你覺得那是什麼?,2 CP,,2 second_person,2 CP,,2 second_person,NA,NA,2 wh_question,3 base-generated wh/polar,NA,NA,2 wh_question,3 base-generated wh/polar,0 no negation,NA,0 no negation
3231,juede,/NSCtoys/4-6_1/f04_1.cha,father,FAT: 我覺得我需要打針.,2 CP,,1 first_person,2 CP,,1 first_person,NA,NA,0 declarative,0 declarative,NA,NA,0 declarative,0 declarative,0 no negation,NA,0 no negation
3232,juede,/NSCtoys/4-6_1/f04_1.cha,father,FAT: 我覺得有點痛.,0 No,1 Adj,1 first_person,0 No,1 Adj,1 first_person,NA,NA,0 declarative,0 declarative,NA,NA,0 declarative,0 declarative,0 no negation,NA,0 no negation
3233,juede,/NSCtoys/4-6_1/f06_1.cha,father,FAT: 那你覺得這個是什麼?,2 CP,,2 second_person,2 CP,,2 second_person,NA,NA,2 wh_question,3 base-generated wh/polar,NA,NA,2 wh_question,3 base-generated wh/polar,0 no negation,NA,0 no negation
3234,juede,/NSCtoys/4-6_1/f06_1.cha,father,FAT: 醫生我覺得有舒服一點了.,2 CP,,1 first_person,0 No,1 Adj,1 first_person,NA,NA,0 declarative,0 declarative,NA,NA,0 declarative,0 declarative,0 no negation,NA,0 no negation
3235,juede,/NSCtoys/4-6_1/f06_1.cha,father,FAT: 好像打針可是我覺得我好燙喔!,2 CP,,1 first_person,2 CP,,0 dropped,NA,NA,0 declarative,0 declarative,NA,NA,0 declarative,0 declarative,0 no negation,NA,0 no negation
3236,juede,/NSCtoys/4-6_1/f06_1.cha,father,FAT: 所以你覺得什麼好了?,2 CP,,2 second_person,2 CP,,2 second_person,NA,NA,2 wh_question,3 base-generated wh/polar,NA,NA,2 wh_question,3 base-generated wh/polar,0 no negation,NA,0 no negation
3237,juede,/NSCtoys/4-6_1/f06_1.cha,father,FAT: 那你覺得這是什麼遊戲啊?,2 CP,,2 second_person,2 CP,,2 second_person,NA,NA,2 wh_question,3 base-generated wh/polar,NA,NA,2 wh_question,3 base-generated wh/polar,0 no negation,NA,0 no negation
3238,juede,/NSCtoys/4-6_1/f08_1.cha,mother,MOT: 你覺得這是什麼?,2 CP,,2 second_person,2 CP,,2 second_person,NA,NA,2 wh_question,3 base-generated wh/polar,NA,NA,2 wh_question,3 base-generated wh/polar,0 no negation,NA,0 no negation
3239,juede,/NSCtoys/4-6_1/f09_1.cha,mother,MOT: 我突然覺得他像一個人欸像嗎?,2 CP,,1 first_person,2 CP,,1 first_person,NA,NA,4 tag_question,0 declarative,NA,NA,4 tag_question,0 declarative,0 no negation,NA,0 no negation
3240,juede,/NSCtoys/4-6_1/f09_1.cha,mother,MOT: 這個東西好玩嗎你覺得?,0 No,0 No,2 second_person,0 No,1 Adj,2 second_person,NA,NA,4 tag_question,1 polar_question,NA,NA,4 tag_question,1 polar_question,0 no negation,NA,0 no negation
3241,juede,/NSCtoys/4-6_1/f09_3.cha,mother,MOT: 你不知道你覺得呢?,0 No,0 No,2 second_person,0 No,0 No,2 second_person,NA,NA,4 tag_question,0 declarative,NA,NA,4 tag_question,0 declarative,0 no negation,NA,0 no negation
3242,juede,/NSCtoys/4-6_1/f09_3.cha,mother,MOT: 你覺得是嗎?,2 CP,,2 second_person,2 CP,,2 second_person,NA,NA,1 polar_question,0 declarative,NA,NA,1 polar_question,0 declarative,0 no negation,NA,0 no negation
3243,juede,/NSCtoys/4-6_1/f09_3.cha,mother,MOT: 那他自己玩會不會覺得很寂寞?,0 No,1 Adj,3 third/NP,2 CP,,3 third/NP,NA,NA,1 polar_question,0 declarative,NA,NA,1 polar_question,3 base-generated wh/polar,0 no negation,NA,0 no negation
3244,juede,/NSCtoys/4-6_1/f09_3.cha,mother,MOT: 喔好所以這樣子你覺得拼好了嗎?,2 CP,,2 second_person,2 CP,,2 second_person,NA,NA,1 polar_question,0 declarative,NA,NA,1 polar_question,0 declarative,0 no negation,NA,0 no negation
3245,juede,/NSCtoys/4-6_1/f10_1.cha,mother,MOT: 嗯我覺得好多了謝謝.,0 No,1 Adj,1 first_person,2 CP,,1 first_person,NA,NA,0 declarative,0 declarative,NA,NA,0 declarative,0 declarative,0 no negation,NA,0 no negation
3246,juede,/NSCtoys/4-6_1/f10_1.cha,mother,MOT: <我是不是>[<]發燒了我覺得頭好痛喔我好想哭喔.,2 CP,,1 first_person,2 CP,,1 first_person,NA,NA,0 declarative,0 declarative,NA,NA,0 declarative,0 declarative,0 no negation,NA,0 no negation
3247,juede,/NSCtoys/4-6_1/f10_1.cha,mother,MOT: 咕嚕@o咕嚕@o咕嚕@o我覺得好多了謝謝.,0 No,1 Adj,1 first_person,0 No,1 Adj,1 first_person,NA,NA,0 declarative,0 declarative,NA,NA,0 declarative,0 declarative,0 no negation,NA,0 no negation
3248,juede,/NSCtoys/4-6_1/f10_2.cha,mother,MOT: 這樣也挺好的我覺得是嗎?,2 CP,,1 first_person,2 CP,,1 first_person,NA,NA,4 tag_question,0 declarative,NA,NA,4 tag_question,0 declarative,0 no negation,NA,0 no negation
3249,juede,/NSCtoys/4-6_1/f10_3.cha,mother,MOT: 那你先拼這一個你覺得這在哪裡這比較簡單.,2 CP,,2 second_person,2 CP,,2 second_person,NA,NA,2 wh_question,3 base-generated wh/polar,NA,NA,0 declarative,0 declarative,0 no negation,NA,0 no negation
3250,juede,/NSCtoys/4-6_1/f11_3.cha,mother,MOT: 我覺得我可以很快拼好你可以嗎?,2 CP,,1 first_person,2 CP,,1 first_person,NA,NA,0 declarative,0 declarative,NA,NA,4 tag_question,0 declarative,0 no negation,NA,0 no negation
3251,juede,/NSCtoys/4-6_1/f11_3.cha,mother,MOT: 好接下來我覺得你可以自己完成了.,2 CP,,1 first_person,2 CP,,1 first_person,NA,NA,0 declarative,0 declarative,NA,NA,0 declarative,0 declarative,0 no negation,NA,0 no negation
3252,juede,/NSCtoys/4-6_2/a26_3.cha,mother,MOT: 好你覺得他像在哪邊?,2 CP,,2 second_person,2 CP,,2 second_person,NA,NA,2 wh_question,3 base-generated wh/polar,NA,NA,2 wh_question,3 base-generated wh/polar,0 no negation,NA,0 no negation
3253,juede,/NSCtoys/4-6_2/a27_1.cha,mother,MOT: 我覺得你<第二>[//]第三輪也會輸掉.,2 CP,,1 first_person,2 CP,,1 first_person,NA,NA,0 declarative,0 declarative,NA,NA,0 declarative,0 declarative,0 no negation,NA,0 no negation
3254,juede,/NSCtoys/4-6_2/a27_1.cha,mother,MOT: 對我覺得你快倒了.,2 CP,,1 first_person,2 CP,,1 first_person,NA,NA,0 declarative,0 declarative,NA,NA,0 declarative,0 declarative,0 no negation,NA,0 no negation
3255,juede,/NSCtoys/4-6_2/a27_2.cha,mother,MOT: 那醫生覺得他應該是要吃藥藥就好了不用打針.,2 CP,,3 third/NP,2 CP,,3 third/NP,NA,NA,0 declarative,0 declarative,NA,NA,0 declarative,0 declarative,0 no negation,NA,0 no negation
3256,juede,/NSCtoys/4-6_2/a27_2.cha,mother,MOT: 早上跟晚上拉肚子我怎麼覺得這樣還好啊?,2 CP,,1 first_person,2 CP,,1 first_person,NA,NA,3 how/why,0 declarative,NA,NA,3 how/why,0 declarative,0 no negation,NA,0 no negation
3257,juede,/NSCtoys/4-6_2/a27_2.cha,mother,MOT: 我覺得魚肉也很好吃.,2 CP,,1 first_person,2 CP,,1 first_person,NA,NA,0 declarative,0 declarative,NA,NA,0 declarative,0 declarative,0 no negation,NA,0 no negation
3258,juede,/NSCtoys/4-6_2/a27_3.cha,mother,MOT: 紅紅的你覺得是什麼?,2 CP,,2 second_person,2 CP,,2 second_person,NA,NA,2 wh_question,3 base-generated wh/polar,NA,NA,0 declarative,3 base-generated wh/polar,0 no negation,NA,0 no negation
3259,juede,/NSCtoys/4-6_2/a27_3.cha,mother,MOT: <你覺得這個拼圖在說什麼>[<]?,2 CP,,2 second_person,2 CP,,2 second_person,NA,NA,2 wh_question,3 base-generated wh/polar,NA,NA,2 wh_question,3 base-generated wh/polar,0 no negation,NA,0 no negation
3260,juede,/NSCtoys/4-6_2/a28_1.cha,mother,MOT: 那請問<我好像>[//]我覺得我額頭熱熱有一點發燒欸.,2 CP,,1 first_person,2 CP,,1 first_person,NA,NA,0 declarative,0 declarative,NA,NA,0 declarative,0 declarative,0 no negation,NA,0 no negation
3261,juede,/NSCtoys/4-6_2/a28_1.cha,mother,MOT: 那(...)我覺得我身體裡面好像有一個瘤欸.,2 CP,,1 first_person,2 CP,,1 first_person,NA,NA,0 declarative,0 declarative,NA,NA,0 declarative,0 declarative,0 no negation,NA,0 no negation
3262,juede,/NSCtoys/4-6_2/a28_3.cha,mother,MOT: 你覺得<貓咪跟魚>[//]貓咪在跟魚說什麼?,2 CP,,2 second_person,2 CP,,2 second_person,NA,NA,2 wh_question,3 base-generated wh/polar,NA,NA,2 wh_question,3 base-generated wh/polar,0 no negation,NA,0 no negation
3263,juede,/NSCtoys/4-6_2/a28_3.cha,mother,MOT: 那你覺得那隻蛇在說什麼呢?,2 CP,,2 second_person,2 CP,,2 second_person,NA,NA,2 wh_question,3 base-generated wh/polar,NA,NA,2 wh_question,3 base-generated wh/polar,0 no negation,NA,0 no negation
3264,juede,/NSCtoys/4-6_2/a28_3.cha,mother,MOT: 那下一個小朋友就會覺得這個拼圖好有挑戰性喔.,2 CP,,3 third/NP,2 CP,,3 third/NP,NA,NA,0 declarative,0 declarative,NA,NA,0 declarative,0 declarative,0 no negation,NA,0 no negation
3265,juede,/NSCtoys/4-6_2/a29_1.cha,mother,MOT: 你覺得我做得漂亮嗎?,2 CP,,2 second_person,2 CP,,2 second_person,NA,NA,1 polar_question,0 declarative,NA,NA,1 polar_question,0 declarative,0 no negation,NA,0 no negation
3266,juede,/NSCtoys/4-6_2/a29_2.cha,mother,MOT: 你覺得那個是做什麼用的?,2 CP,,2 second_person,2 CP,,2 second_person,NA,NA,2 wh_question,3 base-generated wh/polar,NA,NA,2 wh_question,3 base-generated wh/polar,0 no negation,NA,0 no negation
3267,juede,/NSCtoys/4-6_2/a29_3.cha,mother,MOT: 你覺得要先從哪裡開始?,2 CP,,2 second_person,2 CP,,2 second_person,NA,NA,2 wh_question,3 base-generated wh/polar,NA,NA,2 wh_question,3 base-generated wh/polar,0 no negation,NA,0 no negation
3268,juede,/NSCtoys/4-6_2/a29_3.cha,mother,MOT: 你覺得在哪裡?,2 CP,,2 second_person,2 CP,,2 second_person,NA,NA,2 wh_question,3 base-generated wh/polar,NA,NA,2 wh_question,3 base-generated wh/polar,0 no negation,NA,0 no negation
3269,juede,/NSCtoys/4-6_2/a29_3.cha,mother,MOT: 你覺得是什麼樹?,2 CP,,2 second_person,2 CP,,2 second_person,NA,NA,2 wh_question,3 base-generated wh/polar,NA,NA,2 wh_question,3 base-generated wh/polar,0 no negation,NA,0 no negation
3270,juede,/NSCtoys/4-6_2/a29_3.cha,mother,MOT: 你自己覺得呢?,0 No,0 No,2 second_person,0 No,0 No,5 自己,NA,NA,1 polar_question,,NA,NA,2 wh_question,,0 no negation,NA,0 no negation
3271,juede,/NSCtoys/4-6_2/a29_3.cha,mother,MOT: 你覺得咧?,0 No,0 No,2 second_person,0 No,0 No,2 second_person,NA,NA,1 polar_question,,NA,NA,1 polar_question,,0 no negation,NA,0 no negation
3272,juede,/NSCtoys/4-6_2/a29_3.cha,mother,MOT: 你覺得他長得像馴鹿喔?,2 CP,,2 second_person,2 CP,,2 second_person,NA,NA,1 polar_question,0 declarative,NA,NA,1 polar_question,0 declarative,0 no negation,NA,0 no negation
3273,juede,/NSCtoys/4-6_2/a29_3.cha,mother,MOT: 你覺得他馴鹿.,0 No,2 NP,2 second_person,2 CP,,2 second_person,NA,NA,0 declarative,0 declarative,NA,NA,0 declarative,0 declarative,0 no negation,NA,0 no negation
3274,juede,/NSCtoys/4-6_2/a29_3.cha,mother,MOT: 你覺得這隻不是狗是不是?,2 CP,,2 second_person,2 CP,,2 second_person,NA,NA,4 tag_question,0 declarative,NA,NA,4 tag_question,0 declarative,0 no negation,NA,0 no negation
3275,juede,/NSCtoys/4-6_2/a29_3.cha,mother,MOT: 那你覺得這隻是什麼?,2 CP,,2 second_person,2 CP,,2 second_person,NA,NA,2 wh_question,3 base-generated wh/polar,NA,NA,2 wh_question,3 base-generated wh/polar,0 no negation,NA,0 no negation
3276,juede,/NSCtoys/4-6_2/a30_1.cha,father,FAT: 你覺得溫度計是哪一個?,2 CP,,2 second_person,2 CP,,2 second_person,NA,NA,2 wh_question,3 base-generated wh/polar,NA,NA,2 wh_question,3 base-generated wh/polar,0 no negation,NA,0 no negation
3277,juede,/NSCtoys/4-6_2/a30_2.cha,father,FAT: 你覺得放什麼比較好?,2 CP,,2 second_person,2 CP,,2 second_person,NA,NA,2 wh_question,3 base-generated wh/polar,NA,NA,2 wh_question,3 base-generated wh/polar,0 no negation,NA,0 no negation
3278,juede,/NSCtoys/4-6_2/a31_3.cha,father,FAT: 那你覺得對嗎?,0 No,1 Adj,2 second_person,0 No,1 Adj,2 second_person,NA,NA,1 polar_question,0 declarative,NA,NA,1 polar_question,0 declarative,0 no negation,NA,0 no negation
3279,juede,/NSCtoys/4-6_2/a32_1.cha,mother,MOT: 我覺得我好像好多了耶.,2 CP,,1 first_person,2 CP,,1 first_person,NA,NA,0 declarative,0 declarative,NA,NA,0 declarative,0 declarative,0 no negation,NA,0 no negation
3280,juede,/NSCtoys/4-6_2/a32_1.cha,mother,MOT: 我為什麼覺得你在拔指甲.,2 CP,,1 first_person,2 CP,,1 first_person,NA,NA,3 how/why,0 declarative,NA,NA,3 how/why,0 declarative,0 no negation,NA,0 no negation
3281,juede,/NSCtoys/4-6_2/a32_1.cha,mother,MOT: 我覺得我的鼻子好像塞住了.,2 CP,,1 first_person,2 CP,,1 first_person,NA,NA,0 declarative,0 declarative,NA,NA,0 declarative,0 declarative,0 no negation,NA,0 no negation
3282,juede,/NSCtoys/4-6_2/a32_3.cha,mother,MOT: 你覺得狗狗長這樣嗎?,2 CP,,2 second_person,2 CP,,2 second_person,NA,NA,1 polar_question,0 declarative,NA,NA,1 polar_question,0 declarative,0 no negation,NA,0 no negation
3283,juede,/NSCtoys/4-6_2/a32_3.cha,mother,MOT: 那你覺得這一個要拼哪裡?,2 CP,,2 second_person,2 CP,,2 second_person,NA,NA,2 wh_question,3 base-generated wh/polar,NA,NA,2 wh_question,3 base-generated wh/polar,0 no negation,NA,0 no negation
3284,juede,/NSCtoys/4-6_2/a32_3.cha,mother,MOT: 你覺得應該要放哪?,2 CP,,2 second_person,2 CP,,2 second_person,NA,NA,2 wh_question,3 base-generated wh/polar,NA,NA,2 wh_question,3 base-generated wh/polar,0 no negation,NA,0 no negation
3285,juede,/NSCtoys/4-6_2/a36_2.cha,mother,MOT: 我覺得我們家好漂亮.,2 CP,,1 first_person,2 CP,,1 first_person,NA,NA,0 declarative,0 declarative,NA,NA,0 declarative,0 declarative,0 no negation,NA,0 no negation
3286,juede,/NSCtoys/4-6_2/a37_2.cha,mother,MOT: 你覺得呢?,0 No,0 No,2 second_person,0 No,0 No,2 second_person,NA,NA,1 polar_question,,NA,NA,1 polar_question,,0 no negation,NA,0 no negation
3287,juede,/NSCtoys/4-6_2/a37_2.cha,mother,MOT: 你覺得.,0 No,0 No,2 second_person,0 No,0 No,2 second_person,NA,NA,0 declarative,,NA,NA,0 declarative,,0 no negation,NA,0 no negation
3288,juede,/NSCtoys/5-6_1/g01_1.cha,mother,MOT: 那你覺得哪個公主會比較喜歡?,2 CP,,2 second_person,2 CP,,2 second_person,NA,NA,2 wh_question,3 base-generated wh/polar,NA,NA,2 wh_question,3 base-generated wh/polar,0 no negation,NA,0 no negation
3289,juede,/NSCtoys/5-6_1/g01_1.cha,mother,MOT: 那你覺得是要給(.)白雪公主住的嗎?,2 CP,,2 second_person,2 CP,,2 second_person,NA,NA,1 polar_question,0 declarative,NA,NA,1 polar_question,0 declarative,0 no negation,NA,0 no negation
3290,juede,/NSCtoys/5-6_1/g02_1.cha,mother,MOT: 我覺得我的嘴巴還是不舒服欸.,2 CP,,1 first_person,2 CP,,1 first_person,NA,NA,0 declarative,0 declarative,NA,NA,0 declarative,0 declarative,0 no negation,NA,0 no negation
3291,juede,/NSCtoys/5-6_1/g05_1.cha,mother,MOT: 你覺得這個看起來是不是有點像火箭呀?,2 CP,,2 second_person,2 CP,,2 second_person,NA,NA,1 polar_question,3 base-generated wh/polar,NA,NA,1 polar_question,3 base-generated wh/polar,0 no negation,NA,0 no negation
3292,juede,/NSCtoys/5-6_1/g05_1.cha,mother,MOT: 你有沒有覺得這三個放在一起很像什麼?,2 CP,,2 second_person,2 CP,,2 second_person,NA,NA,1 polar_question,0 declarative,NA,NA,1 polar_question,0 declarative,0 no negation,NA,0 no negation
3293,juede,/NSCtoys/5-6_1/g05_1.cha,mother,MOT: 我覺得好像過馬路的紅綠燈.,2 CP,,1 first_person,2 CP,,1 first_person,NA,NA,0 declarative,0 declarative,NA,NA,0 declarative,0 declarative,0 no negation,NA,0 no negation
3294,juede,/NSCtoys/5-6_1/g05_1.cha,mother,MOT: 你覺得它漂亮是嗎?,2 CP,,2 second_person,2 CP,,2 second_person,NA,NA,4 tag_question,0 declarative,NA,NA,4 tag_question,0 declarative,0 no negation,NA,0 no negation
3295,juede,/NSCtoys/5-6_1/g05_1.cha,mother,MOT: 那你覺得這個長得像什麼?,2 CP,,2 second_person,2 CP,,2 second_person,NA,NA,2 wh_question,3 base-generated wh/polar,NA,NA,2 wh_question,3 base-generated wh/polar,0 no negation,NA,0 no negation
3296,juede,/NSCtoys/5-6_1/g05_2.cha,mother,MOT: 我覺得我好像好一點.,2 CP,,1 first_person,2 CP,,1 first_person,NA,NA,0 declarative,0 declarative,NA,NA,0 declarative,0 declarative,0 no negation,NA,0 no negation
3297,juede,/NSCtoys/5-6_1/g05_2.cha,mother,MOT: 我也覺得.,0 No,0 No,1 first_person,0 No,0 No,1 first_person,NA,NA,0 declarative,,NA,NA,0 declarative,,0 no negation,NA,0 no negation
3298,juede,/NSCtoys/5-6_1/g05_3.cha,mother,MOT: 你覺得勒?,0 No,0 No,2 second_person,0 No,0 No,2 second_person,NA,NA,1 polar_question,,NA,NA,1 polar_question,,0 no negation,NA,0 no negation
3299,juede,/NSCtoys/5-6_1/g05_3.cha,mother,MOT: 我覺得.,0 No,0 No,1 first_person,0 No,0 No,1 first_person,NA,NA,0 declarative,,NA,NA,0 declarative,,0 no negation,NA,0 no negation
3300,juede,/NSCtoys/5-6_1/g05_3.cha,mother,MOT: 我覺得好像是.,2 CP,,1 first_person,2 CP,,1 first_person,NA,NA,0 declarative,0 declarative,NA,NA,0 declarative,0 declarative,0 no negation,NA,0 no negation
3301,juede,/NSCtoys/5-6_1/g05_3.cha,mother,MOT: 我覺得這裡有一個斑紋.,2 CP,,1 first_person,2 CP,,1 first_person,NA,NA,0 declarative,0 declarative,NA,NA,0 declarative,0 declarative,0 no negation,NA,0 no negation
3302,juede,/NSCtoys/5-6_1/g05_3.cha,mother,MOT: 所以我覺得很有可能是這一塊.,2 CP,,1 first_person,2 CP,,1 first_person,NA,NA,0 declarative,0 declarative,NA,NA,0 declarative,0 declarative,0 no negation,NA,0 no negation
3303,juede,/NSCtoys/5-6_1/g05_3.cha,mother,MOT: 我是覺得牠長得有點像一隻.,2 CP,,1 first_person,2 CP,,1 first_person,NA,NA,0 declarative,0 declarative,NA,NA,0 declarative,0 declarative,0 no negation,NA,0 no negation
3304,juede,/NSCtoys/5-6_1/g05_3.cha,mother,MOT: 我覺得這像是一隻鳥耶.,2 CP,,1 first_person,2 CP,,1 first_person,NA,NA,0 declarative,0 declarative,NA,NA,0 declarative,0 declarative,0 no negation,NA,0 no negation
3305,juede,/NSCtoys/5-6_1/g07_3.cha,mother,MOT: 你覺得你拿這塊好像不對啊?,2 CP,,2 second_person,2 CP,,2 second_person,NA,NA,1 polar_question,0 declarative,NA,NA,1 polar_question,0 declarative,0 no negation,NA,0 no negation
3306,juede,/NSCtoys/5-6_1/g07_3.cha,mother,MOT: 你覺得河馬是什麼顏色?,2 CP,,2 second_person,2 CP,,2 second_person,NA,NA,2 wh_question,3 base-generated wh/polar,NA,NA,2 wh_question,3 base-generated wh/polar,0 no negation,NA,0 no negation
3307,juede,/NSCtoys/5-6_1/g08_1.cha,mother,MOT: 你覺得他是什麼?,2 CP,,2 second_person,2 CP,,2 second_person,NA,NA,2 wh_question,3 base-generated wh/polar,NA,NA,2 wh_question,3 base-generated wh/polar,0 no negation,NA,0 no negation
3308,juede,/NSCtoys/5-6_1/g08_1.cha,mother,MOT: 你覺得這個玩具是要玩什麼的?,2 CP,,2 second_person,2 CP,,2 second_person,NA,NA,2 wh_question,3 base-generated wh/polar,NA,NA,2 wh_question,3 base-generated wh/polar,0 no negation,NA,0 no negation
3309,juede,/NSCtoys/5-6_1/g08_1.cha,mother,MOT: 那你覺得這是什麼東西?,2 CP,,2 second_person,2 CP,,2 second_person,NA,NA,2 wh_question,3 base-generated wh/polar,NA,NA,2 wh_question,3 base-generated wh/polar,0 no negation,NA,0 no negation
3310,juede,/NSCtoys/5-6_1/g08_1.cha,mother,MOT: 你覺得這個是什麼?,2 CP,,2 second_person,2 CP,,2 second_person,NA,NA,2 wh_question,3 base-generated wh/polar,NA,NA,2 wh_question,3 base-generated wh/polar,0 no negation,NA,0 no negation
3311,juede,/NSCtoys/5-6_1/g08_1.cha,mother,MOT: 那你覺得這是什麼?,2 CP,,2 second_person,2 CP,,2 second_person,NA,NA,2 wh_question,3 base-generated wh/polar,NA,NA,2 wh_question,3 base-generated wh/polar,0 no negation,NA,0 no negation
3312,juede,/NSCtoys/5-6_1/g08_2.cha,mother,MOT: 你覺得他這樣會不會掉下來?,2 CP,,2 second_person,2 CP,,2 second_person,NA,NA,1 polar_question,3 base-generated wh/polar,NA,NA,1 polar_question,3 base-generated wh/polar,0 no negation,NA,0 no negation
3313,juede,/NSCtoys/5-6_1/g08_2.cha,mother,MOT: 你覺得這是什麼形?,2 CP,,2 second_person,2 CP,,2 second_person,NA,NA,2 wh_question,3 base-generated wh/polar,NA,NA,2 wh_question,3 base-generated wh/polar,0 no negation,NA,0 no negation
3314,juede,/NSCtoys/5-6_1/g08_3.cha,mother,MOT: 你覺得他是靠哪一個邊邊?,2 CP,,2 second_person,2 CP,,2 second_person,NA,NA,2 wh_question,3 base-generated wh/polar,NA,NA,2 wh_question,3 base-generated wh/polar,0 no negation,NA,0 no negation
3315,juede,/NSCtoys/3/e13_2.cha,father,FAT: 無尾熊你覺得他像無尾熊嗎?,2 CP,,2 second_person,2 CP,,2 second_person,NA,NA,1 polar_question,0 declarative,NA,NA,1 polar_question,0 declarative,0 no negation,NA,0 no negation
3316,juede,/NSCtoys/3/e20_1.cha,mother,MOT: 你覺得是什麼?,2 CP,,2 second_person,2 CP,,2 second_person,NA,NA,2 wh_question,3 base-generated wh/polar,NA,NA,2 wh_question,2 wh_question,0 no negation,NA,0 no negation